0,1,2,3,4,5,6,7,8,9,10,11,12,13,14,15,16,17,18,19,20,21,22,23,24,25,26,27,28,29,30,31,32,33,34,35,36,37,38,39,40,41,42,43,44,45,46,47,48,49,50,51,52,53,54,55,56,57,58,59,60,61,62,63,64,65,66,67,68,69,70,71,72,73,74,75,76,77,78,79,80,81,82,83,84,85,86,87,88,89,90,91,92,93,94,95,96,97,98,99,100,101,102,103,104,105,106,107,108,109,110,111,112,113,114,115,116,117,118,119,120,121,122,123,124,125,126,127,128,129,130,131,132,133,134,135,136,137,138,139,140,141,142,143,144,145,146,147,148,149,150,151,152,153,154,155,156,157,158,159,160,161,162,163,164,165,166,167,168,169,170,171,172,173,174,175,176,177,178,179,180,181,182,183,184,185,186,187,188,189,190,191,192,193,194,195,196,197,198,199,200,201,202,203,204,205,206,207,208,209,210,211,212,213,214,215,216,217,218,219,220,221,222,223,224,225
0.3524951934814453,0.4789092242717743,-0.9393151998519897,0.3741058111190796,0.4255540072917938,-0.8704034090042114,0.39094042778015137,0.4241400957107544,-0.8696516156196594,0.4071427285671234,0.4231210947036743,-0.8684836626052856,0.3179963231086731,0.4339585304260254,-0.8832090497016907,0.29729393124580383,0.43833303451538086,-0.8836030960083008,0.28085392713546753,0.4431043863296509,-0.8837047815322876,0.42796915769577026,0.4449763298034668,-0.45932522416114807,0.2664872705936432,0.4744364023208618,-0.5013272166252136,0.39078590273857117,0.5248476266860962,-0.7845045924186707,0.3234018385410309,0.5411826372146606,-0.7985214591026306,0.5739589929580688,0.7329494953155518,-0.21182098984718323,0.18328316509723663,0.758108377456665,-0.32863888144493103,0.7481057047843933,0.9734713435173035,-0.6486491560935974,0.15836551785469055,1.1793113946914673,-0.5240723490715027,0.7544401288032532,0.7869224548339844,-1.478597640991211,0.17287935316562653,1.3835411071777344,-1.0592139959335327,0.7789245843887329,0.6451704502105713,-1.6466567516326904,0.1516377329826355,1.470719575881958,-1.1880489587783813,0.7613971829414368,0.6238500475883484,-1.6280186176300049,0.1852225959300995,1.4585827589035034,-1.2486469745635986,0.7492493987083435,0.701883852481842,-1.5132763385772705,0.19903740286827087,1.4282366037368774,-1.1156800985336304,0.5544509887695312,1.495371699333191,0.09764397144317627,0.27817103266716003,1.5193499326705933,-0.08754432946443558,0.5790848731994629,2.0820870399475098,-0.006494459696114063,0.325298935174942,2.0900068283081055,-0.07803516089916229,0.6099318265914917,2.6361336708068848,0.6535683274269104,0.3565024137496948,2.6403939723968506,0.29412364959716797,0.6177067756652832,2.7280471324920654,0.7209710478782654,0.348628968000412,2.7293975353240967,0.3271404504776001,0.603985607624054,2.7907326221466064,0.3756537437438965,0.4303680956363678,2.795043468475342,-0.03290265426039696,0.7427358627319336,0.794527530670166,1.1517341391709124e-07,0.6813853979110718,0.7476269006729126,-0.008654837496578693,0.6308329701423645,0.687208354473114,-0.007313153240829706,0.6034116148948669,0.6397162675857544,-0.008128895424306393,0.5961074233055115,0.602992594242096,-0.007843714207410812,0.6981744170188904,0.6177014708518982,0.024212919175624847,0.7085159420967102,0.560858964920044,0.022832311689853668,0.7191317081451416,0.5359836220741272,0.015024873428046703,0.7297162413597107,0.5164024829864502,0.00840447936207056,0.7397474050521851,0.6200637817382812,0.020985238254070282,0.7482763528823853,0.5569449663162231,0.024476533755660057,0.754364013671875,0.5243900418281555,0.020000819116830826,0.7618902921676636,0.4991559088230133,0.014466800726950169,0.776533305644989,0.6308224201202393,0.01330272201448679,0.788016140460968,0.5694995522499084,0.013482572510838509,0.7937074899673462,0.5355930924415588,0.014106052927672863,0.8010490536689758,0.5098103284835815,0.013498444110155106,0.8111345171928406,0.6531673073768616,0.003489771857857704,0.827114999294281,0.599041223526001,0.004634782671928406,0.8359692096710205,0.5638781785964966,0.00986054539680481,0.8448614478111267,0.5323033332824707,0.012938136234879494,0.0,0.0,0.0,0.0,0.0,0.0,0.0,0.0,0.0,0.0,0.0,0.0,0.0,0.0,0.0,0.0,0.0,0.0,0.0,0.0,0.0,0.0,0.0,0.0,0.0,0.0,0.0,0.0,0.0,0.0,0.0,0.0,0.0,0.0,0.0,0.0,0.0,0.0,0.0,0.0,0.0,0.0,0.0,0.0,0.0,0.0,0.0,0.0,0.0,0.0,0.0,0.0,0.0,0.0,0.0,0.0,0.0,0.0,0.0,0.0,0.0,0.0,0.0,3
0.38469198346138,0.3347523510456085,-0.6179335713386536,0.3918234705924988,0.29152795672416687,-0.5403009057044983,0.4018823206424713,0.28829750418663025,-0.5399335622787476,0.41339969635009766,0.28566375374794006,-0.539598286151886,0.36326301097869873,0.30041125416755676,-0.5570445656776428,0.3510409891605377,0.30319005250930786,-0.557150661945343,0.3378150761127472,0.3060336410999298,-0.5567428469657898,0.42814651131629944,0.29752641916275024,-0.11716771125793457,0.3102855384349823,0.32269397377967834,-0.19183383882045746,0.40576982498168945,0.378824383020401,-0.4592428207397461,0.37012916803359985,0.3843585252761841,-0.4801531732082367,0.5599028468132019,0.5199095010757446,0.05697017163038254,0.24203281104564667,0.5417832732200623,-0.06445865333080292,0.632663369178772,0.7875728011131287,0.08396691083908081,0.069002166390419,0.6696109771728516,-0.7750774621963501,0.6830753087997437,0.9854335188865662,-0.14456598460674286,0.1714053452014923,0.3951018154621124,-1.581713080406189,0.7048405408859253,1.0579674243927002,-0.20012664794921875,0.1644757091999054,0.3338858485221863,-1.7669341564178467,0.6759015321731567,1.0468919277191162,-0.28210514783859253,0.18925878405570984,0.32730308175086975,-1.6949529647827148,0.6697468757629395,1.034112572669983,-0.18661212921142578,0.19931036233901978,0.35152971744537354,-1.5876874923706055,0.554463803768158,1.119994878768921,0.03094087541103363,0.35195934772491455,1.1518523693084717,-0.02427280880510807,0.5677414536476135,1.6839603185653687,-0.39918774366378784,0.3470299243927002,1.712007761001587,-0.4229186177253723,0.5669577121734619,2.2564990520477295,0.08173881471157074,0.36827895045280457,2.28364634513855,-0.17383846640586853,0.5715640187263489,2.331883430480957,0.13129892945289612,0.3709961473941803,2.3673903942108154,-0.16071565449237823,0.5492266416549683,2.405327796936035,-0.19560648500919342,0.40236830711364746,2.4132778644561768,-0.5848187208175659,0.0,0.0,0.0,0.0,0.0,0.0,0.0,0.0,0.0,0.0,0.0,0.0,0.0,0.0,0.0,0.0,0.0,0.0,0.0,0.0,0.0,0.0,0.0,0.0,0.0,0.0,0.0,0.0,0.0,0.0,0.0,0.0,0.0,0.0,0.0,0.0,0.0,0.0,0.0,0.0,0.0,0.0,0.0,0.0,0.0,0.0,0.0,0.0,0.0,0.0,0.0,0.0,0.0,0.0,0.0,0.0,0.0,0.0,0.0,0.0,0.0,0.0,0.0,0.18663518130779266,0.3854345977306366,1.609008251080013e-07,0.21735195815563202,0.37064507603645325,-0.012604638934135437,0.23630422353744507,0.3437957167625427,-0.020264744758605957,0.24492573738098145,0.31997451186180115,-0.02719917707145214,0.2553573548793793,0.30493104457855225,-0.03369668126106262,0.19734899699687958,0.2899271249771118,-0.009824883192777634,0.18859052658081055,0.2568862736225128,-0.01738978549838066,0.18194709718227386,0.2376013696193695,-0.024097099900245667,0.17554603517055511,0.2219003587961197,-0.02888830564916134,0.17907653748989105,0.2876107692718506,-0.009613104164600372,0.16706536710262299,0.24893929064273834,-0.015357451513409615,0.1599084436893463,0.22632363438606262,-0.020527347922325134,0.15408749878406525,0.20897839963436127,-0.024347318336367607,0.16317366063594818,0.2922860085964203,-0.010968782939016819,0.14974425733089447,0.25505876541137695,-0.016312185674905777,0.14328983426094055,0.2326352298259735,-0.020451243966817856,0.1386055052280426,0.21508945524692535,-0.0231313593685627,0.1491391658782959,0.3036040961742401,-0.01369326002895832,0.13472771644592285,0.27660080790519714,-0.017236264422535896,0.12701526284217834,0.2589097321033478,-0.01853366382420063,0.12172447144985199,0.2428167462348938,-0.019337862730026245,3
0.5276236534118652,0.30413663387298584,-0.8149104118347168,0.5527325868606567,0.25453266501426697,-0.7433613538742065,0.567410409450531,0.256123811006546,-0.7428747415542603,0.5818484425544739,0.2580660283565521,-0.7420675158500671,0.509370744228363,0.25314876437187195,-0.7493147253990173,0.49467653036117554,0.2537645697593689,-0.7496458292007446,0.4806538224220276,0.2548995912075043,-0.7494145035743713,0.6041641235351562,0.28227290511131287,-0.32103317975997925,0.4605143666267395,0.27408894896507263,-0.3295881450176239,0.5512596368789673,0.3482184112071991,-0.6566213965415955,0.49815911054611206,0.34642985463142395,-0.6637814044952393,0.6933327317237854,0.5290213823318481,-0.0737498551607132,0.3485430181026459,0.5160861015319824,-0.08263751864433289,0.7987867593765259,0.8423683047294617,-0.26197201013565063,0.1564895659685135,0.8369777798652649,-0.4627155363559723,0.685684084892273,0.9566848874092102,-0.9214859008789062,0.286877304315567,0.610381007194519,-1.2860175371170044,0.6251417994499207,0.9837984442710876,-1.0458241701126099,0.3100776672363281,0.5325133800506592,-1.4530889987945557,0.5958582162857056,0.9477832317352295,-1.0558974742889404,0.32441771030426025,0.49783191084861755,-1.4218133687973022,0.6089197397232056,0.945400595664978,-0.9388167262077332,0.3228694498538971,0.524999737739563,-1.2941484451293945,0.6413669586181641,1.0691418647766113,-0.0015685802791267633,0.41421031951904297,1.0842421054840088,0.006204298697412014,0.668198823928833,1.558517336845398,-0.5489671230316162,0.38208621740341187,1.5797113180160522,-0.5025456547737122,0.6144410371780396,2.0280704498291016,-0.014702880755066872,0.43982988595962524,2.077592611312866,-0.26534533500671387,0.5980337262153625,2.0924324989318848,0.036552734673023224,0.4528219699859619,2.151811361312866,-0.2540254592895508,0.6028899550437927,2.1828103065490723,-0.2562207579612732,0.4472428262233734,2.2211952209472656,-0.6557683348655701,0.6387759447097778,0.9821528196334839,1.703213712289653e-07,0.6009911894798279,0.950547993183136,-0.008632145822048187,0.553979218006134,0.938584566116333,-0.010622353293001652,0.5168979167938232,0.9368805885314941,-0.012007753364741802,0.4898023009300232,0.9299032092094421,-0.013380675576627254,0.5379524827003479,0.9655524492263794,0.001817255630157888,0.4954443573951721,0.974661111831665,-0.001356826745904982,0.4716925024986267,0.9824942946434021,-0.005946868099272251,0.4553561806678772,0.9869208335876465,-0.009919798001646996,0.5453646183013916,0.9920616745948792,0.002647367538884282,0.5039639472961426,1.003208041191101,0.00044494192115962505,0.4793155789375305,1.0117173194885254,-0.005997506435960531,0.4626442790031433,1.0194952487945557,-0.011815790086984634,0.5548341274261475,1.0138370990753174,0.002025261055678129,0.5174219012260437,1.026492714881897,-0.000375130184693262,0.49420034885406494,1.0369480848312378,-0.0028072423301637173,0.4775015711784363,1.0440603494644165,-0.005493962671607733,0.5657752752304077,1.0303878784179688,0.00043927793740294874,0.5368053913116455,1.0471720695495605,-0.0017709438689053059,0.5210340023040771,1.0562992095947266,-0.001297849346883595,0.5089296698570251,1.0633795261383057,-0.001194449607282877,0.2982058525085449,0.5907471776008606,2.4764332806626044e-07,0.3439948558807373,0.5786027908325195,-0.013386407867074013,0.38118672370910645,0.5477584600448608,-0.01692618802189827,0.4049157500267029,0.514123797416687,-0.02049347385764122,0.42706120014190674,0.49840062856674194,-0.024107862263917923,0.360922634601593,0.48237863183021545,-0.002431599423289299,0.3834185302257538,0.4414183497428894,-0.010148581117391586,0.39598894119262695,0.41648662090301514,-0.01805979013442993,0.4058007299900055,0.39574187994003296,-0.02375212498009205,0.33652031421661377,0.46992170810699463,-0.003075238084420562,0.3497215807437897,0.41931235790252686,-0.00876263715326786,0.3569376766681671,0.3884671926498413,-0.016402684152126312,0.36266058683395386,0.3629884421825409,-0.022270461544394493,0.31189391016960144,0.4684586524963379,-0.006132648326456547,0.31951192021369934,0.4219423532485962,-0.013257240876555443,0.3232389986515045,0.3929792046546936,-0.019917286932468414,0.32789576053619385,0.36868128180503845,-0.024707894772291183,0.2856178879737854,0.4768046438694,-0.010805878788232803,0.2796837091445923,0.44421035051345825,-0.018119534477591515,0.27610471844673157,0.4221658706665039,-0.021293599158525467,0.27455249428749084,0.40174946188926697,-0.023101884871721268,3
0.5522459745407104,0.2791205644607544,-0.9879439473152161,0.5722600221633911,0.2400057166814804,-0.9157830476760864,0.5860769748687744,0.2435643970966339,-0.9150754809379578,0.599805474281311,0.24731120467185974,-0.9143320322036743,0.5331336855888367,0.23247875273227692,-0.9162357449531555,0.5196422934532166,0.23164118826389313,-0.9168506860733032,0.5070651769638062,0.23231372237205505,-0.9162771105766296,0.6164239645004272,0.2648189067840576,-0.48257923126220703,0.48215967416763306,0.2535046935081482,-0.4925794005393982,0.5716633200645447,0.3283228278160095,-0.8289486765861511,0.5281597375869751,0.32576480507850647,-0.8331463932991028,0.7091333866119385,0.4692688286304474,-0.31158646941185,0.380248099565506,0.45398807525634766,-0.2329098880290985,0.8174909353256226,0.681175947189331,-0.8459371328353882,0.16680346429347992,0.5915086269378662,-0.9436544179916382,0.611362636089325,0.7115759253501892,-1.6219818592071533,0.29813963174819946,0.3925464451313019,-1.7790882587432861,0.5454174876213074,0.7273350358009338,-1.7957353591918945,0.3174595236778259,0.31247538328170776,-1.9616727828979492,0.521680474281311,0.6837373375892639,-1.7178541421890259,0.342693030834198,0.3033938705921173,-1.8697525262832642,0.5388240218162537,0.6727178692817688,-1.614109754562378,0.34490329027175903,0.32869160175323486,-1.773227334022522,0.6556082963943481,1.0734291076660156,0.0019592728931456804,0.4186592102050781,1.0485010147094727,0.003353918669745326,0.6683940887451172,1.5511285066604614,-0.3587198853492737,0.4349845349788666,1.5707809925079346,-0.3819893002510071,0.6598426103591919,2.003188371658325,0.17557738721370697,0.4439210295677185,2.0102028846740723,0.03768710792064667,0.6591712236404419,2.0751428604125977,0.22302071750164032,0.4452695846557617,2.0802245140075684,0.06596319377422333,0.6480225920677185,2.1329705715179443,-0.15035796165466309,0.47564250230789185,2.1354756355285645,-0.35869425535202026,0.6206492781639099,0.7173129320144653,1.0423986651630912e-07,0.5954360365867615,0.6792961955070496,-0.004442725796252489,0.5571902990341187,0.6626498699188232,-0.005065908655524254,0.523906946182251,0.6543146371841431,-0.005307074636220932,0.500055730342865,0.64963299036026,-0.004796902649104595,0.5184506773948669,0.6944681406021118,-0.0029917305801063776,0.47462567687034607,0.692310631275177,-0.007491929456591606,0.44957464933395386,0.6927977800369263,-0.010944223962724209,0.43062636256217957,0.6947115659713745,-0.013211493380367756,0.5165579319000244,0.7169071435928345,-0.004042829852551222,0.47020044922828674,0.7145026922225952,-0.008177903480827808,0.4438125193119049,0.7140859365463257,-0.010251495987176895,0.42345964908599854,0.7140055298805237,-0.01138234417885542,0.5209614038467407,0.7363548278808594,-0.005725232884287834,0.4777103364467621,0.7355921864509583,-0.008738311938941479,0.4535828232765198,0.7345570921897888,-0.009216144680976868,0.43493857979774475,0.7334635853767395,-0.009612321853637695,0.531122624874115,0.7534753084182739,-0.008119674399495125,0.5018041729927063,0.7568284273147583,-0.009836895391345024,0.48369070887565613,0.7574406266212463,-0.008772332221269608,0.47020086646080017,0.756952702999115,-0.00753270648419857,0.30381155014038086,0.39726120233535767,-9.874606909932027e-09,0.3425908386707306,0.3762456178665161,-0.004755502101033926,0.3744661211967468,0.34754157066345215,-0.007839465513825417,0.3977585434913635,0.32537841796875,-0.012891941703855991,0.418531209230423,0.3123253881931305,-0.018580492585897446,0.3593497574329376,0.30353182554244995,-0.0026845557149499655,0.3682618737220764,0.2630758583545685,-0.012351026758551598,0.36911365389823914,0.25771963596343994,-0.020508017390966415,0.36893555521965027,0.2586563229560852,-0.025482913479208946,0.33738046884536743,0.2977410554885864,-0.007570750545710325,0.34560221433639526,0.25324368476867676,-0.014967478811740875,0.34599271416664124,0.2499658316373825,-0.02008989080786705,0.3447530269622803,0.25185704231262207,-0.023515600711107254,0.3138938546180725,0.29914891719818115,-0.013769963756203651,0.3214787542819977,0.25456443428993225,-0.022147545590996742,0.3215411305427551,0.2610175609588623,-0.020479677245020866,0.3203885555267334,0.2713252604007721,-0.018560292199254036,0.2885659635066986,0.30674025416374207,-0.020730841904878616,0.2922447919845581,0.2722374200820923,-0.02658132091164589,0.29360443353652954,0.2808816730976105,-0.021919315680861473,0.2924492061138153,0.293608695268631,-0.017616378143429756,3
0.5193406939506531,0.604140043258667,-0.7564281225204468,0.5319396257400513,0.562803328037262,-0.6950970888137817,0.5445124506950378,0.5598556399345398,-0.694591224193573,0.5546471476554871,0.5570409297943115,-0.6943830251693726,0.4894790053367615,0.5745087265968323,-0.6890780925750732,0.47583770751953125,0.5792665481567383,-0.6890982389450073,0.46510881185531616,0.5842171311378479,-0.6888260841369629,0.5682999491691589,0.5701879858970642,-0.34790438413619995,0.4555956721305847,0.6025339961051941,-0.3201230764389038,0.5504018068313599,0.6385631561279297,-0.6285616755485535,0.5020453929901123,0.6517789363861084,-0.6212469339370728,0.6992295980453491,0.819703996181488,-0.15488536655902863,0.3943996727466583,0.82651287317276,-0.1279602348804474,0.7568020820617676,1.0897310972213745,-0.16974714398384094,0.2286953628063202,0.9866692423820496,-0.5839147567749023,0.7625948190689087,1.3616664409637451,-0.5075803399085999,0.2542671859264374,0.7333195805549622,-1.3288676738739014,0.7831741571426392,1.4405808448791504,-0.5759255886077881,0.23476584255695343,0.6350433230400085,-1.4841203689575195,0.7623026371002197,1.43965482711792,-0.6532154083251953,0.2531752288341522,0.6160014271736145,-1.4603232145309448,0.7466765642166138,1.4173558950424194,-0.5546166896820068,0.2710038721561432,0.6500966548919678,-1.3539880514144897,0.6555072069168091,1.4016839265823364,0.0063763768412172794,0.44478684663772583,1.404180645942688,0.0013445124495774508,0.6555077433586121,1.8855541944503784,-0.27010515332221985,0.44951575994491577,1.8737765550613403,-0.28264570236206055,0.6567493677139282,2.3494226932525635,0.34656792879104614,0.45642638206481934,2.336864471435547,0.14278964698314667,0.657465934753418,2.4157965183258057,0.4061926007270813,0.4538264274597168,2.409538984298706,0.1739475429058075,0.6401551365852356,2.4655187129974365,0.08930879831314087,0.4778163433074951,2.4467694759368896,-0.20409126579761505,0.0,0.0,0.0,0.0,0.0,0.0,0.0,0.0,0.0,0.0,0.0,0.0,0.0,0.0,0.0,0.0,0.0,0.0,0.0,0.0,0.0,0.0,0.0,0.0,0.0,0.0,0.0,0.0,0.0,0.0,0.0,0.0,0.0,0.0,0.0,0.0,0.0,0.0,0.0,0.0,0.0,0.0,0.0,0.0,0.0,0.0,0.0,0.0,0.0,0.0,0.0,0.0,0.0,0.0,0.0,0.0,0.0,0.0,0.0,0.0,0.0,0.0,0.0,0.2598990499973297,0.7399377822875977,4.528728680952554e-08,0.28552064299583435,0.695300817489624,-0.010258802212774754,0.2960221469402313,0.6452734470367432,-0.01282857172191143,0.29713156819343567,0.604068398475647,-0.015920765697956085,0.30103668570518494,0.5737165212631226,-0.01889673061668873,0.25808069109916687,0.5969558954238892,0.00029281710158102214,0.24356326460838318,0.5526264309883118,-0.007204833906143904,0.23208077251911163,0.5278643369674683,-0.015685003250837326,0.22171613574028015,0.5067179799079895,-0.022204909473657608,0.2362319380044937,0.6030113697052002,-0.0012590339174494147,0.21730858087539673,0.5542091131210327,-0.0074568847194314,0.20492033660411835,0.52527916431427,-0.015360196121037006,0.19424882531166077,0.5004783868789673,-0.021749891340732574,0.21890674531459808,0.6168293356895447,-0.004997779615223408,0.20072230696678162,0.5717366933822632,-0.011523663997650146,0.19060178101062775,0.5458166003227234,-0.016754107549786568,0.182331383228302,0.5224329233169556,-0.020820343866944313,0.20408302545547485,0.6387909054756165,-0.010268153622746468,0.18602196872234344,0.6068093180656433,-0.016405070200562477,0.17552775144577026,0.5873737335205078,-0.018769554793834686,0.16662122309207916,0.5689330101013184,-0.02026330679655075,3
0.6395307779312134,0.3009709417819977,-0.9876283407211304,0.6623724699020386,0.25506436824798584,-0.9348985552787781,0.6775494813919067,0.2546634376049042,-0.9346927404403687,0.6887880563735962,0.2544398009777069,-0.9342912435531616,0.619597852230072,0.25652170181274414,-0.9084709286689758,0.6068955659866333,0.25730007886886597,-0.9090059399604797,0.5970637798309326,0.25846460461616516,-0.9085646867752075,0.7056516408920288,0.2791557013988495,-0.5648902654647827,0.5875924825668335,0.2781969904899597,-0.4535123407840729,0.6635133028030396,0.3575604259967804,-0.8516136407852173,0.6154458522796631,0.3565480411052704,-0.8207810521125793,0.8099908828735352,0.5817337036132812,-0.37365424633026123,0.4881049692630768,0.5742473006248474,-0.10949490964412689,0.8586918115615845,0.9210549592971802,-0.6545542478561401,0.2813866138458252,0.7939203381538391,-0.4925232529640198,0.7395357489585876,0.9789355397224426,-1.258530855178833,0.3634088635444641,0.5026326775550842,-1.2491252422332764,0.6795927286148071,1.0270838737487793,-1.3863403797149658,0.37061479687690735,0.4181537926197052,-1.3867566585540771,0.6767727732658386,0.9704776406288147,-1.368204116821289,0.3869738280773163,0.39725419878959656,-1.338910460472107,0.6854397058486938,0.959157407283783,-1.2628605365753174,0.39251309633255005,0.4320334196090698,-1.251781940460205,0.7353709936141968,1.185121774673462,-0.06013692542910576,0.528049647808075,1.181578278541565,0.06586208194494247,0.7311431169509888,1.6807657480239868,-0.30298912525177,0.5200978517532349,1.659244179725647,-0.18720979988574982,0.7255626916885376,2.104203701019287,0.3388212025165558,0.5281997919082642,2.0849862098693848,0.35171419382095337,0.7309904098510742,2.1657021045684814,0.40008583664894104,0.5312625169754028,2.1505746841430664,0.3932434320449829,0.687585711479187,2.248734712600708,0.046887513250112534,0.5266561508178711,2.222435474395752,0.0316929966211319,0.7919601202011108,0.9334150552749634,-2.8295754628260283e-09,0.7451127767562866,0.9252071976661682,0.0032759818714112043,0.7054485082626343,0.9326785802841187,0.0003788659814745188,0.6776774525642395,0.9433935880661011,-0.0040632872842252254,0.6581547856330872,0.9549031853675842,-0.009466411545872688,0.6910542249679565,0.9530492424964905,-0.008090510964393616,0.6498755216598511,0.9878432750701904,-0.015644723549485207,0.63396817445755,1.007944941520691,-0.02036595344543457,0.6213764548301697,1.025038480758667,-0.023894518613815308,0.7067813277244568,0.9670193791389465,-0.015262220986187458,0.6693406105041504,1.0018495321273804,-0.023174740374088287,0.653134822845459,1.019134521484375,-0.028875412419438362,0.6393754482269287,1.0318788290023804,-0.03359741345047951,0.7255827188491821,0.9799388647079468,-0.02159491367638111,0.6919406652450562,1.0134849548339844,-0.0285771656781435,0.675819456577301,1.0305256843566895,-0.029639756307005882,0.6634709239006042,1.0428459644317627,-0.030910132452845573,0.7444015741348267,0.9926980137825012,-0.027308134362101555,0.7219807505607605,1.0208914279937744,-0.03261363506317139,0.7098721861839294,1.0347932577133179,-0.0311733428388834,0.6989332437515259,1.046067714691162,-0.029915375635027885,0.37070026993751526,0.488094687461853,1.9835002262880153e-07,0.39985793828964233,0.4671173691749573,-0.012187541462481022,0.42312371730804443,0.4317682981491089,-0.017741991207003593,0.4420488774776459,0.4000265300273895,-0.02287239022552967,0.4574122726917267,0.37740835547447205,-0.02786211669445038,0.3999420702457428,0.37624645233154297,-0.008752729743719101,0.4082145392894745,0.3320017457008362,-0.017468594014644623,0.411841481924057,0.3054625689983368,-0.024987252429127693,0.41408875584602356,0.2824009954929352,-0.030371474102139473,0.3805670142173767,0.3698810040950775,-0.009210052900016308,0.38501015305519104,0.3212283253669739,-0.015816891565918922,0.3871277868747711,0.2917333245277405,-0.02193351462483406,0.3875713348388672,0.26764848828315735,-0.026430075988173485,0.36210083961486816,0.37416940927505493,-0.011478237807750702,0.3579503297805786,0.3294548988342285,-0.01802130974829197,0.3556470274925232,0.3027361035346985,-0.0230010487139225,0.35404831171035767,0.2802535891532898,-0.026562880724668503,0.3451104164123535,0.3875887989997864,-0.01510868314653635,0.3355467915534973,0.3558817505836487,-0.02116672322154045,0.32977792620658875,0.335395872592926,-0.02356557920575142,0.32535412907600403,0.31652769446372986,-0.024902867153286934,3
0.5700891613960266,0.31495001912117004,-1.13884437084198,0.6050858497619629,0.2702290415763855,-1.0748776197433472,0.622494101524353,0.2674919366836548,-1.075264811515808,0.6407248973846436,0.28037121891975403,-1.0749282836914062,0.5695058107376099,0.27238649129867554,-1.0669646263122559,0.5604470372200012,0.27195820212364197,-1.0673377513885498,0.5515292882919312,0.27135416865348816,-1.0671041011810303,0.6722502708435059,0.3293459117412567,-0.672303318977356,0.541833758354187,0.290799617767334,-0.6535900831222534,0.5871269702911377,0.3711986839771271,-0.9918419122695923,0.5440988540649414,0.3644169569015503,-0.9882138967514038,0.753900945186615,0.6320101618766785,-0.38139089941978455,0.3900994062423706,0.5739917159080505,-0.34318119287490845,0.7422486543655396,1.0366501808166504,-0.38760125637054443,0.1284647136926651,0.887968897819519,-0.7579889297485352,0.738671064376831,1.346351146697998,-0.8685439229011536,0.22727803885936737,0.5736526846885681,-1.5707647800445557,0.7487281560897827,1.4361737966537476,-0.9481361508369446,0.23946881294250488,0.4862440228462219,-1.724839210510254,0.7317779064178467,1.417130947113037,-1.0276687145233154,0.2679138779640198,0.4534686803817749,-1.6750904321670532,0.7130172848701477,1.3866204023361206,-0.9119170308113098,0.2729986310005188,0.48060342669487,-1.5728890895843506,0.631986677646637,1.2481188774108887,0.0078115626238286495,0.4044574201107025,1.2156590223312378,-0.001038455287925899,0.6329805254936218,1.7466349601745605,-0.3019428849220276,0.40872687101364136,1.7511709928512573,-0.21668438613414764,0.6260108947753906,2.1672372817993164,0.5078436136245728,0.39216649532318115,2.212388515472412,0.3572079539299011,0.6263396143913269,2.2318575382232666,0.5838068127632141,0.3866480588912964,2.2818944454193115,0.3991779685020447,0.6024636030197144,2.309197425842285,0.261673241853714,0.4109343886375427,2.360532283782959,-0.019020743668079376,0.0,0.0,0.0,0.0,0.0,0.0,0.0,0.0,0.0,0.0,0.0,0.0,0.0,0.0,0.0,0.0,0.0,0.0,0.0,0.0,0.0,0.0,0.0,0.0,0.0,0.0,0.0,0.0,0.0,0.0,0.0,0.0,0.0,0.0,0.0,0.0,0.0,0.0,0.0,0.0,0.0,0.0,0.0,0.0,0.0,0.0,0.0,0.0,0.0,0.0,0.0,0.0,0.0,0.0,0.0,0.0,0.0,0.0,0.0,0.0,0.0,0.0,0.0,0.22495293617248535,0.5829065442085266,2.2246099717904144e-07,0.2738252282142639,0.5642372965812683,-0.01392298936843872,0.30373555421829224,0.5210503935813904,-0.012996702454984188,0.31677475571632385,0.4772169589996338,-0.011273914948105812,0.3327658474445343,0.4524385333061218,-0.009234671480953693,0.2830754220485687,0.4572715163230896,0.007053435780107975,0.2971133291721344,0.4064626395702362,0.0036006250884383917,0.30105432868003845,0.37566864490509033,-0.0028128460980951786,0.30224665999412537,0.348796546459198,-0.00793338194489479,0.2579103708267212,0.44896015524864197,0.009244893677532673,0.2715570032596588,0.39452528953552246,0.007570779416710138,0.27782773971557617,0.36080315709114075,0.0009792969794943929,0.28203538060188293,0.33338817954063416,-0.004070593975484371,0.23236197233200073,0.45096710324287415,0.008404959924519062,0.24203091859817505,0.40110328793525696,0.004332388751208782,0.24947452545166016,0.37289220094680786,-0.0010824016062542796,0.2566344738006592,0.34864306449890137,-0.004915756173431873,0.2041863054037094,0.4613652527332306,0.005758484359830618,0.2103041410446167,0.4240955710411072,0.0012475454714149237,0.21519722044467926,0.4038146436214447,-3.8063444662839174e-05,0.2210991531610489,0.383908212184906,-0.0006840580608695745,3
0.54865962266922,0.3061301112174988,-1.0249872207641602,0.5730767846107483,0.2631162405014038,-0.9539045095443726,0.5886808633804321,0.26415207982063293,-0.9535975456237793,0.602707028388977,0.26794132590293884,-0.953449547290802,0.5319167971611023,0.2603488564491272,-0.9697140455245972,0.5203592777252197,0.2595612406730652,-0.9699982404708862,0.5097768306732178,0.25952109694480896,-0.9694323539733887,0.6202632188796997,0.29223620891571045,-0.5242717862129211,0.4923308789730072,0.27751651406288147,-0.6082514524459839,0.566663384437561,0.3604864180088043,-0.8638761639595032,0.5230646729469299,0.3520781099796295,-0.8874316215515137,0.6943728923797607,0.5721986889839172,-0.2237459123134613,0.36862456798553467,0.5354148149490356,-0.3346118628978729,0.7446103692054749,0.9156549572944641,-0.20984187722206116,0.15356692671775818,0.7643429040908813,-0.8534039258956909,0.7784501314163208,1.1970754861831665,-0.7140341997146606,0.2461644411087036,0.4185620844364166,-1.5790350437164307,0.8021447062492371,1.2844940423965454,-0.7891106009483337,0.26914680004119873,0.3372229039669037,-1.7356468439102173,0.7791576385498047,1.2951935529708862,-0.8713476061820984,0.286676824092865,0.3096533417701721,-1.68537175655365,0.7606289386749268,1.2659083604812622,-0.761996865272522,0.285086065530777,0.34620073437690735,-1.584567666053772,0.6167213916778564,1.1681820154190063,0.034648627042770386,0.4105720520019531,1.15896475315094,-0.02739141508936882,0.6353403329849243,1.6769356727600098,-0.18766434490680695,0.42441311478614807,1.6610058546066284,-0.2533462643623352,0.6526401042938232,2.1437675952911377,0.49886584281921387,0.44574254751205444,2.138349771499634,0.27531737089157104,0.6595919132232666,2.2155351638793945,0.5766803622245789,0.44656500220298767,2.21024227142334,0.3130822479724884,0.6273260116577148,2.2834315299987793,0.24285180866718292,0.47378191351890564,2.2805776596069336,-0.08179201185703278,0.0,0.0,0.0,0.0,0.0,0.0,0.0,0.0,0.0,0.0,0.0,0.0,0.0,0.0,0.0,0.0,0.0,0.0,0.0,0.0,0.0,0.0,0.0,0.0,0.0,0.0,0.0,0.0,0.0,0.0,0.0,0.0,0.0,0.0,0.0,0.0,0.0,0.0,0.0,0.0,0.0,0.0,0.0,0.0,0.0,0.0,0.0,0.0,0.0,0.0,0.0,0.0,0.0,0.0,0.0,0.0,0.0,0.0,0.0,0.0,0.0,0.0,0.0,0.2650741934776306,0.42679086327552795,1.8123101597211644e-07,0.30636724829673767,0.39345207810401917,-0.00975047331303358,0.3343557119369507,0.345863938331604,-0.010752135887742043,0.3519169092178345,0.30715885758399963,-0.012991448864340782,0.36777955293655396,0.2808346748352051,-0.015545700676739216,0.30498379468917847,0.28516218066215515,0.003368220292031765,0.3166678547859192,0.2357461005449295,-0.0035990900360047817,0.32206961512565613,0.20480668544769287,-0.012003793381154537,0.32665932178497314,0.17732155323028564,-0.01873118430376053,0.28064799308776855,0.28114572167396545,0.0006840720307081938,0.28328511118888855,0.226064071059227,-0.005296218674629927,0.28480198979377747,0.19099339842796326,-0.013794714584946632,0.28645607829093933,0.16041357815265656,-0.02071121521294117,0.2580779790878296,0.28847023844718933,-0.004473045002669096,0.2585403621196747,0.24065560102462769,-0.011869424022734165,0.2631247341632843,0.21342679858207703,-0.018011130392551422,0.26938557624816895,0.18869513273239136,-0.02282116562128067,0.2354714572429657,0.30340737104415894,-0.011275460943579674,0.2328466922044754,0.2696076035499573,-0.018488306552171707,0.2380470484495163,0.2529311180114746,-0.021067874506115913,0.24602273106575012,0.2390376627445221,-0.02284526824951172,3
0.6589143872261047,0.30329233407974243,-1.0300853252410889,0.6893488168716431,0.2564038336277008,-0.9741873741149902,0.7057865858078003,0.2581333816051483,-0.9738451242446899,0.719992458820343,0.2603623867034912,-0.9737582206726074,0.6463931798934937,0.25393420457839966,-0.9715659022331238,0.6362173557281494,0.25408512353897095,-0.9718970060348511,0.6266576647758484,0.254575252532959,-0.9713677167892456,0.745991051197052,0.28361719846725464,-0.5788811445236206,0.6213526129722595,0.27262839674949646,-0.5643051266670227,0.6900286674499512,0.35249271988868713,-0.8776434063911438,0.6371085047721863,0.34623607993125916,-0.8789948225021362,0.8545458912849426,0.5334091782569885,-0.2899244725704193,0.508836567401886,0.5414751768112183,-0.2608628571033478,0.9138795137405396,0.8677252531051636,-0.29146867990493774,0.2657783627510071,0.7682186365127563,-0.739850640296936,0.9406677484512329,1.1785131692886353,-0.800633430480957,0.2997998297214508,0.4712139070034027,-1.618077039718628,0.9592714309692383,1.2767598628997803,-0.8883253931999207,0.29915502667427063,0.3729076385498047,-1.7835874557495117,0.9313351511955261,1.2662891149520874,-0.9810478091239929,0.3231784701347351,0.3502735495567322,-1.7655134201049805,0.9156208038330078,1.2359882593154907,-0.8480633497238159,0.32926684617996216,0.371669203042984,-1.6362707614898682,0.801467776298523,1.1660759449005127,-0.003552973736077547,0.5923082232475281,1.1690471172332764,0.009890270419418812,0.8134361505508423,1.6967310905456543,-0.3457013964653015,0.5979616641998291,1.6733213663101196,-0.27320706844329834,0.8211643099784851,2.157153606414795,0.383414089679718,0.6158370971679688,2.1671359539031982,0.21388466656208038,0.8269723653793335,2.2217493057250977,0.4496985375881195,0.6198495626449585,2.242816686630249,0.24456878006458282,0.792833149433136,2.309436798095703,0.10158117860555649,0.6288247108459473,2.30534291267395,-0.18016435205936432,0.0,0.0,0.0,0.0,0.0,0.0,0.0,0.0,0.0,0.0,0.0,0.0,0.0,0.0,0.0,0.0,0.0,0.0,0.0,0.0,0.0,0.0,0.0,0.0,0.0,0.0,0.0,0.0,0.0,0.0,0.0,0.0,0.0,0.0,0.0,0.0,0.0,0.0,0.0,0.0,0.0,0.0,0.0,0.0,0.0,0.0,0.0,0.0,0.0,0.0,0.0,0.0,0.0,0.0,0.0,0.0,0.0,0.0,0.0,0.0,0.0,0.0,0.0,0.30536365509033203,0.4714902639389038,1.2407967631133943e-07,0.33766064047813416,0.43870770931243896,-0.01459164172410965,0.362729012966156,0.39357948303222656,-0.018029730767011642,0.3767593502998352,0.3494400978088379,-0.021307069808244705,0.3751285672187805,0.3129323422908783,-0.024666566401720047,0.34361910820007324,0.33805587887763977,-0.005789634771645069,0.35153883695602417,0.2858526408672333,-0.014969277195632458,0.352782666683197,0.2558017075061798,-0.0236983485519886,0.35399702191352844,0.22896040976047516,-0.030289746820926666,0.31743744015693665,0.33503180742263794,-0.006701088510453701,0.31686997413635254,0.28110271692276,-0.014047867618501186,0.3142438530921936,0.2482849508523941,-0.023796234279870987,0.3120272159576416,0.21961838006973267,-0.03191351518034935,0.29277971386909485,0.34476301074028015,-0.009957424364984035,0.28840819001197815,0.30255740880966187,-0.018479978665709496,0.2859453856945038,0.27713122963905334,-0.026662472635507584,0.2853863537311554,0.2545640170574188,-0.03320693597197533,0.2684873044490814,0.36394426226615906,-0.014975393190979958,0.26308202743530273,0.33543193340301514,-0.02332369051873684,0.2632860541343689,0.3211229741573334,-0.027040995657444,0.26563146710395813,0.3088824152946472,-0.029817678034305573,3
0.558193564414978,0.3135524094104767,-1.074031949043274,0.580800473690033,0.263743132352829,-1.0060718059539795,0.5949952602386475,0.2641184628009796,-1.0062044858932495,0.6089316606521606,0.2646126449108124,-1.0056978464126587,0.5356591939926147,0.26422563195228577,-0.9957754015922546,0.519871175289154,0.2649894058704376,-0.9959023594856262,0.5060829520225525,0.26592451333999634,-0.9954441785812378,0.6276426315307617,0.28760620951652527,-0.5933594107627869,0.48626089096069336,0.2867208421230316,-0.5626248121261597,0.5827701687812805,0.3571104407310486,-0.9239898920059204,0.5298089981079102,0.3575060963630676,-0.9155871272087097,0.7463785409927368,0.5865894556045532,-0.31353211402893066,0.36925020813941956,0.5935066342353821,-0.2567148804664612,0.7935172915458679,0.9514814019203186,-0.39131203293800354,0.13280808925628662,0.8556292653083801,-0.7261815071105957,0.817812442779541,1.2842752933502197,-0.969434916973114,0.17243549227714539,0.503238320350647,-1.5944068431854248,0.850110650062561,1.3929309844970703,-1.0618064403533936,0.16494140028953552,0.4159195125102997,-1.7565138339996338,0.8245029449462891,1.3836256265640259,-1.1429946422576904,0.18639543652534485,0.392245352268219,-1.7171270847320557,0.8045375943183899,1.3488082885742188,-1.0186034440994263,0.20347388088703156,0.4255162179470062,-1.6072572469711304,0.6614812612533569,1.2403775453567505,0.0036490880884230137,0.42620009183883667,1.2289620637893677,0.004682448226958513,0.6706602573394775,1.7801843881607056,-0.4194399416446686,0.450400173664093,1.7376736402511597,-0.3652952015399933,0.6884438395500183,2.2740399837493896,0.28789252042770386,0.4705774784088135,2.2314863204956055,0.18473155796527863,0.6935784816741943,2.352881908416748,0.35081714391708374,0.4708702564239502,2.3082046508789062,0.22186379134655,0.6656221151351929,2.411954164505005,-0.0362771674990654,0.5004221796989441,2.373962163925171,-0.23006363213062286,0.0,0.0,0.0,0.0,0.0,0.0,0.0,0.0,0.0,0.0,0.0,0.0,0.0,0.0,0.0,0.0,0.0,0.0,0.0,0.0,0.0,0.0,0.0,0.0,0.0,0.0,0.0,0.0,0.0,0.0,0.0,0.0,0.0,0.0,0.0,0.0,0.0,0.0,0.0,0.0,0.0,0.0,0.0,0.0,0.0,0.0,0.0,0.0,0.0,0.0,0.0,0.0,0.0,0.0,0.0,0.0,0.0,0.0,0.0,0.0,0.0,0.0,0.0,0.1643984466791153,0.5110865235328674,2.2418149114855623e-07,0.206268310546875,0.4807470440864563,-0.01563386805355549,0.23517844080924988,0.4347991347312927,-0.02216898277401924,0.2510705888271332,0.38894572854042053,-0.02824755199253559,0.2669095993041992,0.356425017118454,-0.03478679433465004,0.19653703272342682,0.3723164498806,-0.009471739642322063,0.20023515820503235,0.3183369040489197,-0.020489297807216644,0.2009824961423874,0.2852357029914856,-0.03074672445654869,0.20071715116500854,0.25572994351387024,-0.03832758590579033,0.16837704181671143,0.36976444721221924,-0.010595710016787052,0.16469033062458038,0.30782100558280945,-0.019711583852767944,0.16253097355365753,0.27132123708724976,-0.029012145474553108,0.16031473875045776,0.2397763580083847,-0.03609507158398628,0.14284385740756989,0.37909016013145447,-0.014000491239130497,0.1374017894268036,0.32139694690704346,-0.023584626615047455,0.13521285355091095,0.2869449853897095,-0.02986222878098488,0.13452544808387756,0.25612807273864746,-0.034382402896881104,0.11829391121864319,0.39810365438461304,-0.01913096010684967,0.11054450273513794,0.35452619194984436,-0.027639348059892654,0.1084354817867279,0.3267921805381775,-0.03014218807220459,0.10845957696437836,0.2998815178871155,-0.03163197264075279,3
0.452528715133667,0.29555973410606384,-1.0802170038223267,0.4538394510746002,0.2469470500946045,-1.0041453838348389,0.465210497379303,0.24655015766620636,-1.0042506456375122,0.4757995009422302,0.2465468794107437,-1.0039217472076416,0.4156826436519623,0.2565176486968994,-1.024720549583435,0.3994607925415039,0.26348164677619934,-1.0250407457351685,0.38339167833328247,0.26907727122306824,-1.0248448848724365,0.48458757996559143,0.27827754616737366,-0.533390462398529,0.3469676673412323,0.3098450005054474,-0.6390753388404846,0.48062458634376526,0.3473692536354065,-0.9054458737373352,0.4358202815055847,0.3557000756263733,-0.9327530860900879,0.625020444393158,0.5748355388641357,-0.18513482809066772,0.23254425823688507,0.6426075100898743,-0.42917680740356445,0.8637259602546692,0.8983858823776245,-0.512459933757782,0.18860672414302826,1.0044809579849243,-0.6020868420600891,0.8742579221725464,0.5814030170440674,-1.4185676574707031,0.3027307391166687,1.2023341655731201,-1.146436333656311,0.8975790739059448,0.4887677729129791,-1.6106235980987549,0.3160639703273773,1.2671096324920654,-1.2865678071975708,0.8810375332832336,0.44759079813957214,-1.6093547344207764,0.33994174003601074,1.2294710874557495,-1.3561522960662842,0.8557828664779663,0.4895455539226532,-1.455096960067749,0.3433707654476166,1.206098198890686,-1.1904501914978027,0.5785472989082336,1.2865020036697388,0.08329765498638153,0.3290444016456604,1.285097360610962,-0.07605472952127457,0.5566228628158569,1.8100675344467163,0.013644084334373474,0.3279586434364319,1.7495343685150146,-0.30567389726638794,0.5226077437400818,2.3167877197265625,0.8642851114273071,0.32164081931114197,2.262913703918457,0.25421208143234253,0.5180362462997437,2.395819664001465,0.945820152759552,0.31513580679893494,2.336653470993042,0.2977457642555237,0.5093570947647095,2.4696202278137207,0.6119697690010071,0.3646875023841858,2.4351375102996826,-0.12952837347984314,0.875636637210846,0.5932164192199707,1.3401083265307534e-07,0.838665246963501,0.5536554455757141,-0.012832901440560818,0.8153643608093262,0.5015891790390015,-0.01869366131722927,0.80314040184021,0.4590473175048828,-0.024382349103689194,0.7874883413314819,0.43106457591056824,-0.03022325225174427,0.8665078282356262,0.43301916122436523,-0.0017655749106779695,0.8744248151779175,0.37819796800613403,-0.009583478793501854,0.880384624004364,0.3458935022354126,-0.019453737884759903,0.8858428001403809,0.31746959686279297,-0.027677565813064575,0.8920081853866577,0.4358082711696625,-0.004663453437387943,0.9057260751724243,0.37444835901260376,-0.009818634949624538,0.913252592086792,0.3382277190685272,-0.01758764497935772,0.9197354912757874,0.3076384961605072,-0.024756083264946938,0.9119749069213867,0.4513595700263977,-0.01048881933093071,0.9293261766433716,0.3967951536178589,-0.016924496740102768,0.9373632669448853,0.36345577239990234,-0.022675110027194023,0.9434535503387451,0.3332466781139374,-0.02814098633825779,0.9291204810142517,0.4766167998313904,-0.018231147900223732,0.9462563991546631,0.4378981590270996,-0.02388768084347248,0.9549148678779602,0.4113253653049469,-0.026034004986286163,0.9625495672225952,0.384917289018631,-0.02855657786130905,0.0,0.0,0.0,0.0,0.0,0.0,0.0,0.0,0.0,0.0,0.0,0.0,0.0,0.0,0.0,0.0,0.0,0.0,0.0,0.0,0.0,0.0,0.0,0.0,0.0,0.0,0.0,0.0,0.0,0.0,0.0,0.0,0.0,0.0,0.0,0.0,0.0,0.0,0.0,0.0,0.0,0.0,0.0,0.0,0.0,0.0,0.0,0.0,0.0,0.0,0.0,0.0,0.0,0.0,0.0,0.0,0.0,0.0,0.0,0.0,0.0,0.0,0.0,3
0.5819047093391418,0.3255004584789276,-1.0413320064544678,0.6039618253707886,0.2775672972202301,-0.9892770648002625,0.6199498176574707,0.27297693490982056,-0.9892920255661011,0.6347155570983887,0.26904165744781494,-0.9886325597763062,0.5599186420440674,0.2909027934074402,-0.972631573677063,0.5468013286590576,0.29443085193634033,-0.9729766845703125,0.5347007513046265,0.29707562923431396,-0.9728184938430786,0.6631657481193542,0.2901500165462494,-0.6244668960571289,0.5280024409294128,0.31573089957237244,-0.563910186290741,0.6200186610221863,0.36016958951950073,-0.9041990041732788,0.5639002919197083,0.37157562375068665,-0.8876627683639526,0.7856553792953491,0.5656186938285828,-0.3720283806324005,0.4334317147731781,0.5480411648750305,-0.28768453001976013,0.8324061632156372,0.915110170841217,-0.46890419721603394,0.21815776824951172,0.7629125714302063,-0.6679316759109497,0.8093993067741394,1.2089653015136719,-0.9646723866462708,0.2594127655029297,0.509710431098938,-1.516644835472107,0.8284357786178589,1.3141852617263794,-1.0574944019317627,0.2567410469055176,0.43614909052848816,-1.694872498512268,0.7979451417922974,1.2971872091293335,-1.1293202638626099,0.28034353256225586,0.4140531122684479,-1.6601756811141968,0.7834099531173706,1.2678968906402588,-1.0069867372512817,0.2875296473503113,0.4294481575489044,-1.5308640003204346,0.7136744260787964,1.1195439100265503,0.0008468899177387357,0.4968620240688324,1.1426295042037964,0.0059302207082509995,0.6964479684829712,1.623151183128357,-0.37970346212387085,0.49016404151916504,1.6902951002120972,-0.37762653827667236,0.7034783959388733,2.1170740127563477,0.10167530924081802,0.48654645681381226,2.1986591815948486,-0.058205485343933105,0.7103570699691772,2.1967766284942627,0.1445118486881256,0.4859289228916168,2.2731106281280518,-0.03885079547762871,0.6745395660400391,2.2434451580047607,-0.2038927972316742,0.4956815242767334,2.3412277698516846,-0.4571780264377594,0.0,0.0,0.0,0.0,0.0,0.0,0.0,0.0,0.0,0.0,0.0,0.0,0.0,0.0,0.0,0.0,0.0,0.0,0.0,0.0,0.0,0.0,0.0,0.0,0.0,0.0,0.0,0.0,0.0,0.0,0.0,0.0,0.0,0.0,0.0,0.0,0.0,0.0,0.0,0.0,0.0,0.0,0.0,0.0,0.0,0.0,0.0,0.0,0.0,0.0,0.0,0.0,0.0,0.0,0.0,0.0,0.0,0.0,0.0,0.0,0.0,0.0,0.0,0.2254617065191269,0.4940398037433624,2.6350693360654986e-07,0.25705525279045105,0.4779875874519348,-0.015140553005039692,0.2883163094520569,0.4557439982891083,-0.022222280502319336,0.31616953015327454,0.43902426958084106,-0.02830246463418007,0.33833998441696167,0.4328233301639557,-0.03414341062307358,0.27152183651924133,0.39973902702331543,-0.007842335850000381,0.28658589720726013,0.36258023977279663,-0.014541877433657646,0.2934189736843109,0.3405691981315613,-0.021738555282354355,0.2986304461956024,0.32050660252571106,-0.026891333982348442,0.25416049361228943,0.3913307785987854,-0.006029088050127029,0.26697438955307007,0.3521016240119934,-0.009200844913721085,0.2732998728752136,0.32894790172576904,-0.014089224860072136,0.2781054377555847,0.30983832478523254,-0.018043050542473793,0.2360708862543106,0.39155158400535583,-0.0063122049905359745,0.24519798159599304,0.35556644201278687,-0.009101747535169125,0.25183165073394775,0.33512043952941895,-0.012015165761113167,0.25806814432144165,0.3187025785446167,-0.014444251544773579,0.2160900980234146,0.39935770630836487,-0.008522299118340015,0.21404865384101868,0.3736615478992462,-0.010402938351035118,0.21445640921592712,0.3576754033565521,-0.01001177728176117,0.21552516520023346,0.3436233103275299,-0.009612402878701687,3
0.5638973712921143,0.2748109996318817,-0.8332780003547668,0.58250892162323,0.24180693924427032,-0.77187180519104,0.5985217690467834,0.24342754483222961,-0.7717812657356262,0.6134183406829834,0.24468527734279633,-0.7716532945632935,0.5430287718772888,0.2410854548215866,-0.7723506093025208,0.5318936109542847,0.24299229681491852,-0.7726873159408569,0.5222400426864624,0.2450541853904724,-0.7724794149398804,0.6272534132003784,0.2686753571033478,-0.38213151693344116,0.5067850947380066,0.2698812484741211,-0.381860613822937,0.5926473140716553,0.31681668758392334,-0.6785150170326233,0.538170337677002,0.3113512694835663,-0.6788187026977539,0.721895694732666,0.4864591360092163,-0.11969079822301865,0.4134671092033386,0.4969073534011841,-0.1083221286535263,0.7617055773735046,0.7593027949333191,-0.08654782921075821,0.2160435914993286,0.7058964371681213,-0.39145395159721375,0.7276493310928345,0.8828772902488708,-0.48869213461875916,0.23164507746696472,0.4151390492916107,-1.0835679769515991,0.7148317098617554,0.9191336035728455,-0.5639501214027405,0.22376032173633575,0.3255680501461029,-1.224587321281433,0.7073463201522827,0.9107033610343933,-0.6447088122367859,0.24193410575389862,0.3084999620914459,-1.227224349975586,0.7074841260910034,0.9066205620765686,-0.5284057259559631,0.24874255061149597,0.33310550451278687,-1.101623296737671,0.7048007249832153,1.0214591026306152,-0.020053118467330933,0.4983157217502594,1.0313494205474854,0.025110095739364624,0.6927273273468018,1.4926605224609375,-0.5985649824142456,0.5010838508605957,1.513649582862854,-0.5237725973129272,0.6907532215118408,1.9919085502624512,-0.24254027009010315,0.5115224123001099,2.0305047035217285,-0.38249269127845764,0.6969667077064514,2.055736780166626,-0.20898298919200897,0.5135310888290405,2.0990049839019775,-0.38099032640457153,0.6602656245231628,2.130525588989258,-0.5527684688568115,0.5293325185775757,2.1668355464935303,-0.796610951423645,0.0,0.0,0.0,0.0,0.0,0.0,0.0,0.0,0.0,0.0,0.0,0.0,0.0,0.0,0.0,0.0,0.0,0.0,0.0,0.0,0.0,0.0,0.0,0.0,0.0,0.0,0.0,0.0,0.0,0.0,0.0,0.0,0.0,0.0,0.0,0.0,0.0,0.0,0.0,0.0,0.0,0.0,0.0,0.0,0.0,0.0,0.0,0.0,0.0,0.0,0.0,0.0,0.0,0.0,0.0,0.0,0.0,0.0,0.0,0.0,0.0,0.0,0.0,0.22784142196178436,0.4061993360519409,1.9828834751933755e-07,0.2584664225578308,0.37612587213516235,-0.01156847644597292,0.2783470153808594,0.33514711260795593,-0.015816589817404747,0.2857075035572052,0.2960372567176819,-0.019789891317486763,0.2972942292690277,0.2689875364303589,-0.02385052852332592,0.2495126724243164,0.29311802983283997,-0.006187750492244959,0.2560921907424927,0.2489996999502182,-0.014709184877574444,0.25907012820243835,0.22258397936820984,-0.022086264565587044,0.26043662428855896,0.19989152252674103,-0.027239171788096428,0.22737658023834229,0.2915642261505127,-0.006888933479785919,0.22516915202140808,0.24279049038887024,-0.013783000409603119,0.22372102737426758,0.2138437032699585,-0.020445406436920166,0.2213159203529358,0.19028189778327942,-0.025295035913586617,0.20730912685394287,0.29907476902008057,-0.00944571103900671,0.19897517561912537,0.25576531887054443,-0.016746580600738525,0.19446079432964325,0.22920061647891998,-0.021889450028538704,0.1917525976896286,0.20689204335212708,-0.025367412716150284,0.18836556375026703,0.3143370449542999,-0.013254732824862003,0.1759110391139984,0.2827076315879822,-0.020092954859137535,0.16908273100852966,0.26214057207107544,-0.022591158747673035,0.16402040421962738,0.24293780326843262,-0.023821858689188957,3
0.5369421243667603,0.3196839690208435,-0.8439427614212036,0.5474874973297119,0.2729586362838745,-0.8024816513061523,0.5611189603805542,0.26826003193855286,-0.8023996353149414,0.5744694471359253,0.2634592056274414,-0.8023838996887207,0.5097772479057312,0.28568264842033386,-0.7825282216072083,0.49915510416030884,0.28961655497550964,-0.782760500907898,0.48937129974365234,0.2936677038669586,-0.7824351787567139,0.5926732420921326,0.271610826253891,-0.49414950609207153,0.47843846678733826,0.3248160481452942,-0.37431302666664124,0.5724095702171326,0.35714179277420044,-0.714372456073761,0.523211658000946,0.3757942020893097,-0.6851531863212585,0.7216965556144714,0.45943981409072876,-0.23053042590618134,0.461434543132782,0.570048987865448,-0.07068868726491928,0.8744328618049622,0.7113505601882935,-0.1113901361823082,0.3063109517097473,0.8184093236923218,-0.3758741617202759,0.933403491973877,0.9222245812416077,-0.4712178707122803,0.28374624252319336,0.5388420820236206,-1.1624375581741333,0.9588974118232727,0.9610071778297424,-0.5329987406730652,0.2635534107685089,0.4599248766899109,-1.30154287815094,0.934454619884491,0.9589970111846924,-0.6290816068649292,0.27297747135162354,0.4399365782737732,-1.3203120231628418,0.9275482296943665,0.9553021192550659,-0.5146902799606323,0.2897903323173523,0.4638518691062927,-1.1953538656234741,0.8071233630180359,1.0472383499145508,-0.04975526034832001,0.6381916999816895,1.096091866493225,0.056010741740465164,0.8339206576347351,1.5205082893371582,-0.29001936316490173,0.6537189483642578,1.5288759469985962,-0.10269677639007568,0.8683773875236511,1.9795787334442139,0.41885870695114136,0.7070555686950684,2.0137932300567627,0.34520676732063293,0.8813532590866089,2.0369415283203125,0.48267650604248047,0.7213254570960999,2.0823450088500977,0.3732406497001648,0.8443900346755981,2.1192147731781006,0.15753456950187683,0.7118143439292908,2.13783597946167,0.0023967924062162638,0.0,0.0,0.0,0.0,0.0,0.0,0.0,0.0,0.0,0.0,0.0,0.0,0.0,0.0,0.0,0.0,0.0,0.0,0.0,0.0,0.0,0.0,0.0,0.0,0.0,0.0,0.0,0.0,0.0,0.0,0.0,0.0,0.0,0.0,0.0,0.0,0.0,0.0,0.0,0.0,0.0,0.0,0.0,0.0,0.0,0.0,0.0,0.0,0.0,0.0,0.0,0.0,0.0,0.0,0.0,0.0,0.0,0.0,0.0,0.0,0.0,0.0,0.0,0.29453155398368835,0.536086916923523,1.057192591247258e-07,0.31560543179512024,0.5025103092193604,-0.00660379882901907,0.3209826648235321,0.4606742858886719,-0.008626116439700127,0.32054927945137024,0.4273703694343567,-0.011186852119863033,0.32689404487609863,0.4043715298175812,-0.013757284730672836,0.2825586497783661,0.4189832806587219,-0.0013194470666348934,0.2716418504714966,0.379563570022583,-0.00709018437191844,0.2640186548233032,0.3566093146800995,-0.013072255067527294,0.256486177444458,0.3381708264350891,-0.017649145796895027,0.2633782625198364,0.42685285210609436,-0.003907440695911646,0.24768629670143127,0.38487711548805237,-0.008362201042473316,0.23876257240772247,0.35931676626205444,-0.013670912943780422,0.2309257686138153,0.3395721912384033,-0.01762196607887745,0.24788613617420197,0.44197121262550354,-0.007902834564447403,0.22827239334583282,0.40674200654029846,-0.012905889190733433,0.21872588992118835,0.384122371673584,-0.017245089635252953,0.21205908060073853,0.364970862865448,-0.020298274233937263,0.23579005897045135,0.4633997678756714,-0.012916382402181625,0.21614062786102295,0.43962380290031433,-0.017592430114746094,0.20579800009727478,0.42335250973701477,-0.01935616321861744,0.1986374706029892,0.40757429599761963,-0.020375609397888184,3
0.5244687795639038,0.3867068886756897,-0.9648483991622925,0.5386534929275513,0.3341687321662903,-0.9178655743598938,0.5549753904342651,0.3300250768661499,-0.9176219701766968,0.5716177225112915,0.3266160786151886,-0.9171431660652161,0.5010274648666382,0.3458983600139618,-0.8991708755493164,0.489652544260025,0.3504708409309387,-0.8993285894393921,0.47886449098587036,0.3545249104499817,-0.898865818977356,0.601515531539917,0.3478999137878418,-0.5876413583755493,0.4759367108345032,0.3779973089694977,-0.5261977910995483,0.5589857697486877,0.4382327198982239,-0.8445743322372437,0.5151611566543579,0.44671234488487244,-0.827224850654602,0.7476118803024292,0.6042282581329346,-0.40393519401550293,0.4141053557395935,0.6076046824455261,-0.26452988386154175,0.8224332928657532,0.9401589632034302,-0.4304637908935547,0.2173890322446823,0.6723323464393616,-0.8025137186050415,0.8231867551803589,1.2610291242599487,-0.6971558332443237,0.17171216011047363,0.3707449734210968,-1.4319512844085693,0.8404674530029297,1.3905397653579712,-0.7508147954940796,0.163721963763237,0.29010528326034546,-1.5616307258605957,0.8122981190681458,1.3902052640914917,-0.8017964363098145,0.18580423295497894,0.26495426893234253,-1.4817043542861938,0.7972122430801392,1.347411036491394,-0.7272765636444092,0.19628746807575226,0.2910473048686981,-1.4307957887649536,0.7189711332321167,1.2318731546401978,-0.004615850280970335,0.4878048300743103,1.2351329326629639,0.011064707301557064,0.7156446576118469,1.7457748651504517,-0.21356597542762756,0.503730833530426,1.7086082696914673,-0.1873861849308014,0.7331764101982117,2.1727702617645264,0.31146207451820374,0.5172176957130432,2.1147069931030273,0.28132539987564087,0.7418514490127563,2.2430803775787354,0.35914525389671326,0.5140104293823242,2.178476095199585,0.31272637844085693,0.7025037407875061,2.3264052867889404,0.033150579780340195,0.5608189105987549,2.263214349746704,-0.047116465866565704,0.0,0.0,0.0,0.0,0.0,0.0,0.0,0.0,0.0,0.0,0.0,0.0,0.0,0.0,0.0,0.0,0.0,0.0,0.0,0.0,0.0,0.0,0.0,0.0,0.0,0.0,0.0,0.0,0.0,0.0,0.0,0.0,0.0,0.0,0.0,0.0,0.0,0.0,0.0,0.0,0.0,0.0,0.0,0.0,0.0,0.0,0.0,0.0,0.0,0.0,0.0,0.0,0.0,0.0,0.0,0.0,0.0,0.0,0.0,0.0,0.0,0.0,0.0,0.15531711280345917,0.3809734582901001,3.1152288215707813e-07,0.20206722617149353,0.35343724489212036,-0.028025969862937927,0.2373732030391693,0.3023969233036041,-0.038978006690740585,0.25204652547836304,0.2505607306957245,-0.047210779041051865,0.26814866065979004,0.2093142867088318,-0.05534430965781212,0.2048945277929306,0.22038888931274414,-0.023626983165740967,0.22057470679283142,0.1586514413356781,-0.03988189622759819,0.2293921560049057,0.1202198714017868,-0.053455132991075516,0.23640894889831543,0.08349329233169556,-0.06396178901195526,0.1721440702676773,0.2129087597131729,-0.020864732563495636,0.17450666427612305,0.14905673265457153,-0.035827912390232086,0.17498987913131714,0.10872724652290344,-0.04946170747280121,0.175364688038826,0.07110083103179932,-0.06026764214038849,0.14203046262264252,0.22157835960388184,-0.021474631503224373,0.13971272110939026,0.16205838322639465,-0.037875328212976456,0.13905102014541626,0.1207863837480545,-0.049879997968673706,0.13943278789520264,0.08168596029281616,-0.05863827094435692,0.11200453341007233,0.2427884340286255,-0.024579400196671486,0.10082318633794785,0.19398736953735352,-0.04164690524339676,0.09425090998411179,0.16043627262115479,-0.05084610730409622,0.08994981646537781,0.124872587621212,-0.05691752955317497,3
0.4465709328651428,0.575290322303772,-0.560104489326477,0.469266802072525,0.5322759747505188,-0.527023196220398,0.480142205953598,0.5346967577934265,-0.5270276665687561,0.49126943945884705,0.5370209217071533,-0.5267423987388611,0.4378482401371002,0.5237916111946106,-0.5110204219818115,0.4270413815975189,0.5204096436500549,-0.5109411478042603,0.41552528738975525,0.5171608328819275,-0.5112203359603882,0.4994310736656189,0.5511175990104675,-0.2734236717224121,0.39399319887161255,0.524335503578186,-0.2084423303604126,0.455961138010025,0.6229763031005859,-0.45934754610061646,0.4158448576927185,0.6118878722190857,-0.4432520866394043,0.5191192626953125,0.7634676098823547,-0.23662278056144714,0.25773292779922485,0.7989581227302551,0.013576599769294262,0.6425298452377319,0.9187688827514648,-0.568908154964447,0.21447011828422546,1.0037809610366821,-0.08924680948257446,0.475618839263916,0.735905647277832,-0.9997794032096863,0.22756953537464142,1.099625825881958,-0.4378633499145508,0.4540008008480072,0.7065101265907288,-1.1451436281204224,0.22103628516197205,1.1429816484451294,-0.5107828378677368,0.43584370613098145,0.6772518754005432,-1.0811653137207031,0.23849408328533173,1.1319832801818848,-0.5538219809532166,0.4408337473869324,0.7179390788078308,-0.999123215675354,0.2465931922197342,1.1197559833526611,-0.4760873317718506,0.5297253131866455,1.3638373613357544,-0.064107246696949,0.32407262921333313,1.3665894269943237,0.07090695947408676,0.5042334198951721,1.864976406097412,-0.407609760761261,0.31327515840530396,1.8570764064788818,-0.2510557770729065,0.5026568174362183,2.334179639816284,-0.07927608489990234,0.31935837864875793,2.3217806816101074,-0.053865451365709305,0.5012168288230896,2.397617816925049,-0.046179793775081635,0.3148897588253021,2.3869311809539795,-0.04224788397550583,0.4708760678768158,2.4677953720092773,-0.3630167245864868,0.33367881178855896,2.461381435394287,-0.3907797336578369,0.0,0.0,0.0,0.0,0.0,0.0,0.0,0.0,0.0,0.0,0.0,0.0,0.0,0.0,0.0,0.0,0.0,0.0,0.0,0.0,0.0,0.0,0.0,0.0,0.0,0.0,0.0,0.0,0.0,0.0,0.0,0.0,0.0,0.0,0.0,0.0,0.0,0.0,0.0,0.0,0.0,0.0,0.0,0.0,0.0,0.0,0.0,0.0,0.0,0.0,0.0,0.0,0.0,0.0,0.0,0.0,0.0,0.0,0.0,0.0,0.0,0.0,0.0,0.0,0.0,0.0,0.0,0.0,0.0,0.0,0.0,0.0,0.0,0.0,0.0,0.0,0.0,0.0,0.0,0.0,0.0,0.0,0.0,0.0,0.0,0.0,0.0,0.0,0.0,0.0,0.0,0.0,0.0,0.0,0.0,0.0,0.0,0.0,0.0,0.0,0.0,0.0,0.0,0.0,0.0,0.0,0.0,0.0,0.0,0.0,0.0,0.0,0.0,0.0,0.0,0.0,0.0,0.0,0.0,0.0,0.0,0.0,0.0,0.0,0.0,0.0,3
0.5568668842315674,0.2785666286945343,-0.6529473066329956,0.5671857595443726,0.24345578253269196,-0.5938788652420044,0.5772208571434021,0.24484525620937347,-0.5938897728919983,0.5853153467178345,0.24653561413288116,-0.5937877297401428,0.5350831747055054,0.24616609513759613,-0.5925875902175903,0.5230129957199097,0.24984724819660187,-0.5929368734359741,0.5116666555404663,0.25411364436149597,-0.5929303169250488,0.5901103615760803,0.27706342935562134,-0.2563163638114929,0.4950692653656006,0.2851007878780365,-0.2383194863796234,0.5783741474151611,0.3240904211997986,-0.5169722437858582,0.5355966091156006,0.323799192905426,-0.5162490606307983,0.6829403638839722,0.5112066864967346,-0.08335907757282257,0.4156438708305359,0.509141743183136,-0.043732475489377975,0.6750952005386353,0.8069960474967957,0.0347372367978096,0.20249807834625244,0.608739972114563,-0.32150110602378845,0.6600829362869263,0.990661084651947,-0.14253827929496765,0.23365731537342072,0.36533743143081665,-0.8503496050834656,0.6709985733032227,1.0750643014907837,-0.2063523232936859,0.2479192465543747,0.29560616612434387,-0.9909909963607788,0.6670512557029724,1.0666675567626953,-0.3056974709033966,0.2732101082801819,0.2739908993244171,-0.9884892702102661,0.6562448143959045,1.0414339303970337,-0.1887003481388092,0.2743569016456604,0.30666619539260864,-0.8738383054733276,0.6349085569381714,1.0232923030853271,-0.0032841109205037355,0.48096513748168945,1.0032140016555786,0.007336851209402084,0.6351011395454407,1.4844183921813965,-0.2595980763435364,0.49332618713378906,1.4950902462005615,-0.3266660273075104,0.6491760611534119,2.00296688079834,-0.07455964386463165,0.5200916528701782,1.9666181802749634,-0.1880030483007431,0.653997540473938,2.07578444480896,-0.06265133619308472,0.5193823575973511,2.0284788608551025,-0.18436852097511292,0.6368675231933594,2.1282408237457275,-0.4080597460269928,0.5494160056114197,2.090078830718994,-0.5503376722335815,0.0,0.0,0.0,0.0,0.0,0.0,0.0,0.0,0.0,0.0,0.0,0.0,0.0,0.0,0.0,0.0,0.0,0.0,0.0,0.0,0.0,0.0,0.0,0.0,0.0,0.0,0.0,0.0,0.0,0.0,0.0,0.0,0.0,0.0,0.0,0.0,0.0,0.0,0.0,0.0,0.0,0.0,0.0,0.0,0.0,0.0,0.0,0.0,0.0,0.0,0.0,0.0,0.0,0.0,0.0,0.0,0.0,0.0,0.0,0.0,0.0,0.0,0.0,0.22594201564788818,0.36103910207748413,1.3097384510274424e-07,0.25881990790367126,0.34425464272499084,-0.008293820545077324,0.2848958671092987,0.32066285610198975,-0.011836801655590534,0.3030610680580139,0.2961704134941101,-0.015592431649565697,0.32087281346321106,0.28138408064842224,-0.019240183755755424,0.2767094671726227,0.27534019947052,-0.0012761602411046624,0.29473450779914856,0.2415597140789032,-0.008097871206700802,0.3046070635318756,0.22237448394298553,-0.014597673900425434,0.3131960928440094,0.20622938871383667,-0.019069166854023933,0.2624783515930176,0.2661038935184479,-0.002454180968925357,0.28035661578178406,0.22783136367797852,-0.0071405330672860146,0.2903958857059479,0.20662245154380798,-0.012420020066201687,0.29945653676986694,0.18960608541965485,-0.016501227393746376,0.24724766612052917,0.2640983462333679,-0.005357848014682531,0.26261967420578003,0.22812221944332123,-0.010341036133468151,0.2716631293296814,0.20690232515335083,-0.01394631713628769,0.2806345820426941,0.190455824136734,-0.016773715615272522,0.2299390286207199,0.2681424021720886,-0.00938395969569683,0.23712967336177826,0.24190199375152588,-0.013599289581179619,0.24329239130020142,0.22571298480033875,-0.014526491053402424,0.2500922679901123,0.2119922786951065,-0.015108945779502392,3
0.6217525005340576,0.29603996872901917,-1.92947256565094,0.6582995653152466,0.2591269910335541,-1.8704792261123657,0.6793961524963379,0.26400887966156006,-1.8706343173980713,0.69391268491745,0.2641872465610504,-1.870349645614624,0.6055365204811096,0.24395112693309784,-1.8707590103149414,0.5905619263648987,0.24108603596687317,-1.8711731433868408,0.5770025849342346,0.23976418375968933,-1.8709828853607178,0.7125145196914673,0.2933327555656433,-1.4133632183074951,0.5462347269058228,0.2596970498561859,-1.435633659362793,0.6484047174453735,0.3605053722858429,-1.7502466440200806,0.584896445274353,0.3386649787425995,-1.75861394405365,0.7706094980239868,0.643129289150238,-1.0543274879455566,0.37157565355300903,0.5280166268348694,-0.9981117248535156,0.8110073208808899,1.0257967710494995,-1.2788363695144653,0.1136208325624466,0.7486124038696289,-1.60751211643219,0.7424179315567017,1.1572831869125366,-1.7936174869537354,0.19224336743354797,0.37434178590774536,-2.411362648010254,0.7383384704589844,1.2191376686096191,-1.9189300537109375,0.18204531073570251,0.2689971923828125,-2.580219268798828,0.7058027982711792,1.2028621435165405,-1.9056705236434937,0.2105950117111206,0.24729584157466888,-2.5017716884613037,0.6965640783309937,1.183760404586792,-1.8041107654571533,0.22100698947906494,0.28883975744247437,-2.405463218688965,0.6481131315231323,1.1783591508865356,0.026605000719428062,0.4255617558956146,1.1525495052337646,-0.021809779107570648,0.6585030555725098,1.5960148572921753,-0.23044855892658234,0.45519787073135376,1.5882337093353271,-0.3886127173900604,0.6533970236778259,2.0201432704925537,0.6830225586891174,0.44702664017677307,2.0608127117156982,0.41364556550979614,0.6580108404159546,2.089301347732544,0.7630781531333923,0.4455484449863434,2.140573263168335,0.4806268811225891,0.6283753514289856,2.1412353515625,0.36230918765068054,0.469920814037323,2.195936441421509,0.006755154579877853,0.0,0.0,0.0,0.0,0.0,0.0,0.0,0.0,0.0,0.0,0.0,0.0,0.0,0.0,0.0,0.0,0.0,0.0,0.0,0.0,0.0,0.0,0.0,0.0,0.0,0.0,0.0,0.0,0.0,0.0,0.0,0.0,0.0,0.0,0.0,0.0,0.0,0.0,0.0,0.0,0.0,0.0,0.0,0.0,0.0,0.0,0.0,0.0,0.0,0.0,0.0,0.0,0.0,0.0,0.0,0.0,0.0,0.0,0.0,0.0,0.0,0.0,0.0,0.0,0.0,0.0,0.0,0.0,0.0,0.0,0.0,0.0,0.0,0.0,0.0,0.0,0.0,0.0,0.0,0.0,0.0,0.0,0.0,0.0,0.0,0.0,0.0,0.0,0.0,0.0,0.0,0.0,0.0,0.0,0.0,0.0,0.0,0.0,0.0,0.0,0.0,0.0,0.0,0.0,0.0,0.0,0.0,0.0,0.0,0.0,0.0,0.0,0.0,0.0,0.0,0.0,0.0,0.0,0.0,0.0,0.0,0.0,0.0,0.0,0.0,0.0,3
0.6343284845352173,0.2956896722316742,-1.241338849067688,0.6579505205154419,0.24566680192947388,-1.1754010915756226,0.6763613820075989,0.2476155012845993,-1.1749886274337769,0.6915585994720459,0.2489585131406784,-1.1746110916137695,0.6116823554039001,0.24014702439308167,-1.1634414196014404,0.5955227613449097,0.2387990802526474,-1.163269281387329,0.5797445774078369,0.23844145238399506,-1.1624822616577148,0.7112071514129639,0.2751580774784088,-0.766297459602356,0.5489280223846436,0.26144298911094666,-0.7271300554275513,0.6590176224708557,0.3509138524532318,-1.0928910970687866,0.6057142615318298,0.3403632938861847,-1.08274245262146,0.8279776573181152,0.6333067417144775,-0.44797858595848083,0.4176938533782959,0.5651348233222961,-0.4114052355289459,0.8901235461235046,0.997549295425415,-0.5036677122116089,0.10323888063430786,0.7740820646286011,-0.8601313829421997,0.8947763442993164,1.3307454586029053,-1.0270649194717407,0.15952430665493011,0.42840051651000977,-1.6620042324066162,0.9075988531112671,1.4374395608901978,-1.10512113571167,0.15584015846252441,0.31658369302749634,-1.8141145706176758,0.8677347898483276,1.4289220571517944,-1.166868805885315,0.18174053728580475,0.2919839024543762,-1.7556222677230835,0.8546854853630066,1.3868632316589355,-1.0670108795166016,0.19512447714805603,0.3281312584877014,-1.665856122970581,0.7033547759056091,1.2702096700668335,0.04098270460963249,0.46289077401161194,1.2344707250595093,-0.034430522471666336,0.6902931928634644,1.794040322303772,-0.13234935700893402,0.46461811661720276,1.760961651802063,-0.12063074111938477,0.6756665110588074,2.251276731491089,0.7343537211418152,0.4529191553592682,2.2309751510620117,0.6111137270927429,0.6715840101242065,2.3338398933410645,0.81474369764328,0.4512210488319397,2.3131582736968994,0.6661832332611084,0.6637737154960632,2.4051315784454346,0.4607107639312744,0.4729025959968567,2.391024351119995,0.2388870269060135,0.0,0.0,0.0,0.0,0.0,0.0,0.0,0.0,0.0,0.0,0.0,0.0,0.0,0.0,0.0,0.0,0.0,0.0,0.0,0.0,0.0,0.0,0.0,0.0,0.0,0.0,0.0,0.0,0.0,0.0,0.0,0.0,0.0,0.0,0.0,0.0,0.0,0.0,0.0,0.0,0.0,0.0,0.0,0.0,0.0,0.0,0.0,0.0,0.0,0.0,0.0,0.0,0.0,0.0,0.0,0.0,0.0,0.0,0.0,0.0,0.0,0.0,0.0,0.1297752857208252,0.4392636716365814,2.6783300199895166e-07,0.17872178554534912,0.4153997600078583,-0.02257750928401947,0.2174726128578186,0.3705822825431824,-0.032131366431713104,0.2447415292263031,0.3250269591808319,-0.04039221629500389,0.27335381507873535,0.2992105185985565,-0.04803813248872757,0.18930405378341675,0.25924456119537354,-0.010246125981211662,0.2037268728017807,0.19461274147033691,-0.022274727001786232,0.2070641815662384,0.15446794033050537,-0.03493768721818924,0.2080266773700714,0.11902707815170288,-0.044694941490888596,0.15960274636745453,0.24558775126934052,-0.009740525856614113,0.16928750276565552,0.1688023805618286,-0.019044382497668266,0.171365886926651,0.12057605385780334,-0.02983720786869526,0.1709393709897995,0.08031442761421204,-0.03822826221585274,0.13114100694656372,0.2483597844839096,-0.012579074129462242,0.13613544404506683,0.17699074745178223,-0.02238432876765728,0.13917043805122375,0.13383057713508606,-0.03108488954603672,0.1409776657819748,0.09633606672286987,-0.037583839148283005,0.10145260393619537,0.26529890298843384,-0.017998427152633667,0.09621735662221909,0.21206334233283997,-0.027345944195985794,0.09477845579385757,0.17793267965316772,-0.03143584355711937,0.09413894265890121,0.14610359072685242,-0.03401843085885048,3
0.3776472210884094,0.30813902616500854,-0.9919862747192383,0.40311264991760254,0.2530907392501831,-0.920390784740448,0.41988611221313477,0.25514134764671326,-0.9203659296035767,0.4360061287879944,0.2577804923057556,-0.9196165800094604,0.35362839698791504,0.25044503808021545,-0.9210797548294067,0.3350546956062317,0.2508009672164917,-0.9212872385978699,0.31837427616119385,0.251910001039505,-0.9211069345474243,0.46239176392555237,0.2898637652397156,-0.49881061911582947,0.29404208064079285,0.2788372337818146,-0.5037702322006226,0.40589848160743713,0.360051691532135,-0.8375670313835144,0.3448129892349243,0.3548102378845215,-0.8425523638725281,0.5920907258987427,0.6425052881240845,-0.2657608389854431,0.17399516701698303,0.6443875432014465,-0.25202280282974243,0.8341778516769409,0.9251002073287964,-0.676479697227478,0.09912088513374329,1.0637720823287964,-0.46174168586730957,0.8343546986579895,0.5019052028656006,-1.4914705753326416,0.2509129047393799,1.168258547782898,-1.1015326976776123,0.8445199728012085,0.3853796124458313,-1.6776845455169678,0.2629449665546417,1.2177002429962158,-1.2409183979034424,0.8321269750595093,0.35738828778266907,-1.6318080425262451,0.2967455983161926,1.1861603260040283,-1.2746896743774414,0.8144707679748535,0.39306342601776123,-1.509216547012329,0.30189675092697144,1.172472357749939,-1.1386579275131226,0.5120320916175842,1.2997006177902222,0.02726387418806553,0.25106820464134216,1.2756822109222412,-0.01932179555296898,0.48086220026016235,1.7923800945281982,-0.13665500283241272,0.22152963280677795,1.8077312707901,-0.16173695027828217,0.45337310433387756,2.254817485809326,0.4913378357887268,0.19403639435768127,2.2904727458953857,0.2767547070980072,0.4558538794517517,2.3359217643737793,0.5529190301895142,0.18484732508659363,2.364000082015991,0.31271934509277344,0.4090558886528015,2.3938119411468506,0.2284621000289917,0.20777936279773712,2.4511075019836426,-0.06863890588283539,0.8338695168495178,0.4958868622779846,4.1146233797917375e-07,0.7926335334777832,0.4446047842502594,-0.04052943363785744,0.7782416343688965,0.3794327676296234,-0.0574750155210495,0.7785378694534302,0.32112249732017517,-0.06962516158819199,0.765230119228363,0.269611120223999,-0.08103261142969131,0.833534836769104,0.30509474873542786,-0.023867953568696976,0.851011335849762,0.23796531558036804,-0.04015113785862923,0.8667032122612,0.19782695174217224,-0.05658793821930885,0.8826503157615662,0.16324956715106964,-0.06973312795162201,0.867478609085083,0.31807437539100647,-0.017785463482141495,0.894831120967865,0.2425554394721985,-0.031101135537028313,0.9150941371917725,0.20049865543842316,-0.04742646962404251,0.9327414631843567,0.1635313630104065,-0.06153149902820587,0.8919385075569153,0.34294363856315613,-0.017377393320202827,0.921696126461029,0.2803012430667877,-0.03349766507744789,0.9395304918289185,0.2410629838705063,-0.04867316782474518,0.9547030925750732,0.20409372448921204,-0.060856085270643234,0.9141491055488586,0.3765777349472046,-0.021001195535063744,0.9438464045524597,0.334882915019989,-0.035947199910879135,0.9613376259803772,0.30732789635658264,-0.04611564800143242,0.9769461750984192,0.27729713916778564,-0.055088434368371964,0.0,0.0,0.0,0.0,0.0,0.0,0.0,0.0,0.0,0.0,0.0,0.0,0.0,0.0,0.0,0.0,0.0,0.0,0.0,0.0,0.0,0.0,0.0,0.0,0.0,0.0,0.0,0.0,0.0,0.0,0.0,0.0,0.0,0.0,0.0,0.0,0.0,0.0,0.0,0.0,0.0,0.0,0.0,0.0,0.0,0.0,0.0,0.0,0.0,0.0,0.0,0.0,0.0,0.0,0.0,0.0,0.0,0.0,0.0,0.0,0.0,0.0,0.0,3
0.6524776220321655,0.36218056082725525,-1.6064704656600952,0.6793015003204346,0.29188546538352966,-1.5558995008468628,0.6983156800270081,0.2893354296684265,-1.5551562309265137,0.7174604535102844,0.2872752249240875,-1.5548735857009888,0.6162664294242859,0.3062141537666321,-1.5476751327514648,0.5997233986854553,0.3144836127758026,-1.5484918355941772,0.5826540589332581,0.3236246109008789,-1.5483375787734985,0.747955858707428,0.30529603362083435,-1.107633352279663,0.5637733936309814,0.3504723608493805,-1.0615451335906982,0.6972156763076782,0.42109414935112,-1.422633409500122,0.6263882517814636,0.4283261299133301,-1.4112145900726318,0.8661355972290039,0.5360067486763,-0.7271010279655457,0.48168572783470154,0.5722833275794983,-0.687739372253418,0.8836706280708313,0.6959010362625122,-0.41040438413619995,0.1718268096446991,0.6854278445243835,-1.14371919631958,0.8501696586608887,0.638660728931427,-0.40030568838119507,0.22089353203773499,0.4812830686569214,-2.0516955852508545,0.8588226437568665,0.6546024680137634,-0.449240505695343,0.21377599239349365,0.4086051881313324,-2.2410027980804443,0.8460402488708496,0.6438354849815369,-0.519828736782074,0.25985246896743774,0.3905591070652008,-2.2212367057800293,0.8330866694450378,0.6570057272911072,-0.43029123544692993,0.27029675245285034,0.415254682302475,-2.0805087089538574,0.7802016735076904,1.225622296333313,0.007666364312171936,0.5250406861305237,1.2336692810058594,6.501138705061749e-05,0.7462484240531921,1.7508811950683594,0.1831505000591278,0.5231893062591553,1.7678711414337158,0.21387359499931335,0.7275573015213013,2.199064016342163,1.087233304977417,0.5082039833068848,2.196739912033081,0.918423056602478,0.7268630266189575,2.2650485038757324,1.1818797588348389,0.5045017004013062,2.253603458404541,0.984524130821228,0.6915329694747925,2.369866132736206,0.838361382484436,0.5397580862045288,2.366583824157715,0.5828397870063782,0.0,0.0,0.0,0.0,0.0,0.0,0.0,0.0,0.0,0.0,0.0,0.0,0.0,0.0,0.0,0.0,0.0,0.0,0.0,0.0,0.0,0.0,0.0,0.0,0.0,0.0,0.0,0.0,0.0,0.0,0.0,0.0,0.0,0.0,0.0,0.0,0.0,0.0,0.0,0.0,0.0,0.0,0.0,0.0,0.0,0.0,0.0,0.0,0.0,0.0,0.0,0.0,0.0,0.0,0.0,0.0,0.0,0.0,0.0,0.0,0.0,0.0,0.0,0.19836576282978058,0.46908503770828247,1.8861784667478787e-07,0.24795463681221008,0.452707439661026,-0.023985708132386208,0.2897713780403137,0.4148177206516266,-0.03479359298944473,0.31449681520462036,0.37424004077911377,-0.04460202157497406,0.34054499864578247,0.3451913297176361,-0.055617932230234146,0.2481650412082672,0.35753872990608215,-0.0256950706243515,0.2570768892765045,0.30535468459129333,-0.04527908191084862,0.25637754797935486,0.2734356224536896,-0.06053062900900841,0.2526269555091858,0.25698500871658325,-0.06989257782697678,0.2092665433883667,0.35200294852256775,-0.025624407455325127,0.21120834350585938,0.29466545581817627,-0.04207241162657738,0.20771950483322144,0.26269155740737915,-0.05517850071191788,0.20239649713039398,0.24950316548347473,-0.06465356051921844,0.17379531264305115,0.3613121807575226,-0.028395354747772217,0.16830676794052124,0.30655479431152344,-0.044882532209157944,0.16465507447719574,0.28015780448913574,-0.05472305044531822,0.1649373173713684,0.2721543610095978,-0.061247605830430984,0.13925057649612427,0.3819975256919861,-0.03327254578471184,0.12411898374557495,0.3445468544960022,-0.04814689978957176,0.12108834087848663,0.3259139060974121,-0.05471049249172211,0.12437529861927032,0.31882983446121216,-0.05861363187432289,3
0.332690954208374,0.811844527721405,-0.18206365406513214,0.3214412331581116,0.8028612732887268,-0.16139230132102966,0.32216617465019226,0.8057849407196045,-0.16148741543293,0.32315313816070557,0.8089271187782288,-0.16158023476600647,0.3191121518611908,0.8000838160514832,-0.17175564169883728,0.31877052783966064,0.8014703392982483,-0.17157956957817078,0.3178330957889557,0.8027964234352112,-0.17111797630786896,0.32779496908187866,0.8393363952636719,-0.07766076177358627,0.3211839497089386,0.8309769034385681,-0.12030483782291412,0.34424784779548645,0.8369226455688477,-0.14260625839233398,0.3414027988910675,0.8359300494194031,-0.15573371946811676,0.3960634171962738,0.9279751181602478,-0.08929795771837234,0.36082911491394043,0.9017959237098694,-0.16480885446071625,0.3390747904777527,0.599811851978302,-0.30099737644195557,0.3505249619483948,0.6858408451080322,-0.21697179973125458,0.32260361313819885,0.38878437876701355,-0.3923106789588928,0.3299926221370697,0.4372168779373169,-0.4122563302516937,0.29791516065597534,0.35117465257644653,-0.47930818796157837,0.3270532786846161,0.3808790147304535,-0.4920074939727783,0.25529053807258606,0.2929929494857788,-0.4701499938964844,0.31910112500190735,0.37562739849090576,-0.5232744216918945,0.3114294707775116,0.3484230935573578,-0.40216439962387085,0.32037538290023804,0.39538246393203735,-0.43628400564193726,0.4097059369087219,1.4571201801300049,0.01581278070807457,0.37688034772872925,1.4116767644882202,-0.013517236337065697,0.42109471559524536,1.3541760444641113,-0.048336926847696304,0.4014737010002136,1.1200172901153564,0.014925588853657246,0.362238347530365,1.3119534254074097,0.33574190735816956,0.41888919472694397,1.0385346412658691,0.3460424542427063,0.3508845865726471,1.297857403755188,0.3786124587059021,0.4193188548088074,1.0345830917358398,0.3821571469306946,0.3533298373222351,1.2512744665145874,0.2520403265953064,0.4366484582424164,0.9411682486534119,0.25164666771888733,0.0,0.0,0.0,0.0,0.0,0.0,0.0,0.0,0.0,0.0,0.0,0.0,0.0,0.0,0.0,0.0,0.0,0.0,0.0,0.0,0.0,0.0,0.0,0.0,0.0,0.0,0.0,0.0,0.0,0.0,0.0,0.0,0.0,0.0,0.0,0.0,0.0,0.0,0.0,0.0,0.0,0.0,0.0,0.0,0.0,0.0,0.0,0.0,0.0,0.0,0.0,0.0,0.0,0.0,0.0,0.0,0.0,0.0,0.0,0.0,0.0,0.0,0.0,0.0,0.0,0.0,0.0,0.0,0.0,0.0,0.0,0.0,0.0,0.0,0.0,0.0,0.0,0.0,0.0,0.0,0.0,0.0,0.0,0.0,0.0,0.0,0.0,0.0,0.0,0.0,0.0,0.0,0.0,0.0,0.0,0.0,0.0,0.0,0.0,0.0,0.0,0.0,0.0,0.0,0.0,0.0,0.0,0.0,0.0,0.0,0.0,0.0,0.0,0.0,0.0,0.0,0.0,0.0,0.0,0.0,0.0,0.0,0.0,0.0,0.0,0.0,3
0.5856767892837524,0.31946003437042236,-0.2852487862110138,0.5647394061088562,0.2974473237991333,-0.24131381511688232,0.5481444597244263,0.29444214701652527,-0.2411474883556366,0.5466396808624268,0.2947816252708435,-0.24102361500263214,0.5549143552780151,0.30309566855430603,-0.2950444221496582,0.5497784614562988,0.30725905299186707,-0.2949420213699341,0.5437859296798706,0.3113631308078766,-0.2945720851421356,0.5034517049789429,0.34547460079193115,-0.024688467383384705,0.5272610187530518,0.356463760137558,-0.3059546947479248,0.6015226244926453,0.3581562340259552,-0.20009437203407288,0.5876996517181396,0.3661757707595825,-0.2681752145290375,0.6297749280929565,0.5429520010948181,0.19592660665512085,0.5587206482887268,0.5481735467910767,-0.4693957269191742,0.6206852197647095,0.4810924828052521,0.2956971824169159,0.5821802020072937,0.5169349908828735,-0.7126258611679077,0.649215042591095,0.33547860383987427,0.2836015820503235,0.6861398816108704,0.3153960108757019,-0.8098359107971191,0.6445803642272949,0.27865761518478394,0.27649790048599243,0.680621325969696,0.25923043489456177,-0.9238076210021973,0.6436240077018738,0.2724601626396179,0.20154741406440735,0.6705226302146912,0.25808560848236084,-0.8884459733963013,0.6440621018409729,0.2858108580112457,0.24640612304210663,0.6711599230766296,0.269925981760025,-0.802845299243927,0.6490733623504639,1.1307377815246582,0.2088150680065155,0.6125651597976685,1.1250327825546265,-0.20851445198059082,0.66439288854599,0.6729772090911865,0.054395921528339386,0.6109362840652466,0.6556331515312195,-0.3070889115333557,0.6795650124549866,0.38976481556892395,0.39247721433639526,0.6875437498092651,0.37281814217567444,-0.1769888699054718,0.6951084136962891,0.3636544644832611,0.43572530150413513,0.7136698961257935,0.38802987337112427,-0.16572032868862152,0.6572787165641785,0.23650772869586945,0.34526899456977844,0.6884855031967163,0.2313636690378189,-0.38577133417129517,0.7063928842544556,0.3324265778064728,2.3885434075054945e-08,0.6822536587715149,0.30897676944732666,-0.00478487741202116,0.6645059585571289,0.282043993473053,-0.006090551149100065,0.6533731818199158,0.2616136968135834,-0.007999638095498085,0.6432031989097595,0.2486405074596405,-0.00959101878106594,0.6801751255989075,0.24716491997241974,0.0034953528083860874,0.6746485233306885,0.21717171370983124,0.00012352394696790725,0.6738108396530151,0.20169124007225037,-0.004169347230345011,0.6737136244773865,0.1861039400100708,-0.007811668328940868,0.6967419385910034,0.24418333172798157,0.0011543786386027932,0.6929059624671936,0.21134614944458008,-0.0005007303552702069,0.6921751499176025,0.19385264813899994,-0.004139497876167297,0.6915472149848938,0.1764814257621765,-0.007786426227539778,0.7132042050361633,0.24786590039730072,-0.002750241430476308,0.7144291996955872,0.21803787350654602,-0.006126756314188242,0.7166258692741394,0.20232601463794708,-0.008494865149259567,0.7178860902786255,0.18844033777713776,-0.010725824162364006,0.7299268245697021,0.258248895406723,-0.007508919574320316,0.7364908456802368,0.23697951436042786,-0.009876541793346405,0.7419155836105347,0.22354179620742798,-0.0098873907700181,0.7465494871139526,0.2113330066204071,-0.010336979292333126,0.7063455581665039,0.32693442702293396,4.2730384564038104e-08,0.6835044026374817,0.30701035261154175,-0.0057672010734677315,0.6651643514633179,0.2808727025985718,-0.007190288044512272,0.653394341468811,0.26042822003364563,-0.008895507082343102,0.6422921419143677,0.2477589100599289,-0.010308035649359226,0.681174099445343,0.2492460012435913,0.0002984465390909463,0.6747894287109375,0.21917735040187836,-0.004014586564153433,0.6731097102165222,0.202986478805542,-0.008267161436378956,0.6723586320877075,0.18761101365089417,-0.011780273169279099,0.6970794200897217,0.24587638676166534,-0.001893191714771092,0.6931703686714172,0.21277883648872375,-0.0050629242323338985,0.6920884847640991,0.19419202208518982,-0.008914466015994549,0.6916616559028625,0.17721068859100342,-0.012333568185567856,0.7131941318511963,0.24937011301517487,-0.005578791256994009,0.7148013710975647,0.21932344138622284,-0.010610715486109257,0.7169955372810364,0.2029760479927063,-0.013530349358916283,0.71876460313797,0.18858516216278076,-0.015759184956550598,0.7296884059906006,0.25916483998298645,-0.010033017955720425,0.7366248369216919,0.23807600140571594,-0.014223644509911537,0.7415527701377869,0.2249249666929245,-0.015154478140175343,0.7458378672599792,0.21264848113059998,-0.015975471585989,3
0.48398375511169434,0.2947675585746765,-0.3416990637779236,0.5058335065841675,0.27319321036338806,-0.29749614000320435,0.515733003616333,0.2815648019313812,-0.2974233329296112,0.5272233486175537,0.28243687748908997,-0.2974063754081726,0.4810501039028168,0.26586219668388367,-0.2950665056705475,0.4739570617675781,0.26194700598716736,-0.2952052354812622,0.46671056747436523,0.2571229934692383,-0.2951624095439911,0.5221200585365295,0.2889288067817688,-0.050837088376283646,0.45718440413475037,0.2540263831615448,-0.042502716183662415,0.49241018295288086,0.3272997736930847,-0.24821682274341583,0.4630277752876282,0.3134652376174927,-0.24840493500232697,0.5715928077697754,0.44596344232559204,-0.0442345067858696,0.3694003224372864,0.35257449746131897,0.057620566338300705,0.6212472319602966,0.6667463183403015,-0.29500168561935425,0.2313160002231598,0.2634196877479553,-0.3547094166278839,0.6358627080917358,0.6867685317993164,-0.5681568384170532,0.2784142792224884,0.09507833421230316,-0.6703445315361023,0.6350024342536926,0.7277231216430664,-0.6413698792457581,0.2921997904777527,0.06561623513698578,-0.7735816240310669,0.6307996511459351,0.7241953015327454,-0.6543005704879761,0.3147234320640564,0.06519852578639984,-0.7147716283798218,0.6339097023010254,0.709769606590271,-0.5832701921463013,0.3142985999584198,0.07402551919221878,-0.6715846657752991,0.5323631167411804,0.8644503355026245,-0.03711977228522301,0.3851162791252136,0.884757936000824,0.03862443566322327,0.5420171022415161,0.776081383228302,-0.9334313273429871,0.3448335528373718,0.7747090458869934,-0.7905450463294983,0.5210246443748474,1.2248156070709229,-0.9315104484558105,0.33987316489219666,1.2084954977035522,-0.9075719714164734,0.5198227763175964,1.2735192775726318,-0.9202014207839966,0.35268861055374146,1.2659510374069214,-0.9186320304870605,0.48104843497276306,1.3785889148712158,-1.1457804441452026,0.3249155580997467,1.337185025215149,-1.1799836158752441,0.6169862747192383,0.7195201516151428,1.4806995807248313e-07,0.6235342621803284,0.7431308031082153,-0.006732444278895855,0.6328279972076416,0.7660114765167236,-0.007208706811070442,0.6379331350326538,0.7864309549331665,-0.006657362449914217,0.6391668319702148,0.8022429347038269,-0.004973283037543297,0.6487592458724976,0.7736007571220398,0.0015311911702156067,0.6517826318740845,0.7984652519226074,-0.00019614663324318826,0.6470475792884827,0.8133464455604553,-0.0025299733970314264,0.6407678127288818,0.822806715965271,-0.0037660461384803057,0.6418354511260986,0.7752873301506042,0.005272277630865574,0.6398426294326782,0.8009132742881775,0.004685744643211365,0.6318186521530151,0.8138644695281982,0.0017341149505227804,0.6233558654785156,0.8221361041069031,-0.000635925738606602,0.6326711773872375,0.7748005986213684,0.007860626094043255,0.6284735798835754,0.7974085807800293,0.006516211200505495,0.6203739047050476,0.8064863681793213,0.0024375924840569496,0.6123337149620056,0.8094106912612915,-0.00044247208279557526,0.6229244470596313,0.7721002101898193,0.009903245605528355,0.6181420087814331,0.7885663509368896,0.008953975513577461,0.6122048497200012,0.795168399810791,0.006465943064540625,0.6060587763786316,0.7973355054855347,0.004889871459454298,0.25399625301361084,0.08802002668380737,-2.7505825173079756e-08,0.25083687901496887,0.06491371989250183,0.0076429047621786594,0.25976133346557617,0.049104101955890656,0.013559509068727493,0.2671269476413727,0.03618331253528595,0.01660619117319584,0.2711603045463562,0.025460198521614075,0.019111361354589462,0.28669536113739014,0.050751686096191406,0.021989500150084496,0.29608219861984253,0.03538108617067337,0.025903776288032532,0.3009273409843445,0.024270154535770416,0.025817302986979485,0.3041929006576538,0.01601402461528778,0.025504307821393013,0.29641830921173096,0.05540781468153,0.01631513237953186,0.315607488155365,0.03905274718999863,0.02128542587161064,0.32732346653938293,0.02693917788565159,0.020708752796053886,0.3368225395679474,0.018172074109315872,0.01970013603568077,0.30263176560401917,0.06423457711935043,0.009617616422474384,0.3242114782333374,0.05007248371839523,0.012331734411418438,0.33694231510162354,0.038668930530548096,0.010086672380566597,0.3470630347728729,0.029618194326758385,0.008055449463427067,0.30541712045669556,0.07513900846242905,0.0030993372201919556,0.32357028126716614,0.06719913333654404,0.0061341202817857265,0.33492106199264526,0.06053312122821808,0.007452520541846752,0.34340792894363403,0.05458352342247963,0.007764436304569244,3
0.5129179954528809,0.40753018856048584,-0.2403545081615448,0.5266914963722229,0.37581565976142883,-0.21138963103294373,0.5359659790992737,0.3727944791316986,-0.21074652671813965,0.5455741286277771,0.3692881762981415,-0.21059155464172363,0.5039041042327881,0.38118335604667664,-0.1772942841053009,0.4962576925754547,0.3818219006061554,-0.17746955156326294,0.48835882544517517,0.38179123401641846,-0.17742829024791718,0.5658860206604004,0.3750000298023224,-0.04503607004880905,0.4920317232608795,0.39203932881355286,0.10678023099899292,0.5303604006767273,0.433973491191864,-0.18170376121997833,0.5028848052024841,0.4414263069629669,-0.13810543715953827,0.6340375542640686,0.5445321202278137,-0.1009746640920639,0.4554173946380615,0.578551173210144,0.28162574768066406,0.641548752784729,0.7627367377281189,-0.41430336236953735,0.30687135457992554,0.5915932059288025,0.07129104435443878,0.5725504159927368,0.6955634951591492,-0.7307824492454529,0.24398589134216309,0.40135136246681213,-0.3842686712741852,0.5613978505134583,0.6958385705947876,-0.8186894655227661,0.2110186517238617,0.3462376892566681,-0.46438127756118774,0.5527311563491821,0.654000997543335,-0.8027914762496948,0.21373251080513,0.33447304368019104,-0.46068620681762695,0.5512898564338684,0.6910634636878967,-0.7382705211639404,0.23932555317878723,0.3604131042957306,-0.40872421860694885,0.6236664652824402,1.022273302078247,-0.11795312166213989,0.47679346799850464,1.0281922817230225,0.12228742986917496,0.5446588397026062,1.4192143678665161,-0.3919249176979065,0.4202280640602112,1.4639660120010376,-0.17970266938209534,0.5928941965103149,1.772291898727417,-0.17685618996620178,0.4362472891807556,1.8691399097442627,-0.10866300016641617,0.6164833307266235,1.807346224784851,-0.15056107938289642,0.4462824761867523,1.9224742650985718,-0.10481330007314682,0.5373138189315796,1.8909424543380737,-0.3140947222709656,0.401977002620697,1.9753674268722534,-0.2918708920478821,0.0,0.0,0.0,0.0,0.0,0.0,0.0,0.0,0.0,0.0,0.0,0.0,0.0,0.0,0.0,0.0,0.0,0.0,0.0,0.0,0.0,0.0,0.0,0.0,0.0,0.0,0.0,0.0,0.0,0.0,0.0,0.0,0.0,0.0,0.0,0.0,0.0,0.0,0.0,0.0,0.0,0.0,0.0,0.0,0.0,0.0,0.0,0.0,0.0,0.0,0.0,0.0,0.0,0.0,0.0,0.0,0.0,0.0,0.0,0.0,0.0,0.0,0.0,0.2235971987247467,0.4027399718761444,7.989127936980367e-08,0.23474228382110596,0.3665977120399475,-0.005796090699732304,0.24077117443084717,0.3335619568824768,-0.007354345638304949,0.23964548110961914,0.31019747257232666,-0.009863778948783875,0.23354223370552063,0.29641470313072205,-0.012828288599848747,0.21748162806034088,0.31986430287361145,0.0006551455589942634,0.21083126962184906,0.2900797128677368,-0.0036301498766988516,0.2065277248620987,0.27368003129959106,-0.00840249378234148,0.20147906243801117,0.2597590684890747,-0.012338060885667801,0.20163913071155548,0.3291738033294678,-0.0014141409192234278,0.18833719193935394,0.3020284175872803,-0.00395309180021286,0.1800386756658554,0.2876737713813782,-0.008173882029950619,0.17326031625270844,0.2769279181957245,-0.012045671232044697,0.19082343578338623,0.34490373730659485,-0.004952243994921446,0.1750754863023758,0.3231262266635895,-0.009564561769366264,0.1656791716814041,0.3128630220890045,-0.014052476733922958,0.1584118902683258,0.3039264678955078,-0.01782376877963543,0.18411785364151,0.36489173769950867,-0.009242557920515537,0.17360079288482666,0.358247309923172,-0.014433286152780056,0.17036126554012299,0.35635268688201904,-0.016248075291514397,0.16927389800548553,0.3543253242969513,-0.017630184069275856,3
0.5121780037879944,0.2888404428958893,-1.1555601358413696,0.5309600234031677,0.2383033186197281,-1.1209752559661865,0.5452262759208679,0.23792782425880432,-1.1210271120071411,0.556006669998169,0.23762895166873932,-1.1206581592559814,0.49010124802589417,0.2391718327999115,-1.106473445892334,0.47604402899742126,0.23892420530319214,-1.1069459915161133,0.46449071168899536,0.23866493999958038,-1.1069079637527466,0.5695383548736572,0.2519001066684723,-0.8045052289962769,0.4423021376132965,0.2530704736709595,-0.7552131414413452,0.5347684025764465,0.3284870684146881,-1.0304356813430786,0.49168387055397034,0.32827821373939514,-1.0182723999023438,0.6709432005882263,0.5036719441413879,-0.5741606950759888,0.37385860085487366,0.4590309262275696,-0.44867172837257385,0.7493612766265869,0.8337456583976746,-0.781014084815979,0.17362047731876373,0.5514246821403503,-0.8309187889099121,0.6871223449707031,0.757745087146759,-1.2416236400604248,0.15525448322296143,0.3169715106487274,-1.463804006576538,0.6751828193664551,0.7658074498176575,-1.3359239101409912,0.1442979872226715,0.23118135333061218,-1.5937397480010986,0.6594111919403076,0.7249661087989807,-1.3344581127166748,0.16550318896770477,0.20426934957504272,-1.5539534091949463,0.6549550294876099,0.7314551472663879,-1.255472183227539,0.17798486351966858,0.23843266069889069,-1.4725092649459839,0.595329225063324,1.0172494649887085,0.00438837381079793,0.403851181268692,0.9894699454307556,-8.205866470234469e-05,0.6069303750991821,1.4216949939727783,-0.00068014016142115,0.4254773259162903,1.4390634298324585,-0.057809244841337204,0.6415392160415649,1.7592793703079224,0.41382431983947754,0.45698434114456177,1.7978370189666748,0.3518587648868561,0.6521462798118591,1.8160251379013062,0.4518493115901947,0.4607076048851013,1.854207158088684,0.3869812488555908,0.6124998331069946,1.8743977546691895,0.16470560431480408,0.47470107674598694,1.9216883182525635,0.08847944438457489,0.0,0.0,0.0,0.0,0.0,0.0,0.0,0.0,0.0,0.0,0.0,0.0,0.0,0.0,0.0,0.0,0.0,0.0,0.0,0.0,0.0,0.0,0.0,0.0,0.0,0.0,0.0,0.0,0.0,0.0,0.0,0.0,0.0,0.0,0.0,0.0,0.0,0.0,0.0,0.0,0.0,0.0,0.0,0.0,0.0,0.0,0.0,0.0,0.0,0.0,0.0,0.0,0.0,0.0,0.0,0.0,0.0,0.0,0.0,0.0,0.0,0.0,0.0,0.1493183672428131,0.2909666895866394,1.1476147676603432e-07,0.17312254011631012,0.25763916969299316,-0.009037962183356285,0.18905775249004364,0.22027531266212463,-0.013348251581192017,0.19925972819328308,0.18606235086917877,-0.018253207206726074,0.21156533062458038,0.16014261543750763,-0.023081131279468536,0.16153892874717712,0.17682141065597534,-0.0007888323743827641,0.16390693187713623,0.13578327000141144,-0.008182407356798649,0.16408173739910126,0.11246433854103088,-0.015899857506155968,0.16374917328357697,0.09159675240516663,-0.021384747698903084,0.14398813247680664,0.1759861260652542,-0.0026478676591068506,0.14072008430957794,0.13232572376728058,-0.007153553422540426,0.13965895771980286,0.10767348855733871,-0.012885772623121738,0.13905753195285797,0.08636283129453659,-0.017488518729805946,0.1281237006187439,0.18300752341747284,-0.006505234632641077,0.12181545048952103,0.1439792960882187,-0.010837431997060776,0.11955973505973816,0.12137284129858017,-0.013980312272906303,0.11936039477586746,0.1008244976401329,-0.01673545129597187,0.11346268653869629,0.19757017493247986,-0.011784801259636879,0.10326191782951355,0.17084580659866333,-0.01511296071112156,0.09885096549987793,0.15464264154434204,-0.015137430280447006,0.09676235914230347,0.13938692212104797,-0.015179980546236038,3
0.48153766989707947,0.2835885286331177,-0.6791349649429321,0.4921150803565979,0.2422117292881012,-0.6239372491836548,0.5020278692245483,0.24231873452663422,-0.6238355040550232,0.5109580755233765,0.2420024275779724,-0.6238259077072144,0.4612320363521576,0.2411804348230362,-0.6368677020072937,0.44962701201438904,0.24092517793178558,-0.6372697949409485,0.43678268790245056,0.24109666049480438,-0.6374327540397644,0.5181053876876831,0.2557576596736908,-0.31500139832496643,0.4169716238975525,0.25723403692245483,-0.373338520526886,0.4964166581630707,0.31350311636924744,-0.556085467338562,0.45869550108909607,0.32141655683517456,-0.5739726424217224,0.5648794770240784,0.3925439417362213,-0.173762246966362,0.34156954288482666,0.44712454080581665,-0.25489652156829834,0.6911860704421997,0.38944754004478455,-0.5204369425773621,0.2922564744949341,0.6191542744636536,-0.26675984263420105,0.6911267042160034,0.22825059294700623,-1.0569053888320923,0.2832062840461731,0.7573830485343933,-0.41531863808631897,0.6831823587417603,0.1770341992378235,-1.2001913785934448,0.271416574716568,0.8079369068145752,-0.4796086251735687,0.6662509441375732,0.168888658285141,-1.167014479637146,0.29220929741859436,0.8026846051216125,-0.5390399694442749,0.6642591953277588,0.18629111349582672,-1.0682317018508911,0.2982883155345917,0.7796727418899536,-0.44508618116378784,0.5460017323493958,0.8879258632659912,0.039645034819841385,0.40530163049697876,0.8993011713027954,-0.037943895906209946,0.5655184388160706,1.236364722251892,0.039275430142879486,0.4146064817905426,1.1843615770339966,-0.3213985562324524,0.5642282962799072,1.5646188259124756,0.3905748724937439,0.45122313499450684,1.6247735023498535,-0.20392858982086182,0.5618073344230652,1.6028554439544678,0.42538318037986755,0.45277461409568787,1.6676933765411377,-0.19441792368888855,0.5736275911331177,1.6840864419937134,0.23738901317119598,0.4731460213661194,1.746514081954956,-0.4657890200614929,0.6803470849990845,0.23045864701271057,7.370096710701546e-08,0.6506961584091187,0.22018295526504517,-0.005496769677847624,0.6277597546577454,0.2051214873790741,-0.007187800016254187,0.6138787269592285,0.18921500444412231,-0.0092918761074543,0.6049954891204834,0.1747622787952423,-0.01132525410503149,0.6421012878417969,0.17288130521774292,-0.0010798510629683733,0.6299421191215515,0.14772675931453705,-0.006134586874395609,0.6242223978042603,0.13227148354053497,-0.01066307257860899,0.6200122833251953,0.11823033541440964,-0.014302537776529789,0.6599834561347961,0.16610796749591827,-0.003540303325280547,0.652288019657135,0.13727334141731262,-0.007803395390510559,0.6484764814376831,0.12016309797763824,-0.012268372811377048,0.6455395817756653,0.10445455461740494,-0.016032788902521133,0.6784559488296509,0.1659974902868271,-0.007422972936183214,0.6764339208602905,0.1389588862657547,-0.014409211464226246,0.675427258014679,0.12296643108129501,-0.018782803788781166,0.6738643646240234,0.10891562700271606,-0.02173381857573986,0.6971830725669861,0.17200148105621338,-0.011806225404143333,0.7046031951904297,0.15198539197444916,-0.018395228311419487,0.707961916923523,0.1397174447774887,-0.020878726616501808,0.709628701210022,0.12797896564006805,-0.022532664239406586,0.2688280940055847,0.7647498846054077,-9.669698641801006e-08,0.2873583734035492,0.777225136756897,-0.01200577151030302,0.29792505502700806,0.7998294830322266,-0.017292235046625137,0.3043200671672821,0.8237099647521973,-0.02031015418469906,0.3106846511363983,0.8396461009979248,-0.02179981954395771,0.2679841220378876,0.8220032453536987,-0.010093050077557564,0.2743400037288666,0.8533884286880493,-0.015112959779798985,0.2853426933288574,0.8649466633796692,-0.01873829960823059,0.29478782415390015,0.8683689832687378,-0.020305605605244637,0.25918224453926086,0.824461817741394,-0.0051217456348240376,0.266916960477829,0.8564891815185547,-0.00927149597555399,0.28066757321357727,0.8673956990242004,-0.011082026176154613,0.29241934418678284,0.869681179523468,-0.011736183427274227,0.25627297163009644,0.8248943090438843,-0.0012777535011991858,0.264276921749115,0.8541330695152283,-0.005792662035673857,0.2767643332481384,0.8643635511398315,-0.007404928561300039,0.28796863555908203,0.8677179217338562,-0.007482436019927263,0.25672492384910583,0.8244897723197937,0.00179864966776222,0.26315343379974365,0.8495097756385803,-0.0017862659879028797,0.2724778354167938,0.8593825101852417,-0.002822809386998415,0.2818846106529236,0.8639902472496033,-0.0027172754053026438,3
0.49188509583473206,0.35673788189888,-0.41916555166244507,0.5028328895568848,0.32737526297569275,-0.37652096152305603,0.5101889371871948,0.32764512300491333,-0.37642744183540344,0.517637312412262,0.3279813230037689,-0.37605521082878113,0.48242658376693726,0.3299466669559479,-0.3597593903541565,0.47540539503097534,0.33208799362182617,-0.359768807888031,0.4674530625343323,0.33455604314804077,-0.3595864176750183,0.5345414876937866,0.34409284591674805,-0.14502497017383575,0.46195000410079956,0.35393720865249634,-0.07084283232688904,0.506665050983429,0.3876352906227112,-0.3356020450592041,0.47929754853248596,0.39071452617645264,-0.31395548582077026,0.6003021597862244,0.4953761398792267,-0.10270242393016815,0.41016680002212524,0.48059284687042236,0.05473949387669563,0.6290751695632935,0.7066327929496765,-0.22477202117443085,0.28204137086868286,0.4343723952770233,-0.24769921600818634,0.5751022100448608,0.817626953125,-0.44375497102737427,0.29937034845352173,0.23566368222236633,-0.5862652063369751,0.5570746660232544,0.8651493191719055,-0.5206910371780396,0.3058001399040222,0.1879013478755951,-0.7004503011703491,0.539567232131958,0.8554540276527405,-0.5428458452224731,0.3273792564868927,0.18580834567546844,-0.6464207172393799,0.5417505502700806,0.844129204750061,-0.4646588861942291,0.3265897333621979,0.2050817459821701,-0.5971904397010803,0.5410304069519043,0.8924147486686707,-0.006777758244425058,0.42260557413101196,0.8993660807609558,0.010589880868792534,0.5475307106971741,1.2501381635665894,-0.2278156727552414,0.4228394627571106,1.2505953311920166,-0.20094554126262665,0.5325707197189331,1.5693975687026978,0.030129078775644302,0.42755642533302307,1.5868817567825317,-0.09577184170484543,0.5293021202087402,1.608864426612854,0.05703110620379448,0.4229106307029724,1.6325327157974243,-0.09189698100090027,0.5287260413169861,1.6772791147232056,-0.15312060713768005,0.45094233751296997,1.6701979637145996,-0.3526650369167328,0.594436526298523,0.807065486907959,6.605170455031839e-08,0.5710540413856506,0.8024323582649231,-0.00603316817432642,0.5510719418525696,0.8126856088638306,-0.008478120900690556,0.5360002517700195,0.82845139503479,-0.010023714043200016,0.5224683880805969,0.8380391597747803,-0.011046845465898514,0.5499454736709595,0.8531956076622009,-0.00532715767621994,0.5332133173942566,0.8760971426963806,-0.00852723978459835,0.5233592987060547,0.8891894221305847,-0.01076542492955923,0.5154344439506531,0.8989329934120178,-0.01239616610109806,0.5580527186393738,0.8642375469207764,-0.004319760482758284,0.5404239892959595,0.8874768018722534,-0.006920511834323406,0.5295631885528564,0.9006592631340027,-0.008711699396371841,0.520393431186676,0.9110316634178162,-0.010189029388129711,0.5667427182197571,0.8690744638442993,-0.0039530727081000805,0.5516548156738281,0.8935017585754395,-0.007180146872997284,0.5424644351005554,0.9076623916625977,-0.00987438578158617,0.5344734191894531,0.9187712669372559,-0.011959024704992771,0.5751924514770508,0.8691378831863403,-0.004048180766403675,0.570982813835144,0.8916646242141724,-0.008161208592355251,0.5684776902198792,0.9067715406417847,-0.010752309113740921,0.5664467215538025,0.9197142720222473,-0.01229669526219368,0.0,0.0,0.0,0.0,0.0,0.0,0.0,0.0,0.0,0.0,0.0,0.0,0.0,0.0,0.0,0.0,0.0,0.0,0.0,0.0,0.0,0.0,0.0,0.0,0.0,0.0,0.0,0.0,0.0,0.0,0.0,0.0,0.0,0.0,0.0,0.0,0.0,0.0,0.0,0.0,0.0,0.0,0.0,0.0,0.0,0.0,0.0,0.0,0.0,0.0,0.0,0.0,0.0,0.0,0.0,0.0,0.0,0.0,0.0,0.0,0.0,0.0,0.0,3
0.45914578437805176,0.41038572788238525,-0.25741666555404663,0.4720517694950104,0.39239564538002014,-0.203264981508255,0.47793418169021606,0.39711326360702515,-0.2033156454563141,0.48366957902908325,0.4014722406864166,-0.20328602194786072,0.45120421051979065,0.3773217499256134,-0.23882362246513367,0.4429350793361664,0.372337281703949,-0.23900115489959717,0.43412891030311584,0.367707222700119,-0.23903748393058777,0.47811001539230347,0.41243597865104675,0.06581198424100876,0.4133071005344391,0.3767510950565338,-0.09562831372022629,0.4620129466056824,0.44215407967567444,-0.153996080160141,0.4384887218475342,0.42809805274009705,-0.204013392329216,0.4908718466758728,0.5302042365074158,0.14170487225055695,0.29949742555618286,0.5039545297622681,-0.0786641389131546,0.6315107941627502,0.4555010199546814,-0.0013972542947158217,0.24013838171958923,0.6087443232536316,-0.40804681181907654,0.6836228370666504,0.24323289096355438,-0.28144919872283936,0.27284982800483704,0.6376036405563354,-0.8216798901557922,0.6998752355575562,0.1853025257587433,-0.3588254749774933,0.24412322044372559,0.64927738904953,-0.9305035471916199,0.6916070580482483,0.17407171428203583,-0.35955989360809326,0.26290959119796753,0.630970299243927,-0.9228307604789734,0.6851372718811035,0.19297823309898376,-0.30499643087387085,0.2852718234062195,0.6334325671195984,-0.8349369168281555,0.4386168420314789,0.9566579461097717,0.05409061163663864,0.3174405097961426,0.9563141465187073,-0.05086647346615791,0.4498404562473297,1.3013098239898682,-0.04352681338787079,0.32737424969673157,1.3085228204727173,-0.11985103785991669,0.4204704165458679,1.6048592329025269,0.28723618388175964,0.31280073523521423,1.6288648843765259,0.05209825560450554,0.4118523597717285,1.638135552406311,0.3211742043495178,0.3094243109226227,1.666856050491333,0.06274678558111191,0.41357237100601196,1.7190818786621094,0.14374612271785736,0.3238131105899811,1.7388367652893066,-0.19775784015655518,0.6840090155601501,0.23625195026397705,1.704613517006237e-08,0.6665416955947876,0.21358290314674377,-0.006455587688833475,0.6558087468147278,0.18916374444961548,-0.00961393304169178,0.6521016955375671,0.16727599501609802,-0.012868036516010761,0.6470702290534973,0.15034912526607513,-0.016101937741041183,0.681372344493866,0.16689886152744293,-0.0005680886097252369,0.6822808980941772,0.1412433236837387,-0.004921273794025183,0.6828392744064331,0.12626008689403534,-0.009841020219027996,0.6835881471633911,0.11258165538311005,-0.013745320960879326,0.6959179639816284,0.168441042304039,-0.0020321377087384462,0.7024363875389099,0.13966988027095795,-0.004966320004314184,0.7059065103530884,0.12373121827840805,-0.00856185331940651,0.7091158628463745,0.10993968695402145,-0.011799012310802937,0.7075403332710266,0.17525117099285126,-0.0050315773114562035,0.7159931063652039,0.14918012917041779,-0.008903461508452892,0.7203071713447571,0.1335252970457077,-0.011428024619817734,0.7238696813583374,0.11950008571147919,-0.013589351437985897,0.7174375057220459,0.1868804693222046,-0.008950738236308098,0.7269513010978699,0.16859762370586395,-0.012007081881165504,0.7324038743972778,0.15668261051177979,-0.01259486936032772,0.7369575500488281,0.1452248990535736,-0.013303510844707489,0.2683684825897217,0.6294112205505371,-1.7375280947362626e-07,0.2671429514884949,0.6073007583618164,-0.008592423051595688,0.2646663188934326,0.5850716829299927,-0.016598496586084366,0.26285219192504883,0.5750084519386292,-0.02406027354300022,0.26162418723106384,0.5750866532325745,-0.03143436461687088,0.23018784821033478,0.5957708954811096,-0.01683865115046501,0.2512318789958954,0.5954286456108093,-0.029409904032945633,0.2658202052116394,0.5974354147911072,-0.037996742874383926,0.273885577917099,0.5991802215576172,-0.042241718620061874,0.22814488410949707,0.6198750734329224,-0.01665160432457924,0.25554773211479187,0.6174083948135376,-0.025642162188887596,0.2713403105735779,0.6170716285705566,-0.028688687831163406,0.28163158893585205,0.6156569123268127,-0.030068812891840935,0.23170539736747742,0.6409412622451782,-0.016949061304330826,0.2589153051376343,0.6359553933143616,-0.02485065534710884,0.2738971412181854,0.6344417333602905,-0.02454209141433239,0.2850249409675598,0.6332206726074219,-0.022930368781089783,0.23840266466140747,0.6576995849609375,-0.018195707350969315,0.2584306597709656,0.6538680791854858,-0.02310326136648655,0.2721729278564453,0.6493450999259949,-0.02189854346215725,0.28191447257995605,0.6463254690170288,-0.019346578046679497,3
0.6199700236320496,0.3602936565876007,-0.7589851021766663,0.6438477039337158,0.3261446952819824,-0.7368586659431458,0.6553052067756653,0.325065016746521,-0.7369639873504639,0.6665002107620239,0.32417115569114685,-0.7369650602340698,0.6138803958892822,0.3296297490596771,-0.7120165228843689,0.6063138246536255,0.3306087255477905,-0.7122731804847717,0.5998815894126892,0.3312546908855438,-0.7122552394866943,0.6955156326293945,0.33928433060646057,-0.5215603709220886,0.6049913763999939,0.34093141555786133,-0.41034096479415894,0.6461325883865356,0.39735445380210876,-0.6720281839370728,0.6140378713607788,0.3980177938938141,-0.6398564577102661,0.8042281866073608,0.5551385879516602,-0.3711308240890503,0.5420068502426147,0.5098605751991272,-0.20463614165782928,0.8428177833557129,0.8132542371749878,-0.3145715594291687,0.325991690158844,0.511634111404419,-0.3397802710533142,0.8291123509407043,0.9897071123123169,-0.4697175621986389,0.29691168665885925,0.26864805817604065,-0.7278167605400085,0.8566135168075562,1.1031209230422974,-0.5346214771270752,0.28251373767852783,0.19387878477573395,-0.833624541759491,0.8400363922119141,1.0886813402175903,-0.6202459335327148,0.29494476318359375,0.17394790053367615,-0.842184841632843,0.8295041918754578,1.0635807514190674,-0.5133760571479797,0.3054782450199127,0.19757911562919617,-0.7558467388153076,0.6908532381057739,1.0358775854110718,-0.039201244711875916,0.5377870798110962,0.9995250105857849,0.043713975697755814,0.6584731340408325,1.4246671199798584,-0.06312384456396103,0.5122771859169006,1.39475417137146,0.0035931095480918884,0.6436365842819214,1.7521445751190186,0.37539875507354736,0.49865657091140747,1.734395980834961,0.3347218930721283,0.6498631238937378,1.7956867218017578,0.4174892008304596,0.4985525608062744,1.7800350189208984,0.3603874444961548,0.5976635217666626,1.8589154481887817,0.1759239286184311,0.4870021343231201,1.8470441102981567,0.09042326360940933,0.0,0.0,0.0,0.0,0.0,0.0,0.0,0.0,0.0,0.0,0.0,0.0,0.0,0.0,0.0,0.0,0.0,0.0,0.0,0.0,0.0,0.0,0.0,0.0,0.0,0.0,0.0,0.0,0.0,0.0,0.0,0.0,0.0,0.0,0.0,0.0,0.0,0.0,0.0,0.0,0.0,0.0,0.0,0.0,0.0,0.0,0.0,0.0,0.0,0.0,0.0,0.0,0.0,0.0,0.0,0.0,0.0,0.0,0.0,0.0,0.0,0.0,0.0,0.28408095240592957,0.273642897605896,1.2214940170451882e-07,0.30752429366111755,0.2516435980796814,-0.013740433380007744,0.32608580589294434,0.2207602709531784,-0.01993708871304989,0.33119964599609375,0.1893444061279297,-0.025058111175894737,0.33405017852783203,0.1630151867866516,-0.02978384867310524,0.3069166839122772,0.17466309666633606,-0.00974080990999937,0.31076115369796753,0.13554246723651886,-0.01877157762646675,0.30928996205329895,0.11289624124765396,-0.026557115837931633,0.3060394525527954,0.09251595288515091,-0.03218895569443703,0.28809040784835815,0.17172911763191223,-0.009412956424057484,0.28504663705825806,0.12771736085414886,-0.016328871250152588,0.2807929813861847,0.10397124290466309,-0.022833246737718582,0.27585652470588684,0.0833587720990181,-0.02778821811079979,0.2716177701950073,0.17817440629005432,-0.010873752646148205,0.2658347189426422,0.13887211680412292,-0.017926350235939026,0.2605890929698944,0.11746110022068024,-0.02225607819855213,0.2558404803276062,0.09858043491840363,-0.0253529641777277,0.25644633173942566,0.19285550713539124,-0.013816195540130138,0.2483954280614853,0.16639456152915955,-0.019876213744282722,0.2429380714893341,0.15066178143024445,-0.021520281210541725,0.23785346746444702,0.1354321390390396,-0.022369829937815666,3
0.762560248374939,0.41866081953048706,-0.7163662910461426,0.7827658653259277,0.3896043598651886,-0.6364638209342957,0.7921320796012878,0.39177677035331726,-0.6361067891120911,0.8001614809036255,0.39381954073905945,-0.6361144185066223,0.7480461597442627,0.3817780315876007,-0.6952528953552246,0.7361524701118469,0.37809881567955017,-0.6934594511985779,0.7259835600852966,0.37433311343193054,-0.690801203250885,0.8012030720710754,0.4086766839027405,-0.2772333025932312,0.713800847530365,0.37623903155326843,-0.3903966248035431,0.7717412114143372,0.459469735622406,-0.5642153024673462,0.7340582609176636,0.4498598873615265,-0.6048117876052856,0.82940673828125,0.6325423717498779,-0.07033069431781769,0.6037934422492981,0.5312142968177795,-0.27563464641571045,0.8300406336784363,0.8826495409011841,-0.011931294575333595,0.4563327729701996,0.40803036093711853,-0.8471463322639465,0.8268706202507019,1.081896185874939,-0.21168561279773712,0.5000542402267456,0.19663862884044647,-1.3052868843078613,0.8354918360710144,1.155177354812622,-0.2506449222564697,0.5227420926094055,0.12282402813434601,-1.4227383136749268,0.8294349908828735,1.144307017326355,-0.3096711039543152,0.5385091304779053,0.11992291361093521,-1.363708734512329,0.8218290209770203,1.117985486984253,-0.24782581627368927,0.542448878288269,0.15782669186592102,-1.3097585439682007,0.7450827360153198,1.1048558950424194,0.07632142305374146,0.5774311423301697,1.0788642168045044,-0.07090900838375092,0.7335611581802368,1.4710990190505981,-0.013850840739905834,0.5732724070549011,1.4480621814727783,-0.13612434267997742,0.7152047157287598,1.8372676372528076,0.5726653337478638,0.5596502423286438,1.8087489604949951,0.2812452018260956,0.709469199180603,1.894619107246399,0.6318162083625793,0.5504682660102844,1.8657983541488647,0.31539469957351685,0.7068034410476685,1.9503517150878906,0.4065437316894531,0.5915559530258179,1.9206695556640625,-0.0004421724006533623,0.0,0.0,0.0,0.0,0.0,0.0,0.0,0.0,0.0,0.0,0.0,0.0,0.0,0.0,0.0,0.0,0.0,0.0,0.0,0.0,0.0,0.0,0.0,0.0,0.0,0.0,0.0,0.0,0.0,0.0,0.0,0.0,0.0,0.0,0.0,0.0,0.0,0.0,0.0,0.0,0.0,0.0,0.0,0.0,0.0,0.0,0.0,0.0,0.0,0.0,0.0,0.0,0.0,0.0,0.0,0.0,0.0,0.0,0.0,0.0,0.0,0.0,0.0,0.4745851159095764,0.20108525454998016,1.913279561449599e-07,0.5071612596511841,0.21769832074642181,-0.015191330574452877,0.5417062640190125,0.21807239949703217,-0.022301308810710907,0.5704309940338135,0.20969009399414062,-0.02853577211499214,0.5947171449661255,0.21432428061962128,-0.034753747284412384,0.562022864818573,0.15206828713417053,-0.012124771252274513,0.593838095664978,0.12848159670829773,-0.02137584425508976,0.6114240288734436,0.11113409698009491,-0.029480258002877235,0.6264435052871704,0.09398108720779419,-0.036013998091220856,0.551747739315033,0.1280529499053955,-0.012629806064069271,0.5824939608573914,0.09734378755092621,-0.020404711365699768,0.5999370813369751,0.07487419247627258,-0.028165992349386215,0.614517092704773,0.05381867289543152,-0.03437868505716324,0.5348026156425476,0.11289191991090775,-0.01509588398039341,0.5601975917816162,0.07810353487730026,-0.024823499843478203,0.574753999710083,0.05455256998538971,-0.03329646214842796,0.5879722237586975,0.03441713750362396,-0.03943812474608421,0.5116264224052429,0.10455358028411865,-0.018912728875875473,0.5162362456321716,0.06806163489818573,-0.02977634407579899,0.5188521146774292,0.044113315641880035,-0.03581368550658226,0.5230828523635864,0.022462740540504456,-0.03964659199118614,3
0.7368135452270508,0.42072585225105286,-1.0162144899368286,0.7588101625442505,0.3869889974594116,-0.9567160606384277,0.7697539329528809,0.3882046341896057,-0.95683753490448,0.7796008586883545,0.38940155506134033,-0.9569351077079773,0.7191348671913147,0.3807429373264313,-0.9626437425613403,0.7041811347007751,0.377286821603775,-0.9628413915634155,0.6900034546852112,0.37372031807899475,-0.9624612927436829,0.7964386940002441,0.4011240601539612,-0.5676751732826233,0.6715720295906067,0.37614455819129944,-0.6117030382156372,0.7546894550323486,0.46796566247940063,-0.871216893196106,0.7095459699630737,0.46287092566490173,-0.8837841153144836,0.8572696447372437,0.6519017815589905,-0.2834128737449646,0.5461164116859436,0.5998443365097046,-0.3270877003669739,0.8680764436721802,0.941993772983551,-0.2541387677192688,0.3111656904220581,0.5465720891952515,-0.8227875828742981,0.861458957195282,1.145463466644287,-0.564806342124939,0.4387238621711731,0.2904597818851471,-1.3699003458023071,0.864559531211853,1.2030260562896729,-0.6174806356430054,0.46392568945884705,0.20686478912830353,-1.486703634262085,0.8571069836616516,1.1935456991195679,-0.6719803810119629,0.4850448966026306,0.20482634007930756,-1.4109958410263062,0.8484095335006714,1.175377607345581,-0.5952692031860352,0.4858269691467285,0.23814338445663452,-1.363773226737976,0.7573422193527222,1.199862003326416,0.056505948305130005,0.5765872597694397,1.1797168254852295,-0.05115921050310135,0.7594321370124817,1.5643455982208252,-0.13767963647842407,0.575256884098053,1.5814439058303833,-0.1818663626909256,0.7440649271011353,1.9575648307800293,0.6716328859329224,0.5557533502578735,2.002599000930786,0.3867867588996887,0.7391103506088257,2.0194599628448486,0.7502948045730591,0.5473359823226929,2.072483777999878,0.4304216504096985,0.7414578795433044,2.087966203689575,0.49049845337867737,0.5774086713790894,2.1215827465057373,0.05493010953068733,0.0,0.0,0.0,0.0,0.0,0.0,0.0,0.0,0.0,0.0,0.0,0.0,0.0,0.0,0.0,0.0,0.0,0.0,0.0,0.0,0.0,0.0,0.0,0.0,0.0,0.0,0.0,0.0,0.0,0.0,0.0,0.0,0.0,0.0,0.0,0.0,0.0,0.0,0.0,0.0,0.0,0.0,0.0,0.0,0.0,0.0,0.0,0.0,0.0,0.0,0.0,0.0,0.0,0.0,0.0,0.0,0.0,0.0,0.0,0.0,0.0,0.0,0.0,0.4228438138961792,0.2883121073246002,1.9517544558311783e-07,0.457025945186615,0.28106042742729187,-0.014541175216436386,0.4859817624092102,0.25973087549209595,-0.02173454500734806,0.510191798210144,0.23671330511569977,-0.02830985002219677,0.531816303730011,0.22541625797748566,-0.03427036479115486,0.4806678593158722,0.18458186089992523,-0.006275970954447985,0.49544665217399597,0.13983793556690216,-0.014647843316197395,0.5020772814750671,0.11359764635562897,-0.022937236353754997,0.5074034333229065,0.09099262207746506,-0.02879277803003788,0.4642220735549927,0.1733311265707016,-0.005997790955007076,0.48005759716033936,0.12496217340230942,-0.01226959377527237,0.4889833927154541,0.09596563130617142,-0.019098158925771713,0.4963644742965698,0.07258553057909012,-0.024072885513305664,0.44707533717155457,0.1703026294708252,-0.007929056882858276,0.4614172875881195,0.12607768177986145,-0.013641580939292908,0.47056320309638977,0.10060667246580124,-0.017876986414194107,0.4788118302822113,0.08010581880807877,-0.020841198042035103,0.42745259404182434,0.17390789091587067,-0.011692816391587257,0.4352908432483673,0.13936841487884521,-0.015947503969073296,0.44202855229377747,0.118355892598629,-0.016725197434425354,0.4491545855998993,0.1001913771033287,-0.01695965975522995,3
0.5843272805213928,0.2710376977920532,-0.25520485639572144,0.5791734457015991,0.21766844391822815,-0.21409912407398224,0.5839000940322876,0.21899636089801788,-0.21418146789073944,0.603346586227417,0.21769219636917114,-0.21434178948402405,0.5574477910995483,0.2175772339105606,-0.21317227184772491,0.5545359253883362,0.21738334000110626,-0.2132440060377121,0.5520292520523071,0.21642357110977173,-0.2132985144853592,0.6014715433120728,0.24023975431919098,-0.0007846490480005741,0.5304086804389954,0.2416888028383255,0.003466823371127248,0.595740556716919,0.3091888725757599,-0.17141243815422058,0.5649318099021912,0.30130064487457275,-0.17131349444389343,0.6602703332901001,0.44958391785621643,0.02112545818090439,0.48080533742904663,0.4062715768814087,0.05646628141403198,0.6948687434196472,0.5086086392402649,-0.18679720163345337,0.41328316926956177,0.46168938279151917,-0.11218667030334473,0.6505812406539917,0.3903553783893585,-0.38895654678344727,0.46163830161094666,0.4219363331794739,-0.3388674557209015,0.6411563754081726,0.36881616711616516,-0.47059932351112366,0.47095948457717896,0.4231483042240143,-0.40920358896255493,0.6353265047073364,0.3494828939437866,-0.4507354199886322,0.48978114128112793,0.4139333963394165,-0.4061151146888733,0.6328403949737549,0.36137259006500244,-0.3934645354747772,0.48977145552635193,0.41828569769859314,-0.3490476906299591,0.6021039485931396,0.9326874613761902,-0.002818539272993803,0.48156628012657166,0.9144152402877808,0.004278927110135555,0.6184712052345276,1.0885668992996216,-0.0669325739145279,0.49543148279190063,1.038469910621643,-0.06350068747997284,0.5996414422988892,1.3106635808944702,0.1817816197872162,0.5358341932296753,1.26636803150177,0.08959641307592392,0.5978038311004639,1.336089015007019,0.20832538604736328,0.5423438549041748,1.3003751039505005,0.10337314754724503,0.5876704454421997,1.380691409111023,0.0747150331735611,0.5458600521087646,1.322522521018982,-0.05812060087919235,0.0,0.0,0.0,0.0,0.0,0.0,0.0,0.0,0.0,0.0,0.0,0.0,0.0,0.0,0.0,0.0,0.0,0.0,0.0,0.0,0.0,0.0,0.0,0.0,0.0,0.0,0.0,0.0,0.0,0.0,0.0,0.0,0.0,0.0,0.0,0.0,0.0,0.0,0.0,0.0,0.0,0.0,0.0,0.0,0.0,0.0,0.0,0.0,0.0,0.0,0.0,0.0,0.0,0.0,0.0,0.0,0.0,0.0,0.0,0.0,0.0,0.0,0.0,0.0,0.0,0.0,0.0,0.0,0.0,0.0,0.0,0.0,0.0,0.0,0.0,0.0,0.0,0.0,0.0,0.0,0.0,0.0,0.0,0.0,0.0,0.0,0.0,0.0,0.0,0.0,0.0,0.0,0.0,0.0,0.0,0.0,0.0,0.0,0.0,0.0,0.0,0.0,0.0,0.0,0.0,0.0,0.0,0.0,0.0,0.0,0.0,0.0,0.0,0.0,0.0,0.0,0.0,0.0,0.0,0.0,0.0,0.0,0.0,0.0,0.0,0.0,3
0.3529052138328552,0.4583902359008789,-0.775816798210144,0.3759157359600067,0.4120499789714813,-0.7458757162094116,0.38759544491767883,0.4135337173938751,-0.7464379668235779,0.396996408700943,0.4140755236148834,-0.7468457818031311,0.3318388760089874,0.3978995382785797,-0.7695232629776001,0.3173428773880005,0.3907732665538788,-0.7695121765136719,0.30435776710510254,0.38450750708580017,-0.7692601680755615,0.3987959921360016,0.41240090131759644,-0.5233407616615295,0.2795240581035614,0.3793500065803528,-0.6254349946975708,0.36187294125556946,0.5007906556129456,-0.6840742826461792,0.318556547164917,0.5004112124443054,-0.713821530342102,0.42731937766075134,0.5734140276908875,-0.32475951313972473,0.19058004021644592,0.5531264543533325,-0.627667248249054,0.5733717679977417,0.8481082916259766,-0.4611108899116516,0.41580504179000854,0.8696185946464539,-0.656468391418457,0.6550090312957764,0.6407683491706848,-0.7618999481201172,0.6377776265144348,0.6858397722244263,-0.48621654510498047,0.6673731207847595,0.5723101496696472,-0.8418515920639038,0.6830660700798035,0.6845553517341614,-0.5067936778068542,0.6631838083267212,0.5290146470069885,-0.8008264303207397,0.6557146310806274,0.6259530186653137,-0.5024673342704773,0.6465860605239868,0.5492262244224548,-0.7590497732162476,0.6383737325668335,0.6348755359649658,-0.4736996591091156,0.38141992688179016,1.0079964399337769,0.06344814598560333,0.2704317569732666,1.0373493432998657,-0.06054239720106125,0.5292259454727173,1.2032750844955444,0.0880684182047844,0.4561532437801361,1.168514609336853,-0.07692389190196991,0.5541978478431702,1.3423868417739868,0.44208860397338867,0.49550971388816833,1.271105170249939,0.3341738283634186,0.5501528978347778,1.357211947441101,0.4899500012397766,0.48831844329833984,1.2871984243392944,0.3938751816749573,0.5756908059120178,1.4202405214309692,0.5085536241531372,0.5453287363052368,1.3307994604110718,0.4538823962211609,0.6634679436683655,0.6440801024436951,1.382263690175023e-07,0.6346585154533386,0.6118099689483643,-0.016914887353777885,0.6119477152824402,0.5684018731117249,-0.027571996673941612,0.5966081619262695,0.5291607975959778,-0.03723600506782532,0.5807723999023438,0.4982113242149353,-0.04682581126689911,0.6428455710411072,0.5145206451416016,-0.015529942698776722,0.6323772668838501,0.4649147093296051,-0.029239948838949203,0.626483678817749,0.43332764506340027,-0.040604040026664734,0.6229925751686096,0.404829740524292,-0.04914908856153488,0.6677066683769226,0.5102154016494751,-0.017705950886011124,0.6703536510467529,0.44731441140174866,-0.0289227943867445,0.6733953952789307,0.4090322256088257,-0.03770851343870163,0.6766367554664612,0.377358615398407,-0.04437118396162987,0.6902448534965515,0.5217841267585754,-0.02242146246135235,0.6978347897529602,0.46385738253593445,-0.03464623913168907,0.7016519904136658,0.4287806749343872,-0.04211524873971939,0.7040475606918335,0.39840489625930786,-0.0473051518201828,0.7124671936035156,0.5449222326278687,-0.02880346216261387,0.7283687591552734,0.5072323083877563,-0.038845494389534,0.7381883859634399,0.48111692070961,-0.04294629395008087,0.7456951141357422,0.4565003514289856,-0.04585142806172371,0.6629064083099365,0.6390100121498108,2.8455417577788467e-07,0.6342777609825134,0.6062899231910706,-0.017103582620620728,0.6127486824989319,0.5654184222221375,-0.02887699566781521,0.5969263911247253,0.526536762714386,-0.03934216871857643,0.5798929929733276,0.5000098943710327,-0.04964113608002663,0.6400683522224426,0.5127976536750793,-0.017345866188406944,0.6330587863922119,0.465893030166626,-0.029876502230763435,0.6290073394775391,0.43387657403945923,-0.040563084185123444,0.6268768310546875,0.4055667519569397,-0.04847601056098938,0.6656711101531982,0.509380042552948,-0.018321795389056206,0.6687343716621399,0.4570799171924591,-0.027872085571289062,0.6712287664413452,0.4238598346710205,-0.03639611601829529,0.6731598377227783,0.39435651898384094,-0.04274066537618637,0.6896247267723083,0.5205614566802979,-0.021344492211937904,0.6951272487640381,0.47246915102005005,-0.03125527501106262,0.6990310549736023,0.43940362334251404,-0.039480771869421005,0.701287031173706,0.41116636991500854,-0.04509109631180763,0.712002694606781,0.542510449886322,-0.025815360248088837,0.7265844345092773,0.5056467056274414,-0.033528778702020645,0.7353995442390442,0.47897499799728394,-0.03718341141939163,0.7420657277107239,0.4546574056148529,-0.03955374285578728,3
0.5626751184463501,0.2143823504447937,-0.6474932432174683,0.580816388130188,0.17534831166267395,-0.5990134477615356,0.5897259712219238,0.17649061977863312,-0.599073588848114,0.5970945358276367,0.17780382931232452,-0.5995115041732788,0.5455987453460693,0.17201904952526093,-0.6092204451560974,0.5308316946029663,0.1693025678396225,-0.6094021201133728,0.5183850526809692,0.1661445051431656,-0.6097382307052612,0.5969274044036865,0.1935427039861679,-0.3163242042064667,0.4991166591644287,0.17193736135959625,-0.373971164226532,0.5780245065689087,0.24905675649642944,-0.5384990572929382,0.5326007604598999,0.24523727595806122,-0.5540769696235657,0.6341355443000793,0.407893568277359,-0.23078224062919617,0.3838781714439392,0.3627845048904419,-0.23652946949005127,0.6879801750183105,0.711941659450531,-0.28083792328834534,0.19071358442306519,0.5028709769248962,-0.6545318365097046,0.6970709562301636,0.9203713536262512,-0.4608258605003357,0.289357990026474,0.3000161349773407,-1.076263427734375,0.7125575542449951,0.9826513528823853,-0.5170201659202576,0.30730119347572327,0.2350931614637375,-1.185203194618225,0.6892148852348328,0.9808348417282104,-0.5604609251022339,0.3268722891807556,0.2108064442873001,-1.1450759172439575,0.6724215745925903,0.9608650803565979,-0.48397722840309143,0.32728663086891174,0.23284226655960083,-1.0791741609573364,0.5438474416732788,0.8634915947914124,-0.026407519355416298,0.39713871479034424,0.8215511441230774,0.025932634249329567,0.5134067535400391,0.899193525314331,-0.07265269756317139,0.27787166833877563,0.6980087757110596,-0.11186148226261139,0.474680095911026,0.957507848739624,0.16000373661518097,0.260250985622406,0.7345018982887268,0.09754540026187897,0.4700722098350525,0.9618327021598816,0.18354974687099457,0.2705414891242981,0.7551954388618469,0.11737196147441864,0.4294346272945404,0.9665605425834656,0.007347720209509134,0.2070605307817459,0.7134866714477539,-0.05237124115228653,0.0,0.0,0.0,0.0,0.0,0.0,0.0,0.0,0.0,0.0,0.0,0.0,0.0,0.0,0.0,0.0,0.0,0.0,0.0,0.0,0.0,0.0,0.0,0.0,0.0,0.0,0.0,0.0,0.0,0.0,0.0,0.0,0.0,0.0,0.0,0.0,0.0,0.0,0.0,0.0,0.0,0.0,0.0,0.0,0.0,0.0,0.0,0.0,0.0,0.0,0.0,0.0,0.0,0.0,0.0,0.0,0.0,0.0,0.0,0.0,0.0,0.0,0.0,0.2910305857658386,0.2930643558502197,1.195647598706273e-07,0.3295758366584778,0.2747108042240143,-0.011695983819663525,0.35898399353027344,0.2431701123714447,-0.014977701008319855,0.37020814418792725,0.20734459161758423,-0.018189413473010063,0.37731391191482544,0.1775008738040924,-0.02188943326473236,0.3415766954421997,0.18875232338905334,-0.009440146386623383,0.3549165725708008,0.14567501842975616,-0.019370686262845993,0.3607254922389984,0.12035118788480759,-0.027652235701680183,0.3654126822948456,0.09757867455482483,-0.03370838612318039,0.31777969002723694,0.1818373203277588,-0.011516354978084564,0.32482901215553284,0.1355927586555481,-0.019597500562667847,0.32803601026535034,0.10839115083217621,-0.027515431866049767,0.3300699293613434,0.084257110953331,-0.033729951828718185,0.2945730686187744,0.18700233101844788,-0.015259452164173126,0.2947809398174286,0.1449272185564041,-0.02371254563331604,0.29491090774536133,0.11890989542007446,-0.02996552176773548,0.29587140679359436,0.09470704942941666,-0.03507542237639427,0.27180254459381104,0.20192794501781464,-0.020367126911878586,0.2634865641593933,0.1747760772705078,-0.02951139025390148,0.2579832971096039,0.157669335603714,-0.03337661176919937,0.25259387493133545,0.14111143350601196,-0.03583301603794098,3
0.47814154624938965,0.4116046130657196,-1.364629864692688,0.5076345205307007,0.37339887022972107,-1.3278049230575562,0.5226531028747559,0.3768403232097626,-1.3275988101959229,0.5349482893943787,0.3792370855808258,-1.327073335647583,0.4659666121006012,0.36526647210121155,-1.3337275981903076,0.45486539602279663,0.3639337122440338,-1.3342764377593994,0.4459409713745117,0.3627775311470032,-1.3340340852737427,0.5597550272941589,0.3978193998336792,-1.0264477729797363,0.4365480840206146,0.3731387257575989,-1.0472733974456787,0.5055384635925293,0.4625896215438843,-1.2464781999588013,0.4563358426094055,0.45319291949272156,-1.2546184062957764,0.6408418416976929,0.6190235018730164,-0.8218340873718262,0.3195893168449402,0.6210347414016724,-0.782260537147522,0.8023465275764465,0.9157088398933411,-1.184961199760437,0.20712819695472717,0.9171356558799744,-0.9565314054489136,0.6862087845802307,0.6787799596786499,-1.7473704814910889,0.22180123627185822,1.0784428119659424,-1.3361560106277466,0.6717907190322876,0.6081977486610413,-1.8949718475341797,0.21372008323669434,1.1368598937988281,-1.435007929801941,0.6561404466629028,0.5670307874679565,-1.821058988571167,0.2547275125980377,1.1282093524932861,-1.4411412477493286,0.651556134223938,0.5902883410453796,-1.7423816919326782,0.264214426279068,1.109384298324585,-1.3578886985778809,0.5806845426559448,1.1576870679855347,0.019861634820699692,0.37623536586761475,1.1144908666610718,-0.013738470152020454,0.577736496925354,1.5786476135253906,0.07041852176189423,0.37719660997390747,1.557186245918274,-0.06994904577732086,0.564159631729126,1.8719069957733154,0.8396080732345581,0.37050729990005493,1.879892110824585,0.5338331460952759,0.5629817247390747,1.9203354120254517,0.9177306890487671,0.3710438907146454,1.929494857788086,0.588658332824707,0.5399816632270813,2.008073568344116,0.6621193885803223,0.38707631826400757,2.027306079864502,0.2954498529434204,0.6745296120643616,0.6975318193435669,9.883987672765215e-08,0.633940577507019,0.6729148626327515,-0.008664038963615894,0.6044437885284424,0.6257721185684204,-0.011919510550796986,0.5864299535751343,0.5854146480560303,-0.01582036353647709,0.5699760913848877,0.5577556490898132,-0.01992633007466793,0.6299751400947571,0.5698701739311218,-0.0018200641497969627,0.625885546207428,0.5183222889900208,-0.012040992267429829,0.62607342004776,0.4904804527759552,-0.021359054371714592,0.626293420791626,0.46338415145874023,-0.02858414314687252,0.6483396291732788,0.5678550004959106,-0.00656491331756115,0.6451690196990967,0.5113975405693054,-0.013942903839051723,0.6430612802505493,0.4806392788887024,-0.02128695137798786,0.6415054202079773,0.4519125819206238,-0.027584649622440338,0.6663622260093689,0.575795590877533,-0.013703090138733387,0.6649779677391052,0.5233739614486694,-0.022361688315868378,0.6629306674003601,0.49404314160346985,-0.025844937190413475,0.6601536273956299,0.4676302373409271,-0.028892042115330696,0.6849983334541321,0.5924339294433594,-0.022229338064789772,0.6853175163269043,0.5553796887397766,-0.02971283532679081,0.6817184686660767,0.5319827198982239,-0.030813928693532944,0.6770422458648682,0.5107994079589844,-0.03202760964632034,0.0,0.0,0.0,0.0,0.0,0.0,0.0,0.0,0.0,0.0,0.0,0.0,0.0,0.0,0.0,0.0,0.0,0.0,0.0,0.0,0.0,0.0,0.0,0.0,0.0,0.0,0.0,0.0,0.0,0.0,0.0,0.0,0.0,0.0,0.0,0.0,0.0,0.0,0.0,0.0,0.0,0.0,0.0,0.0,0.0,0.0,0.0,0.0,0.0,0.0,0.0,0.0,0.0,0.0,0.0,0.0,0.0,0.0,0.0,0.0,0.0,0.0,0.0,3
0.5764225125312805,0.2917461395263672,-1.3161914348602295,0.5994436144828796,0.24935151636600494,-1.2603343725204468,0.6124361753463745,0.25017887353897095,-1.2603108882904053,0.6227043867111206,0.2508705258369446,-1.2602264881134033,0.5525245666503906,0.24476490914821625,-1.2782284021377563,0.537656307220459,0.24247266352176666,-1.2785699367523193,0.5224683284759521,0.24070580303668976,-1.2782707214355469,0.6276159286499023,0.26867440342903137,-0.8453496694564819,0.4860357642173767,0.25219592452049255,-0.985714316368103,0.5943816900253296,0.3372674882411957,-1.1841462850570679,0.5441225171089172,0.3335375189781189,-1.1918885707855225,0.6876375079154968,0.5384917855262756,-0.4882585108280182,0.34656959772109985,0.49482059478759766,-0.7235481142997742,0.752363920211792,0.9057635068893433,-0.36790478229522705,0.09224127233028412,0.6825451254844666,-1.163549542427063,0.7746330499649048,1.1411497592926025,-0.6370410323143005,0.22257249057292938,0.4063349962234497,-1.7641503810882568,0.7929693460464478,1.2283490896224976,-0.6820170879364014,0.22883732616901398,0.32327115535736084,-1.8891613483428955,0.7720385789871216,1.2185237407684326,-0.732904314994812,0.2650897204875946,0.29085904359817505,-1.844805121421814,0.7552225589752197,1.188424825668335,-0.6619471907615662,0.27003592252731323,0.32290780544281006,-1.7618039846420288,0.6015362739562988,1.0829395055770874,0.10750629752874374,0.409938246011734,1.096713662147522,-0.10415054857730865,0.6515988111495972,1.427598476409912,0.41012993454933167,0.46513861417770386,1.4354534149169922,0.024649327620863914,0.600092351436615,1.7458891868591309,1.349744200706482,0.4243412911891937,1.8105778694152832,0.6968152523040771,0.5904772281646729,1.778732180595398,1.436830997467041,0.4164341986179352,1.86933171749115,0.7559317350387573,0.601472795009613,1.9391907453536987,1.2484650611877441,0.46716398000717163,1.920951247215271,0.43824028968811035,0.0,0.0,0.0,0.0,0.0,0.0,0.0,0.0,0.0,0.0,0.0,0.0,0.0,0.0,0.0,0.0,0.0,0.0,0.0,0.0,0.0,0.0,0.0,0.0,0.0,0.0,0.0,0.0,0.0,0.0,0.0,0.0,0.0,0.0,0.0,0.0,0.0,0.0,0.0,0.0,0.0,0.0,0.0,0.0,0.0,0.0,0.0,0.0,0.0,0.0,0.0,0.0,0.0,0.0,0.0,0.0,0.0,0.0,0.0,0.0,0.0,0.0,0.0,0.23249340057373047,0.39636117219924927,1.2239451052664663e-07,0.2859656810760498,0.37104731798171997,-0.016852205619215965,0.3246816098690033,0.3294646739959717,-0.019586488604545593,0.3354957699775696,0.27940043807029724,-0.022165196016430855,0.34470170736312866,0.24168017506599426,-0.02515501156449318,0.29876458644866943,0.2615605890750885,-0.006522887386381626,0.31618884205818176,0.20534983277320862,-0.016473127529025078,0.32381460070610046,0.1730731576681137,-0.026234464719891548,0.33114203810691833,0.14326533675193787,-0.03414139896631241,0.2682288885116577,0.25239333510398865,-0.0070496234111487865,0.27645209431648254,0.19464853405952454,-0.015488744713366032,0.28143641352653503,0.15936006605625153,-0.026392968371510506,0.28527507185935974,0.12854328751564026,-0.03550225496292114,0.23917974531650543,0.25857454538345337,-0.010300498455762863,0.23728133738040924,0.20560479164123535,-0.02006305567920208,0.23682937026023865,0.17162799835205078,-0.03032531403005123,0.23832039535045624,0.1400613635778427,-0.038789406418800354,0.210661381483078,0.27656078338623047,-0.015617907978594303,0.19856807589530945,0.24203790724277496,-0.02683340571820736,0.1908738613128662,0.2200300544500351,-0.03398865833878517,0.18455477058887482,0.19858910143375397,-0.03927372395992279,3
0.5211648344993591,0.3892633318901062,-0.8372332453727722,0.5467202663421631,0.34553292393684387,-0.8027458190917969,0.5604507923126221,0.3437284231185913,-0.8029043078422546,0.5730133652687073,0.3420637845993042,-0.8029228448867798,0.5073559880256653,0.3493029773235321,-0.7750234603881836,0.4976626932621002,0.3495903015136719,-0.7752712965011597,0.48896998167037964,0.3496580123901367,-0.7750940322875977,0.5999677181243896,0.3551367521286011,-0.520148515701294,0.4858889579772949,0.35714423656463623,-0.3994685411453247,0.5508639216423035,0.430053174495697,-0.7285988330841064,0.5099388957023621,0.4314776062965393,-0.693845272064209,0.7106194496154785,0.5974145531654358,-0.33783572912216187,0.4159693717956543,0.5637072324752808,-0.13295021653175354,0.7621252536773682,0.9166573286056519,-0.32015854120254517,0.19206462800502777,0.5693226456642151,-0.5057072043418884,0.7989712357521057,1.1557552814483643,-0.5394623875617981,0.18678908050060272,0.28595346212387085,-1.093835711479187,0.8165329694747925,1.2281440496444702,-0.5807077884674072,0.18023179471492767,0.1932259351015091,-1.1987340450286865,0.8054220080375671,1.213480830192566,-0.6575746536254883,0.19292663037776947,0.17819036543369293,-1.1674124002456665,0.7908393144607544,1.1915092468261719,-0.5765475034713745,0.2028386890888214,0.20500841736793518,-1.109110713005066,0.6338801383972168,1.1645221710205078,-0.05239931493997574,0.44201889634132385,1.1478304862976074,0.05838790535926819,0.6241571307182312,1.5925577878952026,-0.20922426879405975,0.44148024916648865,1.5729854106903076,-0.06587494164705276,0.621371328830719,1.9781343936920166,0.43526753783226013,0.4407852590084076,1.994415044784546,0.38374486565589905,0.6339728236198425,2.0282766819000244,0.496687114238739,0.44881385564804077,2.055976390838623,0.41801291704177856,0.5710009932518005,2.1128640174865723,0.2158934623003006,0.42557257413864136,2.121464967727661,0.09294255822896957,0.0,0.0,0.0,0.0,0.0,0.0,0.0,0.0,0.0,0.0,0.0,0.0,0.0,0.0,0.0,0.0,0.0,0.0,0.0,0.0,0.0,0.0,0.0,0.0,0.0,0.0,0.0,0.0,0.0,0.0,0.0,0.0,0.0,0.0,0.0,0.0,0.0,0.0,0.0,0.0,0.0,0.0,0.0,0.0,0.0,0.0,0.0,0.0,0.0,0.0,0.0,0.0,0.0,0.0,0.0,0.0,0.0,0.0,0.0,0.0,0.0,0.0,0.0,0.17666010558605194,0.28004685044288635,1.2559952722313028e-07,0.20956510305404663,0.25141146779060364,-0.013877211138606071,0.23571810126304626,0.21507154405117035,-0.019165700301527977,0.24896492063999176,0.17842881381511688,-0.024361027404665947,0.2624931037425995,0.1513632833957672,-0.029555073007941246,0.20588700473308563,0.15626654028892517,-0.0030244067311286926,0.2092088907957077,0.11562498658895493,-0.011078041978180408,0.208611398935318,0.09225311130285263,-0.020030586048960686,0.20775948464870453,0.06830272078514099,-0.02712431363761425,0.1832847148180008,0.1546674221754074,-0.0032000173814594746,0.18432624638080597,0.11079888045787811,-0.008877810090780258,0.18458718061447144,0.08480273932218552,-0.01630900241434574,0.18558040261268616,0.0591106191277504,-0.022823626175522804,0.1630096137523651,0.16321732103824615,-0.005913097877055407,0.16009421646595,0.12273014336824417,-0.012303822673857212,0.16026869416236877,0.09745684266090393,-0.01693025603890419,0.16232456266880035,0.07207095623016357,-0.021025126799941063,0.1427997350692749,0.1795661747455597,-0.010520520620048046,0.13459376990795135,0.14883138239383698,-0.01642044447362423,0.13102062046527863,0.1293455958366394,-0.018216224387288094,0.12929195165634155,0.10901598632335663,-0.019774096086621284,3
0.5713876485824585,0.29009440541267395,-1.3104172945022583,0.596420407295227,0.25091472268104553,-1.2422726154327393,0.6088147163391113,0.25231900811195374,-1.2417137622833252,0.6218264698982239,0.2543383836746216,-1.2414867877960205,0.5520217418670654,0.2474590390920639,-1.2525215148925781,0.5337257385253906,0.2459934800863266,-1.2527196407318115,0.5192359089851379,0.24413904547691345,-1.2521135807037354,0.6419578790664673,0.27690285444259644,-0.8057169914245605,0.4971046447753906,0.2553712725639343,-0.8612543940544128,0.5935442447662354,0.3423934280872345,-1.145965576171875,0.5402402281761169,0.33661526441574097,-1.163849949836731,0.7281941175460815,0.5755804181098938,-0.43689045310020447,0.38087671995162964,0.5103338360786438,-0.548254132270813,0.7656300067901611,0.9122321009635925,-0.33802804350852966,0.17129665613174438,0.8325501680374146,-0.9765238761901855,0.8371127843856812,1.1135962009429932,-0.7437082529067993,0.18202431499958038,0.5024467706680298,-1.7562059164047241,0.8706424832344055,1.1740134954452515,-0.7905269861221313,0.172454372048378,0.4128783941268921,-1.907269835472107,0.8551169633865356,1.164286732673645,-0.880593478679657,0.19180184602737427,0.35967448353767395,-1.8744680881500244,0.8325810432434082,1.1421204805374146,-0.7915615439414978,0.20447631180286407,0.39532655477523804,-1.7673389911651611,0.6322368383407593,1.1550959348678589,0.04036644473671913,0.4252328872680664,1.1349278688430786,-0.033296696841716766,0.644428551197052,1.6445053815841675,0.03262866660952568,0.4371121823787689,1.660474419593811,0.02033863589167595,0.6457954049110413,2.064758062362671,0.9017853736877441,0.4356845021247864,2.093749761581421,0.6836100220680237,0.6468085050582886,2.131390333175659,0.9861190915107727,0.4308369755744934,2.1655972003936768,0.7348001003265381,0.6221844553947449,2.2246811389923096,0.6740840077400208,0.47057008743286133,2.244777202606201,0.34366196393966675,0.0,0.0,0.0,0.0,0.0,0.0,0.0,0.0,0.0,0.0,0.0,0.0,0.0,0.0,0.0,0.0,0.0,0.0,0.0,0.0,0.0,0.0,0.0,0.0,0.0,0.0,0.0,0.0,0.0,0.0,0.0,0.0,0.0,0.0,0.0,0.0,0.0,0.0,0.0,0.0,0.0,0.0,0.0,0.0,0.0,0.0,0.0,0.0,0.0,0.0,0.0,0.0,0.0,0.0,0.0,0.0,0.0,0.0,0.0,0.0,0.0,0.0,0.0,0.17372654378414154,0.5007402300834656,2.0463443206608645e-07,0.2218313068151474,0.46760094165802,-0.01621323823928833,0.255580335855484,0.41941767930984497,-0.021593833342194557,0.268661230802536,0.37594231963157654,-0.026693161576986313,0.2844020128250122,0.34590432047843933,-0.03196903318166733,0.21112507581710815,0.3469908535480499,-0.005814006086438894,0.21461093425750732,0.2928251028060913,-0.016261909157037735,0.21386519074440002,0.25930386781692505,-0.02690853364765644,0.21281976997852325,0.22982007265090942,-0.03499492257833481,0.18101811408996582,0.3450319170951843,-0.007201751694083214,0.17856547236442566,0.2830260694026947,-0.01584046706557274,0.17599612474441528,0.24407312273979187,-0.02637537196278572,0.17348966002464294,0.20876727998256683,-0.03455517813563347,0.15421344339847565,0.35558781027793884,-0.011239591985940933,0.15047737956047058,0.29839688539505005,-0.020857203751802444,0.14850953221321106,0.2632332742214203,-0.02910652384161949,0.14803001284599304,0.23002377152442932,-0.03525553643703461,0.12799705564975739,0.3770613968372345,-0.017117202281951904,0.11643054336309433,0.3378564715385437,-0.02684713713824749,0.11054587364196777,0.3122897446155548,-0.030987463891506195,0.1066313236951828,0.28662753105163574,-0.033564403653144836,3
0.5051727294921875,0.4666048586368561,-0.4821750521659851,0.5190367102622986,0.43746745586395264,-0.4250222146511078,0.5302612781524658,0.4395695626735687,-0.42459481954574585,0.5406714677810669,0.4409915506839752,-0.4241105616092682,0.48728322982788086,0.43430930376052856,-0.4251481592655182,0.4762604832649231,0.43450289964675903,-0.425434410572052,0.4655517041683197,0.43506813049316406,-0.4252380430698395,0.5483478307723999,0.4595709443092346,-0.11903969943523407,0.44503697752952576,0.4565930962562561,-0.12023496627807617,0.5235399007797241,0.5045848488807678,-0.365929514169693,0.48079219460487366,0.5001377463340759,-0.36734235286712646,0.6151741743087769,0.6534465551376343,-0.05455818772315979,0.3719250559806824,0.6318320631980896,-0.01199785154312849,0.6388081312179565,0.8003417253494263,-0.40711918473243713,0.2211577594280243,0.7194861173629761,-0.5016707181930542,0.5809321999549866,0.5872865319252014,-0.8280774354934692,0.3116494417190552,0.48164528608322144,-1.0556436777114868,0.5567868947982788,0.5271998643875122,-0.9378503561019897,0.3108470141887665,0.4008764326572418,-1.195742130279541,0.5458688139915466,0.5170680284500122,-0.9233576059341431,0.3284376263618469,0.3817598521709442,-1.1382049322128296,0.5519317984580994,0.5421780943870544,-0.8454157710075378,0.3349097967147827,0.41234290599823,-1.061570405960083,0.580685555934906,1.1265296936035156,0.015977656468749046,0.413855642080307,1.1220921277999878,-0.008289743214845657,0.5987684726715088,1.61279296875,-0.22387290000915527,0.4223600924015045,1.6299495697021484,-0.2696910500526428,0.6047982573509216,2.06140398979187,0.13499702513217926,0.4264408051967621,2.0711889266967773,-0.036971546709537506,0.6101773381233215,2.125973701477051,0.17549782991409302,0.42090821266174316,2.133517265319824,-0.019044267013669014,0.5856342315673828,2.17897891998291,-0.1068287119269371,0.45244985818862915,2.1775944232940674,-0.3576571047306061,0.0,0.0,0.0,0.0,0.0,0.0,0.0,0.0,0.0,0.0,0.0,0.0,0.0,0.0,0.0,0.0,0.0,0.0,0.0,0.0,0.0,0.0,0.0,0.0,0.0,0.0,0.0,0.0,0.0,0.0,0.0,0.0,0.0,0.0,0.0,0.0,0.0,0.0,0.0,0.0,0.0,0.0,0.0,0.0,0.0,0.0,0.0,0.0,0.0,0.0,0.0,0.0,0.0,0.0,0.0,0.0,0.0,0.0,0.0,0.0,0.0,0.0,0.0,0.30456650257110596,0.48709189891815186,8.67150262706673e-08,0.330098032951355,0.4665408134460449,-0.011916251853108406,0.34258347749710083,0.43414926528930664,-0.014843754470348358,0.33480191230773926,0.40369024872779846,-0.016888797283172607,0.329329252243042,0.38075384497642517,-0.018435144796967506,0.33161023259162903,0.3917446732521057,-0.003723142435774207,0.334788054227829,0.35320159792900085,-0.010094313882291317,0.3336312770843506,0.33148443698883057,-0.016025563701987267,0.33124977350234985,0.31251412630081177,-0.02012140117585659,0.3152701258659363,0.3890710771083832,-0.0027924117166548967,0.3192303776741028,0.34658944606781006,-0.0072297872975468636,0.3188823163509369,0.32096511125564575,-0.012323549948632717,0.31819289922714233,0.30075764656066895,-0.016029922291636467,0.2996342182159424,0.3937818706035614,-0.003929476253688335,0.30018380284309387,0.35537290573120117,-0.009246958419680595,0.29942286014556885,0.3330799639225006,-0.01392888743430376,0.2988019585609436,0.31537729501724243,-0.01702796295285225,0.2832850217819214,0.40551409125328064,-0.006391987670212984,0.2801039516925812,0.37927085161209106,-0.011821672320365906,0.27736154198646545,0.36291688680648804,-0.01426700409501791,0.27472424507141113,0.34822577238082886,-0.015641383826732635,3
0.6231950521469116,0.3165688216686249,-1.4916597604751587,0.6407325863838196,0.2755582630634308,-1.4220874309539795,0.6537637114524841,0.2755875289440155,-1.421560525894165,0.6645394563674927,0.2756984829902649,-1.4214450120925903,0.5939180850982666,0.27854016423225403,-1.42892324924469,0.5797256231307983,0.28055134415626526,-1.4291865825653076,0.5686763525009155,0.2829441428184509,-1.4286249876022339,0.6795197129249573,0.2992298901081085,-0.9613523483276367,0.5503560304641724,0.3072275221347809,-1.001532793045044,0.6494845151901245,0.3623250722885132,-1.3153417110443115,0.5969887971878052,0.36575618386268616,-1.3271000385284424,0.8091011047363281,0.5538852214813232,-0.570431649684906,0.4258440434932709,0.5391950011253357,-0.6607580780982971,0.9053441286087036,0.8749685287475586,-0.5645292401313782,0.16294188797473907,0.7178698182106018,-1.186159372329712,0.8878476023674011,1.163414478302002,-1.0198343992233276,0.30530792474746704,0.4937294125556946,-1.9212076663970947,0.9018172025680542,1.256393313407898,-1.0988351106643677,0.3206074833869934,0.4149763882160187,-2.082587242126465,0.8744463920593262,1.254643201828003,-1.175392985343933,0.3465532958507538,0.39422208070755005,-2.018988609313965,0.8629967570304871,1.2209957838058472,-1.0620324611663818,0.3540531396865845,0.42551717162132263,-1.9196056127548218,0.718721866607666,1.1295195817947388,0.03444124013185501,0.4792404770851135,1.1363497972488403,-0.027882471680641174,0.7189856171607971,1.6449000835418701,-0.22983554005622864,0.5031690001487732,1.6276260614395142,-0.36424168944358826,0.7145761251449585,2.0923149585723877,0.5870307683944702,0.5039771795272827,2.088724374771118,0.21924838423728943,0.7155219316482544,2.162524461746216,0.6636908650398254,0.49680060148239136,2.16335129737854,0.26093944907188416,0.6960705518722534,2.2453458309173584,0.2999919056892395,0.5527589321136475,2.234016180038452,-0.20954318344593048,0.0,0.0,0.0,0.0,0.0,0.0,0.0,0.0,0.0,0.0,0.0,0.0,0.0,0.0,0.0,0.0,0.0,0.0,0.0,0.0,0.0,0.0,0.0,0.0,0.0,0.0,0.0,0.0,0.0,0.0,0.0,0.0,0.0,0.0,0.0,0.0,0.0,0.0,0.0,0.0,0.0,0.0,0.0,0.0,0.0,0.0,0.0,0.0,0.0,0.0,0.0,0.0,0.0,0.0,0.0,0.0,0.0,0.0,0.0,0.0,0.0,0.0,0.0,0.3016355335712433,0.47388842701911926,3.424829913001304e-07,0.3480376601219177,0.4612810015678406,-0.01715368963778019,0.3735051155090332,0.4198894798755646,-0.02182161621749401,0.38084888458251953,0.37411054968833923,-0.024725425988435745,0.3810657858848572,0.33728158473968506,-0.02807879075407982,0.36743080615997314,0.38261106610298157,-0.015168672427535057,0.3755233585834503,0.33470991253852844,-0.026612695306539536,0.375898540019989,0.2982792258262634,-0.035326696932315826,0.37334197759628296,0.26664844155311584,-0.04144292324781418,0.33853426575660706,0.3711639642715454,-0.013193990103900433,0.3459772765636444,0.3200894594192505,-0.023223547264933586,0.3473514914512634,0.28209561109542847,-0.03278178349137306,0.3477223813533783,0.24896597862243652,-0.039274755865335464,0.3089466094970703,0.3697494566440582,-0.012748564593493938,0.31271588802337646,0.32207125425338745,-0.02390988916158676,0.31329089403152466,0.2844301164150238,-0.033031389117240906,0.3136967122554779,0.25189098715782166,-0.038750797510147095,0.2796514630317688,0.37857019901275635,-0.013305045664310455,0.2807699739933014,0.3433816134929657,-0.024106761440634727,0.28015393018722534,0.3182884454727173,-0.02914699912071228,0.28022077679634094,0.2955862879753113,-0.0315992496907711,3
0.6699533462524414,0.2658478915691376,-2.2886204719543457,0.7130444049835205,0.21158047020435333,-2.2293715476989746,0.7372182011604309,0.2153668999671936,-2.2291646003723145,0.7562637329101562,0.21935099363327026,-2.228928565979004,0.6440710425376892,0.20489293336868286,-2.236199378967285,0.6215734481811523,0.20346160233020782,-2.2366902828216553,0.5983563661575317,0.2030591070652008,-2.236461877822876,0.7911373972892761,0.252092570066452,-1.7310959100723267,0.5532895922660828,0.22698242962360382,-1.7727625370025635,0.7049505114555359,0.34297993779182434,-2.0889432430267334,0.6321490406990051,0.33237898349761963,-2.10361385345459,0.8750752210617065,0.5985052585601807,-1.2653509378433228,0.4152136743068695,0.5454838275909424,-1.3241946697235107,0.915136992931366,1.007135033607483,-1.2743966579437256,0.24773931503295898,0.9389506578445435,-1.920027732849121,0.928237795829773,1.2857615947723389,-1.7386261224746704,0.21963337063789368,0.6794697046279907,-2.80779767036438,0.9562393426895142,1.3636726140975952,-1.8375685214996338,0.17364546656608582,0.575879693031311,-2.9874815940856934,0.925885021686554,1.3245881795883179,-1.8900871276855469,0.19834120571613312,0.5301122069358826,-2.9593167304992676,0.8992403149604797,1.2962937355041504,-1.7761690616607666,0.2459947168827057,0.5833258032798767,-2.8226585388183594,0.7256806492805481,1.213781476020813,0.026516955345869064,0.4650161862373352,1.1762572526931763,-0.020349757745862007,0.7141349911689758,1.7165358066558838,0.24474139511585236,0.47385820746421814,1.6888264417648315,0.2251829206943512,0.6778352856636047,2.1188228130340576,1.4649879932403564,0.4534999430179596,2.105496883392334,1.2907530069351196,0.6682919263839722,2.1760101318359375,1.5828619003295898,0.44777828454971313,2.1695289611816406,1.3847644329071045,0.6334106922149658,2.3420755863189697,1.2103937864303589,0.48217567801475525,2.314880132675171,0.95887690782547,0.0,0.0,0.0,0.0,0.0,0.0,0.0,0.0,0.0,0.0,0.0,0.0,0.0,0.0,0.0,0.0,0.0,0.0,0.0,0.0,0.0,0.0,0.0,0.0,0.0,0.0,0.0,0.0,0.0,0.0,0.0,0.0,0.0,0.0,0.0,0.0,0.0,0.0,0.0,0.0,0.0,0.0,0.0,0.0,0.0,0.0,0.0,0.0,0.0,0.0,0.0,0.0,0.0,0.0,0.0,0.0,0.0,0.0,0.0,0.0,0.0,0.0,0.0,0.21204808354377747,0.7044093608856201,2.817839401814126e-07,0.266190767288208,0.6569703221321106,-0.016018664464354515,0.29758942127227783,0.5875730514526367,-0.0172512698918581,0.3097710907459259,0.524666428565979,-0.018660662695765495,0.32219523191452026,0.4825650155544281,-0.020171113312244415,0.24477536976337433,0.5273516774177551,0.001523569691926241,0.25229841470718384,0.4555737376213074,-0.0065666623413562775,0.2560262382030487,0.4143405258655548,-0.015548230148851871,0.25841835141181946,0.37992429733276367,-0.022108253091573715,0.20617565512657166,0.5284373164176941,0.0011642460012808442,0.19816812872886658,0.45009323954582214,-0.004971425049006939,0.19422705471515656,0.4022527039051056,-0.014703357592225075,0.1910845935344696,0.36291778087615967,-0.022462600842118263,0.17229895293712616,0.541975200176239,-0.002497629728168249,0.1564846634864807,0.4736923277378082,-0.01060333102941513,0.1496659517288208,0.4326941967010498,-0.018905097618699074,0.1468275785446167,0.3970702588558197,-0.024993963539600372,0.1416180431842804,0.5665857195854187,-0.00827182549983263,0.12380091100931168,0.5148529410362244,-0.016501709818840027,0.11434312164783478,0.4825873076915741,-0.0201045460999012,0.10858047753572464,0.4511609375476837,-0.02246900647878647,3
0.580511748790741,0.46908047795295715,-2.1972744464874268,0.6173193454742432,0.388300359249115,-2.1422791481018066,0.6413000822067261,0.38820526003837585,-2.1424474716186523,0.6592817902565002,0.3903711140155792,-2.1416332721710205,0.5453150868415833,0.40031641721725464,-2.197798252105713,0.525719940662384,0.4045022428035736,-2.1932904720306396,0.5050325393676758,0.40763217210769653,-2.1862411499023438,0.6807423233985901,0.4262635111808777,-1.6433680057525635,0.4695982336997986,0.4339226186275482,-1.6447947025299072,0.6245132684707642,0.5468243360519409,-1.9987447261810303,0.5469549894332886,0.5446752309799194,-2.0349156856536865,0.8161419034004211,0.8765348792076111,-1.1952022314071655,0.3609088659286499,0.8114728331565857,-1.2843129634857178,0.9017387628555298,1.3663562536239624,-1.1180436611175537,0.13738341629505157,1.0166983604431152,-1.9468415975570679,0.8539139032363892,1.5990437269210815,-1.3361928462982178,0.21710839867591858,0.5939528942108154,-2.713325262069702,0.8611248731613159,1.69961678981781,-1.3997597694396973,0.22267977893352509,0.47839346528053284,-2.8838534355163574,0.8224031329154968,1.6754652261734009,-1.431797742843628,0.2462759017944336,0.4594584107398987,-2.786367893218994,0.8070069551467896,1.633920431137085,-1.355046033859253,0.25042101740837097,0.5042616128921509,-2.725982189178467,0.687407374382019,1.4931697845458984,0.02989780530333519,0.41196316480636597,1.4604803323745728,-0.02431590110063553,0.6700599789619446,1.998809576034546,0.4774754047393799,0.4265987277030945,1.9954031705856323,0.2541293799877167,0.6336191892623901,2.3751535415649414,1.8779070377349854,0.39420729875564575,2.39680552482605,1.3805382251739502,0.6221294403076172,2.433753728866577,2.0189642906188965,0.3897511959075928,2.463913917541504,1.4843223094940186,0.6002132296562195,2.6034605503082275,1.6879123449325562,0.42284807562828064,2.617905378341675,1.0546648502349854,0.0,0.0,0.0,0.0,0.0,0.0,0.0,0.0,0.0,0.0,0.0,0.0,0.0,0.0,0.0,0.0,0.0,0.0,0.0,0.0,0.0,0.0,0.0,0.0,0.0,0.0,0.0,0.0,0.0,0.0,0.0,0.0,0.0,0.0,0.0,0.0,0.0,0.0,0.0,0.0,0.0,0.0,0.0,0.0,0.0,0.0,0.0,0.0,0.0,0.0,0.0,0.0,0.0,0.0,0.0,0.0,0.0,0.0,0.0,0.0,0.0,0.0,0.0,0.19141864776611328,0.5925183892250061,3.784661544159462e-07,0.23800206184387207,0.5847306847572327,-0.01278691180050373,0.26974937319755554,0.530339777469635,-0.014434619806706905,0.2949613630771637,0.48504847288131714,-0.015244665555655956,0.3220450282096863,0.48275524377822876,-0.015013741329312325,0.2549552917480469,0.42612719535827637,0.003249158849939704,0.2770957946777344,0.3658212423324585,0.0009577796445228159,0.29023680090904236,0.3288494646549225,-0.004808981902897358,0.2982475459575653,0.3000110387802124,-0.009983389638364315,0.23138156533241272,0.41037845611572266,0.003678506938740611,0.2559421956539154,0.3433951139450073,0.0028479588218033314,0.27259889245033264,0.3028208017349243,-0.0020103929564356804,0.2847450077533722,0.2705008089542389,-0.006091417279094458,0.20774458348751068,0.4079248011112213,0.00165388616733253,0.2297316938638687,0.34372201561927795,-0.0007238860125653446,0.24603167176246643,0.30827173590660095,-0.006621728651225567,0.25841474533081055,0.2825169563293457,-0.011172613129019737,0.18306002020835876,0.4151152968406677,-0.002152626868337393,0.19337062537670135,0.36165308952331543,-0.0042828721925616264,0.20230410993099213,0.3298669159412384,-0.0059212809428572655,0.2111971229314804,0.303810179233551,-0.007319289725273848,3
0.486117422580719,0.24306902289390564,-0.8261358141899109,0.5066226720809937,0.18907079100608826,-0.7616856694221497,0.5219722986221313,0.18676409125328064,-0.7613828182220459,0.5360023379325867,0.18476524949073792,-0.7608464956283569,0.45799893140792847,0.20238974690437317,-0.7419564127922058,0.4415690004825592,0.21013040840625763,-0.7421366572380066,0.42665523290634155,0.21789951622486115,-0.7419831156730652,0.5635114908218384,0.21820801496505737,-0.3696049451828003,0.4102347493171692,0.25298693776130676,-0.2713359296321869,0.5207052230834961,0.29425373673439026,-0.6765526533126831,0.4627104699611664,0.29876360297203064,-0.6508748531341553,0.7202840447425842,0.5278836488723755,-0.11407025903463364,0.31347939372062683,0.5323259830474854,-0.01901407539844513,0.8980072140693665,0.9062070250511169,-0.5694394111633301,0.18203382194042206,0.869379997253418,-0.046740517020225525,0.8244220614433289,0.5259087085723877,-1.484336018562317,0.23864169418811798,0.9703177213668823,-0.657265841960907,0.810890793800354,0.4227844476699829,-1.6848456859588623,0.2733103036880493,1.060178279876709,-0.7934390902519226,0.7888349294662476,0.38749048113822937,-1.6492159366607666,0.3106686472892761,1.032222867012024,-0.8649957776069641,0.7848953008651733,0.4165879189968109,-1.49783194065094,0.3204666078090668,1.018945574760437,-0.7039668560028076,0.6342381238937378,1.1230392456054688,0.04781658947467804,0.3760816156864166,1.10798180103302,-0.043023403733968735,0.7154166102409363,1.5633642673492432,-0.40526431798934937,0.30378293991088867,1.591783046722412,-0.5012463331222534,0.6039438247680664,2.145118474960327,-0.06517282128334045,0.42108550667762756,2.1781256198883057,-0.293120414018631,0.5756000280380249,2.2293074131011963,-0.039637159556150436,0.4473140835762024,2.258815288543701,-0.2843851149082184,0.6165610551834106,2.3142151832580566,-0.4260907769203186,0.43461161851882935,2.3396530151367188,-0.716980516910553,0.8172212839126587,0.4802182912826538,9.447123261452361e-08,0.7713444828987122,0.45740410685539246,-0.008384552784264088,0.7349957823753357,0.42952287197113037,-0.013444401323795319,0.7103562951087952,0.4044053256511688,-0.019751351326704025,0.6876446008682251,0.39109617471694946,-0.02612110786139965,0.748025119304657,0.38928064703941345,-0.00016786420019343495,0.7316623330116272,0.34580743312835693,-0.010748455300927162,0.7273043990135193,0.3190649151802063,-0.020569778978824615,0.7242852449417114,0.2931212782859802,-0.02798684872686863,0.7735134363174438,0.37642353773117065,-0.005576969124376774,0.7580969333648682,0.3215115964412689,-0.013556032441556454,0.7523590326309204,0.2879667282104492,-0.020886173471808434,0.748206615447998,0.2572633624076843,-0.027298856526613235,0.8003024458885193,0.3726148009300232,-0.013602717779576778,0.7871960997581482,0.32063618302345276,-0.023303085938096046,0.7811086177825928,0.2889437675476074,-0.02750699408352375,0.7761659622192383,0.2608598470687866,-0.030887136235833168,0.8290150165557861,0.37800249457359314,-0.022915681824088097,0.8238528370857239,0.3404654860496521,-0.029543835669755936,0.8195487260818481,0.3170469403266907,-0.02968437597155571,0.8147099614143372,0.29610729217529297,-0.030545324087142944,0.0,0.0,0.0,0.0,0.0,0.0,0.0,0.0,0.0,0.0,0.0,0.0,0.0,0.0,0.0,0.0,0.0,0.0,0.0,0.0,0.0,0.0,0.0,0.0,0.0,0.0,0.0,0.0,0.0,0.0,0.0,0.0,0.0,0.0,0.0,0.0,0.0,0.0,0.0,0.0,0.0,0.0,0.0,0.0,0.0,0.0,0.0,0.0,0.0,0.0,0.0,0.0,0.0,0.0,0.0,0.0,0.0,0.0,0.0,0.0,0.0,0.0,0.0,3
0.7350181341171265,0.4432505965232849,-1.4704616069793701,0.7570765018463135,0.3701297342777252,-1.3954778909683228,0.7738252878189087,0.37059104442596436,-1.3955495357513428,0.7903800010681152,0.37209489941596985,-1.395566701889038,0.7062893509864807,0.37226402759552,-1.4217971563339233,0.6831427216529846,0.37421005964279175,-1.4226458072662354,0.6595569849014282,0.37632954120635986,-1.4225436449050903,0.8062101602554321,0.4044133722782135,-0.9065650105476379,0.6113067269325256,0.40509033203125,-1.0308963060379028,0.7610160708427429,0.49944961071014404,-1.279058814048767,0.6994423270225525,0.5009334087371826,-1.3161052465438843,0.887097954750061,0.7606747150421143,-0.5548873543739319,0.47579288482666016,0.7164350748062134,-0.7834190130233765,0.906602680683136,1.0885127782821655,-0.8432093858718872,0.1594608575105667,0.8791713118553162,-1.3921667337417603,0.9111937284469604,0.9689380526542664,-1.5414494276046753,0.2539532780647278,0.44082504510879517,-2.1468636989593506,0.9286335110664368,0.9400240778923035,-1.6761658191680908,0.27715206146240234,0.32923683524131775,-2.3182339668273926,0.9274953007698059,0.9058095812797546,-1.670458197593689,0.31043344736099243,0.301646888256073,-2.231395721435547,0.9039758443832397,0.9277697205543518,-1.5657200813293457,0.31472864747047424,0.3495129346847534,-2.1377315521240234,0.807376503944397,1.4074318408966064,0.11156519502401352,0.556648850440979,1.4146498441696167,-0.10429857671260834,0.8181209564208984,1.8441989421844482,0.4424336552619934,0.5913737416267395,1.8944480419158936,-0.10482881218194962,0.7716881632804871,2.2443673610687256,1.8033899068832397,0.5363848209381104,2.369159698486328,0.7871106863021851,0.7524513602256775,2.2918601036071777,1.9453709125518799,0.5183261036872864,2.4370195865631104,0.8688849210739136,0.7895115613937378,2.4611542224884033,1.688921332359314,0.5932959914207458,2.56018328666687,0.4067522883415222,0.0,0.0,0.0,0.0,0.0,0.0,0.0,0.0,0.0,0.0,0.0,0.0,0.0,0.0,0.0,0.0,0.0,0.0,0.0,0.0,0.0,0.0,0.0,0.0,0.0,0.0,0.0,0.0,0.0,0.0,0.0,0.0,0.0,0.0,0.0,0.0,0.0,0.0,0.0,0.0,0.0,0.0,0.0,0.0,0.0,0.0,0.0,0.0,0.0,0.0,0.0,0.0,0.0,0.0,0.0,0.0,0.0,0.0,0.0,0.0,0.0,0.0,0.0,0.24487698078155518,0.40563470125198364,9.429881941969143e-08,0.29539257287979126,0.40178555250167847,-0.013960226438939571,0.3392097055912018,0.3796822428703308,-0.01978606916964054,0.36701488494873047,0.3538915514945984,-0.02614963799715042,0.3821454644203186,0.32096776366233826,-0.03247736021876335,0.33674296736717224,0.2845842242240906,-0.0022694950457662344,0.3575405776500702,0.24016812443733215,-0.016464989632368088,0.3679288923740387,0.2226422131061554,-0.030524354428052902,0.37871772050857544,0.21202732622623444,-0.040004000067710876,0.31296059489250183,0.2650299668312073,-0.005512182135134935,0.33225327730178833,0.21162068843841553,-0.016709018498659134,0.34532061219215393,0.18769150972366333,-0.028275633230805397,0.359576016664505,0.1721038818359375,-0.036903928965330124,0.2851376235485077,0.25833186507225037,-0.01212370302528143,0.3014359474182129,0.2041553258895874,-0.024251790717244148,0.31668922305107117,0.17955029010772705,-0.03148096799850464,0.33380359411239624,0.16441047191619873,-0.03633007034659386,0.25326085090637207,0.2625524699687958,-0.02050023339688778,0.2643074095249176,0.22014574706554413,-0.0312521792948246,0.2750489115715027,0.1940433830022812,-0.0347316674888134,0.28719064593315125,0.17400407791137695,-0.036623451858758926,3
0.5917474031448364,0.4197918772697449,-0.7629857063293457,0.6051878333091736,0.36674603819847107,-0.718356728553772,0.6185677647590637,0.3665977716445923,-0.7181230783462524,0.6332731246948242,0.36713916063308716,-0.7179628014564514,0.5692927241325378,0.37047040462493896,-0.705245316028595,0.5563989281654358,0.37282705307006836,-0.7055960297584534,0.5432937741279602,0.37543365359306335,-0.7053605318069458,0.6534515619277954,0.3949653208255768,-0.3944435715675354,0.5277029275894165,0.4012548625469208,-0.33716604113578796,0.6195944547653198,0.4597296416759491,-0.6354303956031799,0.5705587267875671,0.4619792401790619,-0.6199929118156433,0.7562016844749451,0.6501185894012451,-0.25581982731819153,0.4523208737373352,0.6201334595680237,-0.15805043280124664,0.8324376344680786,0.9563732743263245,-0.5624983906745911,0.2465658187866211,0.6511511206626892,-0.8848705291748047,0.8636096715927124,1.0465748310089111,-1.0797549486160278,0.21945185959339142,0.3422005772590637,-1.8384039402008057,0.8843501210212708,1.0970908403396606,-1.1782554388046265,0.19835923612117767,0.254488468170166,-2.0217583179473877,0.8698986768722534,1.0788120031356812,-1.2148518562316895,0.21741151809692383,0.24592775106430054,-1.983676552772522,0.85498046875,1.0701470375061035,-1.1170369386672974,0.22575075924396515,0.275545597076416,-1.867552399635315,0.724734902381897,1.3316682577133179,-0.0034860814921557903,0.49589163064956665,1.3273329734802246,0.012625728733837605,0.7101178765296936,1.8475251197814941,-0.1653941124677658,0.49917134642601013,1.8422709703445435,-0.22351816296577454,0.7300902605056763,2.408886194229126,0.32030218839645386,0.5189333558082581,2.3662631511688232,0.22180500626564026,0.7445208430290222,2.4924581050872803,0.36591365933418274,0.5168985724449158,2.4406344890594482,0.2588711380958557,0.6728386282920837,2.5583741664886475,-0.033591363579034805,0.5258539915084839,2.5204079151153564,-0.1380482017993927,0.0,0.0,0.0,0.0,0.0,0.0,0.0,0.0,0.0,0.0,0.0,0.0,0.0,0.0,0.0,0.0,0.0,0.0,0.0,0.0,0.0,0.0,0.0,0.0,0.0,0.0,0.0,0.0,0.0,0.0,0.0,0.0,0.0,0.0,0.0,0.0,0.0,0.0,0.0,0.0,0.0,0.0,0.0,0.0,0.0,0.0,0.0,0.0,0.0,0.0,0.0,0.0,0.0,0.0,0.0,0.0,0.0,0.0,0.0,0.0,0.0,0.0,0.0,0.1983804702758789,0.35602498054504395,2.961733436279701e-08,0.23084749281406403,0.3280326724052429,-0.012339352630078793,0.2513045072555542,0.2860284149646759,-0.016269491985440254,0.2630288004875183,0.24862146377563477,-0.020198548212647438,0.2779543995857239,0.22713060677051544,-0.024318866431713104,0.2223357856273651,0.23912134766578674,-0.0073302919045090675,0.22543172538280487,0.19319406151771545,-0.015456168912351131,0.22314655780792236,0.16619203984737396,-0.023057160899043083,0.21959276497364044,0.1420629918575287,-0.02924136072397232,0.20063208043575287,0.23819401860237122,-0.0086766816675663,0.19503235816955566,0.18620312213897705,-0.015624147839844227,0.18839210271835327,0.1547427475452423,-0.023226970806717873,0.18108874559402466,0.1278163492679596,-0.02979153022170067,0.1810631901025772,0.24636417627334595,-0.011794607155025005,0.17431433498859406,0.1981632262468338,-0.01968557760119438,0.1683129221200943,0.16944444179534912,-0.026020636782050133,0.16209173202514648,0.1446358561515808,-0.03117775171995163,0.161918044090271,0.26213937997817993,-0.01634901948273182,0.1497458815574646,0.23007267713546753,-0.024367207661271095,0.14155542850494385,0.2086808979511261,-0.02812192775309086,0.1334381103515625,0.1888708919286728,-0.031001033261418343,3
0.5123745799064636,0.41491273045539856,-0.7695260047912598,0.5370968580245972,0.3580063581466675,-0.7182900905609131,0.5519329309463501,0.35689684748649597,-0.718127965927124,0.5685153603553772,0.3553152084350586,-0.7177262306213379,0.49964672327041626,0.3601527810096741,-0.7106789350509644,0.4881705343723297,0.3598686158657074,-0.710796058177948,0.47639092803001404,0.3586929738521576,-0.7104311585426331,0.5978134274482727,0.36681362986564636,-0.3616131842136383,0.4715638756752014,0.3660150468349457,-0.337091863155365,0.5379621982574463,0.4575372040271759,-0.6324542760848999,0.4983368515968323,0.4540554881095886,-0.625730574131012,0.6972888708114624,0.5973962545394897,-0.20605620741844177,0.4088665843009949,0.5426179766654968,-0.16199488937854767,0.7483376860618591,0.9065839648246765,-0.3700827956199646,0.243931844830513,0.5360561609268188,-0.9317587018013,0.7910493016242981,1.2059324979782104,-0.7545803785324097,0.25255829095840454,0.27692413330078125,-1.8398536443710327,0.8220443725585938,1.2929611206054688,-0.8343088030815125,0.2505417466163635,0.19975952804088593,-2.025822162628174,0.8014909625053406,1.2868494987487793,-0.9037963151931763,0.2702978849411011,0.18796361982822418,-1.9591782093048096,0.7819223999977112,1.261661410331726,-0.8010368347167969,0.2800052762031555,0.21790334582328796,-1.8573486804962158,0.6476437449455261,1.2411117553710938,-0.0005038566887378693,0.43827885389328003,1.2346798181533813,0.009833991527557373,0.6650712490081787,1.7580631971359253,-0.3584100902080536,0.4404677748680115,1.7346738576889038,-0.3475450873374939,0.6630581617355347,2.2870683670043945,0.17896299064159393,0.44794321060180664,2.260474681854248,-0.02648090198636055,0.6720160841941833,2.360149383544922,0.2350728064775467,0.44882845878601074,2.3392539024353027,-0.0029199584387242794,0.6179894804954529,2.4367918968200684,-0.10709446668624878,0.4547359347343445,2.3987207412719727,-0.41503477096557617,0.0,0.0,0.0,0.0,0.0,0.0,0.0,0.0,0.0,0.0,0.0,0.0,0.0,0.0,0.0,0.0,0.0,0.0,0.0,0.0,0.0,0.0,0.0,0.0,0.0,0.0,0.0,0.0,0.0,0.0,0.0,0.0,0.0,0.0,0.0,0.0,0.0,0.0,0.0,0.0,0.0,0.0,0.0,0.0,0.0,0.0,0.0,0.0,0.0,0.0,0.0,0.0,0.0,0.0,0.0,0.0,0.0,0.0,0.0,0.0,0.0,0.0,0.0,0.25408515334129333,0.30031532049179077,1.6870143326741527e-07,0.2894175052642822,0.2761434018611908,-0.01359874289482832,0.3114071488380432,0.24275338649749756,-0.020341888070106506,0.3267264664173126,0.2089231163263321,-0.02696315571665764,0.34535688161849976,0.18654264509677887,-0.033611852675676346,0.2946387827396393,0.17996108531951904,-0.007262046914547682,0.3005206286907196,0.13543230295181274,-0.017570147290825844,0.3022458255290985,0.10922529548406601,-0.02752307802438736,0.3040182292461395,0.08457202464342117,-0.03519909456372261,0.2715819478034973,0.17299291491508484,-0.00882282666862011,0.27490437030792236,0.1238478273153305,-0.01734977774322033,0.2771902084350586,0.09422903507947922,-0.026132067665457726,0.2801915109157562,0.06719179451465607,-0.03307528793811798,0.2487163543701172,0.1780523657798767,-0.01265588030219078,0.24826982617378235,0.1317971646785736,-0.021698836237192154,0.24892045557498932,0.10402798652648926,-0.02793728932738304,0.2519511282444,0.07871642708778381,-0.032507237046957016,0.22570523619651794,0.1923072785139084,-0.018065739423036575,0.2203836888074875,0.15486809611320496,-0.026689846068620682,0.2186330109834671,0.13096702098846436,-0.030117914080619812,0.21960881352424622,0.10716301947832108,-0.03229393810033798,3
0.5994442105293274,0.39671576023101807,-0.7185795903205872,0.6300484538078308,0.3499818444252014,-0.6790170073509216,0.6440023183822632,0.3507782518863678,-0.6789179444313049,0.6598751544952393,0.3512857258319855,-0.6786917448043823,0.5864831805229187,0.34594258666038513,-0.6632246375083923,0.5717207193374634,0.3440648019313812,-0.6635141372680664,0.557029128074646,0.34195011854171753,-0.6632319688796997,0.6829420328140259,0.36634546518325806,-0.37859052419662476,0.5509532690048218,0.35075896978378296,-0.3269842565059662,0.6229761838912964,0.4443897604942322,-0.6068430542945862,0.5748162865638733,0.43657246232032776,-0.5917044878005981,0.7516558170318604,0.6579089760780334,-0.2506099343299866,0.45943862199783325,0.544692873954773,-0.09857840090990067,0.8040155172348022,1.0661370754241943,-0.34442487359046936,0.25272417068481445,0.7623661160469055,-0.5552161335945129,0.8126046061515808,1.3101370334625244,-0.625451385974884,0.2871118187904358,0.5067434906959534,-1.2326741218566895,0.8319265246391296,1.3890480995178223,-0.6823773980140686,0.2801613211631775,0.4218960702419281,-1.3641022443771362,0.8110084533691406,1.3777482509613037,-0.7324715256690979,0.30376607179641724,0.39249151945114136,-1.3025318384170532,0.7922883629798889,1.3557432889938354,-0.6589348316192627,0.32055529952049255,0.43745678663253784,-1.2382951974868774,0.700842022895813,1.312048077583313,-0.024238253012299538,0.47596198320388794,1.284301996231079,0.03207491338253021,0.6789913773536682,1.751153588294983,-0.20346394181251526,0.460589736700058,1.764352798461914,-0.12322480976581573,0.6655547618865967,2.2606496810913086,0.4854915142059326,0.4442003667354584,2.318464517593384,0.2897544205188751,0.6780059337615967,2.330310821533203,0.5596316456794739,0.4476645886898041,2.4074387550354004,0.3251391053199768,0.6055306792259216,2.4294612407684326,0.2995322048664093,0.4148232042789459,2.468968629837036,-0.02474553883075714,0.0,0.0,0.0,0.0,0.0,0.0,0.0,0.0,0.0,0.0,0.0,0.0,0.0,0.0,0.0,0.0,0.0,0.0,0.0,0.0,0.0,0.0,0.0,0.0,0.0,0.0,0.0,0.0,0.0,0.0,0.0,0.0,0.0,0.0,0.0,0.0,0.0,0.0,0.0,0.0,0.0,0.0,0.0,0.0,0.0,0.0,0.0,0.0,0.0,0.0,0.0,0.0,0.0,0.0,0.0,0.0,0.0,0.0,0.0,0.0,0.0,0.0,0.0,0.0,0.0,0.0,0.0,0.0,0.0,0.0,0.0,0.0,0.0,0.0,0.0,0.0,0.0,0.0,0.0,0.0,0.0,0.0,0.0,0.0,0.0,0.0,0.0,0.0,0.0,0.0,0.0,0.0,0.0,0.0,0.0,0.0,0.0,0.0,0.0,0.0,0.0,0.0,0.0,0.0,0.0,0.0,0.0,0.0,0.0,0.0,0.0,0.0,0.0,0.0,0.0,0.0,0.0,0.0,0.0,0.0,0.0,0.0,0.0,0.0,0.0,0.0,3
0.6172792315483093,0.47082358598709106,-0.6873232126235962,0.6415234208106995,0.41540631651878357,-0.6407058238983154,0.6588854193687439,0.4134693741798401,-0.6405874490737915,0.6725602746009827,0.4111630618572235,-0.6406285166740417,0.5953449606895447,0.4198566973209381,-0.634608805179596,0.5809332728385925,0.42120394110679626,-0.6344915628433228,0.5672841668128967,0.422971248626709,-0.6343097686767578,0.6929620504379272,0.4346878230571747,-0.342756450176239,0.555098831653595,0.44878536462783813,-0.3149951100349426,0.6434215307235718,0.5152813196182251,-0.5676678419113159,0.5928481817245483,0.5183493494987488,-0.5600557923316956,0.7205554246902466,0.6973406672477722,-0.23146899044513702,0.5015867352485657,0.6520698666572571,-0.17218071222305298,0.5603996515274048,0.8196050524711609,-0.3693663477897644,0.3764989972114563,0.6048722863197327,-0.34470006823539734,0.4299467206001282,0.6063961386680603,-0.42959851026535034,0.3379589021205902,0.3000256419181824,-0.623170018196106,0.3955896496772766,0.5643548369407654,-0.5118743777275085,0.31590837240219116,0.20958146452903748,-0.7314552068710327,0.40450602769851685,0.5452944040298462,-0.5221107602119446,0.34086841344833374,0.19588081538677216,-0.7020463347434998,0.4111216068267822,0.5604639649391174,-0.4431470036506653,0.3507597744464874,0.2348005771636963,-0.6282411813735962,0.6642037630081177,1.3835742473602295,0.004549663979560137,0.5290833115577698,1.3424322605133057,-0.0013158388901501894,0.6401040554046631,1.221967339515686,-0.11783327907323837,0.5332012176513672,1.1265754699707031,-0.1371162384748459,0.5069268941879272,1.4098166227340698,0.46880751848220825,0.4417370855808258,1.3284059762954712,0.3124108910560608,0.48966842889785767,1.4384766817092896,0.5412558317184448,0.43196597695350647,1.3723026514053345,0.36255767941474915,0.46261924505233765,1.4480475187301636,0.4762294888496399,0.41093945503234863,1.3567754030227661,0.2633724808692932,0.0,0.0,0.0,0.0,0.0,0.0,0.0,0.0,0.0,0.0,0.0,0.0,0.0,0.0,0.0,0.0,0.0,0.0,0.0,0.0,0.0,0.0,0.0,0.0,0.0,0.0,0.0,0.0,0.0,0.0,0.0,0.0,0.0,0.0,0.0,0.0,0.0,0.0,0.0,0.0,0.0,0.0,0.0,0.0,0.0,0.0,0.0,0.0,0.0,0.0,0.0,0.0,0.0,0.0,0.0,0.0,0.0,0.0,0.0,0.0,0.0,0.0,0.0,0.33755651116371155,0.25671958923339844,1.5811943399057782e-07,0.3624676465988159,0.22652611136436462,-0.010196324437856674,0.3759115934371948,0.18915237486362457,-0.013645784929394722,0.382507860660553,0.1582888960838318,-0.017161376774311066,0.3925669491291046,0.1376059651374817,-0.020819520577788353,0.34234341979026794,0.15242651104927063,-0.004288884345442057,0.34116071462631226,0.11617816239595413,-0.009636434726417065,0.3391919732093811,0.0958356112241745,-0.015162656083703041,0.33477655053138733,0.07879599183797836,-0.019701236858963966,0.31860655546188354,0.15617413818836212,-0.005814969073981047,0.3088197112083435,0.11764839291572571,-0.00991972628980875,0.30226171016693115,0.09732377529144287,-0.015248789452016354,0.2942015528678894,0.08075014501810074,-0.019667932763695717,0.2981458306312561,0.169904887676239,-0.00912109948694706,0.28104472160339355,0.14011074602603912,-0.014919222332537174,0.2708013355731964,0.12197698652744293,-0.021087007597088814,0.2614809274673462,0.1057569682598114,-0.02581034041941166,0.2813981771469116,0.1918792724609375,-0.013531067408621311,0.2580238878726959,0.17528073489665985,-0.020168127492070198,0.2422269582748413,0.16539356112480164,-0.023692455142736435,0.22817882895469666,0.15401645004749298,-0.026059789583086967,3
0.5382896065711975,0.5180767774581909,-0.9472416043281555,0.5619412660598755,0.4637545347213745,-0.8874743580818176,0.5822803974151611,0.46270832419395447,-0.8872051239013672,0.600980281829834,0.46208837628364563,-0.8867785334587097,0.510948896408081,0.4658282697200775,-0.8883968591690063,0.49335217475891113,0.46549710631370544,-0.8883908987045288,0.476639986038208,0.4648206830024719,-0.8878275752067566,0.6206209659576416,0.4727618992328644,-0.4755065441131592,0.4489860534667969,0.4711820185184479,-0.4893369674682617,0.565401554107666,0.573563277721405,-0.7897548675537109,0.5079250335693359,0.5806956887245178,-0.7946301102638245,0.6924815773963928,0.7436662912368774,-0.23059460520744324,0.3763718008995056,0.7020777463912964,-0.2865673899650574,0.7404943704605103,1.0072892904281616,-0.3211560845375061,0.22090379893779755,0.7925298810005188,-0.9700523614883423,0.7668491005897522,1.301218867301941,-0.711772620677948,0.27097955346107483,0.4361124634742737,-1.7878897190093994,0.7893993258476257,1.3827710151672363,-0.7838055491447449,0.2831622362136841,0.34757691621780396,-1.9614753723144531,0.7721183896064758,1.3724563121795654,-0.8491671681404114,0.3061225712299347,0.3293660283088684,-1.8873716592788696,0.7547436952590942,1.3491041660308838,-0.7547658681869507,0.3086080253124237,0.36537784337997437,-1.7951297760009766,0.645200788974762,1.4016892910003662,0.02484593167901039,0.40737372636795044,1.3896890878677368,-0.016150634735822678,0.659086287021637,1.8675330877304077,-0.28822723031044006,0.4370812773704529,1.8770831823349,-0.29363077878952026,0.6749643087387085,2.391486406326294,0.46102747321128845,0.450936883687973,2.404557466506958,0.2086668312549591,0.6814982295036316,2.4705350399017334,0.537721574306488,0.4523867964744568,2.487642526626587,0.24776339530944824,0.6512722969055176,2.5510525703430176,0.20256701111793518,0.4733978807926178,2.5540664196014404,-0.18308009207248688,0.0,0.0,0.0,0.0,0.0,0.0,0.0,0.0,0.0,0.0,0.0,0.0,0.0,0.0,0.0,0.0,0.0,0.0,0.0,0.0,0.0,0.0,0.0,0.0,0.0,0.0,0.0,0.0,0.0,0.0,0.0,0.0,0.0,0.0,0.0,0.0,0.0,0.0,0.0,0.0,0.0,0.0,0.0,0.0,0.0,0.0,0.0,0.0,0.0,0.0,0.0,0.0,0.0,0.0,0.0,0.0,0.0,0.0,0.0,0.0,0.0,0.0,0.0,0.2668610215187073,0.4533118009567261,1.431551197583758e-07,0.31030580401420593,0.4177154302597046,-0.01010290440171957,0.3362562358379364,0.366272896528244,-0.012367237359285355,0.352051705121994,0.3241676092147827,-0.01595587469637394,0.37141555547714233,0.2982805371284485,-0.019880039617419243,0.31025972962379456,0.2923027276992798,0.0015327060827985406,0.3175850808620453,0.23642897605895996,-0.006693840492516756,0.31996655464172363,0.20350126922130585,-0.016110749915242195,0.32117125391960144,0.17365795373916626,-0.023749656975269318,0.2833303213119507,0.2867541015148163,-0.0023685896303504705,0.2878359854221344,0.22223064303398132,-0.008765912614762783,0.2899583876132965,0.18377923965454102,-0.017303617671132088,0.2918112277984619,0.15086212754249573,-0.02437642589211464,0.25718802213668823,0.2947784662246704,-0.008824652060866356,0.2590484917163849,0.23293077945709229,-0.016485773026943207,0.2591846287250519,0.19562885165214539,-0.023609908297657967,0.2606307566165924,0.16285160183906555,-0.029462682083249092,0.229876309633255,0.3141113519668579,-0.016868561506271362,0.2215692400932312,0.27104452252388,-0.025287482887506485,0.21640929579734802,0.24220724403858185,-0.029019560664892197,0.2130604386329651,0.21500858664512634,-0.03175267577171326,3
0.585121750831604,0.3466445803642273,-1.4740071296691895,0.6135143041610718,0.2851722538471222,-1.4246175289154053,0.6344042420387268,0.28333643078804016,-1.4244712591171265,0.6534034609794617,0.28170594573020935,-1.4245035648345947,0.5528756976127625,0.28988492488861084,-1.411316156387329,0.5335777401924133,0.2929234206676483,-1.411902904510498,0.5171225666999817,0.2963005602359772,-1.4117101430892944,0.6874448657035828,0.2937167286872864,-1.0096200704574585,0.4995346665382385,0.31483468413352966,-0.9516476392745972,0.6209594011306763,0.4094042181968689,-1.3087007999420166,0.5588049292564392,0.41864269971847534,-1.2936179637908936,0.8384829759597778,0.5986844301223755,-0.64399254322052,0.4416138231754303,0.6067407727241516,-0.5820385813713074,0.8915308713912964,0.9907659292221069,-0.6815621852874756,0.2683800756931305,0.9339496493339539,-1.066740870475769,0.879987359046936,1.1476746797561646,-1.143630862236023,0.23435239493846893,0.6108587384223938,-1.9916671514511108,0.8954610824584961,1.1927111148834229,-1.215111494064331,0.22329354286193848,0.5003682374954224,-2.1743907928466797,0.8907299041748047,1.1670583486557007,-1.30940842628479,0.246249720454216,0.46642032265663147,-2.142338275909424,0.870650589466095,1.1573790311813354,-1.1932858228683472,0.25767824053764343,0.49216803908348083,-2.009345293045044,0.7635589838027954,1.2941159009933472,-0.01129629835486412,0.502528965473175,1.2940303087234497,0.019241632893681526,0.7500786781311035,1.8435063362121582,-0.03686438500881195,0.518361508846283,1.8684073686599731,0.04013480618596077,0.7664341926574707,2.3256819248199463,0.8912035822868347,0.5325982570648193,2.347123384475708,0.805677592754364,0.7770135998725891,2.3938794136047363,0.9794381260871887,0.5404946804046631,2.4127213954925537,0.8662932515144348,0.7185328006744385,2.499803304672241,0.5942977666854858,0.5378807783126831,2.5224075317382812,0.4291419982910156,0.0,0.0,0.0,0.0,0.0,0.0,0.0,0.0,0.0,0.0,0.0,0.0,0.0,0.0,0.0,0.0,0.0,0.0,0.0,0.0,0.0,0.0,0.0,0.0,0.0,0.0,0.0,0.0,0.0,0.0,0.0,0.0,0.0,0.0,0.0,0.0,0.0,0.0,0.0,0.0,0.0,0.0,0.0,0.0,0.0,0.0,0.0,0.0,0.0,0.0,0.0,0.0,0.0,0.0,0.0,0.0,0.0,0.0,0.0,0.0,0.0,0.0,0.0,0.21140438318252563,0.5818676948547363,1.6202289998545893e-07,0.25416311621665955,0.5567996501922607,-0.019292384386062622,0.28133922815322876,0.5196545124053955,-0.026101944968104362,0.2939969003200531,0.4786606729030609,-0.0316888764500618,0.31060612201690674,0.4478188455104828,-0.03689360246062279,0.2687961757183075,0.4592505097389221,-0.005786250811070204,0.2859911024570465,0.41220399737358093,-0.01590161770582199,0.2934971749782562,0.3838772177696228,-0.026678752154111862,0.2990928888320923,0.35638993978500366,-0.0350673571228981,0.2468814253807068,0.4479530155658722,-0.004684627987444401,0.26423516869544983,0.3942945897579193,-0.012308252975344658,0.2735457420349121,0.3617517948150635,-0.02321084961295128,0.28242793679237366,0.3327234983444214,-0.03265497088432312,0.22197946906089783,0.4470342993736267,-0.0068986304104328156,0.23573149740695953,0.39534422755241394,-0.016659807413816452,0.2445385456085205,0.36419054865837097,-0.027119791135191917,0.2537809908390045,0.3403621315956116,-0.03521902114152908,0.1936943084001541,0.45495086908340454,-0.011127195321023464,0.19354303181171417,0.41534656286239624,-0.019911469891667366,0.19502393901348114,0.3884217143058777,-0.025778107345104218,0.19796793162822723,0.3642615079879761,-0.03088247776031494,3
0.6218441128730774,0.2778726816177368,-0.3249116837978363,0.6319385766983032,0.25299322605133057,-0.2652687430381775,0.6423442959785461,0.25286445021629333,-0.2650156319141388,0.6534687280654907,0.25300177931785583,-0.26488399505615234,0.6004368662834167,0.2560997009277344,-0.2565072476863861,0.5889413952827454,0.25849995017051697,-0.2566390633583069,0.5763599276542664,0.26153525710105896,-0.2563576102256775,0.6639796495437622,0.2747524380683899,0.04723615199327469,0.5579338669776917,0.28587624430656433,0.0897362157702446,0.6433395743370056,0.3148616552352905,-0.20297448337078094,0.6048590540885925,0.3152804970741272,-0.19083507359027863,0.7569578886032104,0.4936271905899048,0.13745921850204468,0.48789507150650024,0.47747501730918884,0.21516701579093933,0.754961371421814,0.7524386048316956,0.10410569608211517,0.24279627203941345,0.5731306076049805,-0.05538669228553772,0.7297486662864685,0.9181202054023743,-0.1520232856273651,0.2661971151828766,0.3346862196922302,-0.6582749485969543,0.7200804948806763,0.9519462585449219,-0.22177095711231232,0.2825036942958832,0.27360817790031433,-0.8041120767593384,0.7182846069335938,0.9831833243370056,-0.3065389394760132,0.31055405735969543,0.25499576330184937,-0.792030930519104,0.7088809013366699,0.9630973935127258,-0.19605214893817902,0.31059736013412476,0.2784446179866791,-0.6789170503616333,0.7021079659461975,1.0039609670639038,-0.012192021124064922,0.5295594334602356,1.000085473060608,0.01904897764325142,0.6906761527061462,1.409543752670288,-0.5389477014541626,0.5216236710548401,1.3977843523025513,-0.5317514538764954,0.6743091344833374,1.9627814292907715,-0.3480410873889923,0.5268460512161255,1.9683061838150024,-0.5605981945991516,0.6789315938949585,2.0276846885681152,-0.32281583547592163,0.5243044495582581,2.043362855911255,-0.5673181414604187,0.6499660015106201,2.1200952529907227,-0.6123786568641663,0.5368660688400269,2.112783670425415,-0.9334519505500793,0.0,0.0,0.0,0.0,0.0,0.0,0.0,0.0,0.0,0.0,0.0,0.0,0.0,0.0,0.0,0.0,0.0,0.0,0.0,0.0,0.0,0.0,0.0,0.0,0.0,0.0,0.0,0.0,0.0,0.0,0.0,0.0,0.0,0.0,0.0,0.0,0.0,0.0,0.0,0.0,0.0,0.0,0.0,0.0,0.0,0.0,0.0,0.0,0.0,0.0,0.0,0.0,0.0,0.0,0.0,0.0,0.0,0.0,0.0,0.0,0.0,0.0,0.0,0.2612825036048889,0.34345945715904236,1.5340640402428107e-07,0.2974247634410858,0.32732290029525757,-0.006616933271288872,0.32585760951042175,0.30799126625061035,-0.00994683988392353,0.3471173942089081,0.2866820991039276,-0.013629048131406307,0.36596712470054626,0.27336251735687256,-0.017423227429389954,0.316392183303833,0.26830920577049255,-0.0007937257178127766,0.33664342761039734,0.23673273622989655,-0.007119886577129364,0.3476904034614563,0.21923322975635529,-0.013335653580725193,0.3569282293319702,0.20427994430065155,-0.017620420083403587,0.301303893327713,0.2586556077003479,-0.002221805276349187,0.32065391540527344,0.22435863316059113,-0.006085551343858242,0.33203402161598206,0.20567606389522552,-0.010986321605741978,0.34192919731140137,0.1910223662853241,-0.015101607888936996,0.2850949764251709,0.25603821873664856,-0.005070681218057871,0.3009859621524811,0.2246943712234497,-0.008848941884934902,0.31109392642974854,0.20632906258106232,-0.011511976830661297,0.3208552300930023,0.1925320029258728,-0.014116589911282063,0.26708894968032837,0.25887346267700195,-0.008868183009326458,0.27434560656547546,0.23651789128780365,-0.012069283984601498,0.2807464897632599,0.2227517068386078,-0.012174442410469055,0.28718313574790955,0.21139532327651978,-0.012340111657977104,3
0.5846189260482788,0.3018561899662018,-0.4215819239616394,0.603107213973999,0.27345138788223267,-0.3631748557090759,0.6155518293380737,0.2751505970954895,-0.36292657256126404,0.6267648339271545,0.27705031633377075,-0.3627781867980957,0.5692280530929565,0.27105680108070374,-0.3553277850151062,0.559377133846283,0.27145206928253174,-0.35543879866600037,0.5499988198280334,0.27191221714019775,-0.35517024993896484,0.6366717219352722,0.2975565195083618,-0.03623420000076294,0.5355646014213562,0.2959531545639038,-0.025829214602708817,0.6050151586532593,0.34616756439208984,-0.2950066924095154,0.5607069730758667,0.3403078615665436,-0.2825799882411957,0.7141662836074829,0.4972478151321411,0.13376083970069885,0.44731608033180237,0.4867740273475647,0.1171233057975769,0.7574688792228699,0.7569939494132996,0.23837056756019592,0.30830761790275574,0.6837891936302185,-0.3020681142807007,0.8368617296218872,0.9982630014419556,-0.03966112062335014,0.31516724824905396,0.428274005651474,-1.0828126668930054,0.8541671633720398,1.0708415508270264,-0.08566056191921234,0.30668893456459045,0.3730907738208771,-1.2372393608093262,0.8299115896224976,1.0400787591934204,-0.20042018592357635,0.31903839111328125,0.35433751344680786,-1.2372069358825684,0.8345688581466675,1.0448492765426636,-0.09295119345188141,0.3290928304195404,0.37703531980514526,-1.1065568923950195,0.6770662069320679,0.9885224103927612,0.013995950110256672,0.5029550194740295,0.9830188155174255,-0.009144702926278114,0.6856903433799744,1.4570485353469849,-0.3789101243019104,0.513969361782074,1.4413737058639526,-0.3574830889701843,0.6847346425056458,1.9375765323638916,-0.07665747404098511,0.5305268168449402,1.9490972757339478,-0.294294148683548,0.6885575652122498,1.9946190118789673,-0.047969479113817215,0.5308905839920044,2.016289710998535,-0.2987357974052429,0.6689724326133728,2.0766541957855225,-0.3145737051963806,0.552347719669342,2.073157787322998,-0.6447954177856445,0.0,0.0,0.0,0.0,0.0,0.0,0.0,0.0,0.0,0.0,0.0,0.0,0.0,0.0,0.0,0.0,0.0,0.0,0.0,0.0,0.0,0.0,0.0,0.0,0.0,0.0,0.0,0.0,0.0,0.0,0.0,0.0,0.0,0.0,0.0,0.0,0.0,0.0,0.0,0.0,0.0,0.0,0.0,0.0,0.0,0.0,0.0,0.0,0.0,0.0,0.0,0.0,0.0,0.0,0.0,0.0,0.0,0.0,0.0,0.0,0.0,0.0,0.0,0.3267403244972229,0.44896200299263,7.353084896521977e-08,0.3460483253002167,0.41687899827957153,-0.0053398278541862965,0.35398826003074646,0.383748322725296,-0.006171722896397114,0.3525894582271576,0.3581683039665222,-0.007524846121668816,0.34628647565841675,0.3396582007408142,-0.008980832062661648,0.33049944043159485,0.3604637086391449,0.0017913969932124019,0.32689037919044495,0.33345210552215576,-0.002362829400226474,0.3243716359138489,0.319633424282074,-0.007460803724825382,0.32194700837135315,0.3080599308013916,-0.010929823853075504,0.31416207551956177,0.3668774962425232,0.000618893769569695,0.30580997467041016,0.33712854981422424,-0.001525442348793149,0.3004620671272278,0.3192586898803711,-0.005757600534707308,0.29567891359329224,0.3045223355293274,-0.009274858981370926,0.30001136660575867,0.3791366219520569,-0.0018786672735586762,0.2909471094608307,0.3529309332370758,-0.004400900565087795,0.28674066066741943,0.33815625309944153,-0.006656878162175417,0.2837458848953247,0.3253881335258484,-0.008566097356379032,0.2881045937538147,0.3956892788410187,-0.005196488928049803,0.27904045581817627,0.3772726356983185,-0.007448766380548477,0.2747763991355896,0.36494046449661255,-0.007361576426774263,0.27160269021987915,0.3537716865539551,-0.00721682608127594,3
0.5946661233901978,0.34382396936416626,-0.9522415995597839,0.6227843761444092,0.31251442432403564,-0.8984489440917969,0.6337168216705322,0.3185226023197174,-0.8985583186149597,0.6457703709602356,0.32428160309791565,-0.8986601829528809,0.5814346075057983,0.29422441124916077,-0.904522716999054,0.56431645154953,0.28923967480659485,-0.9049761891365051,0.5523382425308228,0.2857520282268524,-0.905123233795166,0.6510453820228577,0.34376421570777893,-0.5250590443611145,0.5300722122192383,0.3046693205833435,-0.5615510940551758,0.611579418182373,0.3955345153808594,-0.799507200717926,0.5588101148605347,0.38370373845100403,-0.8107231855392456,0.7195020914077759,0.521447479724884,-0.26331448554992676,0.39530831575393677,0.4726349711418152,-0.32296237349510193,0.7712939381599426,0.769193708896637,-0.27503058314323425,0.1371804177761078,0.6288319826126099,-0.5606381893157959,0.8343184590339661,0.7933096289634705,-0.6046719551086426,0.16049346327781677,0.4924485981464386,-1.068300724029541,0.8808944821357727,0.7770476937294006,-0.6567567586898804,0.1517384946346283,0.43081340193748474,-1.175546407699585,0.8440457582473755,0.74833083152771,-0.7363352179527283,0.1681160032749176,0.39637520909309387,-1.1846750974655151,0.8307029604911804,0.7803987860679626,-0.643307089805603,0.1846262812614441,0.41067132353782654,-1.0917327404022217,0.6497081518173218,0.9181206226348877,0.014238965697586536,0.4392893314361572,0.9200338125228882,-0.010615421459078789,0.7001495957374573,1.153603196144104,-0.7718327045440674,0.4580513834953308,1.1932671070098877,-0.8000127077102661,0.6175995469093323,1.6063034534454346,-0.6507651805877686,0.46927374601364136,1.6799628734588623,-0.8693674802780151,0.6019273400306702,1.6472878456115723,-0.6329319477081299,0.4765164852142334,1.7314858436584473,-0.8803132176399231,0.5787529349327087,1.7949143648147583,-0.9286214709281921,0.4721211791038513,1.8614200353622437,-1.2787517309188843,0.0,0.0,0.0,0.0,0.0,0.0,0.0,0.0,0.0,0.0,0.0,0.0,0.0,0.0,0.0,0.0,0.0,0.0,0.0,0.0,0.0,0.0,0.0,0.0,0.0,0.0,0.0,0.0,0.0,0.0,0.0,0.0,0.0,0.0,0.0,0.0,0.0,0.0,0.0,0.0,0.0,0.0,0.0,0.0,0.0,0.0,0.0,0.0,0.0,0.0,0.0,0.0,0.0,0.0,0.0,0.0,0.0,0.0,0.0,0.0,0.0,0.0,0.0,0.13260361552238464,0.4759009778499603,1.9251716310009215e-07,0.17064198851585388,0.46727365255355835,-0.017639152705669403,0.2010970115661621,0.44975173473358154,-0.027545152232050896,0.22320638597011566,0.4344211518764496,-0.03694488853216171,0.24040353298187256,0.42046236991882324,-0.04719173163175583,0.18773777782917023,0.3857738971710205,-0.01866334117949009,0.1988655924797058,0.34661829471588135,-0.03257512301206589,0.2027721405029297,0.3219679892063141,-0.04453662782907486,0.20591366291046143,0.2986741065979004,-0.053436923772096634,0.16025714576244354,0.3764667809009552,-0.02033279277384281,0.1689731329679489,0.33528053760528564,-0.031808484345674515,0.17268230020999908,0.30787229537963867,-0.04229157045483589,0.17747564613819122,0.2820114493370056,-0.05112864449620247,0.13085243105888367,0.37923070788383484,-0.02425110526382923,0.13620834052562714,0.33880171179771423,-0.03645287826657295,0.14192968606948853,0.3129521906375885,-0.044846706092357635,0.14958971738815308,0.289610356092453,-0.051408905535936356,0.09970389306545258,0.390150785446167,-0.029891211539506912,0.0940745621919632,0.35873135924339294,-0.04175729677081108,0.09094948321580887,0.33829712867736816,-0.04708581790328026,0.09037990123033524,0.3182050287723541,-0.05102425068616867,3
0.5152325630187988,0.44308891892433167,-1.0979983806610107,0.5392547845840454,0.39916789531707764,-1.078702688217163,0.5555232763290405,0.39797118306159973,-1.078758955001831,0.571008026599884,0.39693403244018555,-1.0782818794250488,0.5015338063240051,0.401061475276947,-1.0700925588607788,0.49011701345443726,0.39963826537132263,-1.0703941583633423,0.47966423630714417,0.39617931842803955,-1.0703588724136353,0.5913605690002441,0.40201133489608765,-0.81367027759552,0.46338969469070435,0.3940921127796173,-0.7765089273452759,0.5417937636375427,0.4788399934768677,-0.9833675622940063,0.499155193567276,0.47835513949394226,-0.9751675724983215,0.6806730031967163,0.5583266615867615,-0.6008746027946472,0.36994990706443787,0.5207098126411438,-0.45697021484375,0.8076152801513672,0.838495135307312,-0.7542966604232788,0.14623378217220306,0.7407718896865845,-0.7127343416213989,0.5649427175521851,0.881305992603302,-1.0368438959121704,0.26690414547920227,0.6684589982032776,-1.1483644247055054,0.48941707611083984,0.9184763431549072,-1.1068836450576782,0.2808362543582916,0.6368089318275452,-1.238353967666626,0.47104281187057495,0.8633069396018982,-1.043636679649353,0.3092065453529358,0.5944874286651611,-1.183950662612915,0.47781282663345337,0.8588337302207947,-1.015592336654663,0.3180161118507385,0.6158970594406128,-1.1378651857376099,0.6010029911994934,0.9770480394363403,-0.01124638132750988,0.3964901566505432,0.9558608531951904,0.017030615359544754,0.5674324035644531,1.4092024564743042,-0.40749597549438477,0.37732183933258057,1.4132769107818604,-0.3796413242816925,0.5375019907951355,1.8280102014541626,-0.21480169892311096,0.3601681590080261,1.8230060338974,-0.24373605847358704,0.5324945449829102,1.8864811658859253,-0.19593051075935364,0.3598420023918152,1.8746322393417358,-0.2348620891571045,0.5095402002334595,1.9657018184661865,-0.5013505220413208,0.36010414361953735,1.9733461141586304,-0.5631017684936523,0.5620740056037903,0.8850369453430176,2.6775239803100703e-07,0.5045029520988464,0.8613699078559875,0.0008493541972711682,0.4484589099884033,0.8663551807403564,-0.006859772838652134,0.4043118357658386,0.874931275844574,-0.013957707211375237,0.3763740360736847,0.889717698097229,-0.021937532350420952,0.43703776597976685,0.9134626984596252,-0.035586390644311905,0.371315598487854,0.9610379934310913,-0.0498027503490448,0.33799225091934204,0.9858027696609497,-0.05594779551029205,0.3153845965862274,1.0060769319534302,-0.0583372600376606,0.45900076627731323,0.9428669810295105,-0.04184846580028534,0.38581618666648865,0.9891172051429749,-0.05032506212592125,0.3535701036453247,1.0096242427825928,-0.0489354133605957,0.3350207209587097,1.0265883207321167,-0.048586562275886536,0.4836474657058716,0.9643988013267517,-0.04554089531302452,0.42245247960090637,0.99004727602005,-0.04834820702672005,0.4047577679157257,0.9903280138969421,-0.038839615881443024,0.4024779498577118,0.9892409443855286,-0.03320728987455368,0.5073829889297485,0.9783485531806946,-0.04915064200758934,0.46279430389404297,0.991513729095459,-0.047341544181108475,0.4510032832622528,0.9827597141265869,-0.03547798842191696,0.4526132047176361,0.975710928440094,-0.026885291561484337,0.0,0.0,0.0,0.0,0.0,0.0,0.0,0.0,0.0,0.0,0.0,0.0,0.0,0.0,0.0,0.0,0.0,0.0,0.0,0.0,0.0,0.0,0.0,0.0,0.0,0.0,0.0,0.0,0.0,0.0,0.0,0.0,0.0,0.0,0.0,0.0,0.0,0.0,0.0,0.0,0.0,0.0,0.0,0.0,0.0,0.0,0.0,0.0,0.0,0.0,0.0,0.0,0.0,0.0,0.0,0.0,0.0,0.0,0.0,0.0,0.0,0.0,0.0,3
0.5105976462364197,0.3159172832965851,-1.1675630807876587,0.5310012698173523,0.2755948007106781,-1.1253106594085693,0.5469127893447876,0.275686115026474,-1.1247416734695435,0.5614669919013977,0.2755073010921478,-1.1246448755264282,0.4859945774078369,0.2787714898586273,-1.1138666868209839,0.4735442101955414,0.28141987323760986,-1.1141297817230225,0.46111875772476196,0.28552013635635376,-1.113542914390564,0.5851770639419556,0.293133944272995,-0.7910161018371582,0.4443606734275818,0.3135509788990021,-0.7588380575180054,0.5425341725349426,0.3679395914077759,-1.0347439050674438,0.4900786280632019,0.3706094026565552,-1.0211317539215088,0.7135716676712036,0.5281639695167542,-0.5136074423789978,0.3717941641807556,0.5103830695152283,-0.4458985924720764,0.7922620177268982,0.8032744526863098,-0.19591714441776276,0.11731183528900146,0.6659367680549622,-0.789013683795929,0.8158549070358276,0.9486316442489624,-0.17534218728542328,0.13629558682441711,0.5339367389678955,-1.473644733428955,0.8719671964645386,1.0506731271743774,-0.17726880311965942,0.11258746683597565,0.4830867350101471,-1.5956676006317139,0.8461660146713257,1.0469402074813843,-0.27661949396133423,0.14852911233901978,0.4601086378097534,-1.5927902460098267,0.8286506533622742,1.0249451398849487,-0.2137223780155182,0.1707596480846405,0.4917091727256775,-1.4994397163391113,0.6454261541366577,1.0940800905227661,-0.016438456252217293,0.4226101040840149,1.0996813774108887,0.022336285561323166,0.645147442817688,1.5743685960769653,0.0032439499627798796,0.4361688196659088,1.589486002922058,0.06338571757078171,0.6573512554168701,1.9309279918670654,0.6146579384803772,0.4564915597438812,1.9720265865325928,0.5203725099563599,0.6651829481124878,1.988739013671875,0.6766830682754517,0.4649895131587982,2.0313918590545654,0.5572080016136169,0.6151193380355835,2.074753999710083,0.39110109210014343,0.46192747354507446,2.114975929260254,0.22572502493858337,0.0,0.0,0.0,0.0,0.0,0.0,0.0,0.0,0.0,0.0,0.0,0.0,0.0,0.0,0.0,0.0,0.0,0.0,0.0,0.0,0.0,0.0,0.0,0.0,0.0,0.0,0.0,0.0,0.0,0.0,0.0,0.0,0.0,0.0,0.0,0.0,0.0,0.0,0.0,0.0,0.0,0.0,0.0,0.0,0.0,0.0,0.0,0.0,0.0,0.0,0.0,0.0,0.0,0.0,0.0,0.0,0.0,0.0,0.0,0.0,0.0,0.0,0.0,0.16631579399108887,0.4833865463733673,1.997105982809444e-07,0.2088848501443863,0.4644410014152527,-0.016335897147655487,0.24028140306472778,0.43142810463905334,-0.021924972534179688,0.2601287364959717,0.3941306471824646,-0.027177682146430016,0.2785704433917999,0.36738452315330505,-0.03291691467165947,0.2151099145412445,0.37997180223464966,-0.0061815399676561356,0.22400891780853271,0.3410198986530304,-0.017318034544587135,0.22796842455863953,0.31693631410598755,-0.027756083756685257,0.2315487265586853,0.2952781915664673,-0.03545383736491203,0.18777501583099365,0.3726603388786316,-0.0061883581802248955,0.19660213589668274,0.3297796845436096,-0.015835145488381386,0.20259496569633484,0.3046288788318634,-0.025518475100398064,0.20990630984306335,0.281741738319397,-0.033211566507816315,0.16005577147006989,0.37494561076164246,-0.009140905924141407,0.16839365661144257,0.3325844705104828,-0.02052890695631504,0.17545442283153534,0.3085167407989502,-0.027447262778878212,0.18493126332759857,0.2892245948314667,-0.03217605873942375,0.13006867468357086,0.3851587176322937,-0.013856238685548306,0.1311829388141632,0.3508458733558655,-0.023554787039756775,0.13643132150173187,0.33151233196258545,-0.02704538218677044,0.14489297568798065,0.3141869604587555,-0.029443029314279556,3
0.5257546305656433,0.5093678832054138,-0.4672817289829254,0.5427417755126953,0.49237483739852905,-0.4290255904197693,0.5545655488967896,0.491580605506897,-0.42937105894088745,0.5647580027580261,0.485543817281723,-0.42926329374313354,0.514510989189148,0.4923586845397949,-0.41961669921875,0.5034822225570679,0.4917113184928894,-0.41974368691444397,0.49446049332618713,0.4903794229030609,-0.41945892572402954,0.5778408646583557,0.49490538239479065,-0.23748305439949036,0.48929277062416077,0.4997134208679199,-0.195508673787117,0.5458576083183289,0.5317615270614624,-0.39652159810066223,0.5098645091056824,0.5352478623390198,-0.38464850187301636,0.6299169063568115,0.562537431716919,-0.30399027466773987,0.4318787455558777,0.6095303893089294,-0.09323743730783463,0.644950807094574,0.3470202088356018,-0.4775473177433014,0.3036467730998993,0.6263270974159241,-0.21379344165325165,0.6063098907470703,0.08728794753551483,-0.4991094470024109,0.31665295362472534,0.5352681279182434,-0.4817209243774414,0.6057388782501221,0.045710403472185135,-0.5766192674636841,0.30939245223999023,0.48727914690971375,-0.5493910312652588,0.6029990315437317,0.029380762949585915,-0.5567095875740051,0.332461416721344,0.48757749795913696,-0.5603673458099365,0.5998666286468506,0.05056167393922806,-0.5058143734931946,0.33575600385665894,0.49388808012008667,-0.4988558292388916,0.5686348676681519,0.9499913454055786,-0.08855459839105606,0.44514814019203186,0.9274031519889832,0.09028076380491257,0.4540537893772125,1.0737414360046387,-0.4734932780265808,0.30432528257369995,0.9395362138748169,-0.1539878249168396,0.47944650053977966,1.1544855833053589,-0.08559118211269379,0.2879798412322998,0.9898738861083984,0.13625960052013397,0.4907297194004059,1.1413700580596924,-0.03191818669438362,0.2956468462944031,0.98051917552948,0.17164120078086853,0.46742716431617737,1.239527940750122,-0.05260636284947395,0.28401321172714233,1.0805379152297974,0.15216471254825592,0.0,0.0,0.0,0.0,0.0,0.0,0.0,0.0,0.0,0.0,0.0,0.0,0.0,0.0,0.0,0.0,0.0,0.0,0.0,0.0,0.0,0.0,0.0,0.0,0.0,0.0,0.0,0.0,0.0,0.0,0.0,0.0,0.0,0.0,0.0,0.0,0.0,0.0,0.0,0.0,0.0,0.0,0.0,0.0,0.0,0.0,0.0,0.0,0.0,0.0,0.0,0.0,0.0,0.0,0.0,0.0,0.0,0.0,0.0,0.0,0.0,0.0,0.0,0.2701573073863983,0.5576733350753784,4.9439162097542066e-08,0.28872019052505493,0.5503298044204712,-0.011264851316809654,0.3058009147644043,0.5416512489318848,-0.013007540255784988,0.3213994801044464,0.5295591354370117,-0.01378618460148573,0.33405888080596924,0.519756019115448,-0.013808056712150574,0.31451916694641113,0.5202165842056274,0.006992367561906576,0.3292462229728699,0.5034604668617249,0.0069979275576770306,0.33188483119010925,0.4936043918132782,0.003915907349437475,0.33193960785865784,0.48383453488349915,0.0014449238078668714,0.3057948350906372,0.514843225479126,0.011152385734021664,0.318060040473938,0.49660974740982056,0.012745044194161892,0.3196951150894165,0.4840991497039795,0.008821849711239338,0.31892117857933044,0.4754472076892853,0.005411736201494932,0.2947475016117096,0.5127882361412048,0.013062480837106705,0.30184292793273926,0.49767228960990906,0.01441046129912138,0.30341383814811707,0.4865618348121643,0.01089596375823021,0.3044168949127197,0.4779321253299713,0.0075643532909452915,0.28189679980278015,0.5137372612953186,0.013456440530717373,0.28213414549827576,0.5025594830513,0.014304903335869312,0.28176870942115784,0.4942569434642792,0.013245997950434685,0.2818666100502014,0.48680928349494934,0.011953712441027164,3
0.500419020652771,0.41652175784111023,-0.2987437844276428,0.5142696499824524,0.3866594731807709,-0.25477778911590576,0.5234320759773254,0.38692840933799744,-0.2543613314628601,0.5328431129455566,0.38687944412231445,-0.25393909215927124,0.48767781257629395,0.3833138048648834,-0.2553016245365143,0.4788135886192322,0.38161298632621765,-0.2555917799472809,0.4698379933834076,0.37967079877853394,-0.2553558945655823,0.5387393236160278,0.3960977792739868,-0.013141216710209846,0.45425933599472046,0.3886827528476715,-0.02178123965859413,0.51079922914505,0.44434407353401184,-0.2094992697238922,0.48148584365844727,0.4437824785709381,-0.21302874386310577,0.5815887451171875,0.5438295602798462,0.06293682754039764,0.36446613073349,0.5042720437049866,0.09134887158870697,0.6212411522865295,0.7373467683792114,0.03613341599702835,0.15602263808250427,0.5554942488670349,-0.10233471542596817,0.6247805953025818,0.7803577184677124,-0.20413875579833984,0.1713760644197464,0.4625512361526489,-0.5118736624717712,0.6491791009902954,0.8004947900772095,-0.25684481859207153,0.17180225253105164,0.43026983737945557,-0.6061534881591797,0.6437487006187439,0.7915164232254028,-0.3024999797344208,0.19874612987041473,0.4208851158618927,-0.600140392780304,0.622761607170105,0.7836963534355164,-0.23482172191143036,0.20202752947807312,0.4331684410572052,-0.5288492441177368,0.5214220285415649,0.951636016368866,0.0029827021062374115,0.3728847801685333,0.9308919906616211,0.0014373073354363441,0.5013157725334167,1.3542057275772095,-0.2226085662841797,0.3514023423194885,1.34480881690979,-0.2350873202085495,0.4870832562446594,1.7106915712356567,-0.1146126538515091,0.34670501947402954,1.7001378536224365,-0.23217444121837616,0.4890589118003845,1.752944827079773,-0.09837691485881805,0.34159204363822937,1.7426759004592896,-0.2341568022966385,0.472935289144516,1.8316184282302856,-0.2711483836174011,0.3661031723022461,1.8192108869552612,-0.4519387185573578,0.6421250104904175,0.8169222474098206,3.7367779981423155e-08,0.6356312036514282,0.8275313973426819,-0.010996018536388874,0.6306065917015076,0.839123010635376,-0.020874740555882454,0.6265952587127686,0.8450632691383362,-0.030049653723835945,0.6215927600860596,0.8547163605690002,-0.039483461529016495,0.6569179892539978,0.8629109263420105,-0.018908770754933357,0.6558811664581299,0.8703963160514832,-0.029806172475218773,0.65375155210495,0.8744534254074097,-0.03709155693650246,0.6522513628005981,0.8793324828147888,-0.04168999195098877,0.6662775278091431,0.8506665229797363,-0.018252955749630928,0.6535575985908508,0.8429439663887024,-0.030139997601509094,0.6408025026321411,0.8408632278442383,-0.034157101064920425,0.6317243576049805,0.84244704246521,-0.0354011133313179,0.6699883341789246,0.834291934967041,-0.01828262396156788,0.658114492893219,0.825721263885498,-0.028016217052936554,0.6490127444267273,0.8263899087905884,-0.027439389377832413,0.6421104073524475,0.8289494514465332,-0.025397630408406258,0.6706967949867249,0.8174252510070801,-0.019334949553012848,0.6633895635604858,0.8121417760848999,-0.026072366163134575,0.6554914712905884,0.8127550482749939,-0.025025954470038414,0.6493872404098511,0.8146616220474243,-0.02250908501446247,0.13909569382667542,0.4640781283378601,1.3218043193319318e-07,0.17051063477993011,0.4642893373966217,-0.009037640877068043,0.19786760210990906,0.45750224590301514,-0.01279749907553196,0.22146552801132202,0.44907137751579285,-0.01664811000227928,0.24181225895881653,0.44018593430519104,-0.020805930718779564,0.2027139961719513,0.4239040017127991,1.6492305803694762e-05,0.2209537923336029,0.40394800901412964,-0.0066880336962640285,0.2302110195159912,0.39044487476348877,-0.014245296828448772,0.2398165911436081,0.3773808181285858,-0.020237721502780914,0.191599041223526,0.41384199261665344,-0.0014313611900433898,0.20891878008842468,0.3933311998844147,-0.007218882441520691,0.22031942009925842,0.37951594591140747,-0.015105950646102428,0.2320779711008072,0.36715370416641235,-0.021610775962471962,0.17658992111682892,0.4085138738155365,-0.0047868178226053715,0.19237880408763885,0.3893035650253296,-0.011466355063021183,0.20434637367725372,0.3776940703392029,-0.016320539638400078,0.21699300408363342,0.368095725774765,-0.020128753036260605,0.15823417901992798,0.40628013014793396,-0.009251322597265244,0.16852395236492157,0.3905772268772125,-0.01567639410495758,0.17803159356117249,0.3825438916683197,-0.01798017881810665,0.18858790397644043,0.37548205256462097,-0.019649840891361237,3
0.6502298712730408,0.4339688718318939,-0.5400896668434143,0.6585121154785156,0.39879927039146423,-0.5042737722396851,0.6679272651672363,0.3971399962902069,-0.5037626624107361,0.6770707964897156,0.39615756273269653,-0.503627598285675,0.6291271448135376,0.4055618941783905,-0.4933021664619446,0.6180781722068787,0.4083797037601471,-0.49367624521255493,0.6078665256500244,0.4113066792488098,-0.493396520614624,0.6920121908187866,0.41224515438079834,-0.26442641019821167,0.5994111895561218,0.42891499400138855,-0.20814962685108185,0.672622561454773,0.4650479853153229,-0.4469267427921295,0.6362673044204712,0.47705796360969543,-0.43133673071861267,0.8039954304695129,0.5976815819740295,-0.11903997510671616,0.5364033579826355,0.5989506244659424,-0.0318649597465992,0.8688084483146667,0.8514373302459717,-0.036615364253520966,0.416677325963974,0.7743331789970398,-0.27911561727523804,0.9038155674934387,1.0350147485733032,-0.2555620074272156,0.3521689772605896,0.6303107738494873,-0.8220082521438599,0.9320834279060364,1.0996766090393066,-0.2715616822242737,0.34263578057289124,0.555052638053894,-0.924713134765625,0.9117369651794434,1.100026249885559,-0.3734537959098816,0.3652999997138977,0.5399037599563599,-0.9292159080505371,0.8949025869369507,1.0808311700820923,-0.2994699776172638,0.3789917230606079,0.5729705095291138,-0.8472935557365417,0.7638726830482483,1.1197562217712402,-0.010660652071237564,0.580559492111206,1.122024416923523,0.016919534653425217,0.7662628293037415,1.5342628955841064,-0.14198380708694458,0.5956693887710571,1.5430607795715332,-0.04257715493440628,0.7734619379043579,1.8843005895614624,0.30440276861190796,0.5982553362846375,1.904835820198059,0.2162047177553177,0.7803260087966919,1.9305528402328491,0.3502879738807678,0.5982944369316101,1.957177758216858,0.23431448638439178,0.7421098947525024,2.011878728866577,0.11532841622829437,0.6099823713302612,2.0215694904327393,-0.03997308015823364,0.0,0.0,0.0,0.0,0.0,0.0,0.0,0.0,0.0,0.0,0.0,0.0,0.0,0.0,0.0,0.0,0.0,0.0,0.0,0.0,0.0,0.0,0.0,0.0,0.0,0.0,0.0,0.0,0.0,0.0,0.0,0.0,0.0,0.0,0.0,0.0,0.0,0.0,0.0,0.0,0.0,0.0,0.0,0.0,0.0,0.0,0.0,0.0,0.0,0.0,0.0,0.0,0.0,0.0,0.0,0.0,0.0,0.0,0.0,0.0,0.0,0.0,0.0,0.32875269651412964,0.6158486604690552,9.071750639577658e-08,0.36182788014411926,0.5980806946754456,-0.010610663332045078,0.38546261191368103,0.5776693224906921,-0.01299707405269146,0.4019528925418854,0.553462028503418,-0.01581074297428131,0.41546615958213806,0.5329645276069641,-0.018751170486211777,0.37651360034942627,0.5401572585105896,0.005856798030436039,0.3890330195426941,0.5111966729164124,0.0020124271977692842,0.3917691111564636,0.4932229816913605,-0.004912952426820993,0.3941943943500519,0.47505053877830505,-0.011038552038371563,0.35837188363075256,0.5338963866233826,0.005566590931266546,0.3669908344745636,0.5031148791313171,0.0023634156677871943,0.36936938762664795,0.48299986124038696,-0.0062393550761044025,0.3731997013092041,0.46534740924835205,-0.013884352520108223,0.3382820188999176,0.5344849228858948,0.002896825782954693,0.34342026710510254,0.5051495432853699,-0.0014472516486421227,0.34690767526626587,0.4859652817249298,-0.0085872458294034,0.35267913341522217,0.47069963812828064,-0.014772386290133,0.315668523311615,0.5414634943008423,-0.001196251600049436,0.31126222014427185,0.5211159586906433,-0.005867589730769396,0.3086617887020111,0.5046015977859497,-0.009488490410149097,0.30860745906829834,0.49024179577827454,-0.012840481474995613,3
0.4707329273223877,0.491719514131546,-0.5210809111595154,0.4815472960472107,0.4633948504924774,-0.47962111234664917,0.4903597831726074,0.46107783913612366,-0.47973909974098206,0.4987157881259918,0.45825302600860596,-0.4795939028263092,0.4569721817970276,0.46619099378585815,-0.4855049252510071,0.4490946829319,0.46575531363487244,-0.4853293001651764,0.44052186608314514,0.46507665514945984,-0.48517507314682007,0.5067511796951294,0.45891422033309937,-0.21676859259605408,0.42995524406433105,0.4715575873851776,-0.207839697599411,0.48565369844436646,0.5107368230819702,-0.41613537073135376,0.45963677763938904,0.5142595171928406,-0.4195190966129303,0.5929588079452515,0.5867558717727661,-0.08171306550502777,0.3578672707080841,0.5845445990562439,-0.06483262777328491,0.6751616597175598,0.7782396674156189,-0.16467668116092682,0.175045907497406,0.7087264657020569,-0.38537508249282837,0.7051689624786377,0.9128267168998718,-0.4927486479282379,0.3127896189689636,0.5548497438430786,-0.8456085920333862,0.7079073190689087,0.9695421457290649,-0.5672325491905212,0.3376891613006592,0.5197566151618958,-0.9582934379577637,0.6958106756210327,0.9646660685539246,-0.6081252098083496,0.35772615671157837,0.5121468901634216,-0.9223706126213074,0.6889436841011047,0.9530981779098511,-0.5207602977752686,0.3543320894241333,0.5251282453536987,-0.8496009707450867,0.5617455244064331,0.9947004914283752,0.004304967820644379,0.4084426462650299,0.9966747760772705,-0.00015500487643294036,0.5700708627700806,1.3893424272537231,-0.30357488989830017,0.41911816596984863,1.3959461450576782,-0.29792362451553345,0.5616596937179565,1.744698166847229,-0.08539000898599625,0.41931408643722534,1.7557803392410278,-0.23488077521324158,0.561065137386322,1.786723017692566,-0.059039048850536346,0.41409415006637573,1.79818594455719,-0.23284652829170227,0.5556622743606567,1.8611218929290771,-0.25592097640037537,0.44770556688308716,1.8700827360153198,-0.49960723519325256,0.7033491134643555,0.8939006924629211,2.140958770269208e-07,0.6813848614692688,0.9044252634048462,-0.020521150901913643,0.6688604354858398,0.9278749823570251,-0.030961034819483757,0.6557902097702026,0.9506562948226929,-0.03698032349348068,0.643184244632721,0.9689163565635681,-0.041492778807878494,0.7005673050880432,0.9646360278129578,-0.030561238527297974,0.6802242398262024,1.0070302486419678,-0.03968331962823868,0.6646171808242798,1.0135223865509033,-0.04340280964970589,0.6553553342819214,1.0104094743728638,-0.044214121997356415,0.7098708152770996,0.9689671993255615,-0.020920798182487488,0.6820891499519348,1.000125765800476,-0.029003743082284927,0.662567138671875,0.9964564442634583,-0.03173835203051567,0.6515014171600342,0.9854898452758789,-0.03309888765215874,0.7130485773086548,0.969627857208252,-0.011681369505822659,0.6872366666793823,0.9944572448730469,-0.017340365797281265,0.6712921261787415,0.9915342330932617,-0.018506599590182304,0.6618091464042664,0.9818392992019653,-0.01898130215704441,0.7123354077339172,0.96949303150177,-0.003790111280977726,0.6930597424507141,0.9885931611061096,-0.007735943887382746,0.677579402923584,0.9905800819396973,-0.008912653662264347,0.6675465703010559,0.985987663269043,-0.009141160175204277,0.2939820885658264,0.5608711242675781,2.3992049591470277e-07,0.3290175795555115,0.5532878041267395,-0.00587097043171525,0.3606138229370117,0.5414612889289856,-0.007840356789529324,0.3853762447834015,0.5334046483039856,-0.010774803347885609,0.40473026037216187,0.5259408950805664,-0.01377973984926939,0.3607286810874939,0.5096813440322876,0.007030639797449112,0.3790014386177063,0.4891151189804077,0.00237828865647316,0.3899939954280853,0.4774726331233978,-0.0036873561330139637,0.40056270360946655,0.46700727939605713,-0.008159712888300419,0.3503316640853882,0.49906739592552185,0.005698398686945438,0.3682326674461365,0.47719651460647583,0.002503359457477927,0.3792625367641449,0.46403980255126953,-0.0033713255543261766,0.38971787691116333,0.45264455676078796,-0.007947923615574837,0.337408185005188,0.4928918778896332,0.0024240424390882254,0.3545166254043579,0.4724111557006836,-0.0013021556660532951,0.3655892610549927,0.4604068398475647,-0.0042387801222503185,0.37650251388549805,0.45066016912460327,-0.006326583214104176,0.32089361548423767,0.4905012249946594,-0.0019317080732434988,0.33291202783584595,0.4740951955318451,-0.004719986114650965,0.3427892029285431,0.465099036693573,-0.00492416275665164,0.35274621844291687,0.45737892389297485,-0.004844934679567814,3
0.5534644722938538,0.4997124671936035,-0.06804551929235458,0.5649241209030151,0.4821506142616272,-0.023747140541672707,0.5728363394737244,0.483500212430954,-0.02351677045226097,0.5807523727416992,0.4838115870952606,-0.02326744608581066,0.5447974801063538,0.4777809977531433,-0.016778510063886642,0.538418173789978,0.47636112570762634,-0.016959186643362045,0.5315374732017517,0.47341373562812805,-0.016777703538537025,0.5863431692123413,0.4884280860424042,0.17765340209007263,0.5172847509384155,0.4848346412181854,0.21023862063884735,0.5612719655036926,0.5228193998336792,0.005935176741331816,0.5399998426437378,0.521182656288147,0.014482170343399048,0.6387742161750793,0.5926277041435242,0.1902015507221222,0.4370172917842865,0.5946871042251587,0.2772965431213379,0.7095701694488525,0.7525264024734497,-0.02857157029211521,0.2953643500804901,0.700842559337616,0.06989629566669464,0.6405781507492065,0.8013311624526978,-0.41324907541275024,0.3058937191963196,0.5614011883735657,-0.36498892307281494,0.6270975470542908,0.8421615362167358,-0.5035544037818909,0.3062112629413605,0.5195080041885376,-0.45288023352622986,0.6066082715988159,0.8221388459205627,-0.4951082170009613,0.3230859041213989,0.5047398209571838,-0.45217734575271606,0.607536256313324,0.8105632066726685,-0.42234987020492554,0.32502004504203796,0.5234411954879761,-0.3794882893562317,0.5993179678916931,0.9345114231109619,-0.0029804508667439222,0.46791690587997437,0.923057496547699,0.005914879497140646,0.5988153219223022,1.2260230779647827,-0.5016566514968872,0.4747319221496582,1.2456892728805542,-0.46066898107528687,0.5769007802009583,1.6025137901306152,-0.46962252259254456,0.45625168085098267,1.6419109106063843,-0.619422435760498,0.5691832304000854,1.6413251161575317,-0.4616238474845886,0.4514836370944977,1.6879959106445312,-0.6366875767707825,0.5705543756484985,1.7361396551132202,-0.6265009641647339,0.48014193773269653,1.7688037157058716,-0.8665980100631714,0.6456467509269714,0.8109994530677795,1.0548543372124186e-07,0.6215745210647583,0.8120610117912292,-0.003984760493040085,0.598699688911438,0.8218100070953369,-0.007046160288155079,0.5809021592140198,0.8339740037918091,-0.00951847992837429,0.567574679851532,0.8464298844337463,-0.012761389836668968,0.608609139919281,0.8370392918586731,-0.014972293749451637,0.5897599458694458,0.8575992584228516,-0.02120550349354744,0.5791410803794861,0.8703093528747559,-0.02419397607445717,0.5708340406417847,0.880129337310791,-0.026275496929883957,0.6199997067451477,0.846024215221405,-0.016631560400128365,0.6056823134422302,0.8667480945587158,-0.022268960252404213,0.596642255783081,0.8812457323074341,-0.025518091395497322,0.5894713997840881,0.8920325636863708,-0.028582049533724785,0.6327476501464844,0.8509882688522339,-0.01806012913584709,0.6225875020027161,0.868740439414978,-0.023432308807969093,0.6146365404129028,0.8817607760429382,-0.02668740414083004,0.6067156195640564,0.8914352059364319,-0.02976285107433796,0.6457003951072693,0.8523146510124207,-0.019479887560009956,0.6435073018074036,0.8663531541824341,-0.025819774717092514,0.6399554014205933,0.8766887187957764,-0.029000600799918175,0.6359038352966309,0.8851978778839111,-0.03132079169154167,0.30728358030319214,0.5323047041893005,8.685054098123146e-08,0.32694530487060547,0.5239077210426331,-0.005769453942775726,0.3415023982524872,0.511792778968811,-0.007057982962578535,0.35062775015830994,0.49707168340682983,-0.008523678407073021,0.35783910751342773,0.4838925302028656,-0.010299400426447392,0.3274950385093689,0.49307188391685486,-8.366351539734751e-05,0.3325323462486267,0.47588539123535156,-0.0026103947311639786,0.33437642455101013,0.4651816785335541,-0.005986045580357313,0.33540165424346924,0.45531779527664185,-0.008771502412855625,0.31499379873275757,0.49042826890945435,-0.0003123202477581799,0.31622621417045593,0.4726375937461853,-0.002129802480340004,0.31604844331741333,0.46093836426734924,-0.005843262653797865,0.31560370326042175,0.4504500925540924,-0.009245856665074825,0.30282652378082275,0.4921078681945801,-0.0015634088777005672,0.3022240698337555,0.4758107364177704,-0.003958221524953842,0.30192866921424866,0.46499451994895935,-0.006090295035392046,0.30261552333831787,0.45551493763923645,-0.008176463656127453,0.29103633761405945,0.49720215797424316,-0.0035905656404793262,0.2874840795993805,0.48542651534080505,-0.006200017407536507,0.28643232583999634,0.476579487323761,-0.007028562948107719,0.28652307391166687,0.4683075249195099,-0.0077833859249949455,3
0.5117443799972534,0.553066074848175,-0.4036713242530823,0.5201480388641357,0.5327741503715515,-0.3649657070636749,0.5272755026817322,0.5316854119300842,-0.3646079897880554,0.5342203378677368,0.5302248597145081,-0.3642497658729553,0.5000249147415161,0.5347493886947632,-0.3642713129520416,0.492814838886261,0.5351224541664124,-0.3645232617855072,0.48791560530662537,0.5349252820014954,-0.36438336968421936,0.5404394865036011,0.5385010242462158,-0.1265140175819397,0.4838963449001312,0.5435476899147034,-0.12738917768001556,0.5294463634490967,0.5746468901634216,-0.3121944069862366,0.5031306743621826,0.5770022869110107,-0.3134599030017853,0.6139111518859863,0.6594681143760681,-0.009877617470920086,0.40627187490463257,0.6318843960762024,-0.00027520456933416426,0.6459311246871948,0.8659456372261047,-0.10820098221302032,0.22198466956615448,0.6961163878440857,-0.23169966042041779,0.6418362259864807,0.8768045902252197,-0.4095070958137512,0.23723916709423065,0.5710812211036682,-0.6199209690093994,0.6441675424575806,0.8932554721832275,-0.47065702080726624,0.2480657547712326,0.5359846353530884,-0.7062558531761169,0.6368863582611084,0.8734737038612366,-0.49842777848243713,0.269042044878006,0.530684232711792,-0.6942431330680847,0.6274007558822632,0.873120903968811,-0.4303046762943268,0.2679107189178467,0.5408811569213867,-0.6327386498451233,0.5753111243247986,1.0066502094268799,0.018610961735248566,0.45411792397499084,1.0076117515563965,-0.014718271791934967,0.5848702192306519,1.3599079847335815,-0.24116340279579163,0.45192772150039673,1.326565146446228,-0.29517051577568054,0.5793725252151489,1.6930288076400757,-0.1593305766582489,0.4566287100315094,1.6614015102386475,-0.3228755593299866,0.5744912028312683,1.7353439331054688,-0.14826056361198425,0.45283013582229614,1.7028346061706543,-0.3284091353416443,0.569712221622467,1.796248197555542,-0.31845059990882874,0.48125123977661133,1.7695063352584839,-0.542159378528595,0.0,0.0,0.0,0.0,0.0,0.0,0.0,0.0,0.0,0.0,0.0,0.0,0.0,0.0,0.0,0.0,0.0,0.0,0.0,0.0,0.0,0.0,0.0,0.0,0.0,0.0,0.0,0.0,0.0,0.0,0.0,0.0,0.0,0.0,0.0,0.0,0.0,0.0,0.0,0.0,0.0,0.0,0.0,0.0,0.0,0.0,0.0,0.0,0.0,0.0,0.0,0.0,0.0,0.0,0.0,0.0,0.0,0.0,0.0,0.0,0.0,0.0,0.0,0.22490333020687103,0.573832094669342,1.1894186258132322e-07,0.24990780651569366,0.5768774151802063,-0.008847931399941444,0.27569499611854553,0.5720191597938538,-0.011089915409684181,0.2965380847454071,0.5640135407447815,-0.012908308766782284,0.31303131580352783,0.5570282936096191,-0.014656289480626583,0.2811856269836426,0.5445542931556702,-0.001724749687127769,0.30034297704696655,0.5279326438903809,-0.005312218796461821,0.31072279810905457,0.5162757039070129,-0.00971672497689724,0.319293737411499,0.5055630207061768,-0.013426676392555237,0.2702803313732147,0.5331715941429138,-0.0012481281301006675,0.2834755480289459,0.5137902498245239,-0.004347954411059618,0.2902194559574127,0.5003048777580261,-0.009481905959546566,0.2955719530582428,0.488289475440979,-0.013684137724339962,0.25697022676467896,0.5272122025489807,-0.0021213525906205177,0.2679486572742462,0.510692834854126,-0.005538714583963156,0.27462151646614075,0.5003654360771179,-0.008468951098620892,0.28129053115844727,0.4900141954421997,-0.011096276342868805,0.24185051023960114,0.525251030921936,-0.004096659831702709,0.24807807803153992,0.5134878158569336,-0.0078725041821599,0.25208401679992676,0.5057205557823181,-0.008976215496659279,0.25650686025619507,0.49747517704963684,-0.00968071911484003,3
0.5637807846069336,0.3246667981147766,-1.3309450149536133,0.5806871652603149,0.2851443290710449,-1.3187503814697266,0.597087025642395,0.28078362345695496,-1.31903874874115,0.6108591556549072,0.2773311734199524,-1.3193466663360596,0.5382989645004272,0.301088809967041,-1.3119916915893555,0.5276098847389221,0.3065851628780365,-1.3125702142715454,0.5151095986366272,0.3119273781776428,-1.312675952911377,0.6386423110961914,0.2932235598564148,-1.0839444398880005,0.49817490577697754,0.33211150765419006,-1.052339792251587,0.6020446419715881,0.35673680901527405,-1.2246110439300537,0.5454626083374023,0.3743343651294708,-1.2160776853561401,0.7428449392318726,0.49914678931236267,-0.8850590586662292,0.4620685577392578,0.49574223160743713,-0.8132899403572083,0.7667467594146729,0.7801082134246826,-0.9089722633361816,0.30027687549591064,0.5776299834251404,-0.9095574617385864,0.6267052292823792,0.8994544744491577,-1.1420226097106934,0.1731993854045868,0.5034705996513367,-1.2196705341339111,0.5934184193611145,0.9489365816116333,-1.2394388914108276,0.12361131608486176,0.43887725472450256,-1.3296120166778564,0.5595299601554871,0.907396674156189,-1.2551543712615967,0.12578746676445007,0.41519901156425476,-1.362762212753296,0.5645853877067566,0.8883424401283264,-1.1567128896713257,0.14987453818321228,0.4416598677635193,-1.2476319074630737,0.6693438291549683,0.8529071807861328,-0.018893539905548096,0.5300245881080627,0.8482981324195862,0.018979080021381378,0.6371489763259888,0.8928222060203552,0.658896803855896,0.49109935760498047,0.8338298797607422,0.6475964784622192,0.6518893837928772,0.9433766007423401,1.4659278392791748,0.5122977495193481,0.9115647673606873,1.371285319328308,0.6636647582054138,0.9489503502845764,1.5535473823547363,0.5338982939720154,0.9197311401367188,1.4495006799697876,0.6098190546035767,1.0191479921340942,1.473947525024414,0.4835788309574127,0.9914605617523193,1.3580355644226074,0.0,0.0,0.0,0.0,0.0,0.0,0.0,0.0,0.0,0.0,0.0,0.0,0.0,0.0,0.0,0.0,0.0,0.0,0.0,0.0,0.0,0.0,0.0,0.0,0.0,0.0,0.0,0.0,0.0,0.0,0.0,0.0,0.0,0.0,0.0,0.0,0.0,0.0,0.0,0.0,0.0,0.0,0.0,0.0,0.0,0.0,0.0,0.0,0.0,0.0,0.0,0.0,0.0,0.0,0.0,0.0,0.0,0.0,0.0,0.0,0.0,0.0,0.0,0.1507430076599121,0.48941969871520996,2.1664449434410926e-07,0.18678182363510132,0.4582080543041229,-0.019449742510914803,0.21377839148044586,0.4323199987411499,-0.02889472432434559,0.23229676485061646,0.40558138489723206,-0.03790757432579994,0.24603675305843353,0.3843062222003937,-0.04666713997721672,0.15629585087299347,0.384473979473114,-0.0026137465611100197,0.1478450745344162,0.34961047768592834,-0.009339924901723862,0.14076681435108185,0.3290518522262573,-0.018461236730217934,0.1295834630727768,0.3105068504810333,-0.02583717368543148,0.1298864334821701,0.38705942034721375,4.799821545020677e-05,0.11807189881801605,0.3472903370857239,-0.004025403410196304,0.10968874394893646,0.3228674530982971,-0.011812098324298859,0.1006825640797615,0.30213722586631775,-0.019321419298648834,0.10703686624765396,0.3976373076438904,-0.0006485559861175716,0.09424373507499695,0.36261695623397827,-0.005203517619520426,0.08637891709804535,0.3401985764503479,-0.012471575289964676,0.07870669662952423,0.3196529746055603,-0.01862461119890213,0.08460648357868195,0.41721704602241516,-0.0038178295362740755,0.07087184488773346,0.38947707414627075,-0.006220205686986446,0.060196004807949066,0.37552979588508606,-0.008065036498010159,0.05054868012666702,0.36264336109161377,-0.010845786891877651,3
0.5522576570510864,0.43840089440345764,-0.17737123370170593,0.5672353506088257,0.41759589314460754,-0.13790935277938843,0.5753276348114014,0.4190177619457245,-0.13809095323085785,0.5831937789916992,0.42032521963119507,-0.1381158083677292,0.5440288782119751,0.41473302245140076,-0.1274455040693283,0.5389134883880615,0.4139627516269684,-0.12748196721076965,0.533833384513855,0.41277217864990234,-0.12734650075435638,0.5993757247924805,0.43605199456214905,0.05083179473876953,0.5290126800537109,0.4266165494918823,0.08292505890130997,0.567833662033081,0.47044607996940613,-0.11190328747034073,0.5417242646217346,0.46791186928749084,-0.10280469805002213,0.6628855466842651,0.5670472383499146,0.06160326674580574,0.4610280990600586,0.5339422225952148,0.13896411657333374,0.7037243247032166,0.7230863571166992,-0.06533195823431015,0.2848067283630371,0.6068141460418701,-0.10990443080663681,0.7538415193557739,0.8972358107566833,-0.262945294380188,0.3153233826160431,0.470710813999176,-0.5062642693519592,0.7969468235969543,0.9417959451675415,-0.3068220019340515,0.3194786012172699,0.4358345568180084,-0.5993921756744385,0.7772254347801208,0.9393941760063171,-0.3670696020126343,0.33869075775146484,0.41846030950546265,-0.5986682176589966,0.7558697462081909,0.9246975779533386,-0.29235565662384033,0.33794787526130676,0.43954724073410034,-0.5219077467918396,0.6215779781341553,0.7899408340454102,-0.02385636977851391,0.4943038821220398,0.8064262866973877,0.024041378870606422,0.6839230060577393,0.7814350724220276,-0.47480684518814087,0.37622934579849243,0.9376600384712219,-0.48819583654403687,0.7274044752120972,0.9311549067497253,-0.9551764726638794,0.4228459894657135,1.0923892259597778,-0.9779866337776184,0.7016000151634216,0.9646666646003723,-1.0055532455444336,0.4355376362800598,1.1325072050094604,-1.0345157384872437,0.7697724103927612,0.9347051382064819,-1.1122170686721802,0.42011672258377075,1.112061619758606,-1.1844990253448486,0.7447989583015442,0.9036502242088318,1.584401445597905e-07,0.7708348631858826,0.9170497059822083,-0.008481691591441631,0.7955072522163391,0.9370115995407104,-0.012137006968259811,0.8128424882888794,0.9564010500907898,-0.014850528910756111,0.8255150318145752,0.97641921043396,-0.017713801935315132,0.7801175117492676,0.9447370171546936,-0.0005613468238152564,0.7872301340103149,0.9660837054252625,-0.0012951736571267247,0.791600227355957,0.9815071225166321,-0.0042475322261452675,0.7957494854927063,0.992389976978302,-0.007042041048407555,0.763056218624115,0.9480890035629272,0.0019762238953262568,0.7696456909179688,0.9745373725891113,0.004479758907109499,0.7743057608604431,0.9915552139282227,0.002265380695462227,0.777052640914917,1.0050369501113892,-0.0014151069335639477,0.7486024498939514,0.9504215121269226,0.00335488747805357,0.7513840794563293,0.9761927127838135,0.0065403529442846775,0.7549928426742554,0.9922071099281311,0.007506067864596844,0.7576867938041687,1.005147099494934,0.006402560044080019,0.7353622317314148,0.9517048001289368,0.0037275170907378197,0.7351554036140442,0.9750421643257141,0.007181375287473202,0.7376002669334412,0.991570234298706,0.009668812155723572,0.7396451234817505,1.003469705581665,0.010275031439960003,0.31454962491989136,0.4783424139022827,1.4232030665084494e-08,0.33729615807533264,0.4692057967185974,-0.005980532616376877,0.35801082849502563,0.4538850784301758,-0.007852463982999325,0.3747446537017822,0.44017452001571655,-0.010168975219130516,0.38696420192718506,0.4283350706100464,-0.013128022663295269,0.34859612584114075,0.43122777342796326,-0.003333070781081915,0.3559766113758087,0.41235971450805664,-0.008259414695203304,0.3575364649295807,0.4007571041584015,-0.013742819428443909,0.35870450735092163,0.3890603184700012,-0.018201002851128578,0.3347511887550354,0.4263138175010681,-0.004881196655333042,0.33797064423561096,0.4068453311920166,-0.00957887526601553,0.33859485387802124,0.394107460975647,-0.01547891367226839,0.3378927409648895,0.38318806886672974,-0.020704274997115135,0.3201052248477936,0.4264553189277649,-0.007396467961370945,0.32031169533729553,0.4083000123500824,-0.012197539210319519,0.31940120458602905,0.3962479531764984,-0.015900498256087303,0.31820881366729736,0.38653892278671265,-0.019268855452537537,0.30514442920684814,0.43062102794647217,-0.010712888091802597,0.30223196744918823,0.4150891900062561,-0.015389607287943363,0.30057868361473083,0.4052307903766632,-0.01744411326944828,0.2987310290336609,0.39712193608283997,-0.019267287105321884,3
0.5968785285949707,0.3874317705631256,-1.0904910564422607,0.6229211688041687,0.3486582040786743,-1.0599687099456787,0.6428624391555786,0.3524424433708191,-1.059882402420044,0.6615564227104187,0.35561403632164,-1.0600038766860962,0.5790116190910339,0.34393376111984253,-1.0610970258712769,0.5602144598960876,0.34543779492378235,-1.061587929725647,0.5436025261878967,0.3474750816822052,-1.0616004467010498,0.6870056390762329,0.38095393776893616,-0.8056179285049438,0.5225816369056702,0.3480837941169739,-0.8144227862358093,0.6171082854270935,0.4253920018672943,-0.985188364982605,0.5628522634506226,0.43829384446144104,-0.9887582659721375,0.7184935808181763,0.5214447379112244,-0.5940983891487122,0.45657649636268616,0.4951119124889374,-0.5746710300445557,0.8260123133659363,0.696702241897583,-0.5680099725723267,0.27841299772262573,0.6016054749488831,-0.7828737497329712,0.7471994161605835,0.792838990688324,-0.763275682926178,0.14868414402008057,0.485329270362854,-1.074601173400879,0.7363210916519165,0.8385334610939026,-0.7946842312812805,0.10071519762277603,0.4388425648212433,-1.1229692697525024,0.6977935433387756,0.8014640808105469,-0.8067460060119629,0.11253885924816132,0.417315810918808,-1.1360942125320435,0.6916040778160095,0.7936570644378662,-0.7703973054885864,0.1419403851032257,0.44468629360198975,-1.0853488445281982,0.6508174538612366,0.8132246732711792,0.025311797857284546,0.49933749437332153,0.80830317735672,-0.0254073329269886,0.7662458419799805,0.8868265748023987,-0.38979485630989075,0.4270392954349518,0.9323728084564209,-0.0946040153503418,0.6236104965209961,1.020161747932434,-0.5607555508613586,0.4248863756656647,0.9795762896537781,-0.1961490958929062,0.5816503763198853,1.0701905488967896,-0.5679534673690796,0.44123196601867676,1.011062741279602,-0.2034623920917511,0.6365218162536621,1.0527042150497437,-0.6240922212600708,0.385782927274704,1.004772663116455,-0.26457637548446655,0.0,0.0,0.0,0.0,0.0,0.0,0.0,0.0,0.0,0.0,0.0,0.0,0.0,0.0,0.0,0.0,0.0,0.0,0.0,0.0,0.0,0.0,0.0,0.0,0.0,0.0,0.0,0.0,0.0,0.0,0.0,0.0,0.0,0.0,0.0,0.0,0.0,0.0,0.0,0.0,0.0,0.0,0.0,0.0,0.0,0.0,0.0,0.0,0.0,0.0,0.0,0.0,0.0,0.0,0.0,0.0,0.0,0.0,0.0,0.0,0.0,0.0,0.0,0.10304082930088043,0.4347565472126007,1.8619002162267861e-07,0.14485730230808258,0.42171919345855713,-0.01777908019721508,0.17756766080856323,0.39541324973106384,-0.026957014575600624,0.19867061078548431,0.3710491359233856,-0.03530718386173248,0.21213534474372864,0.3485584557056427,-0.044013433158397675,0.14648057520389557,0.3595519959926605,-0.014561524614691734,0.15660692751407623,0.3295254707336426,-0.024749241769313812,0.16022610664367676,0.3096717298030853,-0.03339775651693344,0.16300642490386963,0.29035747051239014,-0.039346955716609955,0.11839285492897034,0.35374367237091064,-0.012750115245580673,0.12213656306266785,0.3223365843296051,-0.0194017942994833,0.12375591695308685,0.303290456533432,-0.02566983364522457,0.1271110475063324,0.2844151258468628,-0.031560029834508896,0.09022603183984756,0.3582863211631775,-0.013261235319077969,0.09036178886890411,0.3273754417896271,-0.02066056802868843,0.09326748549938202,0.3111625909805298,-0.02522026188671589,0.09820191562175751,0.2947588860988617,-0.02890446037054062,0.06142587214708328,0.3717413544654846,-0.015665216371417046,0.05120816081762314,0.34563905000686646,-0.020269040018320084,0.04641877859830856,0.3285975456237793,-0.020986348390579224,0.04619002342224121,0.311848521232605,-0.022266454994678497,3
0.0,0.0,0.0,0.0,0.0,0.0,0.0,0.0,0.0,0.0,0.0,0.0,0.0,0.0,0.0,0.0,0.0,0.0,0.0,0.0,0.0,0.0,0.0,0.0,0.0,0.0,0.0,0.0,0.0,0.0,0.0,0.0,0.0,0.0,0.0,0.0,0.0,0.0,0.0,0.0,0.0,0.0,0.0,0.0,0.0,0.0,0.0,0.0,0.0,0.0,0.0,0.0,0.0,0.0,0.0,0.0,0.0,0.0,0.0,0.0,0.0,0.0,0.0,0.0,0.0,0.0,0.0,0.0,0.0,0.0,0.0,0.0,0.0,0.0,0.0,0.0,0.0,0.0,0.0,0.0,0.0,0.0,0.0,0.0,0.0,0.0,0.0,0.0,0.0,0.0,0.0,0.0,0.0,0.0,0.0,0.0,0.0,0.0,0.0,0.0,0.0,0.0,0.0,0.0,0.0,0.0,0.0,0.0,0.0,0.0,0.0,0.0,0.0,0.0,0.0,0.0,0.0,0.0,0.0,0.0,0.0,0.0,0.0,0.0,0.0,0.0,0.0,0.0,0.0,0.0,0.0,0.0,0.0,0.0,0.0,0.0,0.0,0.0,0.0,0.0,0.0,0.0,0.0,0.0,0.0,0.0,0.0,0.0,0.0,0.0,0.0,0.0,0.0,0.0,0.0,0.0,0.0,0.0,0.0,0.0,0.0,0.0,0.0,0.0,0.0,0.0,0.0,0.0,0.0,0.0,0.0,0.0,0.0,0.0,0.0,0.0,0.0,0.0,0.0,0.0,0.0,0.0,0.0,0.0,0.0,0.0,0.0,0.0,0.0,0.0,0.0,0.0,0.0,0.0,0.0,0.0,0.0,0.0,0.0,0.0,0.0,0.0,0.0,0.0,0.0,0.0,0.0,0.0,0.0,0.0,0.0,0.0,0.0,0.0,0.0,0.0,0.0,0.0,0.0,0.0,0.0,0.0,0.0,0.0,0.0,3
0.0,0.0,0.0,0.0,0.0,0.0,0.0,0.0,0.0,0.0,0.0,0.0,0.0,0.0,0.0,0.0,0.0,0.0,0.0,0.0,0.0,0.0,0.0,0.0,0.0,0.0,0.0,0.0,0.0,0.0,0.0,0.0,0.0,0.0,0.0,0.0,0.0,0.0,0.0,0.0,0.0,0.0,0.0,0.0,0.0,0.0,0.0,0.0,0.0,0.0,0.0,0.0,0.0,0.0,0.0,0.0,0.0,0.0,0.0,0.0,0.0,0.0,0.0,0.0,0.0,0.0,0.0,0.0,0.0,0.0,0.0,0.0,0.0,0.0,0.0,0.0,0.0,0.0,0.0,0.0,0.0,0.0,0.0,0.0,0.0,0.0,0.0,0.0,0.0,0.0,0.0,0.0,0.0,0.0,0.0,0.0,0.0,0.0,0.0,0.0,0.0,0.0,0.0,0.0,0.0,0.0,0.0,0.0,0.0,0.0,0.0,0.0,0.0,0.0,0.0,0.0,0.0,0.0,0.0,0.0,0.0,0.0,0.0,0.0,0.0,0.0,0.0,0.0,0.0,0.0,0.0,0.0,0.0,0.0,0.0,0.0,0.0,0.0,0.0,0.0,0.0,0.0,0.0,0.0,0.0,0.0,0.0,0.0,0.0,0.0,0.0,0.0,0.0,0.0,0.0,0.0,0.0,0.0,0.0,0.0,0.0,0.0,0.0,0.0,0.0,0.0,0.0,0.0,0.0,0.0,0.0,0.0,0.0,0.0,0.0,0.0,0.0,0.0,0.0,0.0,0.0,0.0,0.0,0.0,0.0,0.0,0.0,0.0,0.0,0.0,0.0,0.0,0.0,0.0,0.0,0.0,0.0,0.0,0.0,0.0,0.0,0.0,0.0,0.0,0.0,0.0,0.0,0.0,0.0,0.0,0.0,0.0,0.0,0.0,0.0,0.0,0.0,0.0,0.0,0.0,0.0,0.0,0.0,0.0,0.0,3
0.9858753085136414,0.565338134765625,-0.09823163598775864,1.004782795906067,0.5888686776161194,-0.09748339653015137,1.0039526224136353,0.6001229882240295,-0.09758318215608597,1.003275752067566,0.6114203333854675,-0.09775213897228241,1.0073570013046265,0.5636993050575256,-0.07377678155899048,1.0082900524139404,0.5552033185958862,-0.07410892844200134,1.0091612339019775,0.5459602475166321,-0.07424668967723846,0.9876656532287598,0.634267270565033,-0.05352967232465744,0.996878981590271,0.5490084886550903,0.05004702880978584,0.9608112573623657,0.5866376161575317,-0.07725843787193298,0.9640790820121765,0.5491894483566284,-0.047457072883844376,0.8632659912109375,0.6739755272865295,-0.12699611485004425,0.8796647787094116,0.5176836252212524,0.1655760407447815,0.6997236013412476,0.6420026421546936,-0.17407859861850739,0.7381480932235718,0.4572095572948456,0.21354880928993225,0.6101939082145691,0.5654152035713196,-0.18008224666118622,0.6733163595199585,0.37650543451309204,0.1179635301232338,0.5787203907966614,0.5565142035484314,-0.2200143039226532,0.6520079374313354,0.35201290249824524,0.09478136152029037,0.5888875126838684,0.5407037734985352,-0.220738023519516,0.6577541828155518,0.3535027503967285,0.06096210330724716,0.5989413857460022,0.5414019227027893,-0.18021075427532196,0.6625598669052124,0.3686787784099579,0.09886302053928375,0.6034413576126099,0.660904049873352,-0.09478138387203217,0.6152240037918091,0.5725435018539429,0.09453113377094269,0.4064757227897644,0.5868381857872009,0.04701560363173485,0.43575868010520935,0.5319496989250183,0.19232280552387238,0.24859455227851868,0.5815144777297974,0.16415312886238098,0.27244728803634644,0.5322579145431519,0.32020309567451477,0.2271299809217453,0.603486180305481,0.17294584214687347,0.2458246648311615,0.5494998693466187,0.3307419419288635,0.1881650984287262,0.49445751309394836,0.06318346410989761,0.2217572033405304,0.46518996357917786,0.2491414099931717,0.0,0.0,0.0,0.0,0.0,0.0,0.0,0.0,0.0,0.0,0.0,0.0,0.0,0.0,0.0,0.0,0.0,0.0,0.0,0.0,0.0,0.0,0.0,0.0,0.0,0.0,0.0,0.0,0.0,0.0,0.0,0.0,0.0,0.0,0.0,0.0,0.0,0.0,0.0,0.0,0.0,0.0,0.0,0.0,0.0,0.0,0.0,0.0,0.0,0.0,0.0,0.0,0.0,0.0,0.0,0.0,0.0,0.0,0.0,0.0,0.0,0.0,0.0,0.0,0.0,0.0,0.0,0.0,0.0,0.0,0.0,0.0,0.0,0.0,0.0,0.0,0.0,0.0,0.0,0.0,0.0,0.0,0.0,0.0,0.0,0.0,0.0,0.0,0.0,0.0,0.0,0.0,0.0,0.0,0.0,0.0,0.0,0.0,0.0,0.0,0.0,0.0,0.0,0.0,0.0,0.0,0.0,0.0,0.0,0.0,0.0,0.0,0.0,0.0,0.0,0.0,0.0,0.0,0.0,0.0,0.0,0.0,0.0,0.0,0.0,0.0,3
0.4911464750766754,0.47036656737327576,-0.7550092935562134,0.5103780031204224,0.4582426846027374,-0.7780000567436218,0.5183275938034058,0.44375741481781006,-0.778232216835022,0.5229620337486267,0.46669870615005493,-0.7785274982452393,0.4948548674583435,0.4443168342113495,-0.783187747001648,0.4899447560310364,0.4388006329536438,-0.7832508087158203,0.484971284866333,0.4329988360404968,-0.7832967042922974,0.523521900177002,0.43401050567626953,-0.7349146604537964,0.488804429769516,0.4167138636112213,-0.7496770620346069,0.5033081769943237,0.4846797287464142,-0.7178787589073181,0.4852500855922699,0.4694242477416992,-0.7234585285186768,0.5950201749801636,0.5218080282211304,-0.5621704459190369,0.43714332580566406,0.3861149251461029,-0.6284298896789551,0.6040116548538208,0.6457786560058594,-0.4833777844905853,0.28979459404945374,0.4305045008659363,-0.5729319453239441,0.6544777750968933,0.804055392742157,-0.47597455978393555,0.17932257056236267,0.5409570932388306,-0.6054272651672363,0.6554617285728455,0.830345094203949,-0.5148767232894897,0.14345838129520416,0.5600709915161133,-0.6741499304771423,0.648314893245697,0.839397132396698,-0.5407771468162537,0.1631147563457489,0.5816033482551575,-0.6863541007041931,0.6303737759590149,0.8218249678611755,-0.4903638958930969,0.18248477578163147,0.580293595790863,-0.6162904500961304,0.517382025718689,0.4989730417728424,0.03232116624712944,0.45273464918136597,0.44001805782318115,-0.031887467950582504,0.4665009379386902,0.5757917761802673,0.4387156367301941,0.3908907473087311,0.5204383134841919,0.42473477125167847,0.4751501977443695,0.6000811457633972,0.8960752487182617,0.4232064187526703,0.5649803280830383,0.8498727083206177,0.4730353355407715,0.6008046865463257,0.9439288973808289,0.4293355345726013,0.5733372569084167,0.8894020915031433,0.48964232206344604,0.651208758354187,0.9089361429214478,0.43813008069992065,0.5972692370414734,0.8213119506835938,0.0,0.0,0.0,0.0,0.0,0.0,0.0,0.0,0.0,0.0,0.0,0.0,0.0,0.0,0.0,0.0,0.0,0.0,0.0,0.0,0.0,0.0,0.0,0.0,0.0,0.0,0.0,0.0,0.0,0.0,0.0,0.0,0.0,0.0,0.0,0.0,0.0,0.0,0.0,0.0,0.0,0.0,0.0,0.0,0.0,0.0,0.0,0.0,0.0,0.0,0.0,0.0,0.0,0.0,0.0,0.0,0.0,0.0,0.0,0.0,0.0,0.0,0.0,0.0,0.0,0.0,0.0,0.0,0.0,0.0,0.0,0.0,0.0,0.0,0.0,0.0,0.0,0.0,0.0,0.0,0.0,0.0,0.0,0.0,0.0,0.0,0.0,0.0,0.0,0.0,0.0,0.0,0.0,0.0,0.0,0.0,0.0,0.0,0.0,0.0,0.0,0.0,0.0,0.0,0.0,0.0,0.0,0.0,0.0,0.0,0.0,0.0,0.0,0.0,0.0,0.0,0.0,0.0,0.0,0.0,0.0,0.0,0.0,0.0,0.0,0.0,3
0.6406352519989014,0.43978554010391235,-0.7266096472740173,0.6376135349273682,0.420389324426651,-0.7474435567855835,0.6405813694000244,0.4188248813152313,-0.7476991415023804,0.6435755491256714,0.41828644275665283,-0.7479413151741028,0.6293362975120544,0.4252438545227051,-0.7635517120361328,0.6257508993148804,0.4265548884868622,-0.7637000679969788,0.6221670508384705,0.4273601174354553,-0.7638052701950073,0.6409953832626343,0.4196535646915436,-0.6860345602035522,0.6123634576797485,0.4310447573661804,-0.7559260129928589,0.6481415033340454,0.45381709933280945,-0.6832202076911926,0.6370580792427063,0.4552716314792633,-0.7037971019744873,0.6470462679862976,0.43408626317977905,-0.48798829317092896,0.5860388875007629,0.5283752679824829,-0.6359143257141113,0.6616920232772827,0.4647037386894226,-0.28937655687332153,0.5423263311386108,0.5927426815032959,-0.4916725754737854,0.6710180640220642,0.5039319396018982,-0.16995203495025635,0.5241764187812805,0.6158714890480042,-0.3816621005535126,0.6735926270484924,0.49753108620643616,-0.1806027591228485,0.5094572901725769,0.626399040222168,-0.42039722204208374,0.6657766699790955,0.5206897854804993,-0.2104155272245407,0.5138176679611206,0.6148718595504761,-0.44420331716537476,0.6602748036384583,0.5265899896621704,-0.17845861613750458,0.5214001536369324,0.6072300672531128,-0.3885647654533386,0.5201479196548462,0.4674091935157776,0.0608275942504406,0.4998888075351715,0.5168219804763794,-0.06063123419880867,0.3978400230407715,0.427270770072937,0.46355175971984863,0.39239558577537537,0.4846132695674896,0.32971692085266113,0.33849847316741943,0.42966946959495544,0.8794015645980835,0.34234005212783813,0.4422185719013214,0.706830620765686,0.33038121461868286,0.43390557169914246,0.9285113215446472,0.3297238349914551,0.4378722608089447,0.7533517479896545,0.3312537372112274,0.4543553590774536,0.943153977394104,0.3388729691505432,0.45661869645118713,0.7709604501724243,0.0,0.0,0.0,0.0,0.0,0.0,0.0,0.0,0.0,0.0,0.0,0.0,0.0,0.0,0.0,0.0,0.0,0.0,0.0,0.0,0.0,0.0,0.0,0.0,0.0,0.0,0.0,0.0,0.0,0.0,0.0,0.0,0.0,0.0,0.0,0.0,0.0,0.0,0.0,0.0,0.0,0.0,0.0,0.0,0.0,0.0,0.0,0.0,0.0,0.0,0.0,0.0,0.0,0.0,0.0,0.0,0.0,0.0,0.0,0.0,0.0,0.0,0.0,0.0,0.0,0.0,0.0,0.0,0.0,0.0,0.0,0.0,0.0,0.0,0.0,0.0,0.0,0.0,0.0,0.0,0.0,0.0,0.0,0.0,0.0,0.0,0.0,0.0,0.0,0.0,0.0,0.0,0.0,0.0,0.0,0.0,0.0,0.0,0.0,0.0,0.0,0.0,0.0,0.0,0.0,0.0,0.0,0.0,0.0,0.0,0.0,0.0,0.0,0.0,0.0,0.0,0.0,0.0,0.0,0.0,0.0,0.0,0.0,0.0,0.0,0.0,3
0.0,0.0,0.0,0.0,0.0,0.0,0.0,0.0,0.0,0.0,0.0,0.0,0.0,0.0,0.0,0.0,0.0,0.0,0.0,0.0,0.0,0.0,0.0,0.0,0.0,0.0,0.0,0.0,0.0,0.0,0.0,0.0,0.0,0.0,0.0,0.0,0.0,0.0,0.0,0.0,0.0,0.0,0.0,0.0,0.0,0.0,0.0,0.0,0.0,0.0,0.0,0.0,0.0,0.0,0.0,0.0,0.0,0.0,0.0,0.0,0.0,0.0,0.0,0.0,0.0,0.0,0.0,0.0,0.0,0.0,0.0,0.0,0.0,0.0,0.0,0.0,0.0,0.0,0.0,0.0,0.0,0.0,0.0,0.0,0.0,0.0,0.0,0.0,0.0,0.0,0.0,0.0,0.0,0.0,0.0,0.0,0.0,0.0,0.0,0.0,0.0,0.0,0.0,0.0,0.0,0.0,0.0,0.0,0.0,0.0,0.0,0.0,0.0,0.0,0.0,0.0,0.0,0.0,0.0,0.0,0.0,0.0,0.0,0.0,0.0,0.0,0.0,0.0,0.0,0.0,0.0,0.0,0.0,0.0,0.0,0.0,0.0,0.0,0.0,0.0,0.0,0.0,0.0,0.0,0.0,0.0,0.0,0.0,0.0,0.0,0.0,0.0,0.0,0.0,0.0,0.0,0.0,0.0,0.0,0.0,0.0,0.0,0.0,0.0,0.0,0.0,0.0,0.0,0.0,0.0,0.0,0.0,0.0,0.0,0.0,0.0,0.0,0.0,0.0,0.0,0.0,0.0,0.0,0.0,0.0,0.0,0.0,0.0,0.0,0.0,0.0,0.0,0.0,0.0,0.0,0.0,0.0,0.0,0.0,0.0,0.0,0.0,0.0,0.0,0.0,0.0,0.0,0.0,0.0,0.0,0.0,0.0,0.0,0.0,0.0,0.0,0.0,0.0,0.0,0.0,0.0,0.0,0.0,0.0,0.0,3
0.5191988348960876,0.3953726887702942,-0.9676313400268555,0.541365921497345,0.364696204662323,-0.9385150671005249,0.5513890981674194,0.36581695079803467,-0.9386722445487976,0.5593965649604797,0.36648350954055786,-0.9385789036750793,0.5046715140342712,0.35920846462249756,-0.9414747357368469,0.4916565418243408,0.3568284213542938,-0.9416845440864563,0.48017820715904236,0.3547283411026001,-0.9415714144706726,0.5657503604888916,0.3737977147102356,-0.6601240634918213,0.46680155396461487,0.3601076006889343,-0.6779156923294067,0.5381714701652527,0.4286985397338867,-0.8529964685440063,0.4942450523376465,0.42377299070358276,-0.8584076166152954,0.6316064596176147,0.5208497047424316,-0.42622584104537964,0.3670247793197632,0.49714919924736023,-0.462056964635849,0.7372139692306519,0.696492075920105,-0.5358433723449707,0.180550217628479,0.6139139533042908,-0.7870481610298157,0.8264355659484863,0.7814233899116516,-0.9492437243461609,0.24672332406044006,0.45828187465667725,-1.297180414199829,0.8719983100891113,0.816267192363739,-1.033033013343811,0.25810614228248596,0.4033210873603821,-1.3988250494003296,0.8546925783157349,0.8156729340553284,-1.064616084098816,0.2773110270500183,0.38363033533096313,-1.3893582820892334,0.8309056162834167,0.8061044812202454,-0.9750622510910034,0.27972742915153503,0.41289132833480835,-1.3079183101654053,0.5779550075531006,0.8527665734291077,0.03270532935857773,0.40816205739974976,0.8679300546646118,-0.030415887013077736,0.6588560938835144,1.0906589031219482,-0.38256925344467163,0.42718610167503357,1.133122205734253,-0.4459705948829651,0.6107697486877441,1.4493815898895264,-0.1266801357269287,0.42592209577560425,1.4760993719100952,-0.22307518124580383,0.5899707674980164,1.4928752183914185,-0.09967415779829025,0.4247005581855774,1.512653112411499,-0.20013836026191711,0.627955436706543,1.5860974788665771,-0.2857373356819153,0.4398614764213562,1.6143591403961182,-0.4186835289001465,0.8216862082481384,0.7602106928825378,3.27003050415442e-07,0.8049839735031128,0.7791064381599426,-0.028300190344452858,0.8061656355857849,0.8059837818145752,-0.049774352461099625,0.8140897750854492,0.8359550833702087,-0.06487399339675903,0.8237329721450806,0.8590363264083862,-0.0783616453409195,0.8395524024963379,0.7977488040924072,-0.06395143270492554,0.8570184707641602,0.8405637145042419,-0.08386694639921188,0.856141984462738,0.8690712451934814,-0.089571014046669,0.8522910475730896,0.8864527940750122,-0.09071679413318634,0.8620026111602783,0.7859389781951904,-0.055494535714387894,0.8856459259986877,0.8349074125289917,-0.07574988901615143,0.887029767036438,0.8723695278167725,-0.07816047221422195,0.883459746837616,0.8958598971366882,-0.07791544497013092,0.8772991895675659,0.780818521976471,-0.046855099499225616,0.9036335349082947,0.8240833878517151,-0.062355708330869675,0.9059352278709412,0.858690083026886,-0.06440853327512741,0.9038311243057251,0.8816150426864624,-0.06416703015565872,0.885922908782959,0.7793998718261719,-0.03958604484796524,0.9102560877799988,0.8138066530227661,-0.050432126969099045,0.9121299386024475,0.8381967544555664,-0.052905503660440445,0.9089145660400391,0.8557595014572144,-0.05334389954805374,0.2378639280796051,0.44754141569137573,1.866213352741397e-07,0.27179449796676636,0.4383031129837036,-0.01017103809863329,0.2970409095287323,0.42071256041526794,-0.010895851999521255,0.31300240755081177,0.39653846621513367,-0.011568529531359673,0.31606462597846985,0.37468960881233215,-0.012532614171504974,0.2813432216644287,0.3806802034378052,0.00016583228716626763,0.2983025014400482,0.35137057304382324,-0.0046912492252886295,0.306724488735199,0.3342750370502472,-0.010360673069953918,0.313373863697052,0.31827279925346375,-0.01466992124915123,0.2614631652832031,0.3722112774848938,-2.4283919628942385e-05,0.27197685837745667,0.33829760551452637,-0.0036425699945539236,0.2772047221660614,0.317714124917984,-0.010192940011620522,0.2815864682197571,0.30011364817619324,-0.015561620704829693,0.24033208191394806,0.37249496579170227,-0.0021101636812090874,0.2446131557226181,0.34233027696609497,-0.006902027875185013,0.24741728603839874,0.3220418691635132,-0.012299387715756893,0.2515859007835388,0.3049509525299072,-0.016605760902166367,0.2177594006061554,0.3795226514339447,-0.005479684565216303,0.21437884867191315,0.35823938250541687,-0.010897284373641014,0.21288996934890747,0.3419385254383087,-0.013558322563767433,0.21323871612548828,0.3268592357635498,-0.015456815250217915,3
0.5226390957832336,0.3580071032047272,-0.7337077856063843,0.541530966758728,0.3305034935474396,-0.685927152633667,0.5515673160552979,0.33231690526008606,-0.6858661770820618,0.5605820417404175,0.33408138155937195,-0.6853678226470947,0.5104155540466309,0.32962924242019653,-0.6745396852493286,0.4989548623561859,0.3307057321071625,-0.6747527122497559,0.488124281167984,0.33194971084594727,-0.6745926141738892,0.5797571539878845,0.35688161849975586,-0.39286789298057556,0.47417062520980835,0.3548511266708374,-0.34960561990737915,0.5422430038452148,0.3964320123195648,-0.6263763904571533,0.5013302564620972,0.3961326777935028,-0.6152594089508057,0.6719928979873657,0.5256816148757935,-0.20204487442970276,0.39898717403411865,0.5054196715354919,-0.11279205232858658,0.744071364402771,0.7331851720809937,-0.19671636819839478,0.12249168008565903,0.568115234375,-0.3948126435279846,0.7727586030960083,0.9533384442329407,-0.4704493582248688,0.19798210263252258,0.38289979100227356,-0.8389425277709961,0.7990928292274475,1.0204882621765137,-0.5153059959411621,0.2112540751695633,0.3158259391784668,-0.9268050193786621,0.7737804651260376,1.0157004594802856,-0.5624431371688843,0.2308938205242157,0.30357253551483154,-0.8882867097854614,0.7520502805709839,0.9834949374198914,-0.49881473183631897,0.23492462933063507,0.3319206237792969,-0.8450231552124023,0.6009218692779541,0.9447128176689148,0.01658758334815502,0.42960333824157715,0.9356334805488586,-0.011526481248438358,0.6093398332595825,1.3055833578109741,-0.3563989996910095,0.43655842542648315,1.3190066814422607,-0.332738995552063,0.622410237789154,1.6699790954589844,-0.09791091829538345,0.4482041299343109,1.6860979795455933,-0.2018674612045288,0.6258775591850281,1.730574131011963,-0.07466521859169006,0.4485708177089691,1.7370084524154663,-0.19612056016921997,0.6165063381195068,1.7573140859603882,-0.32213979959487915,0.4660934805870056,1.7918798923492432,-0.5085813999176025,0.0,0.0,0.0,0.0,0.0,0.0,0.0,0.0,0.0,0.0,0.0,0.0,0.0,0.0,0.0,0.0,0.0,0.0,0.0,0.0,0.0,0.0,0.0,0.0,0.0,0.0,0.0,0.0,0.0,0.0,0.0,0.0,0.0,0.0,0.0,0.0,0.0,0.0,0.0,0.0,0.0,0.0,0.0,0.0,0.0,0.0,0.0,0.0,0.0,0.0,0.0,0.0,0.0,0.0,0.0,0.0,0.0,0.0,0.0,0.0,0.0,0.0,0.0,0.19207516312599182,0.3708720803260803,2.365034532658683e-07,0.2271384447813034,0.3588436543941498,-0.00965035893023014,0.2569480836391449,0.3337886929512024,-0.01041508186608553,0.2840730547904968,0.318624347448349,-0.011650431901216507,0.30562397837638855,0.3143635094165802,-0.013089091517031193,0.24039727449417114,0.2945726215839386,0.007273843977600336,0.25293123722076416,0.26060810685157776,0.006034467834979296,0.259784072637558,0.24083200097084045,0.0013358860742300749,0.26672956347465515,0.22447414696216583,-0.002941412851214409,0.22018015384674072,0.28599557280540466,0.007457817438989878,0.2288609892129898,0.24982668459415436,0.00835036113858223,0.23706276714801788,0.22777603566646576,0.002873648889362812,0.2454131543636322,0.21222557127475739,-0.0022811172530055046,0.1989751011133194,0.2856833338737488,0.005286228843033314,0.2048221230506897,0.2522382140159607,0.005195453763008118,0.21149741113185883,0.2323099672794342,0.0007631850894540548,0.21878980100154877,0.21826305985450745,-0.003576467279344797,0.17672930657863617,0.29276978969573975,0.001450240844860673,0.1730901449918747,0.2694139778614044,0.000269368349108845,0.1710449755191803,0.2533259391784668,-0.0006318567902781069,0.17141911387443542,0.2394910603761673,-0.0018595190485939384,3
0.5922884941101074,0.2959006130695343,-0.8422740697860718,0.6153527498245239,0.2649592161178589,-0.8039839863777161,0.628787100315094,0.2684979736804962,-0.8038748502731323,0.6418236494064331,0.27177557349205017,-0.8037917017936707,0.5789742469787598,0.2575790584087372,-0.7995144128799438,0.5668510794639587,0.2568551003932953,-0.7999314665794373,0.5561684370040894,0.25691431760787964,-0.7999187707901001,0.6622369885444641,0.29717978835105896,-0.5262302160263062,0.5292819738388062,0.280730277299881,-0.5121349096298218,0.6143600344657898,0.3435710072517395,-0.7306138277053833,0.5693782567977905,0.33626189827919006,-0.7276899814605713,0.7385429739952087,0.48424869775772095,-0.376816064119339,0.4342849850654602,0.462880402803421,-0.28329336643218994,0.783103346824646,0.681247889995575,-0.3972034454345703,0.2723420262336731,0.6262547969818115,-0.5521719455718994,0.6414543390274048,0.7171825170516968,-0.6078199148178101,0.29358068108558655,0.5212480425834656,-1.0422147512435913,0.6041515469551086,0.7603675127029419,-0.6644137501716614,0.29308849573135376,0.5045945048332214,-1.1490026712417603,0.58250492811203,0.722298264503479,-0.6692591905593872,0.317465603351593,0.46501827239990234,-1.116748571395874,0.5886456370353699,0.713591456413269,-0.6125842928886414,0.32952815294265747,0.48136192560195923,-1.0430676937103271,0.6592210531234741,0.9077350497245789,-0.021464629098773003,0.47394776344299316,0.9007191061973572,0.02458430454134941,0.6442736387252808,1.2104023694992065,-0.2050154209136963,0.46212631464004517,1.2507563829421997,-0.04170716181397438,0.6168081164360046,1.5227113962173462,0.08114111423492432,0.4739120900630951,1.553312063217163,0.219660684466362,0.612513542175293,1.5652509927749634,0.11262796074151993,0.4844372272491455,1.5913615226745605,0.24134370684623718,0.588076651096344,1.6504572629928589,-0.10667929798364639,0.46429795026779175,1.6852428913116455,0.004698422271758318,0.0,0.0,0.0,0.0,0.0,0.0,0.0,0.0,0.0,0.0,0.0,0.0,0.0,0.0,0.0,0.0,0.0,0.0,0.0,0.0,0.0,0.0,0.0,0.0,0.0,0.0,0.0,0.0,0.0,0.0,0.0,0.0,0.0,0.0,0.0,0.0,0.0,0.0,0.0,0.0,0.0,0.0,0.0,0.0,0.0,0.0,0.0,0.0,0.0,0.0,0.0,0.0,0.0,0.0,0.0,0.0,0.0,0.0,0.0,0.0,0.0,0.0,0.0,0.0,0.0,0.0,0.0,0.0,0.0,0.0,0.0,0.0,0.0,0.0,0.0,0.0,0.0,0.0,0.0,0.0,0.0,0.0,0.0,0.0,0.0,0.0,0.0,0.0,0.0,0.0,0.0,0.0,0.0,0.0,0.0,0.0,0.0,0.0,0.0,0.0,0.0,0.0,0.0,0.0,0.0,0.0,0.0,0.0,0.0,0.0,0.0,0.0,0.0,0.0,0.0,0.0,0.0,0.0,0.0,0.0,0.0,0.0,0.0,0.0,0.0,0.0,3
0.5532715320587158,0.29657429456710815,-1.1683435440063477,0.5765821933746338,0.26517510414123535,-1.1294100284576416,0.5937492251396179,0.2662958800792694,-1.1292431354522705,0.6081435680389404,0.2675522267818451,-1.128743052482605,0.5307551622390747,0.26380655169487,-1.1238019466400146,0.5165444612503052,0.2661084234714508,-1.1241281032562256,0.49653926491737366,0.2721571624279022,-1.1238874197006226,0.6320191621780396,0.2916264235973358,-0.8406831622123718,0.4632019102573395,0.294173926115036,-0.8097198605537415,0.5853022336959839,0.3449139893054962,-1.0540214776992798,0.5319531559944153,0.343108206987381,-1.0472452640533447,0.7227218747138977,0.4671421945095062,-0.5989333391189575,0.39510634541511536,0.4955478310585022,-0.5803406238555908,0.8375406265258789,0.6428409218788147,-0.7434641122817993,0.1567213237285614,0.6684044003486633,-0.8966113328933716,0.8645265698432922,0.6456101536750793,-1.1835414171218872,0.2038312703371048,0.4595339000225067,-1.4159091711044312,0.88398277759552,0.6551011800765991,-1.2604186534881592,0.1953684389591217,0.4015873968601227,-1.525892972946167,0.8451155424118042,0.6315078735351562,-1.2568583488464355,0.21692273020744324,0.3779376447200775,-1.48313307762146,0.8254010081291199,0.6400737166404724,-1.1960114240646362,0.23474988341331482,0.4091845750808716,-1.4178262948989868,0.6459218263626099,0.9072369337081909,0.0075172544457018375,0.4671483039855957,0.9111985564231873,-0.0038081903476268053,0.6659060716629028,1.226075291633606,-0.21363627910614014,0.4765405058860779,1.3073891401290894,-0.23113644123077393,0.6833751201629639,1.5364083051681519,0.04400412365794182,0.48709455132484436,1.638077974319458,-0.06436434388160706,0.6781320571899414,1.5924147367477417,0.07282615453004837,0.4963286519050598,1.6853010654449463,-0.051609139889478683,0.6900094747543335,1.6510587930679321,-0.15295137465000153,0.4942224621772766,1.7692235708236694,-0.3353990316390991,0.0,0.0,0.0,0.0,0.0,0.0,0.0,0.0,0.0,0.0,0.0,0.0,0.0,0.0,0.0,0.0,0.0,0.0,0.0,0.0,0.0,0.0,0.0,0.0,0.0,0.0,0.0,0.0,0.0,0.0,0.0,0.0,0.0,0.0,0.0,0.0,0.0,0.0,0.0,0.0,0.0,0.0,0.0,0.0,0.0,0.0,0.0,0.0,0.0,0.0,0.0,0.0,0.0,0.0,0.0,0.0,0.0,0.0,0.0,0.0,0.0,0.0,0.0,0.1888720989227295,0.4292202293872833,3.953316536353668e-07,0.22980216145515442,0.4038512110710144,-0.00970812514424324,0.2574945390224457,0.3764023184776306,-0.008929729461669922,0.28423070907592773,0.3545369803905487,-0.009634415619075298,0.3075064718723297,0.34514617919921875,-0.0106943529099226,0.21752852201461792,0.3312150239944458,0.0246148519217968,0.22432564198970795,0.29261210560798645,0.02958887256681919,0.2269146740436554,0.26998382806777954,0.0254378505051136,0.22952182590961456,0.25114914774894714,0.020930998027324677,0.1928279548883438,0.32955044507980347,0.026112506166100502,0.19647131860256195,0.28775936365127563,0.03344579413533211,0.19906020164489746,0.2614818215370178,0.026536663994193077,0.20417487621307373,0.2436685562133789,0.01947830058634281,0.1684514731168747,0.33457908034324646,0.02444787137210369,0.17037349939346313,0.29626017808914185,0.030636286363005638,0.17463421821594238,0.2751938998699188,0.025847302749753,0.1810893416404724,0.2619907259941101,0.020429354161024094,0.14288106560707092,0.3471882939338684,0.020593879744410515,0.13905850052833557,0.32189229130744934,0.026624228805303574,0.13753047585487366,0.30616986751556396,0.028492985293269157,0.13873453438282013,0.2941593825817108,0.028305400162935257,3
0.5902941823005676,0.354242742061615,0.13160760700702667,0.6114378571510315,0.3231935203075409,0.19254808127880096,0.6240829229354858,0.33143433928489685,0.1929166167974472,0.6369912028312683,0.33365392684936523,0.193221777677536,0.5791274905204773,0.3218771815299988,0.19965629279613495,0.5613957047462463,0.32417020201683044,0.19913554191589355,0.5424636602401733,0.32742002606391907,0.199392169713974,0.6588640213012695,0.35716140270233154,0.41350847482681274,0.5273274779319763,0.35914433002471924,0.44434794783592224,0.6179710030555725,0.3898295760154724,0.20569738745689392,0.5605458617210388,0.397553950548172,0.21329133212566376,0.75206458568573,0.4965820610523224,0.3752584159374237,0.45841988921165466,0.49687424302101135,0.44724002480506897,0.8692785501480103,0.5851629376411438,0.24340951442718506,0.30842503905296326,0.5603790879249573,0.1516130417585373,0.9415842294692993,0.7263922095298767,-0.07399941235780716,0.21792587637901306,0.4722723364830017,-0.34362518787384033,0.9909988641738892,0.7716397643089294,-0.11891666799783707,0.1974189728498459,0.42943745851516724,-0.43368250131607056,0.9533673524856567,0.7612025141716003,-0.1614658534526825,0.22030477225780487,0.4090346097946167,-0.436021625995636,0.9322945475578308,0.7531579732894897,-0.10121361911296844,0.2377115786075592,0.4338003695011139,-0.3639265298843384,0.6753789186477661,0.8613203167915344,-0.019389772787690163,0.5081010460853577,0.8531176447868347,0.021003292873501778,0.6964787840843201,1.0697367191314697,-0.33616411685943604,0.478022962808609,1.0713768005371094,-0.32734549045562744,0.7110205888748169,1.3869339227676392,-0.4570932984352112,0.4680615961551666,1.3962571620941162,-0.5421918630599976,0.7035305500030518,1.4286463260650635,-0.4711146950721741,0.47882795333862305,1.4395338296890259,-0.5717374682426453,0.7099379301071167,1.5291651487350464,-0.6115244626998901,0.4543610215187073,1.5399742126464844,-0.7390868663787842,0.9229374527931213,0.7428280115127563,3.2167073982236616e-07,0.9108128547668457,0.7712403535842896,-0.032310958951711655,0.9208930730819702,0.799077570438385,-0.04850074276328087,0.9376158118247986,0.825976550579071,-0.05802876502275467,0.9484144449234009,0.8484341502189636,-0.06672611832618713,0.9621779322624207,0.7702127695083618,-0.045501355081796646,0.9890027046203613,0.7938216924667358,-0.060910578817129135,1.0045198202133179,0.8156567811965942,-0.0691203698515892,1.0135802030563354,0.8320738673210144,-0.07321017235517502,0.9772743582725525,0.7576836347579956,-0.03248147293925285,1.0045140981674194,0.7814283967018127,-0.04547566547989845,1.0185354948043823,0.8006309270858765,-0.05046164244413376,1.0282118320465088,0.8156812191009521,-0.05297987535595894,0.9852524995803833,0.7518233060836792,-0.020804425701498985,1.0095919370651245,0.7715439796447754,-0.0323534719645977,1.023077368736267,0.7875626683235168,-0.036485157907009125,1.032346248626709,0.8009907007217407,-0.038039371371269226,0.9880119562149048,0.7492518424987793,-0.011203589849174023,1.009000539779663,0.763404130935669,-0.020307907834649086,1.0211739540100098,0.7772911787033081,-0.02408457361161709,1.0285310745239258,0.7899637222290039,-0.025625625625252724,0.21748977899551392,0.4311002790927887,3.64746057357479e-07,0.2636009454727173,0.418974906206131,0.0006231684237718582,0.291803240776062,0.4042494595050812,0.010200762189924717,0.31096288561820984,0.37940290570259094,0.016653524711728096,0.3272586464881897,0.3622666001319885,0.02228027582168579,0.26753658056259155,0.37495920062065125,0.042623370885849,0.2843695878982544,0.3422486186027527,0.05204218626022339,0.29147183895111084,0.3220321238040924,0.0514679029583931,0.2946164309978485,0.30545902252197266,0.04961153492331505,0.239407017827034,0.36838287115097046,0.04176736995577812,0.246620774269104,0.3344615399837494,0.05147396773099899,0.25120440125465393,0.3109985888004303,0.044881198555231094,0.25674501061439514,0.2944260835647583,0.03808661177754402,0.21130390465259552,0.36870983242988586,0.038002967834472656,0.2118523120880127,0.3400682210922241,0.04564390331506729,0.21223829686641693,0.3186132609844208,0.0406191386282444,0.21753202378749847,0.30184870958328247,0.03486769646406174,0.1807914525270462,0.3794262111186981,0.033142030239105225,0.17664405703544617,0.35712262988090515,0.04004885256290436,0.1725621521472931,0.34077224135398865,0.041654374450445175,0.17414075136184692,0.32586896419525146,0.04101334139704704,3
0.5306940078735352,0.3657645881175995,-0.36878955364227295,0.540605902671814,0.35079291462898254,-0.3072899878025055,0.5465640425682068,0.3540915250778198,-0.30683183670043945,0.553192138671875,0.3563714623451233,-0.3064132630825043,0.5174235105514526,0.3438836634159088,-0.3182184100151062,0.5070787072181702,0.34319886565208435,-0.3187190294265747,0.4946078360080719,0.34257790446281433,-0.31822896003723145,0.5491777658462524,0.37291234731674194,0.020796403288841248,0.469478040933609,0.3640346825122833,-0.04293094947934151,0.5403850078582764,0.399541974067688,-0.25140711665153503,0.5052639245986938,0.3986157774925232,-0.2708236575126648,0.6160796880722046,0.5368650555610657,0.14514048397541046,0.3448033332824707,0.5067541003227234,0.1145799532532692,0.6693794131278992,0.7056945562362671,0.17053565382957458,0.1264050006866455,0.5518043637275696,-0.30744725465774536,0.6746949553489685,0.8960245847702026,-0.17114883661270142,0.1790499985218048,0.3947542905807495,-0.8481255769729614,0.6802231669425964,0.9420109391212463,-0.2253190279006958,0.19393542408943176,0.35611066222190857,-0.9553327560424805,0.6609331369400024,0.935933530330658,-0.25196924805641174,0.21405911445617676,0.34633392095565796,-0.8964214324951172,0.6543163657188416,0.924517810344696,-0.19613030552864075,0.21791771054267883,0.3622058033943176,-0.8443061709403992,0.5507322549819946,0.9711192846298218,0.004720895551145077,0.38584691286087036,0.9800251126289368,-0.0013546549016609788,0.5477063655853271,1.3415592908859253,-0.4272433817386627,0.37171605229377747,1.3414288759231567,-0.4086393415927887,0.5366438627243042,1.6838099956512451,-0.1971176564693451,0.3695737421512604,1.7007719278335571,-0.3214341700077057,0.5355984568595886,1.7318552732467651,-0.17380036413669586,0.3671354651451111,1.7497599124908447,-0.3215685784816742,0.5203355550765991,1.808266520500183,-0.4125095307826996,0.3766315281391144,1.824836254119873,-0.6387446522712708,0.6754369139671326,0.9062541127204895,2.4923687647060433e-07,0.6485714316368103,0.9139097332954407,-0.011768437922000885,0.6309852600097656,0.936464250087738,-0.01517475862056017,0.6250502467155457,0.9608947038650513,-0.016175108030438423,0.6188276410102844,0.9817191958427429,-0.01631469652056694,0.6567551493644714,0.9661665558815002,-0.005402746610343456,0.6480523347854614,0.9971979260444641,-0.0057075247168540955,0.6399034261703491,1.0110957622528076,-0.006521350238472223,0.6330388784408569,1.0186853408813477,-0.006774022243916988,0.6707870364189148,0.9684019684791565,0.0009147171513177454,0.660535991191864,0.9974585771560669,0.002644158899784088,0.6508532166481018,1.0111591815948486,0.0024528391659259796,0.6419914960861206,1.0176618099212646,0.0020896182395517826,0.6791984438896179,0.9660640954971313,0.006336165126413107,0.6686188578605652,0.9911512136459351,0.008136289194226265,0.6596246361732483,1.0037142038345337,0.008439605124294758,0.651239812374115,1.0114665031433105,0.008157375268638134,0.6832950711250305,0.9615124464035034,0.01065307017415762,0.6734652519226074,0.9825343489646912,0.011653940193355083,0.6653742790222168,0.9941927790641785,0.012638691812753677,0.6578407883644104,1.001673698425293,0.01356183085590601,0.1685086488723755,0.3944474756717682,1.8118043954018503e-07,0.19861739873886108,0.38795381784439087,-0.009765276685357094,0.22965361177921295,0.370106041431427,-0.011974906548857689,0.25297337770462036,0.3565511107444763,-0.013674499467015266,0.27103903889656067,0.34621214866638184,-0.01567697897553444,0.2166110724210739,0.34643685817718506,-0.009363788180053234,0.23372487723827362,0.32067322731018066,-0.015404331497848034,0.24129068851470947,0.30278679728507996,-0.01984933763742447,0.2477443665266037,0.2868448495864868,-0.024059493094682693,0.1985488384962082,0.3357463777065277,-0.011280300095677376,0.20872890949249268,0.3048328459262848,-0.01807803101837635,0.21550410985946655,0.28710997104644775,-0.02535092644393444,0.22111603617668152,0.27279096841812134,-0.03152847662568092,0.17776891589164734,0.33470192551612854,-0.014502291567623615,0.18301145732402802,0.30697306990623474,-0.02399463765323162,0.1880476027727127,0.2922641336917877,-0.03158879652619362,0.19360043108463287,0.27837133407592773,-0.037289999425411224,0.15807589888572693,0.3405706584453583,-0.018277820199728012,0.15663745999336243,0.3217480182647705,-0.028130412101745605,0.15722551941871643,0.3068809509277344,-0.03376699984073639,0.15938784182071686,0.2919531762599945,-0.03811145946383476,3
0.6260985136032104,0.41349509358406067,-0.8559530377388,0.6403667330741882,0.3973066508769989,-0.8033984303474426,0.6496419906616211,0.3992803692817688,-0.8030255436897278,0.6599775552749634,0.3991491496562958,-0.8026072382926941,0.6182504892349243,0.39541083574295044,-0.8017136454582214,0.6104528307914734,0.39607810974121094,-0.8021087646484375,0.6036465764045715,0.39650407433509827,-0.8017975091934204,0.6801584959030151,0.4236873388290405,-0.4679957330226898,0.5958091020584106,0.4163551330566406,-0.46240344643592834,0.6420208215713501,0.44700488448143005,-0.7293058633804321,0.6125242114067078,0.4449993669986725,-0.7288945913314819,0.774743914604187,0.5915857553482056,-0.22751398384571075,0.5022494792938232,0.5604486465454102,-0.21363584697246552,0.8394072651863098,0.7783304452896118,-0.15823788940906525,0.29597869515419006,0.6475982666015625,-0.5707353353500366,0.846717357635498,0.9678642749786377,-0.40806007385253906,0.33063894510269165,0.46969202160835266,-1.116533637046814,0.8550893664360046,1.0325639247894287,-0.448952853679657,0.3387144207954407,0.42475244402885437,-1.2252748012542725,0.8294500112533569,1.0259419679641724,-0.5093774795532227,0.36292704939842224,0.402734637260437,-1.201147198677063,0.8241211771965027,1.0019110441207886,-0.4386026859283447,0.36389678716659546,0.4270312190055847,-1.128639817237854,0.704936146736145,1.0093492269515991,0.004372681491076946,0.538901686668396,1.0055994987487793,0.00048815729678608477,0.7008821368217468,1.3708531856536865,-0.4363170266151428,0.5359983444213867,1.3740882873535156,-0.397583544254303,0.7076137661933899,1.7546268701553345,-0.12477608025074005,0.5409601330757141,1.7454830408096313,-0.21863195300102234,0.7127093076705933,1.8097180128097534,-0.09602025151252747,0.5378338098526001,1.7951661348342896,-0.2105909138917923,0.6855616569519043,1.86384117603302,-0.3941682279109955,0.5678738355636597,1.8586822748184204,-0.5627887845039368,0.0,0.0,0.0,0.0,0.0,0.0,0.0,0.0,0.0,0.0,0.0,0.0,0.0,0.0,0.0,0.0,0.0,0.0,0.0,0.0,0.0,0.0,0.0,0.0,0.0,0.0,0.0,0.0,0.0,0.0,0.0,0.0,0.0,0.0,0.0,0.0,0.0,0.0,0.0,0.0,0.0,0.0,0.0,0.0,0.0,0.0,0.0,0.0,0.0,0.0,0.0,0.0,0.0,0.0,0.0,0.0,0.0,0.0,0.0,0.0,0.0,0.0,0.0,0.32324689626693726,0.4790496230125427,1.0069580724803018e-07,0.35247206687927246,0.471573144197464,-0.010313090868294239,0.37736156582832336,0.4589133858680725,-0.013628429733216763,0.3975611627101898,0.445504367351532,-0.017037376761436462,0.4132327735424042,0.4336841106414795,-0.021059375256299973,0.3656272888183594,0.4316624402999878,-0.005718441214412451,0.3789767324924469,0.4106539189815521,-0.012881595641374588,0.3859544098377228,0.396719753742218,-0.019790396094322205,0.3931941092014313,0.3833158314228058,-0.02544395811855793,0.35021066665649414,0.42518284916877747,-0.006442705634981394,0.3570394515991211,0.4022586941719055,-0.013821311295032501,0.3618231415748596,0.38581275939941406,-0.02142995409667492,0.36772292852401733,0.37116625905036926,-0.028001219034194946,0.333454430103302,0.42413219809532166,-0.008854285813868046,0.3384171724319458,0.40272682905197144,-0.017309285700321198,0.3436206579208374,0.3877640664577484,-0.022313417866826057,0.3501194715499878,0.37604302167892456,-0.026244031265378,0.315769761800766,0.4269823729991913,-0.012436234392225742,0.3178434669971466,0.4095781445503235,-0.020207028836011887,0.3213764727115631,0.3970463275909424,-0.023554829880595207,0.3263479769229889,0.38607341051101685,-0.02627713233232498,3
0.5307376384735107,0.27841049432754517,-1.0909960269927979,0.5618128180503845,0.2545485198497772,-1.0588620901107788,0.5756862163543701,0.25851330161094666,-1.0591462850570679,0.5895205736160278,0.2619781196117401,-1.0592637062072754,0.5249493718147278,0.2421320229768753,-1.0572149753570557,0.5163384079933167,0.23864462971687317,-1.0574499368667603,0.5072046518325806,0.23529237508773804,-1.0573604106903076,0.6071621775627136,0.27614694833755493,-0.7673367261886597,0.4992649555206299,0.24348197877407074,-0.762940526008606,0.5500727891921997,0.3236694931983948,-0.9700762033462524,0.5083192586898804,0.31023046374320984,-0.9690777063369751,0.6837924718856812,0.4496516287326813,-0.53596431016922,0.3913114368915558,0.403910368680954,-0.5087667107582092,0.7269772291183472,0.6476108431816101,-0.4888865053653717,0.16932298243045807,0.4890102446079254,-0.8491111993789673,0.7010033130645752,0.8460020422935486,-0.6385308504104614,0.20967498421669006,0.3346697986125946,-1.3124744892120361,0.696128785610199,0.8863052725791931,-0.6619135737419128,0.22284677624702454,0.28141161799430847,-1.402086615562439,0.6749252676963806,0.8777097463607788,-0.7178210616111755,0.24723370373249054,0.2673737108707428,-1.371948480606079,0.6751084327697754,0.8582236766815186,-0.660305917263031,0.249382883310318,0.28754928708076477,-1.3132169246673584,0.5631110072135925,0.860230028629303,-0.014268338680267334,0.3941938281059265,0.8342876434326172,0.017020832747220993,0.5593915581703186,1.18081533908844,-0.5379436612129211,0.350405752658844,1.1627029180526733,-0.49515262246131897,0.5258530974388123,1.4270647764205933,-0.15507300198078156,0.34569865465164185,1.3846698999404907,-0.1749783456325531,0.5218703150749207,1.4531530141830444,-0.10871783643960953,0.34686964750289917,1.4050021171569824,-0.14084908366203308,0.49895110726356506,1.5379059314727783,-0.298836886882782,0.35364124178886414,1.4995548725128174,-0.34818798303604126,0.0,0.0,0.0,0.0,0.0,0.0,0.0,0.0,0.0,0.0,0.0,0.0,0.0,0.0,0.0,0.0,0.0,0.0,0.0,0.0,0.0,0.0,0.0,0.0,0.0,0.0,0.0,0.0,0.0,0.0,0.0,0.0,0.0,0.0,0.0,0.0,0.0,0.0,0.0,0.0,0.0,0.0,0.0,0.0,0.0,0.0,0.0,0.0,0.0,0.0,0.0,0.0,0.0,0.0,0.0,0.0,0.0,0.0,0.0,0.0,0.0,0.0,0.0,0.19912390410900116,0.336626797914505,9.408829981794042e-08,0.2318473756313324,0.33530163764953613,-0.014041390269994736,0.2572680711746216,0.320671945810318,-0.01644771359860897,0.2767091691493988,0.29794928431510925,-0.018844101577997208,0.2931699752807617,0.2756611406803131,-0.021477364003658295,0.25774917006492615,0.2846398651599884,0.008944242261350155,0.2727609872817993,0.2574370503425598,0.003827798180282116,0.27728530764579773,0.23984482884407043,-0.0058905137702822685,0.28190216422080994,0.22454413771629333,-0.0141236437484622,0.24230468273162842,0.27610257267951965,0.01014497596770525,0.25583013892173767,0.24625582993030548,0.004503223579376936,0.2623124122619629,0.22614453732967377,-0.010088525712490082,0.26788538694381714,0.2109224796295166,-0.022347519174218178,0.22428876161575317,0.27139532566070557,0.008424140512943268,0.233961820602417,0.24480845034122467,0.0011796008329838514,0.24113519489765167,0.22693711519241333,-0.011002419516444206,0.24697692692279816,0.215879425406456,-0.020473552867770195,0.20506124198436737,0.2717015743255615,0.005109912715852261,0.2107844054698944,0.2510536015033722,-0.0024473206140100956,0.21720919013023376,0.2382177710533142,-0.009981988929212093,0.22459863126277924,0.2294464409351349,-0.016347326338291168,3
0.5441954731941223,0.37557756900787354,-0.9498635530471802,0.566980242729187,0.3408316671848297,-0.9167565107345581,0.5798774361610413,0.340491384267807,-0.9165915250778198,0.593614399433136,0.34006455540657043,-0.9164541363716125,0.5284134745597839,0.34173673391342163,-0.9124258756637573,0.5189307332038879,0.3438895046710968,-0.9127484560012817,0.5100110769271851,0.3448459506034851,-0.912432849407196,0.6089220643043518,0.35740143060684204,-0.6278620958328247,0.5015493035316467,0.36239752173423767,-0.6097837090492249,0.5713405609130859,0.4115293323993683,-0.8317055702209473,0.5219067335128784,0.4142054617404938,-0.8279489278793335,0.7001886367797852,0.5145710706710815,-0.39021071791648865,0.4056243300437927,0.4976626932621002,-0.3560144901275635,0.7618083357810974,0.7068918347358704,-0.14951390027999878,0.23027804493904114,0.6242329478263855,-0.6193061470985413,0.7069119215011597,0.9097777605056763,-0.13829757273197174,0.18735042214393616,0.4775775372982025,-1.1104234457015991,0.7145880460739136,0.9756225347518921,-0.1314123570919037,0.180023193359375,0.42776980996131897,-1.1950888633728027,0.6895447373390198,0.9648441672325134,-0.19465294480323792,0.20009534060955048,0.4094037711620331,-1.1952793598175049,0.6828778982162476,0.9416840672492981,-0.15851226449012756,0.2062072455883026,0.4284692406654358,-1.1269230842590332,0.6008658409118652,0.954937219619751,-0.006522602401673794,0.42989349365234375,0.9303618669509888,0.009606502018868923,0.5853124856948853,1.2957707643508911,-0.14723969995975494,0.418398916721344,1.3213106393814087,-0.10904176533222198,0.5617392659187317,1.5871410369873047,0.1214749664068222,0.40407586097717285,1.6331756114959717,0.015709765255451202,0.5562899708747864,1.6284178495407104,0.14950919151306152,0.4045308232307434,1.671352505683899,0.022703126072883606,0.5383238792419434,1.7104815244674683,-0.07072164863348007,0.41360312700271606,1.7710654735565186,-0.24649648368358612,0.7295441031455994,0.9188141226768494,1.6186757534342178e-07,0.6986901760101318,0.931323230266571,-0.01280440203845501,0.6803526282310486,0.9595499038696289,-0.017783870920538902,0.6714703440666199,0.9893431067466736,-0.0204190481454134,0.6676172018051147,1.0137126445770264,-0.022774048149585724,0.7118350267410278,0.9888216853141785,-0.015386799350380898,0.7077645063400269,1.0304211378097534,-0.02209976129233837,0.7004377841949463,1.0481595993041992,-0.026282954961061478,0.6950206756591797,1.055510401725769,-0.027920182794332504,0.7304815649986267,0.9922494292259216,-0.010454819537699223,0.7268694043159485,1.034471035003662,-0.015177597291767597,0.7189265489578247,1.0496867895126343,-0.018005523830652237,0.7118898034095764,1.0552873611450195,-0.01996050588786602,0.7443636655807495,0.9929080009460449,-0.006185430567711592,0.7420284152030945,1.0312306880950928,-0.009959354065358639,0.7347007393836975,1.0437613725662231,-0.01023039873689413,0.7278192639350891,1.0480417013168335,-0.010390959680080414,0.7554627656936646,0.9922224879264832,-0.002866860944777727,0.7575778961181641,1.023593783378601,-0.005771960597485304,0.7520920634269714,1.0341546535491943,-0.0050613186322152615,0.7469154596328735,1.0363892316818237,-0.00395291019231081,0.17261719703674316,0.466724693775177,1.5910308093225467e-07,0.20280899107456207,0.45754384994506836,-0.010509394109249115,0.2305726557970047,0.43851444125175476,-0.013108153827488422,0.25195613503456116,0.4198055863380432,-0.015340309590101242,0.27018067240715027,0.4080917537212372,-0.018081316724419594,0.21246986091136932,0.40598565340042114,-0.0035911325830966234,0.22352242469787598,0.3824998736381531,-0.007619754411280155,0.2273399531841278,0.3668038249015808,-0.012792232446372509,0.23038101196289062,0.3510560691356659,-0.01758587546646595,0.1926223784685135,0.40019214153289795,-0.003729135263711214,0.19631174206733704,0.37300392985343933,-0.007024260237812996,0.19749236106872559,0.35569751262664795,-0.013523165136575699,0.19801507890224457,0.33836615085601807,-0.019632995128631592,0.1726434826850891,0.402662992477417,-0.005384776275604963,0.1728350669145584,0.37777379155158997,-0.010120376013219357,0.17405153810977936,0.36129727959632874,-0.01503879576921463,0.1758688986301422,0.344618558883667,-0.019624605774879456,0.15326888859272003,0.41095876693725586,-0.008198319934308529,0.14966470003128052,0.39275938272476196,-0.013665513135492802,0.1483495831489563,0.37866151332855225,-0.016329949721693993,0.14881360530853271,0.3636220097541809,-0.018707333132624626,3
0.5446592569351196,0.29035404324531555,-0.8070095181465149,0.5649629831314087,0.2571653127670288,-0.7677983045578003,0.5780828595161438,0.2567669451236725,-0.7674951553344727,0.5910404920578003,0.2562333643436432,-0.7674048542976379,0.5302859544754028,0.2602948844432831,-0.7597590088844299,0.5219122171401978,0.26191747188568115,-0.7600470781326294,0.5164567232131958,0.2637346684932709,-0.7598658800125122,0.6101791262626648,0.2676587998867035,-0.48350414633750916,0.5112453103065491,0.2745809555053711,-0.44597306847572327,0.572286069393158,0.32089337706565857,-0.6901983022689819,0.530307412147522,0.3213578760623932,-0.6802404522895813,0.7032004594802856,0.41268327832221985,-0.27958157658576965,0.4431617259979248,0.41987961530685425,-0.2008448839187622,0.7735055685043335,0.5622574090957642,-0.09039947390556335,0.2906090021133423,0.5128755569458008,-0.4494641423225403,0.7938119769096375,0.7515524625778198,-0.09523659199476242,0.19657105207443237,0.4005379378795624,-0.9226871728897095,0.8026774525642395,0.8051636219024658,-0.08928101509809494,0.1774960458278656,0.3414181172847748,-0.9893458485603333,0.7833724617958069,0.7988058924674988,-0.15621896088123322,0.19091403484344482,0.3219539523124695,-1.004543662071228,0.7773397564888,0.7776774168014526,-0.11785812675952911,0.1992424726486206,0.342652291059494,-0.9443092346191406,0.6382489800453186,0.8412068486213684,-0.022814489901065826,0.47298598289489746,0.8455737233161926,0.0265190489590168,0.6452570557594299,1.0589526891708374,-0.7001829147338867,0.4858677387237549,1.128947138786316,-0.42168188095092773,0.6358788013458252,1.4844768047332764,-0.5970531105995178,0.4762078821659088,1.4914467334747314,-0.4256044924259186,0.6375780701637268,1.535075068473816,-0.5798599720001221,0.4726923406124115,1.5351498126983643,-0.4262583255767822,0.6116458773612976,1.6122981309890747,-0.8285096287727356,0.5069108009338379,1.6274127960205078,-0.6960318088531494,0.800012469291687,0.7551556825637817,2.4967803824438306e-07,0.7745696306228638,0.7704034447669983,-0.014038925990462303,0.7629817128181458,0.7968969941139221,-0.01658882014453411,0.7594448328018188,0.8218101859092712,-0.015524053014814854,0.7544387578964233,0.839978814125061,-0.01300001796334982,0.7975223064422607,0.824299156665802,-0.0071916221641004086,0.7841161489486694,0.8541299104690552,-0.00495448661968112,0.7717132568359375,0.8638454675674438,-0.0035177767276763916,0.7619070410728455,0.8668386340141296,-0.0021122624166309834,0.8090970516204834,0.8224888443946838,0.002416284754872322,0.7920631766319275,0.8480650782585144,0.006300230510532856,0.7783809900283813,0.8549497127532959,0.007713480852544308,0.7669402360916138,0.8567464351654053,0.008450306951999664,0.8128702640533447,0.8175907731056213,0.011156758293509483,0.7964973449707031,0.8389085531234741,0.014518221840262413,0.7843139171600342,0.8443666100502014,0.014445208944380283,0.7745798230171204,0.8453847765922546,0.014051406644284725,0.8123687505722046,0.8122087121009827,0.018731720745563507,0.7997700572013855,0.8309274315834045,0.020718304440379143,0.7893561720848083,0.836327314376831,0.020785750821232796,0.7809327840805054,0.8368707895278931,0.021248068660497665,0.17815877497196198,0.3585655093193054,1.64239466471372e-07,0.2037089467048645,0.3484639525413513,-0.009844755753874779,0.2255900651216507,0.3338801860809326,-0.013775469735264778,0.24120132625102997,0.31608378887176514,-0.017776038497686386,0.25464382767677307,0.3014729917049408,-0.02232593297958374,0.21211889386177063,0.3072638511657715,-0.005027449689805508,0.22610339522361755,0.28474944829940796,-0.011540266685187817,0.23355171084403992,0.27015262842178345,-0.0176615659147501,0.2398017942905426,0.25694409012794495,-0.0221545472741127,0.1952795535326004,0.3010963499546051,-0.005214089993387461,0.2014281451702118,0.2755143642425537,-0.010072199627757072,0.2040698230266571,0.2580682635307312,-0.015673527494072914,0.20659758150577545,0.2425977736711502,-0.020591087639331818,0.17732757329940796,0.3018253445625305,-0.006990754045546055,0.17857924103736877,0.277677446603775,-0.0128941610455513,0.17820194363594055,0.26092562079429626,-0.016972552984952927,0.17980222404003143,0.24625515937805176,-0.02023220993578434,0.1580585241317749,0.3082210421562195,-0.009870978072285652,0.15340948104858398,0.2896863520145416,-0.015508192591369152,0.1508389115333557,0.2763911783695221,-0.01736573874950409,0.15046297013759613,0.26284363865852356,-0.01876998506486416,3
0.4320114552974701,0.41310131549835205,-0.2157309502363205,0.4434511661529541,0.38393715023994446,-0.18527396023273468,0.4502509534358978,0.3831315040588379,-0.18538841605186462,0.45700111985206604,0.3822951018810272,-0.18543781340122223,0.4205421805381775,0.38165482878685,-0.19926176965236664,0.4118882715702057,0.3791860044002533,-0.19941827654838562,0.40346378087997437,0.37647953629493713,-0.19954124093055725,0.4594084322452545,0.383880615234375,-0.008543020114302635,0.3858591914176941,0.3774803578853607,-0.07018470764160156,0.4393374025821686,0.43261057138442993,-0.14253541827201843,0.41413170099258423,0.4343632161617279,-0.161418154835701,0.5047746896743774,0.48982635140419006,0.08666401356458664,0.30156391859054565,0.4903491139411926,-0.06725719571113586,0.6553339958190918,0.5700065493583679,-0.09464164078235626,0.24793772399425507,0.633806049823761,-0.22545304894447327,0.668464720249176,0.4599809944629669,-0.4289242625236511,0.30678123235702515,0.719963788986206,-0.42672640085220337,0.675528883934021,0.41843971610069275,-0.4993653893470764,0.3272915780544281,0.7587679624557495,-0.4790145456790924,0.6594833731651306,0.40370437502861023,-0.4867958426475525,0.3474230170249939,0.7433528900146484,-0.49160879850387573,0.65442955493927,0.41649824380874634,-0.4359751343727112,0.3435364067554474,0.7350669503211975,-0.4346298575401306,0.4500541687011719,0.8027521967887878,0.05057718604803085,0.33511075377464294,0.8240908980369568,-0.05051661655306816,0.6314374208450317,0.8446226716041565,-0.5336347818374634,0.32935911417007446,0.8564053773880005,-0.6181694269180298,0.6337253451347351,1.1964911222457886,-0.5478076934814453,0.3377206027507782,1.2868132591247559,-0.7396247386932373,0.6093059182167053,1.2258951663970947,-0.5446507930755615,0.34098345041275024,1.3235321044921875,-0.7493372559547424,0.6615269780158997,1.3728599548339844,-0.6968156099319458,0.35198143124580383,1.4599738121032715,-0.9500064849853516,0.6635013222694397,0.4582942724227905,7.545421709664879e-08,0.6427667140960693,0.4498034119606018,-0.010506616905331612,0.6253567337989807,0.43425047397613525,-0.016613343730568886,0.6126642227172852,0.4188815951347351,-0.02186712436378002,0.6023659706115723,0.40742549300193787,-0.02716250903904438,0.6470342874526978,0.4083665907382965,-0.010993716306984425,0.6480425000190735,0.38609251379966736,-0.01688423380255699,0.65162593126297,0.373972088098526,-0.021444635465741158,0.6556416749954224,0.36335980892181396,-0.02500547468662262,0.6615613698959351,0.4074406623840332,-0.010508425533771515,0.6658728122711182,0.3835608959197998,-0.015016070567071438,0.6699641346931458,0.37135574221611023,-0.018147015944123268,0.6748582124710083,0.36127492785453796,-0.021244939416646957,0.6742393970489502,0.41159501671791077,-0.011363071389496326,0.6802478432655334,0.38964104652404785,-0.016925456002354622,0.6841087341308594,0.3766155242919922,-0.019512569531798363,0.688288688659668,0.365709125995636,-0.021709397435188293,0.6857686638832092,0.4198915362358093,-0.013253199867904186,0.6949840188026428,0.4044223427772522,-0.01811840571463108,0.7011629939079285,0.3949519097805023,-0.019772829487919807,0.7065722942352295,0.3858587443828583,-0.021228274330496788,0.32748550176620483,0.7283506989479065,1.444559956098601e-07,0.3141377866268158,0.7436850070953369,-0.015963610261678696,0.3062249720096588,0.7646142840385437,-0.02931726910173893,0.29733163118362427,0.7840839624404907,-0.04024278745055199,0.2907359302043915,0.7985399961471558,-0.05103142559528351,0.32542940974235535,0.7529112696647644,-0.03607269749045372,0.32944557070732117,0.7708760499954224,-0.05008325353264809,0.33116549253463745,0.7818878293037415,-0.05744422599673271,0.3361276388168335,0.7932607531547546,-0.061944980174303055,0.3416352868080139,0.7490170001983643,-0.033299971371889114,0.3488923907279968,0.7687591314315796,-0.04580013081431389,0.3527925908565521,0.7834844589233398,-0.050654299557209015,0.3563098907470703,0.797256588935852,-0.054223306477069855,0.3543485701084137,0.7477673888206482,-0.030561253428459167,0.36592286825180054,0.7648419141769409,-0.04132479056715965,0.372705340385437,0.7818316221237183,-0.04626944661140442,0.3786410093307495,0.7980901598930359,-0.0493994876742363,0.36421775817871094,0.7478448748588562,-0.028669413179159164,0.3772534728050232,0.7616585493087769,-0.03653428703546524,0.3839883804321289,0.7767706513404846,-0.04042240232229233,0.3876139223575592,0.7937859296798706,-0.0431833378970623,3
0.6098252534866333,0.34568890929222107,-1.2033615112304688,0.646068811416626,0.3067707121372223,-1.174809217453003,0.6642014384269714,0.31048616766929626,-1.1749017238616943,0.6834564208984375,0.3149464428424835,-1.174608826637268,0.5982727408409119,0.2998223900794983,-1.1537506580352783,0.5846090912818909,0.29852694272994995,-1.1541774272918701,0.5729972124099731,0.29787880182266235,-1.1541082859039307,0.7232843041419983,0.3466460108757019,-0.9176570773124695,0.5630658864974976,0.3194572329521179,-0.8255631327629089,0.635829746723175,0.40224525332450867,-1.0995416641235352,0.5845860242843628,0.39002031087875366,-1.0746008157730103,0.7947262525558472,0.5378531217575073,-0.722846508026123,0.4903762936592102,0.5370957851409912,-0.5396291613578796,0.901266872882843,0.7954323291778564,-0.7771885991096497,0.3129977583885193,0.7207342982292175,-0.7885812520980835,0.9932273030281067,1.0192722082138062,-1.078819990158081,0.2303134649991989,0.51177579164505,-1.260545015335083,1.0420242547988892,1.0799720287322998,-1.1485681533813477,0.19260720908641815,0.45480063557624817,-1.3409254550933838,1.0137436389923096,1.097528338432312,-1.1889828443527222,0.20301516354084015,0.43153008818626404,-1.3462553024291992,0.9790852665901184,1.0875117778778076,-1.1080025434494019,0.22771620750427246,0.456432968378067,-1.2823827266693115,0.7058757543563843,0.9972156286239624,-0.04345535859465599,0.5144702196121216,0.9728606939315796,0.04702307656407356,0.6626511812210083,1.3913317918777466,0.05224569886922836,0.503051221370697,1.3858307600021362,0.19828465580940247,0.6451791524887085,1.6177393198013306,0.6768038272857666,0.47927752137184143,1.6297885179519653,0.6595227122306824,0.6424888968467712,1.6488710641860962,0.7390170693397522,0.4833473563194275,1.6653358936309814,0.7031512260437012,0.6078821420669556,1.7459830045700073,0.5261924862861633,0.468744695186615,1.768261194229126,0.46487241983413696,0.0,0.0,0.0,0.0,0.0,0.0,0.0,0.0,0.0,0.0,0.0,0.0,0.0,0.0,0.0,0.0,0.0,0.0,0.0,0.0,0.0,0.0,0.0,0.0,0.0,0.0,0.0,0.0,0.0,0.0,0.0,0.0,0.0,0.0,0.0,0.0,0.0,0.0,0.0,0.0,0.0,0.0,0.0,0.0,0.0,0.0,0.0,0.0,0.0,0.0,0.0,0.0,0.0,0.0,0.0,0.0,0.0,0.0,0.0,0.0,0.0,0.0,0.0,0.20794720947742462,0.5046136975288391,1.429553435627895e-07,0.23535963892936707,0.4870279133319855,-0.01867898367345333,0.25554579496383667,0.4578968584537506,-0.027197176590561867,0.2636314332485199,0.42976558208465576,-0.03418593108654022,0.26836979389190674,0.4037232995033264,-0.040978748351335526,0.21744436025619507,0.41921156644821167,-0.0180528461933136,0.2157062292098999,0.3853369653224945,-0.028691554442048073,0.2126917988061905,0.36601507663726807,-0.03710100054740906,0.2072424590587616,0.34798097610473633,-0.04307493194937706,0.1938709318637848,0.420530766248703,-0.016087137162685394,0.1866350919008255,0.38309234380722046,-0.02416194975376129,0.1814359724521637,0.36161088943481445,-0.030122004449367523,0.17472423613071442,0.3427046239376068,-0.035270027816295624,0.1733841449022293,0.4305415749549866,-0.016321010887622833,0.15943852066993713,0.4004109501838684,-0.024908380582928658,0.14893776178359985,0.38406306505203247,-0.029527077451348305,0.13922077417373657,0.3691520690917969,-0.032993290573358536,0.1548427939414978,0.4481056034564972,-0.018464894965291023,0.13737985491752625,0.4268522560596466,-0.026061993092298508,0.12588393688201904,0.4142431914806366,-0.02885519154369831,0.11570331454277039,0.40161117911338806,-0.030849860981106758,3
0.5800997018814087,0.3366282284259796,-0.6399847865104675,0.5944061875343323,0.30470988154411316,-0.6218501329421997,0.6028483510017395,0.30475902557373047,-0.6219440698623657,0.6124974489212036,0.3046509623527527,-0.6218982338905334,0.5777329206466675,0.30251842737197876,-0.5958743691444397,0.5767370462417603,0.3027315139770508,-0.5958906412124634,0.5639914870262146,0.3024858832359314,-0.5957075357437134,0.6461425423622131,0.318011075258255,-0.43293389678001404,0.5620971918106079,0.314291775226593,-0.3068809509277344,0.5991019606590271,0.36516305804252625,-0.5617815256118774,0.578476071357727,0.36503711342811584,-0.5257208943367004,0.7517500519752502,0.4836220145225525,-0.30073103308677673,0.49277806282043457,0.4522416293621063,-0.11357537657022476,0.8000106811523438,0.6715705394744873,-0.26120004057884216,0.3111228942871094,0.4763709306716919,-0.08800791203975677,0.7557198405265808,0.8548687100410461,-0.4453396797180176,0.17836914956569672,0.3545573949813843,-0.40277519822120667,0.748849630355835,0.9146488308906555,-0.5049771666526794,0.14666052162647247,0.3095613121986389,-0.47464093565940857,0.7323110103607178,0.9017666578292847,-0.5754935145378113,0.15078553557395935,0.2910480201244354,-0.5362260937690735,0.7293845415115356,0.88431316614151,-0.480726957321167,0.16260303556919098,0.30890607833862305,-0.44532084465026855,0.6511853337287903,0.9363941550254822,-0.040375325828790665,0.5142809152603149,0.9295503497123718,0.04357745498418808,0.6459201574325562,1.2864515781402588,-0.18910153210163116,0.5174136161804199,1.2572358846664429,-0.09439508616924286,0.638940155506134,1.5911403894424438,0.1072063073515892,0.5220609903335571,1.5862071514129639,0.09442652761936188,0.6395817399024963,1.6283258199691772,0.1341390460729599,0.5222364068031311,1.6317254304885864,0.10628682374954224,0.6197839975357056,1.6981555223464966,-0.09178177267313004,0.5319352746009827,1.6870518922805786,-0.139780193567276,0.7546635270118713,0.8454347252845764,1.999114829231985e-07,0.7273628115653992,0.8590693473815918,-0.006578613072633743,0.71049964427948,0.8821854591369629,-0.009533153846859932,0.7033184170722961,0.9061608910560608,-0.010881389491260052,0.7080842852592468,0.9218572974205017,-0.01180662214756012,0.7381995320320129,0.9073222279548645,-0.009849723428487778,0.7244482636451721,0.9377367496490479,-0.013709116727113724,0.7113796472549438,0.9424489736557007,-0.01612945646047592,0.7014757394790649,0.940430223941803,-0.016991697251796722,0.7539219856262207,0.9099399447441101,-0.007107671815901995,0.737294614315033,0.9409773945808411,-0.00946864951401949,0.7240758538246155,0.9418540596961975,-0.010126265697181225,0.7155749797821045,0.9354008436203003,-0.01040402427315712,0.7644523978233337,0.9069146513938904,-0.004379419144243002,0.7496936321258545,0.933491587638855,-0.004921979736536741,0.7375494837760925,0.9358168840408325,-0.0042103552259504795,0.7296541333198547,0.9302539825439453,-0.0040082186460494995,0.7702074646949768,0.9007164239883423,-0.002209867350757122,0.7587993741035461,0.9211732149124146,-0.002100137760862708,0.7485379576683044,0.9255403876304626,-0.0006726021529175341,0.7412468791007996,0.9232391715049744,0.0005385060794651508,0.16571751236915588,0.3406229019165039,1.5198172320651793e-07,0.18516211211681366,0.3212413191795349,-0.013501028530299664,0.1975880116224289,0.29734766483306885,-0.020394209772348404,0.1976872980594635,0.27581530809402466,-0.02610464207828045,0.19303113222122192,0.25818994641304016,-0.03160756453871727,0.1616315394639969,0.2752143144607544,-0.011422020383179188,0.1598871648311615,0.2501548230648041,-0.01951564848423004,0.1579633206129074,0.23352456092834473,-0.026510803028941154,0.15430577099323273,0.21902771294116974,-0.031127985566854477,0.1431703269481659,0.2774035334587097,-0.010009515099227428,0.13180071115493774,0.24953380227088928,-0.01569092646241188,0.12439379841089249,0.23290102183818817,-0.02059546671807766,0.11723808199167252,0.21858812868595123,-0.02459026128053665,0.12861773371696472,0.2856772840023041,-0.010262700729072094,0.11507485806941986,0.2613949477672577,-0.016111234202980995,0.10802678018808365,0.2457301765680313,-0.01978076808154583,0.10225065052509308,0.23137298226356506,-0.022355863824486732,0.11660437285900116,0.2994210422039032,-0.01188711542636156,0.10173419117927551,0.28136253356933594,-0.016271304339170456,0.09235280752182007,0.26923447847366333,-0.017327258363366127,0.08414110541343689,0.25709089636802673,-0.018141325563192368,3
0.6630460619926453,0.4137260317802429,-0.48336663842201233,0.6815769672393799,0.3847223222255707,-0.440962553024292,0.6915344595909119,0.38717469573020935,-0.4407518804073334,0.7010361552238464,0.38978320360183716,-0.44053035974502563,0.652424693107605,0.38026317954063416,-0.4317970871925354,0.6436169743537903,0.37953558564186096,-0.43200474977493286,0.6332722902297974,0.37868067622184753,-0.431866317987442,0.7130849361419678,0.4091343283653259,-0.18328087031841278,0.624443769454956,0.39114269614219666,-0.1489420086145401,0.6765574812889099,0.4527551531791687,-0.3855142891407013,0.6420567631721497,0.446804016828537,-0.37748777866363525,0.7826947569847107,0.5835309624671936,-0.049156032502651215,0.5166608095169067,0.5290505886077881,0.047344714403152466,0.8207697868347168,0.796787679195404,0.16730886697769165,0.3317055404186249,0.5683698058128357,-0.052073411643505096,0.8298333883285522,0.9543734788894653,0.18159116804599762,0.23711013793945312,0.410706102848053,-0.4070352613925934,0.8404995203018188,1.0373950004577637,0.1911565065383911,0.21080121397972107,0.32075029611587524,-0.4631928503513336,0.8235309720039368,1.0238752365112305,0.11540750414133072,0.22089064121246338,0.3050300180912018,-0.4953823685646057,0.8114539980888367,1.0052565336227417,0.15096871554851532,0.23961803317070007,0.3293996751308441,-0.43817487359046936,0.6749258637428284,0.9600552916526794,-0.0026382282376289368,0.5121315717697144,0.9334398508071899,0.0068735117092728615,0.662048876285553,1.3063397407531738,-0.44524845480918884,0.5091933608055115,1.2934951782226562,-0.39830920100212097,0.6532467603683472,1.6894088983535767,-0.4369545876979828,0.5056253671646118,1.6863136291503906,-0.5122293829917908,0.6539943814277649,1.742210865020752,-0.43428167700767517,0.508390486240387,1.7350080013275146,-0.5264790654182434,0.6247717142105103,1.80307137966156,-0.6823853850364685,0.5075628161430359,1.8118250370025635,-0.8247426152229309,0.0,0.0,0.0,0.0,0.0,0.0,0.0,0.0,0.0,0.0,0.0,0.0,0.0,0.0,0.0,0.0,0.0,0.0,0.0,0.0,0.0,0.0,0.0,0.0,0.0,0.0,0.0,0.0,0.0,0.0,0.0,0.0,0.0,0.0,0.0,0.0,0.0,0.0,0.0,0.0,0.0,0.0,0.0,0.0,0.0,0.0,0.0,0.0,0.0,0.0,0.0,0.0,0.0,0.0,0.0,0.0,0.0,0.0,0.0,0.0,0.0,0.0,0.0,0.23057043552398682,0.39051708579063416,8.713046639741151e-08,0.2582871615886688,0.3781767785549164,-0.013074765913188457,0.2817920744419098,0.3599855601787567,-0.01965390332043171,0.30112671852111816,0.3429676592350006,-0.026190316304564476,0.3166002929210663,0.33202695846557617,-0.033239591866731644,0.25422024726867676,0.31960952281951904,-0.009716183878481388,0.26112788915634155,0.2909723222255707,-0.01726093888282776,0.26305872201919556,0.27374592423439026,-0.023921620100736618,0.2612419128417969,0.25571250915527344,-0.029012441635131836,0.2354714721441269,0.3159937560558319,-0.009193255566060543,0.23598086833953857,0.2848246395587921,-0.014078576117753983,0.23445455729961395,0.26542431116104126,-0.017715658992528915,0.23093944787979126,0.24883036315441132,-0.021482301875948906,0.21783439815044403,0.3200353980064392,-0.010660328902304173,0.21172605454921722,0.29026728868484497,-0.016101505607366562,0.20846882462501526,0.2742418944835663,-0.019174499437212944,0.20518909394741058,0.2593517303466797,-0.02194793149828911,0.19897647202014923,0.3311898410320282,-0.01377278845757246,0.18584375083446503,0.31183475255966187,-0.019078698009252548,0.1757057011127472,0.2986103594303131,-0.02087564207613468,0.1669367253780365,0.2855954170227051,-0.022552181035280228,3
0.6251233816146851,0.3326330780982971,-0.6489161849021912,0.6399120688438416,0.32303586602211,-0.6255998611450195,0.6470308899879456,0.32338660955429077,-0.6257030963897705,0.6544876098632812,0.3239818513393402,-0.6255954504013062,0.6259881854057312,0.32227352261543274,-0.6111806035041809,0.6228587627410889,0.3228200376033783,-0.6112582087516785,0.6191145777702332,0.3228553831577301,-0.6110734939575195,0.6765478849411011,0.3436661958694458,-0.43013063073158264,0.6229080557823181,0.33813101053237915,-0.35703784227371216,0.6386914253234863,0.3579901456832886,-0.5680733919143677,0.6176074147224426,0.35688403248786926,-0.5468385815620422,0.7423255443572998,0.4591146409511566,-0.307784765958786,0.5534456372261047,0.4648135304450989,-0.19601178169250488,0.7846131920814514,0.6221738457679749,-0.28325989842414856,0.38601773977279663,0.5064486265182495,-0.28370827436447144,0.7437161207199097,0.7968271970748901,-0.4387436807155609,0.367285817861557,0.370138019323349,-0.6411080360412598,0.7305038571357727,0.8444288372993469,-0.49900108575820923,0.3554132580757141,0.3184348940849304,-0.7396811246871948,0.7106190919876099,0.8322192430496216,-0.5558062195777893,0.36953026056289673,0.3057664632797241,-0.7625414133071899,0.7079071402549744,0.8166168332099915,-0.46702688932418823,0.3752199113368988,0.3186902701854706,-0.6661862134933472,0.6713748574256897,0.7720517516136169,-0.019832028076052666,0.5620197057723999,0.7586615085601807,0.02239307388663292,0.6712037920951843,1.055924892425537,-0.11298374831676483,0.5688406229019165,0.999803364276886,-0.12113312631845474,0.6526530385017395,1.327338695526123,0.14582976698875427,0.562396764755249,1.332836627960205,-0.003818912897258997,0.6528118848800659,1.3544758558273315,0.1731032133102417,0.5615348219871521,1.3661659955978394,0.004793569445610046,0.6391672492027283,1.4276779890060425,-0.0008493309142068028,0.573058545589447,1.4333559274673462,-0.2076846808195114,0.7596745491027832,0.7697573900222778,1.2043479102885613e-07,0.7348318696022034,0.7748734951019287,-0.002041746163740754,0.7175354957580566,0.7882081866264343,-0.002507369266822934,0.7058045864105225,0.8048136234283447,-0.0027288964483886957,0.6978756189346313,0.8187993764877319,-0.0025156999472528696,0.7277831435203552,0.8170214891433716,0.00010631422628648579,0.710762083530426,0.8391335606575012,-0.000227125667151995,0.7010859847068787,0.8447830677032471,-0.0007048316765576601,0.6937827467918396,0.8486754894256592,-0.0008749253465794027,0.7386816740036011,0.823291540145874,0.0006285388953983784,0.7199979424476624,0.8425018191337585,0.0010622681584209204,0.7090448141098022,0.8454901576042175,0.0007558884681202471,0.7006688714027405,0.8456960320472717,0.00016809689986985177,0.7474442720413208,0.8240056037902832,0.0010107873240485787,0.7301231026649475,0.8403518199920654,0.00219121971167624,0.7199809551239014,0.8426443338394165,0.0028996113687753677,0.7129296660423279,0.8406854271888733,0.002786296186968684,0.75384920835495,0.8223367929458618,0.001077622058801353,0.7397967576980591,0.8357794284820557,0.0028254445642232895,0.7303911447525024,0.8382253050804138,0.004837422166019678,0.7237749099731445,0.8369027972221375,0.006189929787069559,0.34839755296707153,0.36028802394866943,3.277746429830586e-08,0.37031152844429016,0.34673699736595154,-0.004075002856552601,0.38415437936782837,0.3330523669719696,-0.0039042560383677483,0.3930487632751465,0.31755954027175903,-0.004788386169821024,0.39933133125305176,0.30475884675979614,-0.005821845028549433,0.3768017888069153,0.31410694122314453,0.00820639356970787,0.3842356204986572,0.29784220457077026,0.006692947819828987,0.3852406144142151,0.2877357304096222,0.001966014038771391,0.3849382698535919,0.27640652656555176,-0.002233812352642417,0.3643788695335388,0.3112410306930542,0.007702670991420746,0.3665647506713867,0.29396170377731323,0.005557253956794739,0.36531195044517517,0.27981239557266235,-0.0013500641798600554,0.3638382852077484,0.2671148180961609,-0.007357882801443338,0.3517480194568634,0.31192120909690857,0.005963158793747425,0.3523542881011963,0.29600441455841064,0.0038795180153101683,0.3526393473148346,0.28456762433052063,-0.0006326681468635798,0.3534639775753021,0.2754654586315155,-0.004637431353330612,0.3383357524871826,0.3154798448085785,0.003515184624120593,0.33750835061073303,0.3027273118495941,0.002149246633052826,0.33769458532333374,0.2930120527744293,0.0006482577882707119,0.3391064703464508,0.28497961163520813,-0.0010903342626988888,3
0.3912525475025177,0.4739360809326172,-1.027391791343689,0.39673787355422974,0.4556067883968353,-0.9951130151748657,0.40329837799072266,0.4545937180519104,-0.9951854944229126,0.4101161062717438,0.4531043469905853,-0.9950243234634399,0.3762089014053345,0.4590645730495453,-0.9938024282455444,0.36794963479042053,0.46061789989471436,-0.9941694140434265,0.35981541872024536,0.4642835259437561,-0.9942001104354858,0.420265257358551,0.46569177508354187,-0.7406384348869324,0.3458823561668396,0.4863531291484833,-0.7246991395950317,0.41146135330200195,0.5008085370063782,-0.9216048121452332,0.3802250623703003,0.5102502107620239,-0.9187988042831421,0.519666314125061,0.6009588241577148,-0.5523748397827148,0.26956310868263245,0.6448307633399963,-0.5244652032852173,0.7144840955734253,0.5374695062637329,-0.8486531972885132,0.2004314363002777,0.8364843726158142,-0.6134740114212036,0.6603333950042725,0.3482200801372528,-1.2757952213287354,0.2220143973827362,1.0337013006210327,-0.8337482213973999,0.6432567238807678,0.3012710213661194,-1.4016382694244385,0.21376116573810577,1.0992151498794556,-0.8974323272705078,0.6204935312271118,0.29746106266975403,-1.3574305772781372,0.26091909408569336,1.103057861328125,-0.9415884017944336,0.6206737160682678,0.31372058391571045,-1.2764270305633545,0.2661367654800415,1.082580804824829,-0.8579946756362915,0.4824644923210144,1.012194037437439,-0.012221073731780052,0.3334677815437317,1.0022221803665161,0.016084378585219383,0.47362637519836426,1.3274939060211182,-0.40797871351242065,0.3228333592414856,1.334617018699646,-0.37355536222457886,0.4686133861541748,1.624650239944458,-0.14978058636188507,0.31221458315849304,1.6554445028305054,-0.22328586876392365,0.47180071473121643,1.6684664487838745,-0.1221352368593216,0.30417242646217346,1.691444754600525,-0.2117856740951538,0.44843944907188416,1.708333969116211,-0.38539010286331177,0.3430939316749573,1.768271803855896,-0.5140500068664551,0.6616225838661194,0.34085336327552795,1.4516312774048856e-07,0.6335707306861877,0.3362910747528076,-0.00688933115452528,0.6086615324020386,0.3299942910671234,-0.009985801763832569,0.5906556248664856,0.31678348779678345,-0.013146181590855122,0.5817400217056274,0.2981848120689392,-0.015586869791150093,0.6105388402938843,0.30089449882507324,0.0012470715446397662,0.5923653244972229,0.2786621153354645,-0.004394914954900742,0.5833067893981934,0.26371607184410095,-0.009805467911064625,0.5756670236587524,0.25012698769569397,-0.014125380665063858,0.625357985496521,0.29091331362724304,-0.00017786295211408287,0.6117348670959473,0.2656242549419403,-0.005035384092479944,0.6057361960411072,0.2477269470691681,-0.009376750327646732,0.6008206009864807,0.2331804782152176,-0.012549808248877525,0.6425895094871521,0.2869180738925934,-0.0034187359269708395,0.6307992339134216,0.2640814483165741,-0.00946560874581337,0.625087559223175,0.24849140644073486,-0.011748393066227436,0.6197640299797058,0.2358156442642212,-0.012981844134628773,0.6618334650993347,0.2871972620487213,-0.0074497126042842865,0.6586205363273621,0.26949670910835266,-0.012748634442687035,0.6545854210853577,0.2582637071609497,-0.0135489571839571,0.6500697135925293,0.24811963737010956,-0.013743770308792591,0.0,0.0,0.0,0.0,0.0,0.0,0.0,0.0,0.0,0.0,0.0,0.0,0.0,0.0,0.0,0.0,0.0,0.0,0.0,0.0,0.0,0.0,0.0,0.0,0.0,0.0,0.0,0.0,0.0,0.0,0.0,0.0,0.0,0.0,0.0,0.0,0.0,0.0,0.0,0.0,0.0,0.0,0.0,0.0,0.0,0.0,0.0,0.0,0.0,0.0,0.0,0.0,0.0,0.0,0.0,0.0,0.0,0.0,0.0,0.0,0.0,0.0,0.0,3
0.6264458298683167,0.3944418132305145,-1.2449195384979248,0.6447492241859436,0.3690527081489563,-1.2320256233215332,0.6559469103813171,0.3711676597595215,-1.2321991920471191,0.6679268479347229,0.37296971678733826,-1.2322498559951782,0.6213882565498352,0.3640348017215729,-1.2151106595993042,0.6139280796051025,0.3623432219028473,-1.2155425548553467,0.6068640947341919,0.3608299791812897,-1.215712070465088,0.6952531337738037,0.3875083327293396,-0.997818648815155,0.6041610836982727,0.3703845143318176,-0.9220806956291199,0.6447371244430542,0.4253157079219818,-1.1403934955596924,0.6139547228813171,0.4219551980495453,-1.1184650659561157,0.7731214761734009,0.5360164642333984,-0.8204759359359741,0.5389639735221863,0.4950927793979645,-0.6425380110740662,0.7315755486488342,0.7345348596572876,-1.0062443017959595,0.35922306776046753,0.6252921223640442,-0.8632713556289673,0.6082202792167664,0.8130287528038025,-1.2824286222457886,0.33980241417884827,0.4789853096008301,-1.3648853302001953,0.5740298628807068,0.8513695597648621,-1.385765790939331,0.341380774974823,0.43720632791519165,-1.4904553890228271,0.5597243309020996,0.8188970685005188,-1.4005169868469238,0.35327041149139404,0.4209510087966919,-1.4931511878967285,0.5651990175247192,0.8111582398414612,-1.294485092163086,0.3550429940223694,0.4343104064464569,-1.3822338581085205,0.6865602731704712,0.8569152355194092,-0.05921543762087822,0.5591021180152893,0.8199787735939026,0.06046300008893013,0.6970963478088379,0.9263632297515869,-0.6374385356903076,0.3771313428878784,0.8976609706878662,-0.5464901328086853,0.6620389223098755,1.2899564504623413,-0.36673086881637573,0.4030730128288269,1.2033352851867676,-0.2422339916229248,0.6598182916641235,1.3288673162460327,-0.3405027389526367,0.42266136407852173,1.2439179420471191,-0.21430501341819763,0.6247658729553223,1.4158018827438354,-0.5913873910903931,0.3547958731651306,1.3159130811691284,-0.44826459884643555,0.6068850755691528,0.8398873209953308,2.670642800239875e-07,0.5846425890922546,0.8318352103233337,-0.014132003299891949,0.5622684359550476,0.8418576717376709,-0.020081093534827232,0.5413334965705872,0.8490720987319946,-0.02262292057275772,0.5226345062255859,0.8556782603263855,-0.023965924978256226,0.5740682482719421,0.8778813481330872,-0.01752862147986889,0.5512253046035767,0.9042658805847168,-0.019152933731675148,0.536037266254425,0.9062051177024841,-0.018032601103186607,0.526155412197113,0.903316080570221,-0.016062669456005096,0.5835080742835999,0.8887800574302673,-0.00960011687129736,0.5585519671440125,0.9050012230873108,-0.008288652636110783,0.5437833070755005,0.9002519249916077,-0.005116280633956194,0.5367984175682068,0.8916341066360474,-0.002969730645418167,0.5894315242767334,0.8919146656990051,-0.0022143328096717596,0.5658538937568665,0.9009265899658203,-0.00018473531235940754,0.5545969009399414,0.8956125974655151,0.002384172286838293,0.5490214824676514,0.8894261717796326,0.0037575208116322756,0.590768039226532,0.8904170989990234,0.003950553480535746,0.5720179080963135,0.896402895450592,0.005368354730308056,0.5624287724494934,0.8909000754356384,0.007217578124254942,0.5583429932594299,0.8851023316383362,0.008746827021241188,0.3327304422855377,0.47182318568229675,1.4201255282841885e-07,0.3570653200149536,0.46376901865005493,-0.009144594892859459,0.3779275417327881,0.4489375352859497,-0.013424674980342388,0.39370977878570557,0.4347650706768036,-0.017497070133686066,0.4069794714450836,0.42392563819885254,-0.02188742160797119,0.3645643889904022,0.4161229729652405,-0.00833835732191801,0.37433096766471863,0.3936907649040222,-0.014445017091929913,0.3777834177017212,0.3792271614074707,-0.019628198817372322,0.37936943769454956,0.3656608760356903,-0.023576004430651665,0.34807369112968445,0.4100933074951172,-0.008777407929301262,0.3505277931690216,0.38507911562919617,-0.013970891013741493,0.3501502573490143,0.36906707286834717,-0.01893787458539009,0.34846606850624084,0.3536139130592346,-0.022929120808839798,0.33141452074050903,0.4115162789821625,-0.010308287106454372,0.32947200536727905,0.38847941160202026,-0.015922265127301216,0.32733598351478577,0.37455281615257263,-0.019589023664593697,0.3257639706134796,0.36070287227630615,-0.02240857481956482,0.31489092111587524,0.4180963933467865,-0.012749320827424526,0.3086683750152588,0.40183210372924805,-0.018132377415895462,0.3041114807128906,0.3916892111301422,-0.019967082887887955,0.3003843426704407,0.3809031546115875,-0.02103944681584835,3
0.5917050242424011,0.4645417332649231,-0.30360662937164307,0.6038933992385864,0.44483572244644165,-0.2621767520904541,0.6145422458648682,0.44620445370674133,-0.26214781403541565,0.6222943663597107,0.4467215836048126,-0.26195377111434937,0.5772550106048584,0.44299712777137756,-0.25525906682014465,0.5683513879776001,0.4423467218875885,-0.25541093945503235,0.557719349861145,0.44109171628952026,-0.25506797432899475,0.6335436701774597,0.465812623500824,-0.03457113355398178,0.5425782203674316,0.4556276500225067,-0.00960103701800108,0.6017502546310425,0.49893611669540405,-0.22118186950683594,0.5655574202537537,0.4988401234149933,-0.21491725742816925,0.6937410831451416,0.6133235096931458,0.0354778952896595,0.4433979094028473,0.5965889692306519,0.11640850454568863,0.7636735439300537,0.8032699823379517,0.06551994383335114,0.24336330592632294,0.6635547876358032,-0.015181519091129303,0.7797403335571289,1.0055433511734009,-0.12928295135498047,0.1732168197631836,0.5178583264350891,-0.37124282121658325,0.8116653561592102,1.071825623512268,-0.16248047351837158,0.15405963361263275,0.47953569889068604,-0.433965265750885,0.7895122766494751,1.0616133213043213,-0.2244347333908081,0.16394731402397156,0.45779287815093994,-0.46142855286598206,0.777774453163147,1.0420353412628174,-0.1637309044599533,0.1764337122440338,0.47569987177848816,-0.40159326791763306,0.6295696496963501,1.0126034021377563,-0.011492940597236156,0.4716855585575104,1.010487675666809,0.01596222259104252,0.6330610513687134,1.3032320737838745,-0.2915753126144409,0.4691459536552429,1.3146827220916748,-0.23750171065330505,0.6376594305038452,1.6214336156845093,-0.08156828582286835,0.4688897132873535,1.6489918231964111,-0.16058200597763062,0.643095076084137,1.671104907989502,-0.058886148035526276,0.46915262937545776,1.6968815326690674,-0.15864162147045135,0.6149786710739136,1.7183704376220703,-0.2645483613014221,0.47091788053512573,1.7530338764190674,-0.417053759098053,0.0,0.0,0.0,0.0,0.0,0.0,0.0,0.0,0.0,0.0,0.0,0.0,0.0,0.0,0.0,0.0,0.0,0.0,0.0,0.0,0.0,0.0,0.0,0.0,0.0,0.0,0.0,0.0,0.0,0.0,0.0,0.0,0.0,0.0,0.0,0.0,0.0,0.0,0.0,0.0,0.0,0.0,0.0,0.0,0.0,0.0,0.0,0.0,0.0,0.0,0.0,0.0,0.0,0.0,0.0,0.0,0.0,0.0,0.0,0.0,0.0,0.0,0.0,0.16356968879699707,0.5341753959655762,1.526225901216094e-07,0.19366803765296936,0.5223140716552734,-0.012088408693671227,0.21703815460205078,0.5043638348579407,-0.016452178359031677,0.22902974486351013,0.4809098541736603,-0.0204805638641119,0.2380647510290146,0.46027782559394836,-0.02490469627082348,0.19062773883342743,0.4720388948917389,-0.004772150423377752,0.19531890749931335,0.44407516717910767,-0.01098938100039959,0.19525541365146637,0.4262348413467407,-0.017010685056447983,0.1947212815284729,0.40997326374053955,-0.02152089588344097,0.17084771394729614,0.4684385359287262,-0.0040152473375201225,0.17107366025447845,0.4371553659439087,-0.009304145351052284,0.17032714188098907,0.41725954413414,-0.015553104691207409,0.17080099880695343,0.399539977312088,-0.020745012909173965,0.15210436284542084,0.4714912474155426,-0.005115926265716553,0.1501932144165039,0.4434642493724823,-0.011850227601826191,0.15119443833827972,0.42744696140289307,-0.016807381063699722,0.15514978766441345,0.4141319990158081,-0.020269962027668953,0.13234205543994904,0.48023611307144165,-0.007504069712013006,0.12576895952224731,0.45874056220054626,-0.013552086427807808,0.12715302407741547,0.44695690274238586,-0.016051096841692924,0.13264888525009155,0.43705374002456665,-0.01772536337375641,3
0.5434657335281372,0.36366763710975647,-0.46021246910095215,0.5549926161766052,0.337523877620697,-0.427582323551178,0.5625312924385071,0.3376913368701935,-0.42770838737487793,0.5702804327011108,0.33756572008132935,-0.4275991916656494,0.5295184254646301,0.33461320400238037,-0.4244433045387268,0.5184628367424011,0.3315359055995941,-0.42454609274864197,0.5069867372512817,0.3287031948566437,-0.42426562309265137,0.5669757723808289,0.3448382019996643,-0.19530437886714935,0.4854413866996765,0.3359421193599701,-0.19123253226280212,0.5495294332504272,0.38911256194114685,-0.37193483114242554,0.5207284092903137,0.38945823907852173,-0.3708212375640869,0.6245739459991455,0.4734627604484558,-0.06338993459939957,0.38921716809272766,0.47568419575691223,-0.04634490981698036,0.6825838088989258,0.6541445255279541,-0.12315744161605835,0.18897810578346252,0.5411533713340759,-0.32938796281814575,0.7049503326416016,0.8061310052871704,-0.41275858879089355,0.24630311131477356,0.36457759141921997,-0.6942851543426514,0.7074185609817505,0.8647557497024536,-0.47368544340133667,0.2643497586250305,0.31760358810424805,-0.7599925994873047,0.693550705909729,0.8538119792938232,-0.49300169944763184,0.2810201644897461,0.3109911382198334,-0.7305015325546265,0.6917062997817993,0.8370354771614075,-0.42973393201828003,0.2816334366798401,0.3288210928440094,-0.6950944662094116,0.5567411184310913,0.8719199299812317,0.014733289368450642,0.4225117266178131,0.8753678202629089,-0.012692853808403015,0.5797309875488281,1.1200237274169922,-0.20714160799980164,0.45872384309768677,1.142899751663208,-0.2010195553302765,0.5553364157676697,1.4080448150634766,0.09960170090198517,0.43310800194740295,1.4711582660675049,-0.026770319789648056,0.5433676242828369,1.4446899890899658,0.13098375499248505,0.42546114325523376,1.5134629011154175,-0.012146590277552605,0.563787579536438,1.5251179933547974,-0.010805130936205387,0.447945773601532,1.587982416152954,-0.21979069709777832,0.7125859260559082,0.8033598065376282,2.2438808855440584e-07,0.696491003036499,0.8118765950202942,-0.013799745589494705,0.6832872033119202,0.8335141539573669,-0.01882549189031124,0.6751449704170227,0.8569580316543579,-0.020928826183080673,0.6682312488555908,0.8748657703399658,-0.021703490987420082,0.7106858491897583,0.8557542562484741,-0.015156112611293793,0.6928860545158386,0.8873967528343201,-0.020080093294382095,0.6788215041160583,0.9000157713890076,-0.021808436140418053,0.6674558520317078,0.9074527025222778,-0.022007953375577927,0.7159202694892883,0.8592798113822937,-0.008372562006115913,0.6942670345306396,0.8840885162353516,-0.01344661321491003,0.679867684841156,0.8855721950531006,-0.014601131901144981,0.6695828437805176,0.8834560513496399,-0.014462561346590519,0.7159820795059204,0.8597978353500366,-0.002291896613314748,0.6950169801712036,0.8773800730705261,-0.007472512312233448,0.6833627223968506,0.8746660351753235,-0.008345279842615128,0.675540030002594,0.8695768117904663,-0.007605995051562786,0.713688850402832,0.8593320846557617,0.002876117592677474,0.6966525316238403,0.8734303712844849,-0.0011899142991751432,0.6859376430511475,0.872543454170227,-0.002282221568748355,0.6792590618133545,0.8688875436782837,-0.0017259963788092136,0.24713203310966492,0.3637547791004181,1.6048626605424943e-07,0.281157523393631,0.35596805810928345,-0.008569653145968914,0.3067367970943451,0.33873069286346436,-0.00812728051096201,0.3270621597766876,0.3213626742362976,-0.008342121727764606,0.3452600836753845,0.3101411461830139,-0.008966348133981228,0.2942364811897278,0.3085595667362213,0.010124662891030312,0.3090211749076843,0.28423821926116943,0.00912165455520153,0.3153038024902344,0.2695716619491577,0.004230235703289509,0.3222348093986511,0.2557119131088257,-0.0009907787898555398,0.27839067578315735,0.3016827702522278,0.009351946413516998,0.2893235981464386,0.27659332752227783,0.007818648591637611,0.2980716824531555,0.25931546092033386,-0.0019859233871102333,0.3075682520866394,0.24619491398334503,-0.011183129623532295,0.25996968150138855,0.3001925051212311,0.006410354282706976,0.2689170837402344,0.2774523198604584,0.0020959211979061365,0.2765122950077057,0.26209959387779236,-0.007162419147789478,0.2849143147468567,0.2506623864173889,-0.015147808007895947,0.23977245390415192,0.3033983111381531,0.002360773039981723,0.23942357301712036,0.286665678024292,-0.00342274340800941,0.24059224128723145,0.27279573678970337,-0.009120319969952106,0.24334150552749634,0.26060613989830017,-0.014325668103992939,3
0.48627203702926636,0.31297439336776733,-0.9826111793518066,0.5083628296852112,0.28937387466430664,-0.9620484113693237,0.5152185559272766,0.2928690016269684,-0.9624783396720886,0.525640070438385,0.2963849902153015,-0.9629534482955933,0.4810224175453186,0.2791846692562103,-0.9662792086601257,0.4765568673610687,0.2694970667362213,-0.9666882753372192,0.465518057346344,0.2671988904476166,-0.9668607711791992,0.5324822664260864,0.30818626284599304,-0.7351349592208862,0.44830530881881714,0.2879279553890228,-0.7586368322372437,0.49689212441444397,0.3448551297187805,-0.885724663734436,0.46567291021347046,0.339234858751297,-0.8927995562553406,0.5988496541976929,0.44915536046028137,-0.5770650506019592,0.33861008286476135,0.42410993576049805,-0.5660650134086609,0.6812158226966858,0.5664984583854675,-0.5320721864700317,0.14055120944976807,0.5341042876243591,-0.7785939574241638,0.6213239431381226,0.5802114009857178,-0.5997670292854309,0.1730394959449768,0.371194064617157,-1.0651782751083374,0.60895836353302,0.5886096954345703,-0.6468683481216431,0.17873573303222656,0.32403773069381714,-1.142210602760315,0.598314642906189,0.5646610856056213,-0.6591919660568237,0.196389839053154,0.3133000433444977,-1.1327030658721924,0.5972591042518616,0.5668545365333557,-0.6087042689323425,0.19967855513095856,0.3301156461238861,-1.0724632740020752,0.5042853951454163,0.8511571288108826,-0.01826418936252594,0.3629069924354553,0.8416633009910583,0.018609385937452316,0.4743987023830414,1.1065468788146973,0.10942152887582779,0.3434857726097107,1.1091933250427246,0.1447194218635559,0.4486071467399597,1.2589666843414307,0.6598875522613525,0.3453734517097473,1.2816452980041504,0.6029945611953735,0.4451282024383545,1.2718651294708252,0.720585823059082,0.35242217779159546,1.297857642173767,0.6508101224899292,0.4213753342628479,1.3621386289596558,0.600866973400116,0.3360048532485962,1.3855338096618652,0.491311639547348,0.0,0.0,0.0,0.0,0.0,0.0,0.0,0.0,0.0,0.0,0.0,0.0,0.0,0.0,0.0,0.0,0.0,0.0,0.0,0.0,0.0,0.0,0.0,0.0,0.0,0.0,0.0,0.0,0.0,0.0,0.0,0.0,0.0,0.0,0.0,0.0,0.0,0.0,0.0,0.0,0.0,0.0,0.0,0.0,0.0,0.0,0.0,0.0,0.0,0.0,0.0,0.0,0.0,0.0,0.0,0.0,0.0,0.0,0.0,0.0,0.0,0.0,0.0,0.1633077710866928,0.3734935522079468,1.694261300144717e-07,0.19161847233772278,0.3609156012535095,-0.009000428952276707,0.21502403914928436,0.3401884436607361,-0.01300257258117199,0.23479917645454407,0.32228317856788635,-0.017219290137290955,0.25300025939941406,0.3114467263221741,-0.022077029570937157,0.20316950976848602,0.3043719232082367,-0.004072160925716162,0.21298111975193024,0.27982839941978455,-0.011133488267660141,0.21673256158828735,0.26388347148895264,-0.01805613562464714,0.22006835043430328,0.24893367290496826,-0.023473069071769714,0.1857069432735443,0.2980584502220154,-0.005355745553970337,0.19142356514930725,0.26960596442222595,-0.011410832405090332,0.19425547122955322,0.2518247365951538,-0.01805180497467518,0.19714847207069397,0.23522961139678955,-0.023443404585123062,0.1675133854150772,0.29959627985954285,-0.008248472586274147,0.17071549594402313,0.2728419601917267,-0.01491943746805191,0.17233547568321228,0.255717933177948,-0.01924266293644905,0.17542050778865814,0.2394597828388214,-0.022632213309407234,0.14843706786632538,0.3071651756763458,-0.012181118130683899,0.1509769707918167,0.28685569763183594,-0.018126489594578743,0.15291725099086761,0.274260938167572,-0.02007206715643406,0.15567752718925476,0.2608998119831085,-0.02151201292872429,3
0.5317310094833374,0.4656975567340851,-0.09508755803108215,0.546676516532898,0.4353773295879364,-0.0785101130604744,0.5573129057884216,0.4342596232891083,-0.07852503657341003,0.567592203617096,0.43363380432128906,-0.07853959500789642,0.52385413646698,0.4374595880508423,-0.05654523894190788,0.5180685520172119,0.43724530935287476,-0.0568479485809803,0.5121016502380371,0.43687471747398376,-0.05689510703086853,0.5874173045158386,0.4366012513637543,0.04219210147857666,0.5090094208717346,0.43758103251457214,0.13902594149112701,0.5492191314697266,0.49058347940444946,-0.047436945140361786,0.5218755006790161,0.4904933273792267,-0.02018224261701107,0.6590272188186646,0.5469120740890503,0.006119670812040567,0.4629189372062683,0.5453201532363892,0.2548692524433136,0.7050353288650513,0.7156451940536499,-0.2047393023967743,0.3165031671524048,0.6441380381584167,0.04537655785679817,0.5564414262771606,0.7118298411369324,-0.3583495318889618,0.27926522493362427,0.5165651440620422,-0.31620466709136963,0.5146485567092896,0.7212126851081848,-0.381614625453949,0.26580333709716797,0.4708462357521057,-0.372284859418869,0.5118091702461243,0.6916149854660034,-0.35409408807754517,0.2716025412082672,0.44343075156211853,-0.34882885217666626,0.517646312713623,0.6925771236419678,-0.3443383574485779,0.28438737988471985,0.466558575630188,-0.31891068816185,0.5780438184738159,0.8477081060409546,-0.09254782646894455,0.4534318447113037,0.8237354159355164,0.0931299477815628,0.4559674859046936,0.9348958730697632,-0.4754246771335602,0.34128203988075256,0.8980022668838501,-0.2716344892978668,0.43970513343811035,1.2403830289840698,-0.43333715200424194,0.34810972213745117,1.2279815673828125,-0.27488958835601807,0.44724440574645996,1.2664501667022705,-0.4235221743583679,0.3680831491947174,1.2551918029785156,-0.27631130814552307,0.3862650990486145,1.3801910877227783,-0.537337064743042,0.31873539090156555,1.3797118663787842,-0.38195285201072693,0.5427848696708679,0.7194638848304749,5.0994628963962896e-08,0.5297669172286987,0.6973835229873657,-0.002020676154643297,0.5077429413795471,0.6892885565757751,0.0006629134877584875,0.4888215959072113,0.6860893964767456,0.004511511418968439,0.4750032424926758,0.6826002597808838,0.008867172524333,0.4893703758716583,0.7075044512748718,0.0028195767663419247,0.4676302373409271,0.7042598724365234,0.0064651500433683395,0.4569811224937439,0.702315092086792,0.008322722278535366,0.44871073961257935,0.7012368440628052,0.009352856315672398,0.4894489347934723,0.719723105430603,0.005730174016207457,0.46656155586242676,0.7165439128875732,0.009618575684726238,0.4545849561691284,0.7140291333198547,0.010730834677815437,0.4462008774280548,0.7121610045433044,0.011087000370025635,0.4924829304218292,0.7295036911964417,0.008428508415818214,0.47067999839782715,0.7271382808685303,0.011612297035753727,0.45855626463890076,0.7252447009086609,0.010884864255785942,0.44931766390800476,0.7237316370010376,0.009761224500834942,0.4976325035095215,0.7378650903701782,0.01100878044962883,0.4810861647129059,0.7397582530975342,0.013518481515347958,0.47110411524772644,0.740349531173706,0.013551921583712101,0.46298471093177795,0.740595817565918,0.013274651020765305,0.2817622125148773,0.534731388092041,1.185532294556424e-08,0.2942829132080078,0.520778238773346,-0.008331667631864548,0.30104774236679077,0.5060155987739563,-0.012043117545545101,0.3035898208618164,0.4909365773200989,-0.015619059093296528,0.3057798445224762,0.47728613018989563,-0.019150877371430397,0.2858807146549225,0.4782121479511261,-0.004516663961112499,0.28720828890800476,0.459954172372818,-0.009671696461737156,0.2864377796649933,0.45070675015449524,-0.015101613476872444,0.2853865325450897,0.44099390506744385,-0.01939055323600769,0.27433350682258606,0.4773724377155304,-0.0045175389386713505,0.27384722232818604,0.4567915201187134,-0.008196610026061535,0.2732546329498291,0.4472155272960663,-0.012346078641712666,0.27417492866516113,0.43803006410598755,-0.016399668529629707,0.2632000744342804,0.481606125831604,-0.0058639394119381905,0.26130932569503784,0.46224042773246765,-0.00973218958824873,0.26099106669425964,0.4529547691345215,-0.012444601394236088,0.26288923621177673,0.44492873549461365,-0.015202830545604229,0.2518814504146576,0.4909244775772095,-0.008272343315184116,0.24561843276023865,0.4779100716114044,-0.011051026172935963,0.24313172698020935,0.46884381771087646,-0.012143091298639774,0.24298034608364105,0.4599096179008484,-0.01370711624622345,3
0.5457704067230225,0.4524989426136017,-1.3799723386764526,0.573188304901123,0.4270624816417694,-1.3657203912734985,0.5854253768920898,0.42699000239372253,-1.3659063577651978,0.5966567397117615,0.42734581232070923,-1.3659374713897705,0.5390481948852539,0.41102612018585205,-1.3633151054382324,0.5298991203308105,0.40600043535232544,-1.3637115955352783,0.5213593244552612,0.4016973674297333,-1.3637769222259521,0.612744152545929,0.43670952320098877,-1.102609395980835,0.5111719369888306,0.3998069763183594,-1.0920650959014893,0.5643218755722046,0.48397961258888245,-1.2635154724121094,0.5233248472213745,0.47471311688423157,-1.2612731456756592,0.668510913848877,0.5699882507324219,-0.8275987505912781,0.41599756479263306,0.4916539490222931,-0.8039454221725464,0.6844990253448486,0.7637379169464111,-0.9071596264839172,0.20872612297534943,0.5503024458885193,-1.116112470626831,0.5596283078193665,0.8578912615776062,-1.1398775577545166,0.2318744957447052,0.4447545111179352,-1.5263248682022095,0.5184777975082397,0.9021704792976379,-1.2005610466003418,0.24760250747203827,0.39585235714912415,-1.6036999225616455,0.5033972263336182,0.8840359449386597,-1.1944670677185059,0.2689738869667053,0.3823000192642212,-1.5814540386199951,0.5117233991622925,0.8634227514266968,-1.1376972198486328,0.2704046964645386,0.3966103494167328,-1.5225110054016113,0.5662297010421753,0.8580760955810547,0.017680296674370766,0.41706615686416626,0.8442214727401733,-0.017146069556474686,0.6906728148460388,1.008588194847107,-0.5046725869178772,0.31223857402801514,0.9715034365653992,-0.5068151950836182,0.6056263446807861,1.2501552104949951,-0.09234940260648727,0.3445371985435486,1.3121516704559326,-0.2048121988773346,0.5789469480514526,1.2673842906951904,-0.051821522414684296,0.35690316557884216,1.3482707738876343,-0.18872186541557312,0.6127099394798279,1.3923392295837402,-0.23408862948417664,0.33360832929611206,1.451355218887329,-0.4309677481651306,0.5554549098014832,0.8822887539863586,1.2913558578020456e-07,0.5267753005027771,0.8680723309516907,-0.0024257092736661434,0.49949678778648376,0.880538821220398,-0.004560891538858414,0.47797098755836487,0.900426983833313,-0.005426777992397547,0.46032407879829407,0.9154646992683411,-0.00568385748192668,0.5064793229103088,0.9057325124740601,-0.013063739985227585,0.4794325828552246,0.9378273487091064,-0.015263558365404606,0.4668891429901123,0.9364590048789978,-0.01321871392428875,0.4625215530395508,0.9307971000671387,-0.010261455550789833,0.5187011957168579,0.9221923351287842,-0.01174263097345829,0.4877103865146637,0.9471377730369568,-0.011769282631576061,0.4766671061515808,0.9411026239395142,-0.0076398663222789764,0.47542107105255127,0.9319982528686523,-0.004551632795482874,0.5295746922492981,0.9319083094596863,-0.00964768510311842,0.500687837600708,0.9500876069068909,-0.007644202094525099,0.4903271198272705,0.944463849067688,-0.0022657664958387613,0.4885972738265991,0.9365708827972412,0.0010301609290763736,0.5381554961204529,0.9365344047546387,-0.007613894063979387,0.5150284767150879,0.9506906867027283,-0.00542912632226944,0.5045620203018188,0.9461047649383545,-0.0010686340974643826,0.5011204481124878,0.9398283958435059,0.0023046680726110935,0.2119729220867157,0.42123669385910034,9.532995903782648e-08,0.24491064250469208,0.4244495630264282,-0.008508648723363876,0.27765586972236633,0.41454893350601196,-0.009698186069726944,0.30296698212623596,0.4042849540710449,-0.010843632742762566,0.3220629096031189,0.3919563293457031,-0.012394401244819164,0.27596530318260193,0.38019198179244995,-0.004210406448692083,0.2959607243537903,0.358187198638916,-0.01014656014740467,0.3059881627559662,0.3419782221317291,-0.01578683778643608,0.3148829936981201,0.3272956907749176,-0.020332632586359978,0.2615351676940918,0.36752355098724365,-0.005740392487496138,0.2777230441570282,0.34311550855636597,-0.010221168398857117,0.2866087555885315,0.3271523714065552,-0.01638326793909073,0.29427728056907654,0.3127872049808502,-0.02177739143371582,0.2431945502758026,0.36152881383895874,-0.008686352521181107,0.2553192377090454,0.3398313820362091,-0.014375446364283562,0.2621504068374634,0.326261043548584,-0.01913033053278923,0.2697347402572632,0.31309789419174194,-0.02328808419406414,0.2228766530752182,0.36177781224250793,-0.012656250968575478,0.22476288676261902,0.3451577425003052,-0.019236911088228226,0.22635631263256073,0.33349698781967163,-0.021970441564917564,0.22823159396648407,0.32181042432785034,-0.024048935621976852,3
0.5069690942764282,0.45268040895462036,-0.34886735677719116,0.5182483792304993,0.4310184419155121,-0.3078039288520813,0.5260431170463562,0.4321866035461426,-0.3077740967273712,0.5334181785583496,0.4334070086479187,-0.30750223994255066,0.49555444717407227,0.4257752597332001,-0.3062063157558441,0.4865073561668396,0.42437103390693665,-0.3063183128833771,0.4766325354576111,0.423313707113266,-0.30604368448257446,0.540477454662323,0.4443298876285553,-0.07837595045566559,0.4602145254611969,0.43148788809776306,-0.07460848242044449,0.5153699517250061,0.48192712664604187,-0.26522696018218994,0.48769497871398926,0.4795893728733063,-0.26560384035110474,0.5850728750228882,0.5875817537307739,0.028883829712867737,0.37575632333755493,0.5622347593307495,0.04950907453894615,0.6613987684249878,0.7357050776481628,-0.049522094428539276,0.22887568175792694,0.6972021460533142,-0.1288118064403534,0.6186449527740479,0.7959960103034973,-0.37035202980041504,0.2392139881849289,0.5534693002700806,-0.5296939611434937,0.6116129755973816,0.8295096755027771,-0.4234800934791565,0.24057190120220184,0.49646538496017456,-0.5950437784194946,0.597797691822052,0.8106924891471863,-0.42565077543258667,0.2572351396083832,0.48608893156051636,-0.5944477915763855,0.5960688591003418,0.8036128282546997,-0.38031312823295593,0.26579007506370544,0.5025438070297241,-0.5410929918289185,0.524292528629303,0.9133095145225525,0.03207365423440933,0.3838944137096405,0.8890725374221802,-0.029190966859459877,0.5507590770721436,1.1607201099395752,-0.3264833986759186,0.3962445557117462,1.2276360988616943,-0.3343161940574646,0.537885308265686,1.44608736038208,-0.1522030532360077,0.3730965852737427,1.5405117273330688,-0.3236275315284729,0.5254225730895996,1.487786889076233,-0.13362468779087067,0.3644924461841583,1.5819551944732666,-0.32634228467941284,0.5618904232978821,1.5430333614349365,-0.2781296670436859,0.39982664585113525,1.645438551902771,-0.5489409565925598,0.0,0.0,0.0,0.0,0.0,0.0,0.0,0.0,0.0,0.0,0.0,0.0,0.0,0.0,0.0,0.0,0.0,0.0,0.0,0.0,0.0,0.0,0.0,0.0,0.0,0.0,0.0,0.0,0.0,0.0,0.0,0.0,0.0,0.0,0.0,0.0,0.0,0.0,0.0,0.0,0.0,0.0,0.0,0.0,0.0,0.0,0.0,0.0,0.0,0.0,0.0,0.0,0.0,0.0,0.0,0.0,0.0,0.0,0.0,0.0,0.0,0.0,0.0,0.2349238395690918,0.5446771383285522,1.2325719467298768e-07,0.2608577609062195,0.5263355374336243,-0.005955301690846682,0.27628853917121887,0.5111210346221924,-0.006328265648335218,0.28318172693252563,0.49260446429252625,-0.007509478833526373,0.278961181640625,0.4759519696235657,-0.008881749585270882,0.25559067726135254,0.48722630739212036,0.008079946972429752,0.25949805974960327,0.46559959650039673,0.006183929275721312,0.26175016164779663,0.45332273840904236,0.000994733301922679,0.2632865905761719,0.4398709237575531,-0.0034059807658195496,0.23984099924564362,0.48603883385658264,0.008124620653688908,0.23993657529354095,0.4634275734424591,0.006244742311537266,0.2399405688047409,0.4480054974555969,-0.0003103160997852683,0.241127148270607,0.43360570073127747,-0.006290570832788944,0.2243744432926178,0.48947370052337646,0.006528595462441444,0.2237986922264099,0.46766310930252075,0.0046821772120893,0.22341734170913696,0.45272523164749146,0.00018918211571872234,0.22573645412921906,0.4400276839733124,-0.003962691407650709,0.20840616524219513,0.49694883823394775,0.003931622486561537,0.20628774166107178,0.4793661832809448,0.0030402725096791983,0.20434202253818512,0.4671635031700134,0.001849275198765099,0.2054322063922882,0.45586711168289185,4.445152444532141e-05,3
0.4916697144508362,0.4235399663448334,-0.38062506914138794,0.5142236948013306,0.40410709381103516,-0.35620224475860596,0.5236660838127136,0.40661463141441345,-0.355968177318573,0.5315866470336914,0.4083506762981415,-0.35554346442222595,0.4897546172142029,0.39714744687080383,-0.3328111171722412,0.4826187193393707,0.394950270652771,-0.3330375552177429,0.47437793016433716,0.3924950063228607,-0.3326752781867981,0.542169988155365,0.4222922623157501,-0.16448131203651428,0.46563512086868286,0.40228477120399475,-0.06617717444896698,0.505958616733551,0.4575425982475281,-0.31016549468040466,0.4757051467895508,0.4485040307044983,-0.28222331404685974,0.594733715057373,0.550936758518219,-0.10979051887989044,0.38886019587516785,0.5266286730766296,0.10012856870889664,0.6385157704353333,0.7060073614120483,-0.3013707995414734,0.23304665088653564,0.5778878927230835,-0.09264704585075378,0.5675057172775269,0.7929731607437134,-0.6576460599899292,0.19457335770130157,0.42338669300079346,-0.5389034152030945,0.5596210360527039,0.8295395374298096,-0.7370339035987854,0.1911979615688324,0.3695559501647949,-0.6182680726051331,0.5308154821395874,0.8092892169952393,-0.7312853336334229,0.20835773646831512,0.3523046672344208,-0.6176982522010803,0.5304862260818481,0.7997406721115112,-0.6647199988365173,0.21207626163959503,0.37759917974472046,-0.557583212852478,0.5169257521629333,0.9273515939712524,-0.04064566269516945,0.37318819761276245,0.9065960645675659,0.043590888381004333,0.49982061982154846,1.230977177619934,-0.23367097973823547,0.36078906059265137,1.2350150346755981,-0.133306086063385,0.4837825894355774,1.4973260164260864,-0.051213182508945465,0.3417922854423523,1.524932861328125,-0.03708520531654358,0.4832138121128082,1.536295771598816,-0.035001423209905624,0.3368910253047943,1.5678554773330688,-0.03289691358804703,0.4615980088710785,1.5946294069290161,-0.23961301147937775,0.3464707136154175,1.6339081525802612,-0.2570699453353882,0.5686175227165222,0.7946423292160034,-4.692843802445168e-08,0.5440716743469238,0.8020927906036377,-0.005598526913672686,0.5230371356010437,0.8169906139373779,-0.009040598757565022,0.5097354650497437,0.833832323551178,-0.011473213322460651,0.5067430734634399,0.8518527746200562,-0.015119113028049469,0.5328299403190613,0.8210811018943787,-0.012205333448946476,0.5285394191741943,0.8381652235984802,-0.01849980093538761,0.5258141160011292,0.8512619137763977,-0.024221643805503845,0.5223936438560486,0.8633475303649902,-0.028675226494669914,0.5495153069496155,0.8244721293449402,-0.013045091181993484,0.5554540753364563,0.8451221585273743,-0.020390348508954048,0.5585325956344604,0.8607800006866455,-0.026666563004255295,0.5592311024665833,0.8752917647361755,-0.031776562333106995,0.5652590394020081,0.826626181602478,-0.013611320406198502,0.5726810097694397,0.8474996089935303,-0.020950324833393097,0.5762450098991394,0.8630915880203247,-0.02467181719839573,0.5767744779586792,0.8766010999679565,-0.027247505262494087,0.5783113241195679,0.8273093700408936,-0.014216665178537369,0.5868195295333862,0.843174397945404,-0.01955293118953705,0.5914650559425354,0.8539947867393494,-0.020070796832442284,0.5931253433227539,0.8632094264030457,-0.020162241533398628,0.18936215341091156,0.4017365276813507,1.0176649567483764e-07,0.21678225696086884,0.38785141706466675,-0.0057203564792871475,0.23441436886787415,0.3697035312652588,-0.006280912086367607,0.24514368176460266,0.3512284457683563,-0.007416346576064825,0.25070542097091675,0.3343697488307953,-0.00899539515376091,0.21902772784233093,0.34943780303001404,0.0004690565401688218,0.22710534930229187,0.3257094919681549,-0.0042127445340156555,0.231754332780838,0.31086641550064087,-0.009379458613693714,0.2358977198600769,0.29732751846313477,-0.013202957808971405,0.2028103470802307,0.34508979320526123,-0.0010253932559862733,0.20734259486198425,0.31968581676483154,-0.004834943916648626,0.21066635847091675,0.3018092215061188,-0.010304278694093227,0.21457676589488983,0.28620296716690063,-0.014946580864489079,0.18654274940490723,0.34595203399658203,-0.003790445625782013,0.18957167863845825,0.3221849501132965,-0.008257044479250908,0.19231316447257996,0.3063567876815796,-0.011541834101080894,0.1966957300901413,0.2938266694545746,-0.014242067001760006,0.16975799202919006,0.3513593375682831,-0.007387599442154169,0.168646901845932,0.332601934671402,-0.011339867487549782,0.17057380080223083,0.31926921010017395,-0.01245543546974659,0.17453685402870178,0.3083250820636749,-0.013436978682875633,3
0.43368205428123474,0.3570868670940399,-0.8186071515083313,0.44623056054115295,0.3385879099369049,-0.7893200516700745,0.4541831612586975,0.33879515528678894,-0.7892736196517944,0.4619918465614319,0.3388333022594452,-0.7891572713851929,0.425154447555542,0.3382606506347656,-0.7906458377838135,0.4181678295135498,0.3379822373390198,-0.790939450263977,0.4111134111881256,0.33733606338500977,-0.7908449769020081,0.4742403030395508,0.3513593375682831,-0.5524323582649231,0.4021098017692566,0.34666121006011963,-0.559280514717102,0.4486730098724365,0.38095590472221375,-0.7227872014045715,0.4219833016395569,0.37847524881362915,-0.7246772050857544,0.5303764939308167,0.4764929413795471,-0.3720749020576477,0.3415237367153168,0.46335917711257935,-0.3662225902080536,0.574206531047821,0.6298397779464722,-0.3094640374183655,0.14870712161064148,0.4680774509906769,-0.6016365885734558,0.5852102041244507,0.7646035552024841,-0.4475894868373871,0.14948292076587677,0.30353066325187683,-0.9259336590766907,0.585852324962616,0.8077302575111389,-0.48192891478538513,0.15947262942790985,0.25300177931785583,-1.0088131427764893,0.5760706663131714,0.8000741600990295,-0.5385087132453918,0.17879432439804077,0.24348357319831848,-0.9879711270332336,0.5749874711036682,0.7845349907875061,-0.47527846693992615,0.17721349000930786,0.2647782564163208,-0.9320815205574036,0.4832938611507416,0.8109273314476013,-0.010548911988735199,0.36233511567115784,0.8164373636245728,0.01225270051509142,0.4830361306667328,1.0209696292877197,-0.06594859808683395,0.34697049856185913,1.037420630455017,0.03705913573503494,0.45946869254112244,1.2501753568649292,0.23027820885181427,0.329440176486969,1.2694008350372314,0.27864018082618713,0.47056955099105835,1.3093969821929932,0.25909435749053955,0.3306845724582672,1.2946913242340088,0.296906054019928,0.4553848206996918,1.388564944267273,0.07174310833215714,0.3257150948047638,1.3663512468338013,0.0938832014799118,0.6010415554046631,0.7717366814613342,1.4569025097443955e-07,0.5837813019752502,0.7730846405029297,-0.006549951620399952,0.5716713070869446,0.7890743613243103,-0.008181050419807434,0.5665388703346252,0.8075385689735413,-0.008418588899075985,0.5650254487991333,0.8218637108802795,-0.008131889626383781,0.5892659425735474,0.8083207607269287,-0.006073622032999992,0.5794405937194824,0.8288621306419373,-0.00865180790424347,0.5690712332725525,0.833935022354126,-0.009946581907570362,0.5608348250389099,0.8334600925445557,-0.010177025571465492,0.5981978178024292,0.8112728595733643,-0.0027577937580645084,0.5873169898986816,0.8298340439796448,-0.004547482822090387,0.5768579840660095,0.8323978781700134,-0.005361983552575111,0.5686063170433044,0.8296841382980347,-0.005722579546272755,0.6030407547950745,0.8109938502311707,0.00016105819668155164,0.5924844145774841,0.8277245163917542,-0.0015308208530768752,0.5823232531547546,0.8304773569107056,-0.00240357150323689,0.5748770833015442,0.8277875185012817,-0.002710358239710331,0.6047478914260864,0.8095065951347351,0.0026216532569378614,0.5961520075798035,0.8246517181396484,0.0005685976939275861,0.5874954462051392,0.8286231160163879,-0.0002909362083300948,0.5805891752243042,0.8277378678321838,-0.0003054784028790891,0.1356494426727295,0.29746145009994507,1.1538224242713113e-07,0.16485925018787384,0.29594752192497253,-0.007498977705836296,0.19318333268165588,0.28509777784347534,-0.009744853712618351,0.21443337202072144,0.27293404936790466,-0.012003760784864426,0.2314235270023346,0.263108491897583,-0.014897224493324757,0.19298295676708221,0.2552943527698517,-0.008184065110981464,0.2137482911348343,0.23572704195976257,-0.01572260633111,0.22515259683132172,0.22228339314460754,-0.0213349349796772,0.23539012670516968,0.21076937019824982,-0.02550848200917244,0.17976295948028564,0.2445073425769806,-0.010655173100531101,0.19737184047698975,0.22107121348381042,-0.016465485095977783,0.20773249864578247,0.20578902959823608,-0.02215101383626461,0.21694611012935638,0.19333261251449585,-0.026942377910017967,0.16263291239738464,0.24072366952896118,-0.01414985116571188,0.17593201994895935,0.22024480998516083,-0.020873282104730606,0.18385916948318481,0.20609796047210693,-0.02540801838040352,0.1926613599061966,0.19390758872032166,-0.029326152056455612,0.14305654168128967,0.24250639975070953,-0.01841621845960617,0.14299488067626953,0.22580114006996155,-0.026006828993558884,0.14571881294250488,0.2135971486568451,-0.029107118025422096,0.14980247616767883,0.20216825604438782,-0.03130286559462547,3
0.4589208662509918,0.3019712269306183,-0.3607911467552185,0.4745243489742279,0.2813985049724579,-0.3338768184185028,0.48123639822006226,0.2838163375854492,-0.3339322805404663,0.4888021945953369,0.28609615564346313,-0.33395129442214966,0.4513055682182312,0.27257660031318665,-0.33820995688438416,0.440964937210083,0.2698293626308441,-0.33852800726890564,0.4319322109222412,0.2674519121646881,-0.33872562646865845,0.49476200342178345,0.29753199219703674,-0.15914228558540344,0.4153498113155365,0.2802591621875763,-0.17855532467365265,0.46956300735473633,0.3277115821838379,-0.28675493597984314,0.4366844594478607,0.32375556230545044,-0.293753445148468,0.5517879128456116,0.3953171670436859,-0.08953969180583954,0.34289872646331787,0.41313493251800537,-0.07145507633686066,0.727817177772522,0.42818939685821533,-0.3034168779850006,0.2910067141056061,0.5573809146881104,-0.12735745310783386,0.735146701335907,0.2610136866569519,-0.6116670966148376,0.2738518714904785,0.7312934398651123,-0.28520089387893677,0.7394871711730957,0.211750790476799,-0.6843318343162537,0.2562156319618225,0.7804377675056458,-0.312000572681427,0.7271538972854614,0.19945202767848969,-0.6554774045944214,0.2797226011753082,0.779180645942688,-0.34992849826812744,0.7229586839675903,0.21668794751167297,-0.6116553544998169,0.29037922620773315,0.7604799866676331,-0.3025130331516266,0.530030369758606,0.6946381330490112,-0.02764097973704338,0.39524489641189575,0.6923124194145203,0.02908744476735592,0.5291906595230103,0.9169854521751404,-0.40588775277137756,0.37982046604156494,0.9316346049308777,-0.233939528465271,0.5158793330192566,1.2031664848327637,-0.32982298731803894,0.3987097144126892,1.2131253480911255,-0.171512633562088,0.5170232653617859,1.2327765226364136,-0.321479856967926,0.4061911106109619,1.2419284582138062,-0.16668815910816193,0.4858323037624359,1.324826955795288,-0.5220789909362793,0.3893292546272278,1.3312114477157593,-0.3575458228588104,0.737884521484375,0.25044170022010803,8.30948749808158e-08,0.7188583016395569,0.2393856793642044,-0.008062508888542652,0.7016499042510986,0.22657184302806854,-0.012210384011268616,0.6924868822097778,0.2101636379957199,-0.01615382917225361,0.6940940618515015,0.19291558861732483,-0.01961718313395977,0.7160460948944092,0.20383256673812866,-0.004005917813628912,0.7130282521247864,0.18222512304782867,-0.00995373073965311,0.7126216888427734,0.16848233342170715,-0.014876513741910458,0.7133095860481262,0.15538819134235382,-0.01877727545797825,0.731693685054779,0.20154249668121338,-0.004613866563886404,0.7325586676597595,0.18025773763656616,-0.009806333109736443,0.7358818054199219,0.16672898828983307,-0.01357760839164257,0.7396723031997681,0.15394558012485504,-0.0166774932295084,0.7461918592453003,0.20405694842338562,-0.006767168175429106,0.7478851079940796,0.1841658353805542,-0.013683445751667023,0.7510533928871155,0.1723317950963974,-0.016148652881383896,0.7541794180870056,0.16137553751468658,-0.01759640872478485,0.7592562437057495,0.21094554662704468,-0.009740441106259823,0.7654220461845398,0.1975984424352646,-0.015693299472332,0.7700747847557068,0.1885678768157959,-0.017311710864305496,0.7744982242584229,0.1793290674686432,-0.018240289762616158,0.26808714866638184,0.7469828128814697,-1.2165584450940514e-07,0.2890935242176056,0.7636281251907349,-0.007776816375553608,0.29794740676879883,0.7873251438140869,-0.010027222335338593,0.2995508313179016,0.8110600113868713,-0.010698522441089153,0.29751133918762207,0.8260318040847778,-0.010042334906756878,0.2684156596660614,0.8047642707824707,-0.0027023213915526867,0.27409976720809937,0.8288178443908691,-0.0018119134474545717,0.2819872498512268,0.8208893537521362,-0.0023808428086340427,0.2828964591026306,0.8105154037475586,-0.002945148618891835,0.2577199935913086,0.8045995235443115,0.0020352469291538,0.2652612328529358,0.8267977833747864,0.0038347700610756874,0.27263882756233215,0.8211355805397034,0.0031890342943370342,0.27293238043785095,0.8127292990684509,0.0018616929883137345,0.2518145442008972,0.8019633889198303,0.006438361015170813,0.2584593594074249,0.8235065937042236,0.007727724965661764,0.2649309039115906,0.8189917802810669,0.008077969774603844,0.26562854647636414,0.8106455206871033,0.007605621125549078,0.24906931817531586,0.7990111708641052,0.010444749146699905,0.2534867227077484,0.8176201581954956,0.011830003932118416,0.2587764263153076,0.8150323629379272,0.01361420750617981,0.2597053050994873,0.8083833456039429,0.01470975298434496,3
0.38745078444480896,0.32565540075302124,-0.36714833974838257,0.3934374153614044,0.3027818500995636,-0.3344076871871948,0.3988328278064728,0.30438342690467834,-0.33452916145324707,0.40399986505508423,0.30569198727607727,-0.33453986048698425,0.37239837646484375,0.29684919118881226,-0.3428463339805603,0.36267101764678955,0.2943758964538574,-0.34306806325912476,0.35307472944259644,0.2920249104499817,-0.34318608045578003,0.4015125632286072,0.3143557012081146,-0.14300383627414703,0.3326146900653839,0.3005315661430359,-0.1834159642457962,0.39505115151405334,0.3485785722732544,-0.2902604937553406,0.36759963631629944,0.3494664132595062,-0.3029807507991791,0.4662979245185852,0.4410426914691925,-0.058418434113264084,0.24683067202568054,0.45201265811920166,-0.08779297769069672,0.6059636473655701,0.4845221936702728,-0.2955195903778076,0.213640958070755,0.6372787952423096,-0.14720454812049866,0.6774125695228577,0.32192784547805786,-0.6329819560050964,0.20029380917549133,0.8131244778633118,-0.319560706615448,0.6839331388473511,0.2784656286239624,-0.7014719247817993,0.18853044509887695,0.8563634157180786,-0.347760409116745,0.6686068177223206,0.25038373470306396,-0.6930940747261047,0.20559222996234894,0.8548002243041992,-0.3888148367404938,0.6623998880386353,0.2783544659614563,-0.6418866515159607,0.21451854705810547,0.843026876449585,-0.3391037583351135,0.4392172396183014,0.7698619961738586,-0.017264913767576218,0.3013153374195099,0.7695590257644653,0.018182240426540375,0.43513554334640503,0.8742991089820862,-0.7321058511734009,0.3284832835197449,0.9084776043891907,-0.7280716896057129,0.4406939446926117,1.173498272895813,-0.831275463104248,0.3139241337776184,1.2223453521728516,-0.8845638036727905,0.4386017918586731,1.2173802852630615,-0.8426289558410645,0.3170669376850128,1.2720837593078613,-0.9058493375778198,0.429990291595459,1.277740478515625,-1.0474374294281006,0.31255704164505005,1.3307079076766968,-1.1350651979446411,0.690747082233429,0.327264666557312,-5.396132962687261e-08,0.682390570640564,0.3080528676509857,-0.003311282256618142,0.6690279841423035,0.298162579536438,-0.003963776398450136,0.6557726860046387,0.29560643434524536,-0.004433273803442717,0.645572304725647,0.2922859191894531,-0.005144041497260332,0.6506800651550293,0.28038567304611206,-0.0007543637766502798,0.630717933177948,0.26882392168045044,-0.003362880554050207,0.6202666163444519,0.26429200172424316,-0.006389304995536804,0.611888587474823,0.25816476345062256,-0.008934521116316319,0.647397518157959,0.2852928638458252,-0.0005841858219355345,0.6244008541107178,0.2746374011039734,-0.005039750598371029,0.6112254858016968,0.26671451330184937,-0.009620084427297115,0.6013191938400269,0.25693750381469727,-0.013294300995767117,0.6476487517356873,0.293207585811615,-0.0010069595882669091,0.6278220415115356,0.2861248254776001,-0.006155737675726414,0.6148173213005066,0.277906209230423,-0.011648335494101048,0.6051903963088989,0.2685140073299408,-0.015591916628181934,0.650568962097168,0.30434250831604004,-0.0015167189994826913,0.6363933682441711,0.30311453342437744,-0.006513681262731552,0.6256722211837769,0.29739269614219666,-0.010447636246681213,0.6170658469200134,0.29014137387275696,-0.013455615378916264,0.1875724047422409,0.8024433255195618,-1.377807592461977e-07,0.2075621336698532,0.8146706819534302,-0.009631018154323101,0.21672913432121277,0.8346952795982361,-0.01512912753969431,0.2203378975391388,0.8570995330810547,-0.0186269823461771,0.22420208156108856,0.8746313452720642,-0.020939426496624947,0.18806087970733643,0.8584299683570862,-0.012408571317791939,0.198172926902771,0.8851929903030396,-0.015607638284564018,0.20917731523513794,0.8923376202583313,-0.016670672222971916,0.21798251569271088,0.893767237663269,-0.01666140742599964,0.17624354362487793,0.8591488599777222,-0.008157109841704369,0.18920254707336426,0.8867007493972778,-0.010468325577676296,0.2026333510875702,0.8921156525611877,-0.010326812975108624,0.21203258633613586,0.8913776278495789,-0.01020508911460638,0.1698365956544876,0.8569334149360657,-0.004152285400778055,0.1818930208683014,0.8830282688140869,-0.006858005654066801,0.19442635774612427,0.8878372311592102,-0.0056373500265181065,0.20350411534309387,0.8868369460105896,-0.004391197580844164,0.16681481897830963,0.8536565899848938,-0.0006531198159791529,0.17616908252239227,0.8766048550605774,-0.002924748230725527,0.18594783544540405,0.8823733925819397,-0.0017806774703785777,0.1936700940132141,0.8830168843269348,-0.0002654975978657603,3
0.5137747526168823,0.28486403822898865,-0.4504641592502594,0.5265375971794128,0.2610805034637451,-0.40782904624938965,0.5347538590431213,0.26289600133895874,-0.4079025685787201,0.5430730581283569,0.2646465301513672,-0.4083116948604584,0.4930292069911957,0.24412955343723297,-0.4170897901058197,0.48984628915786743,0.24413800239562988,-0.4175294041633606,0.47840484976768494,0.2444799393415451,-0.4176732003688812,0.5427881479263306,0.27917662262916565,-0.17518210411071777,0.4634736180305481,0.26610735058784485,-0.2270394116640091,0.5174139142036438,0.31983712315559387,-0.36425355076789856,0.4907260537147522,0.31349679827690125,-0.3791562020778656,0.5954456329345703,0.42625200748443604,-0.05478064343333244,0.3664986789226532,0.4212956428527832,-0.1124720573425293,0.6583201885223389,0.5935483574867249,0.035480741411447525,0.1709965020418167,0.5147368311882019,-0.2688327729701996,0.6890220046043396,0.7598024606704712,-0.16013264656066895,0.18142202496528625,0.35649314522743225,-0.5560303330421448,0.7040048837661743,0.7963906526565552,-0.19747164845466614,0.18803271651268005,0.31040388345718384,-0.6179682016372681,0.6850427389144897,0.7923669219017029,-0.2528272569179535,0.20045343041419983,0.3007190525531769,-0.6174735426902771,0.6820238828659058,0.7787182331085205,-0.1890837401151657,0.20873050391674042,0.3107242286205292,-0.5670446157455444,0.5416046380996704,0.8173807859420776,0.02437729202210903,0.39877310395240784,0.8098897337913513,-0.02276688441634178,0.5528745055198669,1.0786818265914917,-0.3495887219905853,0.4356214106082916,1.0784777402877808,-0.3619384467601776,0.5360051393508911,1.337842345237732,-0.11535640805959702,0.4159080386161804,1.3624261617660522,-0.25353485345840454,0.529756486415863,1.3729221820831299,-0.08643675595521927,0.4071865677833557,1.4002808332443237,-0.2408709079027176,0.5332773923873901,1.4347357749938965,-0.23353898525238037,0.4386768341064453,1.4625511169433594,-0.45901551842689514,0.7222396731376648,0.7292366027832031,1.616077298649543e-07,0.7292126417160034,0.7487447261810303,-0.0015758724184706807,0.7263747453689575,0.7785283923149109,-0.004694225266575813,0.713829755783081,0.8004174828529358,-0.008605706505477428,0.6995078921318054,0.8141414523124695,-0.012701540254056454,0.7419050931930542,0.790468156337738,-0.009250789880752563,0.7249079346656799,0.817899227142334,-0.017085079103708267,0.7119215726852417,0.8366580605506897,-0.022034773603081703,0.7017211318016052,0.850191056728363,-0.02559097297489643,0.7386808395385742,0.792888879776001,-0.011704267002642155,0.7136109471321106,0.8067818284034729,-0.019638575613498688,0.698512852191925,0.8049531579017639,-0.022479595616459846,0.6890347003936768,0.8028967380523682,-0.024390539154410362,0.7297903299331665,0.7886109352111816,-0.014198912307620049,0.7049477100372314,0.7985550165176392,-0.023635011166334152,0.6924977898597717,0.7948055267333984,-0.025805845856666565,0.6841928362846375,0.7911196351051331,-0.026305053383111954,0.718718409538269,0.7798697352409363,-0.016548633575439453,0.6968764662742615,0.7893927693367004,-0.024371251463890076,0.6820047497749329,0.7913385629653931,-0.026843180879950523,0.6696688532829285,0.7907950282096863,-0.027644485235214233,0.16487982869148254,0.3503336012363434,1.4868696496250777e-07,0.19843801856040955,0.3465988337993622,-0.005776632111519575,0.22582566738128662,0.34029799699783325,-0.004104831721633673,0.24568340182304382,0.3258729875087738,-0.0031970369163900614,0.26071885228157043,0.31309881806373596,-0.002456832444295287,0.22309273481369019,0.30982717871665955,0.014398062601685524,0.24143746495246887,0.2878599762916565,0.016512099653482437,0.2488478124141693,0.2728469669818878,0.013384640216827393,0.2557932138442993,0.2584749460220337,0.009744199924170971,0.208258256316185,0.30147862434387207,0.014758656732738018,0.22041061520576477,0.2786833643913269,0.016942337155342102,0.22661249339580536,0.26184895634651184,0.010229552164673805,0.2311520278453827,0.24862287938594818,0.003819333389401436,0.19169940054416656,0.2969869375228882,0.013450173661112785,0.20064154267311096,0.27552366256713867,0.015066182240843773,0.20532934367656708,0.26038527488708496,0.01131591945886612,0.2093183994293213,0.24806345999240875,0.007013348862528801,0.17359857261180878,0.2966594696044922,0.010921659879386425,0.17842642962932587,0.28145989775657654,0.011894364841282368,0.18246127665042877,0.2704252302646637,0.011621364392340183,0.1862964928150177,0.260688841342926,0.010511931031942368,3
0.44866743683815,0.28919216990470886,-1.000962495803833,0.46274909377098083,0.26049357652664185,-0.9715911149978638,0.47454634308815,0.26188763976097107,-0.9717739820480347,0.4854263365268707,0.2632617950439453,-0.9719964265823364,0.4330213963985443,0.25683721899986267,-0.9756352305412292,0.4247112274169922,0.25797271728515625,-0.9760955572128296,0.4157072603702545,0.25943610072135925,-0.9760748744010925,0.49893999099731445,0.2789100110530853,-0.7105698585510254,0.39666232466697693,0.2724585235118866,-0.7328900098800659,0.47114771604537964,0.32718077301979065,-0.8944632411003113,0.43257564306259155,0.3256836533546448,-0.9008815884590149,0.5721258521080017,0.4328637719154358,-0.48385995626449585,0.3132324814796448,0.4214544892311096,-0.5200799703598022,0.6200709342956543,0.5889085531234741,-0.29535695910453796,0.12096105515956879,0.4737759530544281,-0.7833830118179321,0.6206738948822021,0.7665072083473206,-0.31383851170539856,0.16205547749996185,0.285384863615036,-1.0617179870605469,0.6255077719688416,0.8226785063743591,-0.32934075593948364,0.17161628603935242,0.2275419533252716,-1.1200050115585327,0.6116633415222168,0.8128163814544678,-0.37461769580841064,0.18884900212287903,0.21753279864788055,-1.0926692485809326,0.6042133569717407,0.7978326678276062,-0.3303160071372986,0.1936788409948349,0.24153490364551544,-1.0591219663619995,0.5055550336837769,0.7929988503456116,0.0066136205568909645,0.3656581938266754,0.8027105927467346,-0.005772026721388102,0.5090131163597107,1.0321754217147827,-0.00561979366466403,0.37690943479537964,1.0373461246490479,0.10971789062023163,0.49280914664268494,1.2248834371566772,0.42822688817977905,0.37891885638237,1.2307085990905762,0.4942552149295807,0.48706674575805664,1.2457128763198853,0.4747294783592224,0.3789238929748535,1.2496901750564575,0.534107506275177,0.4836367070674896,1.337890386581421,0.329763263463974,0.39866578578948975,1.3447357416152954,0.37198659777641296,0.6219750642776489,0.7651873826980591,2.2706369406932936e-07,0.6017410159111023,0.7782532572746277,-0.01355780940502882,0.5933200120925903,0.8028287291526794,-0.01786426641047001,0.591829776763916,0.8273621797561646,-0.019177271053195,0.5911428928375244,0.8459660410881042,-0.01921217143535614,0.6272397041320801,0.8246082067489624,-0.012426262721419334,0.6141538023948669,0.8563342690467834,-0.015798553824424744,0.6008164286613464,0.8648850321769714,-0.01759614236652851,0.5901517271995544,0.8669288754463196,-0.018013957887887955,0.6367576122283936,0.8237424492835999,-0.005261516664177179,0.6201573610305786,0.8532156944274902,-0.007802113890647888,0.6060377359390259,0.8609548807144165,-0.008683841675519943,0.5944673418998718,0.8634636998176575,-0.008941544219851494,0.639536440372467,0.821109414100647,0.0011642002500593662,0.6223254203796387,0.8464486598968506,-0.0008335618185810745,0.6098042130470276,0.8548750281333923,-0.0012086527422070503,0.5993658304214478,0.857941210269928,-0.0010927828261628747,0.6383059620857239,0.8177394270896912,0.006497754715383053,0.6249182224273682,0.8395602107048035,0.004917738493531942,0.6145169138908386,0.8480146527290344,0.004791132174432278,0.605358362197876,0.8510030508041382,0.005472089629620314,0.15881264209747314,0.2805565297603607,2.0184377547138865e-07,0.19544285535812378,0.2711670398712158,-0.005757232196629047,0.22203083336353302,0.2592029571533203,-0.003319862298667431,0.23765014111995697,0.23811136186122894,-0.0017253932310268283,0.2457021325826645,0.21677489578723907,-0.0003876426781062037,0.2091745138168335,0.2266637086868286,0.014801441691815853,0.2256261259317398,0.20024630427360535,0.016062095761299133,0.2329665720462799,0.18397168815135956,0.012511968612670898,0.23960205912590027,0.16880816221237183,0.008917604573071003,0.1915293186903,0.21911802887916565,0.014597740955650806,0.2011629194021225,0.1909220814704895,0.016466664150357246,0.20844092965126038,0.17229096591472626,0.009887142106890678,0.21523268520832062,0.15887080132961273,0.0036087569314986467,0.17249970138072968,0.216551274061203,0.012458809651434422,0.17815956473350525,0.1907905489206314,0.013020895421504974,0.1837862879037857,0.17457997798919678,0.008181393146514893,0.19087234139442444,0.16380858421325684,0.003276874776929617,0.15144364535808563,0.21884804964065552,0.009156214073300362,0.15089382231235504,0.19805742800235748,0.008642822504043579,0.15399181842803955,0.18597786128520966,0.007525322958827019,0.16012457013130188,0.17803135514259338,0.005883592180907726,3
0.5629851222038269,0.2846164107322693,-0.6001942753791809,0.5758818984031677,0.2569575607776642,-0.5826036334037781,0.5884827971458435,0.25852659344673157,-0.5826430320739746,0.5960896015167236,0.2599059045314789,-0.5829794406890869,0.5447388887405396,0.2552146911621094,-0.5660963654518127,0.5378872156143188,0.2566174268722534,-0.5665991902351379,0.5255434513092041,0.2589113116264343,-0.5667456388473511,0.6109752058982849,0.27552175521850586,-0.40879949927330017,0.5158132314682007,0.2808578908443451,-0.334664523601532,0.5850194096565247,0.32737845182418823,-0.5257087349891663,0.5386949181556702,0.3306804299354553,-0.5054296255111694,0.7148022055625916,0.4368811249732971,-0.3122415542602539,0.44779759645462036,0.44434961676597595,-0.16282424330711365,0.8161212801933289,0.6305617094039917,-0.2738025486469269,0.3228546380996704,0.5937297940254211,-0.29302775859832764,0.8930870890617371,0.863754391670227,-0.4468328058719635,0.20699246227741241,0.4721892178058624,-0.6248458027839661,0.9221445918083191,0.9064728021621704,-0.49129819869995117,0.17207351326942444,0.423156201839447,-0.6820759177207947,0.8966410756111145,0.9177515506744385,-0.5338021516799927,0.1811245232820511,0.4119759798049927,-0.7058181762695312,0.884017825126648,0.9000017642974854,-0.4694693088531494,0.2008463442325592,0.4300497770309448,-0.6472700834274292,0.6598871350288391,0.8764193058013916,-0.03178980574011803,0.5050715208053589,0.8760677576065063,0.033264096826314926,0.6417478322982788,1.1114678382873535,0.3292533755302429,0.4988187849521637,1.1452468633651733,0.4346354007720947,0.6289032697677612,1.307081699371338,0.9271590113639832,0.4852972626686096,1.351951003074646,0.8843684196472168,0.6308633685112,1.3300114870071411,0.9916399121284485,0.48573940992355347,1.373573660850525,0.931952953338623,0.5961155295372009,1.4305310249328613,0.8672297596931458,0.4910770356655121,1.4787178039550781,0.7732394337654114,0.0,0.0,0.0,0.0,0.0,0.0,0.0,0.0,0.0,0.0,0.0,0.0,0.0,0.0,0.0,0.0,0.0,0.0,0.0,0.0,0.0,0.0,0.0,0.0,0.0,0.0,0.0,0.0,0.0,0.0,0.0,0.0,0.0,0.0,0.0,0.0,0.0,0.0,0.0,0.0,0.0,0.0,0.0,0.0,0.0,0.0,0.0,0.0,0.0,0.0,0.0,0.0,0.0,0.0,0.0,0.0,0.0,0.0,0.0,0.0,0.0,0.0,0.0,0.18317539989948273,0.48529958724975586,1.1816911893447468e-07,0.2136363685131073,0.4710550308227539,-0.015419811010360718,0.2411058396100998,0.4492564797401428,-0.023900019004940987,0.262451708316803,0.429526150226593,-0.031771983951330185,0.27737927436828613,0.41297826170921326,-0.04017636552453041,0.21142634749412537,0.40692225098609924,-0.0137845603749156,0.21149183809757233,0.37531179189682007,-0.02196969836950302,0.20891493558883667,0.35681724548339844,-0.02915031835436821,0.20425546169281006,0.3395621180534363,-0.034785009920597076,0.18829962611198425,0.40423303842544556,-0.013214236125349998,0.18272891640663147,0.3695480227470398,-0.019048411399126053,0.17771585285663605,0.34978336095809937,-0.025179509073495865,0.17241469025611877,0.3329765498638153,-0.031109748408198357,0.16697850823402405,0.4103679955005646,-0.014566044323146343,0.15827015042304993,0.37887150049209595,-0.02137993648648262,0.15298661589622498,0.3599470257759094,-0.027384217828512192,0.1485314965248108,0.3428598940372467,-0.03241083770990372,0.1454564929008484,0.42314058542251587,-0.01755758933722973,0.1307661533355713,0.39835357666015625,-0.023895524442195892,0.12027595937252045,0.38361600041389465,-0.027076661586761475,0.11108822375535965,0.36807894706726074,-0.030086204409599304,3
0.6107808351516724,0.3030266761779785,-1.016768217086792,0.6238979697227478,0.2757781744003296,-0.9774178266525269,0.634244978427887,0.2760270833969116,-0.9774621725082397,0.6451765298843384,0.27613896131515503,-0.9777241945266724,0.5979197025299072,0.2767292261123657,-0.9801810383796692,0.5881972312927246,0.2776431143283844,-0.9805286526679993,0.5785280466079712,0.27844783663749695,-0.9805386662483215,0.6647714376449585,0.2890442907810211,-0.6828026175498962,0.5643512606620789,0.2907356321811676,-0.6960908770561218,0.629069447517395,0.33173805475234985,-0.8987385630607605,0.5952697992324829,0.33664384484291077,-0.9029253721237183,0.7504774332046509,0.4552783966064453,-0.4487587511539459,0.4863571524620056,0.44474563002586365,-0.4826548993587494,0.8186437487602234,0.6276308298110962,-0.3959827423095703,0.2872501611709595,0.5066727995872498,-0.7825992703437805,0.8048343658447266,0.8119860291481018,-0.6274459958076477,0.26964494585990906,0.3719116747379303,-1.2021909952163696,0.7926291227340698,0.8691598176956177,-0.673322319984436,0.2657790184020996,0.318364679813385,-1.2829538583755493,0.7731567025184631,0.8485655188560486,-0.7123736143112183,0.28560784459114075,0.3040120303630829,-1.2735692262649536,0.7730004787445068,0.8311207890510559,-0.646950364112854,0.2914474308490753,0.31837546825408936,-1.2104570865631104,0.6948283910751343,0.8529084920883179,0.03008534573018551,0.5364717841148376,0.8612057566642761,-0.02835211530327797,0.7280412912368774,1.1042155027389526,-0.3067372739315033,0.5872707366943359,1.1007074117660522,-0.2720317244529724,0.7174395322799683,1.3930621147155762,-0.018164364621043205,0.5794095993041992,1.3982943296432495,-0.07785103470087051,0.7063308954238892,1.4302889108657837,0.013600476086139679,0.5730627775192261,1.4356372356414795,-0.05787690728902817,0.7276962399482727,1.5164436101913452,-0.18366564810276031,0.6119183301925659,1.5193750858306885,-0.29722076654434204,0.8026263117790222,0.8011026382446289,1.9099654480214667e-07,0.7709817886352539,0.8108314871788025,-0.00669323094189167,0.7507089376449585,0.8293213844299316,-0.010111141949892044,0.739264965057373,0.8526954650878906,-0.01208184938877821,0.7323917150497437,0.8726902604103088,-0.0138968825340271,0.7739062309265137,0.8517342805862427,-0.009385469369590282,0.7622165679931641,0.880256712436676,-0.011882695369422436,0.7543658018112183,0.8917937278747559,-0.013147986494004726,0.7480214834213257,0.8986098170280457,-0.01389368250966072,0.7905614376068115,0.859358549118042,-0.007410256192088127,0.7770572900772095,0.8894025087356567,-0.008623266592621803,0.7665457725524902,0.9008125066757202,-0.00921782199293375,0.7580649852752686,0.9057565927505493,-0.010193458758294582,0.8042062520980835,0.8612052202224731,-0.0056727915070950985,0.7913933992385864,0.8888230919837952,-0.006739129312336445,0.7810999751091003,0.8984771370887756,-0.007714616600424051,0.7726829648017883,0.9016197323799133,-0.009068992920219898,0.8141472339630127,0.8598401546478271,-0.004329339601099491,0.8039544820785522,0.8801058530807495,-0.0059089260175824165,0.7949426770210266,0.8882068395614624,-0.006438805256038904,0.7869613766670227,0.8914351463317871,-0.006800136528909206,0.2640717625617981,0.34447070956230164,7.202928031802003e-08,0.2885235548019409,0.3368624150753021,-0.008242927491664886,0.3096329867839813,0.3253183662891388,-0.011591188609600067,0.32594120502471924,0.31293201446533203,-0.015407208353281021,0.33799469470977783,0.30070826411247253,-0.019895119592547417,0.30426526069641113,0.29925668239593506,-0.0043922602199018,0.31291821599006653,0.2805172801017761,-0.011193049140274525,0.3152545988559723,0.26841238141059875,-0.0180110614746809,0.316496878862381,0.2586353123188019,-0.02308637462556362,0.2889350354671478,0.2922186553478241,-0.005509345326572657,0.293676495552063,0.27207958698272705,-0.011716553010046482,0.29505419731140137,0.25832927227020264,-0.018857009708881378,0.2955385744571686,0.24899384379386902,-0.024765675887465477,0.27262169122695923,0.2915627360343933,-0.00799720361828804,0.2751922607421875,0.27157074213027954,-0.015198757871985435,0.2757794260978699,0.2604871392250061,-0.0205732099711895,0.27690285444259644,0.2548525333404541,-0.024641791358590126,0.25532618165016174,0.29587769508361816,-0.011345747858285904,0.2523217797279358,0.27939847111701965,-0.018662942573428154,0.25202128291130066,0.2717597782611847,-0.022196175530552864,0.25334420800209045,0.26859045028686523,-0.024632250890135765,3
0.5573920011520386,0.2286384552717209,0.31320130825042725,0.576576292514801,0.2087906301021576,0.3819197118282318,0.5878519415855408,0.21200580894947052,0.3816513419151306,0.599459171295166,0.21571609377861023,0.3813111186027527,0.5525538921356201,0.20443503558635712,0.39640355110168457,0.5446473360061646,0.20395660400390625,0.39617013931274414,0.5370970368385315,0.203678697347641,0.3964495360851288,0.6258073449134827,0.24015234410762787,0.6095488667488098,0.5267931222915649,0.22159452736377716,0.660298228263855,0.5745704770088196,0.2694360017776489,0.3806292414665222,0.5415678024291992,0.2639720141887665,0.3945615887641907,0.7041438817977905,0.41508209705352783,0.49809056520462036,0.418067991733551,0.3849886655807495,0.6367841958999634,0.7752054929733276,0.6057655215263367,0.47677963972091675,0.21249625086784363,0.43735188245773315,0.41559281945228577,0.8228145837783813,0.8110566735267639,0.38847899436950684,0.1413218080997467,0.286145955324173,0.11054551601409912,0.8332833051681519,0.8818928003311157,0.37457865476608276,0.12484826147556305,0.21966470777988434,0.062239378690719604,0.8166688680648804,0.876606822013855,0.30869168043136597,0.1328158676624298,0.20383553206920624,0.051521409302949905,0.8098087310791016,0.8664423227310181,0.36119377613067627,0.1457609236240387,0.22231099009513855,0.09095264971256256,0.6030741930007935,0.8155900239944458,-0.06270628422498703,0.43128687143325806,0.8010298013687134,0.06288869678974152,0.5735524892807007,1.0122073888778687,-0.5470744371414185,0.4096599519252777,1.054058313369751,-0.267505019903183,0.5416157245635986,1.2737059593200684,-0.6282548904418945,0.41440072655677795,1.2439022064208984,-0.2182053029537201,0.5367389917373657,1.3110586404800415,-0.6398822665214539,0.4184947907924652,1.260164499282837,-0.22093193233013153,0.5140820741653442,1.3762112855911255,-0.7592213749885559,0.38828229904174805,1.352591633796692,-0.28016990423202515,0.8373672366142273,0.8079082369804382,2.9212304752945784e-07,0.8125402331352234,0.8333764672279358,-0.009667410515248775,0.8009334802627563,0.8650802969932556,-0.010574474930763245,0.7945783734321594,0.8908872604370117,-0.00974405650049448,0.7868865728378296,0.9102381467819214,-0.007658539339900017,0.8367840051651001,0.886721134185791,0.009613704867661,0.8324379324913025,0.9170709848403931,0.01553860679268837,0.8205214142799377,0.9241085648536682,0.01744214817881584,0.8114030361175537,0.9222604632377625,0.019121794030070305,0.8471491932868958,0.8815890550613403,0.017212482169270515,0.8394697308540344,0.9084686636924744,0.02624661475419998,0.8259910345077515,0.915137767791748,0.026828845962882042,0.8145155310630798,0.9137570261955261,0.026522666215896606,0.8517966270446777,0.8751100897789001,0.02345774509012699,0.8425110578536987,0.8980008959770203,0.03192013129591942,0.8314059972763062,0.905428409576416,0.031882964074611664,0.8214426636695862,0.9057081937789917,0.030974561348557472,0.8511481285095215,0.8682122230529785,0.02852640300989151,0.8441821336746216,0.8899652361869812,0.035447824746370316,0.8338064551353455,0.8977600932121277,0.03762407973408699,0.8253604769706726,0.8985098004341125,0.03914737328886986,0.11587407439947128,0.26851990818977356,6.547962527747586e-08,0.14644162356853485,0.25808003544807434,-0.010014167986810207,0.1726127713918686,0.24316571652889252,-0.013425346463918686,0.19034889340400696,0.22543083131313324,-0.017074715346097946,0.20261406898498535,0.20970775187015533,-0.021395625546574593,0.16079388558864594,0.2114516645669937,-0.0022180089727044106,0.17090058326721191,0.18905873596668243,-0.00883933063596487,0.17139452695846558,0.17412716150283813,-0.016497889533638954,0.16916954517364502,0.1596982628107071,-0.02252483367919922,0.14432679116725922,0.20488323271274567,-0.002456206828355789,0.15148256719112396,0.18053719401359558,-0.007696237880736589,0.15105028450489044,0.16502393782138824,-0.015441671013832092,0.14889143407344818,0.15060217678546906,-0.022146565839648247,0.1262272298336029,0.20436467230319977,-0.0044870455749332905,0.13013483583927155,0.1813756823539734,-0.009890081360936165,0.1289053112268448,0.16569170355796814,-0.015307717025279999,0.12749464809894562,0.15088143944740295,-0.019998939707875252,0.1057375818490982,0.20909221470355988,-0.007769610267132521,0.10491476953029633,0.19130361080169678,-0.01237628422677517,0.10351879894733429,0.17857146263122559,-0.014883877709507942,0.10248039662837982,0.1653917282819748,-0.017372479662299156,3
0.5308235883712769,0.28677377104759216,-1.327132225036621,0.5521556735038757,0.24580557644367218,-1.3077898025512695,0.5671498775482178,0.24529774487018585,-1.3077996969223022,0.5814907550811768,0.24465157091617584,-1.3078290224075317,0.5186314582824707,0.24598433077335358,-1.2978579998016357,0.5061076283454895,0.2444935292005539,-1.2982354164123535,0.4972633719444275,0.24312613904476166,-1.298140525817871,0.6114810109138489,0.2513761818408966,-1.0446218252182007,0.47888001799583435,0.24468620121479034,-1.0006554126739502,0.5513662099838257,0.3254835307598114,-1.2130646705627441,0.5121074914932251,0.32418203353881836,-1.2008174657821655,0.700642466545105,0.4121548533439636,-0.7564910054206848,0.3878730535507202,0.38625943660736084,-0.7057445645332336,0.7298563718795776,0.6089995503425598,-0.5903779864311218,0.21505069732666016,0.5259230136871338,-1.0455832481384277,0.7599748969078064,0.7900562882423401,-0.5961250066757202,0.18903115391731262,0.3738255500793457,-1.5401312112808228,0.7741613388061523,0.8569056987762451,-0.6028481125831604,0.184697225689888,0.3149351477622986,-1.611471176147461,0.7617322206497192,0.8441283702850342,-0.6495224237442017,0.2000133991241455,0.30091115832328796,-1.6058943271636963,0.7504979372024536,0.8288955688476562,-0.6099676489830017,0.20856575667858124,0.3200889825820923,-1.5486853122711182,0.6055470705032349,0.7893521785736084,-0.026903459802269936,0.43566903471946716,0.7709423303604126,0.028496017679572105,0.5820184946060181,0.9987770915031433,-0.4427683353424072,0.4381181597709656,0.987163782119751,-0.33509930968284607,0.5546274185180664,1.2777191400527954,-0.1391449123620987,0.4254467487335205,1.3140716552734375,-0.1740950047969818,0.5470400452613831,1.3149464130401611,-0.10762176662683487,0.42572975158691406,1.356250286102295,-0.1563045233488083,0.5250190496444702,1.4231423139572144,-0.3292906582355499,0.43472352623939514,1.4605518579483032,-0.3965797424316406,0.7586631178855896,0.7918391227722168,1.7728535794958589e-07,0.7555087804794312,0.8193968534469604,-0.017504870891571045,0.7563942670822144,0.8508173227310181,-0.017768070101737976,0.7545924186706543,0.8755083084106445,-0.014130860567092896,0.7502941489219666,0.890052318572998,-0.008892768993973732,0.7827792763710022,0.8642898201942444,-0.0018150684190914035,0.7749719023704529,0.8952093124389648,-0.003466051770374179,0.7612292170524597,0.9057630896568298,-0.006324045360088348,0.747755229473114,0.9096806049346924,-0.007434425409883261,0.7763487696647644,0.8604431748390198,0.009046218357980251,0.7612643241882324,0.8869529962539673,0.003933060448616743,0.7430399060249329,0.8869321346282959,-0.003410562640056014,0.728032112121582,0.8797687888145447,-0.0063694617711007595,0.7686648964881897,0.8566135168075562,0.01813339628279209,0.7552429437637329,0.8774921298027039,0.011641320772469044,0.7402381300926208,0.8782803416252136,0.001723856432363391,0.7285428047180176,0.8704829216003418,-0.002462793607264757,0.7620171904563904,0.8524155020713806,0.026239518076181412,0.7529934048652649,0.8693615794181824,0.02008991129696369,0.7427924275398254,0.8716834783554077,0.013173597864806652,0.7341194748878479,0.8663509488105774,0.010267432779073715,0.183953195810318,0.37481120228767395,1.2714684771708562e-07,0.2122810035943985,0.36516934633255005,-0.00958496518433094,0.23547561466693878,0.34824126958847046,-0.014909012243151665,0.2511448264122009,0.33287250995635986,-0.02017611637711525,0.2646023631095886,0.31941932439804077,-0.025948187336325645,0.22825990617275238,0.30991530418395996,-0.007941294461488724,0.23369640111923218,0.28147056698799133,-0.016667136922478676,0.23493647575378418,0.26479315757751465,-0.02394944243133068,0.23586605489253998,0.2496674507856369,-0.029194723814725876,0.2103903889656067,0.3034238815307617,-0.009209469892084599,0.2155900001525879,0.2732805013656616,-0.01668976992368698,0.21814242005348206,0.2557399868965149,-0.023798633366823196,0.22080934047698975,0.2385057508945465,-0.029261112213134766,0.1919887661933899,0.30396145582199097,-0.011891319416463375,0.19720202684402466,0.2757774591445923,-0.019431274384260178,0.20075197517871857,0.2581687569618225,-0.024500295519828796,0.20450033247470856,0.24192824959754944,-0.028088707476854324,0.17254355549812317,0.3098142147064209,-0.015496321953833103,0.17678576707839966,0.28592970967292786,-0.021940553560853004,0.180744007229805,0.27254417538642883,-0.024287112057209015,0.18534672260284424,0.25866514444351196,-0.025819920003414154,3
0.6565048694610596,0.3294338881969452,-0.9513041377067566,0.6767601370811462,0.30081766843795776,-0.9130229949951172,0.6878625154495239,0.30413150787353516,-0.9127395749092102,0.6984110474586487,0.3078360855579376,-0.9126123189926147,0.643435001373291,0.2946527302265167,-0.9141993522644043,0.6320451498031616,0.29344090819358826,-0.9147316813468933,0.620277464389801,0.29277288913726807,-0.914422869682312,0.7144246697425842,0.3324785828590393,-0.6060131788253784,0.5990293622016907,0.30946654081344604,-0.6212773323059082,0.6746848225593567,0.3718779683113098,-0.8303444981575012,0.6282070875167847,0.3654218316078186,-0.8361427187919617,0.7848965525627136,0.5394471287727356,-0.3548867106437683,0.4735812246799469,0.49039801955223083,-0.3532159924507141,0.8490368127822876,0.7423938512802124,-0.316995769739151,0.24585318565368652,0.5372814536094666,-0.5823657512664795,0.9041369557380676,0.9079223871231079,-0.6309652924537659,0.161073237657547,0.3494449853897095,-1.046965479850769,0.92582768201828,0.9765472412109375,-0.6746775507926941,0.1330668032169342,0.28506040573120117,-1.1214640140533447,0.9107860326766968,0.9697097539901733,-0.7441427111625671,0.1430482119321823,0.2661948800086975,-1.1475012302398682,0.897057056427002,0.9462989568710327,-0.6676534414291382,0.1588718593120575,0.2901482880115509,-1.0722912549972534,0.7102718353271484,0.9866053462028503,0.012533426284790039,0.535010576248169,0.9965887665748596,-0.00883096270263195,0.7054852843284607,1.3586798906326294,0.0031030294485390186,0.5387755632400513,1.3503888845443726,0.005330667831003666,0.7009950876235962,1.6854205131530762,0.4735071063041687,0.5469794273376465,1.6691941022872925,0.39288151264190674,0.7014881372451782,1.7327380180358887,0.5159732103347778,0.5485562086105347,1.7101792097091675,0.4213838577270508,0.6831097602844238,1.8059512376785278,0.2660588324069977,0.5600074529647827,1.793075680732727,0.13082799315452576,0.9099218249320984,0.8927315473556519,1.2457230980089662e-07,0.892393171787262,0.914570689201355,-0.01974540948867798,0.8908946514129639,0.9513658881187439,-0.026547150686383247,0.8963506817817688,0.9840238690376282,-0.02938116528093815,0.8995993137359619,1.0100435018539429,-0.029921110719442368,0.9293736219406128,0.9762982726097107,-0.019356744363904,0.9157228469848633,1.023688554763794,-0.027060432359576225,0.8979885578155518,1.0285741090774536,-0.031278327107429504,0.8865334987640381,1.0250115394592285,-0.03290257975459099,0.9381431937217712,0.9778095483779907,-0.010147885419428349,0.9219135046005249,1.0220680236816406,-0.015717430040240288,0.9046892523765564,1.026123285293579,-0.018431641161441803,0.8928934931755066,1.0243772268295288,-0.020089982077479362,0.9389356970787048,0.9779880046844482,-0.0024349691811949015,0.9232580065727234,1.019202470779419,-0.007960595190525055,0.9078177809715271,1.0246319770812988,-0.010059427469968796,0.896525502204895,1.0238667726516724,-0.01101172436028719,0.9352418184280396,0.9780640006065369,0.0038701489102095366,0.9224769473075867,1.0118896961212158,-0.0004202189447823912,0.9084010124206543,1.019586443901062,-0.001754553522914648,0.8985369801521301,1.0196372270584106,-0.0018537939758971334,0.14633627235889435,0.34118348360061646,2.0585353865953948e-07,0.17261101305484772,0.32470080256462097,-0.02287847176194191,0.19047655165195465,0.29635483026504517,-0.0344097837805748,0.20278100669384003,0.2685321271419525,-0.043331798166036606,0.22086593508720398,0.2510012984275818,-0.052771952003240585,0.15913642942905426,0.2601059377193451,-0.027252575382590294,0.1616785079240799,0.22954954206943512,-0.04006847366690636,0.16149188578128815,0.2089526355266571,-0.05012839287519455,0.15927718579769135,0.1900104284286499,-0.0576062873005867,0.1350148767232895,0.2599569857120514,-0.0244370736181736,0.12791436910629272,0.22724026441574097,-0.03596663847565651,0.12218640744686127,0.2048071324825287,-0.044083528220653534,0.11528361588716507,0.18369178473949432,-0.050931550562381744,0.11367250978946686,0.27010926604270935,-0.023844268172979355,0.10313556343317032,0.24002918601036072,-0.03652934357523918,0.09722645580768585,0.21937915682792664,-0.04473843425512314,0.09160102158784866,0.20079180598258972,-0.05055264011025429,0.09478236734867096,0.2880870997905731,-0.025126634165644646,0.07313427329063416,0.2640330195426941,-0.03640085086226463,0.05812997370958328,0.24894072115421295,-0.04201703146100044,0.0450548455119133,0.23249591886997223,-0.046353984624147415,3
0.6037870645523071,0.3570699691772461,-0.3993460536003113,0.6169969439506531,0.32941389083862305,-0.3563516139984131,0.6282597780227661,0.3298530578613281,-0.35623979568481445,0.6365083456039429,0.3296484053134918,-0.3561273217201233,0.583358645439148,0.3268371522426605,-0.3546987473964691,0.572616696357727,0.32580268383026123,-0.3547910451889038,0.5610993504524231,0.32503965497016907,-0.3543935716152191,0.6401729583740234,0.3431333303451538,-0.11182991415262222,0.5479048490524292,0.3390509784221649,-0.1074323058128357,0.6185736656188965,0.3977843225002289,-0.3079511225223541,0.5746361017227173,0.39965903759002686,-0.3081563413143158,0.7384613752365112,0.5404455065727234,-0.004146271385252476,0.4410894811153412,0.5526682138442993,0.01787395030260086,0.8506086468696594,0.7678715586662292,0.029284974560141563,0.2303617000579834,0.5836130976676941,-0.3286053240299225,0.8009373545646667,1.011445164680481,-0.1473153680562973,0.2036106288433075,0.4567031264305115,-0.8167680501937866,0.8269065618515015,1.1138250827789307,-0.1748599112033844,0.19631043076515198,0.3887128233909607,-0.8995364308357239,0.7905924320220947,1.1051647663116455,-0.2094438076019287,0.22246837615966797,0.3613431751728058,-0.8716683387756348,0.769504964351654,1.0360665321350098,-0.1686587631702423,0.2252817153930664,0.3850189447402954,-0.8253871202468872,0.6875559091567993,1.0698550939559937,0.02318708226084709,0.5078727006912231,1.070192575454712,-0.018313053995370865,0.7033442258834839,1.4345449209213257,-0.07425983250141144,0.5264281630516052,1.464424967765808,-0.03271329030394554,0.7027860283851624,1.777651071548462,0.47334417700767517,0.524617075920105,1.8615063428878784,0.2612515985965729,0.7042458653450012,1.8263837099075317,0.5308777689933777,0.5253614187240601,1.9199601411819458,0.28389838337898254,0.693860650062561,1.905385136604309,0.34429067373275757,0.533478856086731,1.9875670671463013,-0.0013023888459429145,0.0,0.0,0.0,0.0,0.0,0.0,0.0,0.0,0.0,0.0,0.0,0.0,0.0,0.0,0.0,0.0,0.0,0.0,0.0,0.0,0.0,0.0,0.0,0.0,0.0,0.0,0.0,0.0,0.0,0.0,0.0,0.0,0.0,0.0,0.0,0.0,0.0,0.0,0.0,0.0,0.0,0.0,0.0,0.0,0.0,0.0,0.0,0.0,0.0,0.0,0.0,0.0,0.0,0.0,0.0,0.0,0.0,0.0,0.0,0.0,0.0,0.0,0.0,0.18792925775051117,0.4376774728298187,6.105032213099548e-08,0.21436597406864166,0.420470654964447,-0.011170059442520142,0.24250492453575134,0.4007989168167114,-0.014455382712185383,0.26487940549850464,0.37974274158477783,-0.018355222418904305,0.2814216911792755,0.36219972372055054,-0.021413858979940414,0.25075340270996094,0.3674926459789276,0.00989238265901804,0.2678573429584503,0.3455135226249695,0.00410155626013875,0.2671352028846741,0.33083099126815796,-0.004473228007555008,0.2621675431728363,0.31825971603393555,-0.010677586309611797,0.23758850991725922,0.35794639587402344,0.011261429637670517,0.2501917779445648,0.33153825998306274,0.006409541238099337,0.24799183011054993,0.313534140586853,-0.0026674021501094103,0.2422272264957428,0.3026248812675476,-0.009430409409105778,0.22217826545238495,0.35502684116363525,0.009704393334686756,0.23006032407283783,0.3295679986476898,0.004684654995799065,0.2283039093017578,0.31508535146713257,-0.0010960568906739354,0.22413669526576996,0.307508647441864,-0.004903407767415047,0.20403535664081573,0.3572480380535126,0.006567587144672871,0.20589977502822876,0.33721137046813965,0.002727165352553129,0.20398245751857758,0.3243587017059326,0.0001797951408661902,0.20071500539779663,0.31540781259536743,-0.001400747918523848,3
0.6037284731864929,0.2779197692871094,-0.8414207696914673,0.6201042532920837,0.25860220193862915,-0.8055472373962402,0.6302719712257385,0.2591243088245392,-0.8056337237358093,0.6396872997283936,0.25927701592445374,-0.8056000471115112,0.5926758050918579,0.25897887349128723,-0.7989818453788757,0.5834965109825134,0.25964629650115967,-0.7991844415664673,0.5745424032211304,0.26002076268196106,-0.7990810871124268,0.6547626256942749,0.27272459864616394,-0.5249592661857605,0.5685429573059082,0.27222034335136414,-0.4935373365879059,0.621974527835846,0.3033350110054016,-0.7268415689468384,0.5861114263534546,0.303365558385849,-0.717875063419342,0.737586498260498,0.41209331154823303,-0.3529801666736603,0.49575263261795044,0.3814159631729126,-0.2872988283634186,0.7984281778335571,0.5844309329986572,-0.31158581376075745,0.2904513478279114,0.4396313428878784,-0.48496943712234497,0.7831774353981018,0.7424667477607727,-0.48111027479171753,0.2872562110424042,0.2689116299152374,-0.8807916641235352,0.7810474634170532,0.7949710488319397,-0.5381995439529419,0.28798431158065796,0.22180108726024628,-0.9975333213806152,0.7569844722747803,0.7941127419471741,-0.6098506450653076,0.30430448055267334,0.204891175031662,-0.9976238012313843,0.7533731460571289,0.7773303985595703,-0.5164114832878113,0.3056795597076416,0.2238733023405075,-0.9020326733589172,0.6717926859855652,0.823327362537384,-0.006503538694232702,0.5325139760971069,0.8268086910247803,0.009467200376093388,0.7078468799591064,1.0756953954696655,-0.1913406103849411,0.538640022277832,1.1442725658416748,-0.15383465588092804,0.7200376987457275,1.4493223428726196,0.025483425706624985,0.5527271032333374,1.4619579315185547,-0.006927567068487406,0.7199558019638062,1.4865339994430542,0.0490364246070385,0.551529049873352,1.4973264932632446,0.004662897437810898,0.7232877612113953,1.5701885223388672,-0.17693054676055908,0.5799076557159424,1.5755127668380737,-0.25105276703834534,0.7977670431137085,0.7357454895973206,1.9141073437367595e-07,0.7770452499389648,0.741024911403656,-0.007976213470101357,0.763782799243927,0.7583523392677307,-0.011188960634171963,0.7549274563789368,0.777851402759552,-0.012928828597068787,0.7476260662078857,0.7935056090354919,-0.013711067847907543,0.7879123091697693,0.7822065353393555,-0.005118408240377903,0.7715972065925598,0.8046951293945312,-0.007930004969239235,0.7591803669929504,0.8045348525047302,-0.009409992024302483,0.7504622340202332,0.799906849861145,-0.009710791520774364,0.7968429327011108,0.7880960702896118,-0.0012383589055389166,0.7775014042854309,0.8084700107574463,-0.003381963586434722,0.7649697661399841,0.8067988753318787,-0.0048174322582781315,0.7562348246574402,0.8012118339538574,-0.0054667252115905285,0.8015419244766235,0.7895033359527588,0.002063560765236616,0.7835937738418579,0.8076990842819214,0.0006458116113208234,0.7715979218482971,0.8063511252403259,-6.236863555386662e-05,0.763687014579773,0.8002219200134277,-0.00028893351554870605,0.8030369281768799,0.7884921431541443,0.004758947528898716,0.7889331579208374,0.803732693195343,0.0036826785653829575,0.7783464789390564,0.8047391772270203,0.0036083466839045286,0.7710475325584412,0.8009358048439026,0.004160117357969284,0.27909889817237854,0.2665131092071533,1.2650653502532805e-07,0.3041112720966339,0.2610323429107666,-0.009039956144988537,0.3262937366962433,0.2506772577762604,-0.01271890103816986,0.3446481227874756,0.24071869254112244,-0.01641845889389515,0.35990554094314575,0.23216752707958221,-0.020590974017977715,0.31339648365974426,0.22139766812324524,-0.005550303030759096,0.32513558864593506,0.20081612467765808,-0.011230318807065487,0.33162611722946167,0.18763186037540436,-0.016690444201231003,0.3370179235935211,0.17525766789913177,-0.020958196371793747,0.29886436462402344,0.21520544588565826,-0.006071953568607569,0.3066544830799103,0.1935228556394577,-0.010540093295276165,0.3116622269153595,0.17855246365070343,-0.015915419906377792,0.31605401635169983,0.164618581533432,-0.02072029933333397,0.28300389647483826,0.21494737267494202,-0.008004654198884964,0.28687623143196106,0.19523192942142487,-0.01369746308773756,0.28955143690109253,0.18152205646038055,-0.01844089850783348,0.29289618134498596,0.1689235121011734,-0.022328224033117294,0.2665208876132965,0.21945203840732574,-0.01089506596326828,0.26347416639328003,0.2047041356563568,-0.016899432986974716,0.260639488697052,0.19404806196689606,-0.019799280911684036,0.2585437297821045,0.18327204883098602,-0.022078074514865875,3
0.45102620124816895,0.39676377177238464,-1.2220426797866821,0.4728270471096039,0.35404327511787415,-1.2095005512237549,0.48946863412857056,0.3525528907775879,-1.2098170518875122,0.5062428116798401,0.3503335118293762,-1.2099487781524658,0.43648067116737366,0.35863885283470154,-1.189013957977295,0.42589130997657776,0.35934343934059143,-1.1895341873168945,0.4153212010860443,0.35917413234710693,-1.189453363418579,0.5461586117744446,0.3605441451072693,-0.9630460739135742,0.4089833199977875,0.3642682731151581,-0.8806226849555969,0.48125115036964417,0.4386417269706726,-1.1163864135742188,0.44181737303733826,0.43577972054481506,-1.093981146812439,0.6853168606758118,0.5547053813934326,-0.7554810047149658,0.36898550391197205,0.5107825398445129,-0.549695611000061,0.752545952796936,0.8554471135139465,-0.6833462119102478,0.10149721056222916,0.5410432815551758,-0.8982391357421875,0.6618734002113342,0.8757280111312866,-0.6825918555259705,0.1835973709821701,0.3591923117637634,-1.3224934339523315,0.6466195583343506,0.9058774709701538,-0.7064683437347412,0.20029142498970032,0.295847088098526,-1.4003311395645142,0.6328235864639282,0.8701913952827454,-0.7151639461517334,0.2302490919828415,0.28970277309417725,-1.3393008708953857,0.6300300359725952,0.8660497069358826,-0.683225691318512,0.23611286282539368,0.3134363889694214,-1.3169710636138916,0.6133427023887634,1.0331863164901733,-0.06140937656164169,0.42014390230178833,1.027565598487854,0.06512146443128586,0.5999696850776672,1.4300732612609863,0.08283612877130508,0.42416033148765564,1.4609044790267944,0.2219126671552658,0.6047802567481995,1.7204128503799438,0.694279670715332,0.42987194657325745,1.7683300971984863,0.7241563200950623,0.6148630380630493,1.7602518796920776,0.7577468752861023,0.4444952607154846,1.809328556060791,0.7709513902664185,0.5469828248023987,1.8626049757003784,0.5195983648300171,0.40180128812789917,1.9103028774261475,0.5031048059463501,0.0,0.0,0.0,0.0,0.0,0.0,0.0,0.0,0.0,0.0,0.0,0.0,0.0,0.0,0.0,0.0,0.0,0.0,0.0,0.0,0.0,0.0,0.0,0.0,0.0,0.0,0.0,0.0,0.0,0.0,0.0,0.0,0.0,0.0,0.0,0.0,0.0,0.0,0.0,0.0,0.0,0.0,0.0,0.0,0.0,0.0,0.0,0.0,0.0,0.0,0.0,0.0,0.0,0.0,0.0,0.0,0.0,0.0,0.0,0.0,0.0,0.0,0.0,0.17224061489105225,0.3734273910522461,1.3026806300331373e-07,0.20217685401439667,0.3718506097793579,-0.01866385154426098,0.23273113369941711,0.35836732387542725,-0.02369004301726818,0.26047876477241516,0.3389122784137726,-0.026572754606604576,0.28503546118736267,0.3284640908241272,-0.028697766363620758,0.24435457587242126,0.3181726932525635,-0.003195449011400342,0.26348549127578735,0.2874392867088318,-0.00905186403542757,0.2715006172657013,0.2669745981693268,-0.016163775697350502,0.2789992094039917,0.24898689985275269,-0.021917063742876053,0.23087432980537415,0.30376550555229187,0.000942389655392617,0.24900884926319122,0.27036571502685547,-0.0027052650693804026,0.25999128818511963,0.24853193759918213,-0.009885499253869057,0.26990705728530884,0.2302829474210739,-0.015923423692584038,0.21308152377605438,0.29697513580322266,0.0021465958561748266,0.2291615754365921,0.2667021155357361,-0.003664353396743536,0.23981237411499023,0.2487574815750122,-0.010443498380482197,0.2513120770454407,0.23295095562934875,-0.015706801787018776,0.19215643405914307,0.2951123118400574,0.0014047861332073808,0.19666337966918945,0.27220961451530457,-0.0055849566124379635,0.20066417753696442,0.25871631503105164,-0.009797120466828346,0.2071409821510315,0.24583908915519714,-0.012716329656541348,3
0.45312920212745667,0.28105849027633667,-0.3187534213066101,0.46674713492393494,0.264402836561203,-0.28492480516433716,0.4742596745491028,0.26382479071617126,-0.2850573658943176,0.48422950506210327,0.26238712668418884,-0.2856215238571167,0.4438549876213074,0.26655930280685425,-0.27799880504608154,0.4343779981136322,0.26760682463645935,-0.27824509143829346,0.42311620712280273,0.2676798105239868,-0.27849966287612915,0.494236558675766,0.2698606848716736,-0.10129475593566895,0.4172843396663666,0.2796631157398224,-0.0638480931520462,0.47094517946243286,0.3025955557823181,-0.24806053936481476,0.444719135761261,0.30538779497146606,-0.23885473608970642,0.5908170938491821,0.41536813974380493,-0.07371605932712555,0.3441431522369385,0.43015000224113464,0.010722195729613304,0.732836902141571,0.5269712209701538,-0.39716196060180664,0.2840535640716553,0.5916748046875,0.07956048846244812,0.7016984820365906,0.32681718468666077,-0.8005684614181519,0.2588769495487213,0.6699830293655396,0.01872139796614647,0.6997314095497131,0.26808878779411316,-0.8962953686714172,0.248792365193367,0.7048288583755493,-0.004205924458801746,0.6844953298568726,0.2513313889503479,-0.863781750202179,0.25790080428123474,0.675746738910675,-0.043578002601861954,0.6809946298599243,0.2730250358581543,-0.8051052093505859,0.2628116309642792,0.667934775352478,-0.0003089800593443215,0.5302563905715942,0.9336754679679871,-0.03294888883829117,0.3851305842399597,0.9261438250541687,0.035366374999284744,0.5454800128936768,1.2605470418930054,-0.08597208559513092,0.4024748206138611,1.2535456418991089,-0.011841146275401115,0.5505639314651489,1.5611664056777954,0.3818746507167816,0.4276602268218994,1.5577031373977661,0.34074100852012634,0.5554296374320984,1.5940959453582764,0.4398981034755707,0.4322536885738373,1.595983862876892,0.38212376832962036,0.5315427184104919,1.687503457069397,0.31316643953323364,0.4345538020133972,1.6763592958450317,0.2322041094303131,0.697757363319397,0.28900426626205444,5.552591630930692e-08,0.6758393049240112,0.2818974256515503,-0.0072726961225271225,0.6588121056556702,0.2688097655773163,-0.011416309513151646,0.649612545967102,0.2521626353263855,-0.015561355277895927,0.6416820287704468,0.2355281114578247,-0.019391551613807678,0.6725183725357056,0.24372607469558716,-0.005972695536911488,0.6632775068283081,0.2216724157333374,-0.011510340496897697,0.6586522459983826,0.20751795172691345,-0.015648415312170982,0.6557451486587524,0.1947796493768692,-0.018912872299551964,0.6884200572967529,0.23911425471305847,-0.007528661750257015,0.6857250332832336,0.21458089351654053,-0.011959599331021309,0.6849194765090942,0.19924049079418182,-0.015492437407374382,0.6845493316650391,0.1847180724143982,-0.018810736015439034,0.703502357006073,0.24007651209831238,-0.010308869183063507,0.7041569352149963,0.21708375215530396,-0.016853056848049164,0.7051205039024353,0.20311444997787476,-0.019436568021774292,0.7052263617515564,0.19011524319648743,-0.02141067571938038,0.7181577086448669,0.2456815242767334,-0.013806409202516079,0.7262782454490662,0.22976379096508026,-0.019894059747457504,0.7313829660415649,0.21926991641521454,-0.021663716062903404,0.7347107529640198,0.2087615579366684,-0.022944429889321327,0.2632400393486023,0.6581506729125977,-1.1534499577692259e-07,0.2746163010597229,0.6668967604637146,-0.008284449577331543,0.2794145941734314,0.6819310784339905,-0.012813720852136612,0.2805264890193939,0.6967605948448181,-0.016000382602214813,0.2809220850467682,0.7100779414176941,-0.018807992339134216,0.25601327419281006,0.6897343993186951,-0.010561242699623108,0.2616404592990875,0.7099690437316895,-0.016463909298181534,0.2700744569301605,0.7175114750862122,-0.02043982222676277,0.2776294946670532,0.7188098430633545,-0.0223460104316473,0.25026366114616394,0.6902456283569336,-0.008114517666399479,0.25895166397094727,0.7100014686584473,-0.012956979684531689,0.2687755227088928,0.714820146560669,-0.015511767938733101,0.276178777217865,0.7144618630409241,-0.016845665872097015,0.2477005124092102,0.6915906071662903,-0.006268595810979605,0.257257878780365,0.7108311057090759,-0.011105233803391457,0.2670212686061859,0.7132083177566528,-0.0127564687281847,0.27299901843070984,0.7116578817367554,-0.013122324831783772,0.24762414395809174,0.6935093998908997,-0.004901890177279711,0.2558608651161194,0.7112286686897278,-0.009252287447452545,0.2630724310874939,0.7134464979171753,-0.01009772066026926,0.2678009569644928,0.7112967371940613,-0.009709627367556095,3
0.5271575450897217,0.3751412332057953,-0.21404533088207245,0.5445200204849243,0.35889342427253723,-0.1750110685825348,0.553758442401886,0.3614468276500702,-0.17445465922355652,0.5633346438407898,0.3632088899612427,-0.17386716604232788,0.524860143661499,0.3541722595691681,-0.15922904014587402,0.5197585821151733,0.3534049391746521,-0.15952298045158386,0.5148712992668152,0.35249391198158264,-0.1590794026851654,0.5896617770195007,0.3819674551486969,0.04807918146252632,0.5203983783721924,0.3712315261363983,0.12455520778894424,0.5425364375114441,0.40572357177734375,-0.13259577751159668,0.5189517140388489,0.4012163579463959,-0.11251499503850937,0.6720224618911743,0.5331331491470337,0.1132112592458725,0.44596225023269653,0.5046435594558716,0.2528996765613556,0.7688523530960083,0.6757110357284546,0.03911888599395752,0.27926963567733765,0.5889050960540771,0.02124057337641716,0.6908328533172607,0.8579071760177612,-0.2552030086517334,0.19318309426307678,0.45573392510414124,-0.5293164253234863,0.6793315410614014,0.9039193391799927,-0.30738961696624756,0.1640091836452484,0.4146405756473541,-0.635951578617096,0.6575673818588257,0.8868799805641174,-0.33742058277130127,0.1695372760295868,0.39271947741508484,-0.6350234746932983,0.6572879552841187,0.8705801367759705,-0.2745884358882904,0.18222305178642273,0.4116698205471039,-0.5508614182472229,0.5904020071029663,0.98275226354599,-0.025537610054016113,0.4434031844139099,0.9666465520858765,0.029538577422499657,0.5823791027069092,1.3499294519424438,-0.2718372344970703,0.4224414825439453,1.3462311029434204,-0.20495562255382538,0.5669584274291992,1.6969592571258545,-0.11753249168395996,0.42005643248558044,1.7039048671722412,-0.16509434580802917,0.5677317380905151,1.7460447549819946,-0.10511569678783417,0.416494220495224,1.7554785013198853,-0.1686267852783203,0.546093761920929,1.8042186498641968,-0.33352288603782654,0.4325200617313385,1.8125135898590088,-0.4224366545677185,0.6947558522224426,0.8594262003898621,-5.767126509681475e-08,0.6709795594215393,0.860069215297699,0.0011003219988197088,0.6514023542404175,0.8740587830543518,-0.0006301085813902318,0.6479950547218323,0.8929955959320068,-0.002838506828993559,0.6526386737823486,0.9059884548187256,-0.004933513700962067,0.6479035019874573,0.8818036913871765,-0.008146092295646667,0.6349121928215027,0.9076704978942871,-0.013547681272029877,0.6446577310562134,0.9038940072059631,-0.015014891512691975,0.651004433631897,0.8917720317840576,-0.015397726558148861,0.6633082032203674,0.8926968574523926,-0.011783653870224953,0.6537479758262634,0.9185198545455933,-0.015977265313267708,0.6616971492767334,0.9096675515174866,-0.015029418282210827,0.6654354333877563,0.896314263343811,-0.014025715179741383,0.6800513863563538,0.8991667628288269,-0.014985581859946251,0.6739547252655029,0.9190202355384827,-0.018941249698400497,0.6787651777267456,0.9087562561035156,-0.015514924190938473,0.6807421445846558,0.8969606757164001,-0.012933781370520592,0.6973257064819336,0.9026085138320923,-0.0177631638944149,0.6923116445541382,0.9153964519500732,-0.02003929764032364,0.6946465969085693,0.9077571034431458,-0.01605534553527832,0.6961919069290161,0.8991959691047668,-0.012828375212848186,0.17429298162460327,0.4561014771461487,3.3666324839032313e-08,0.18742819130420685,0.43960827589035034,-0.007490518502891064,0.19913916289806366,0.4207763075828552,-0.0110325301066041,0.20676258206367493,0.40325626730918884,-0.01477911788970232,0.21381953358650208,0.39081940054893494,-0.018599161878228188,0.17750471830368042,0.39497634768486023,-0.0005199628067202866,0.1746133267879486,0.37551259994506836,-0.003911175299435854,0.17077843844890594,0.36551180481910706,-0.00824904628098011,0.16573813557624817,0.3568079173564911,-0.011708791367709637,0.1657121181488037,0.3963758051395416,-0.00048544208402745426,0.15844403207302094,0.37592411041259766,-0.002113737165927887,0.15340189635753632,0.3654404878616333,-0.005076673813164234,0.1484978348016739,0.3571218252182007,-0.007926980964839458,0.15569686889648438,0.4027819037437439,-0.0019376362906768918,0.14784277975559235,0.38483861088752747,-0.0044687953777611256,0.14372731745243073,0.3756682276725769,-0.007018755190074444,0.13983620703220367,0.36842089891433716,-0.009183636866509914,0.1459767073392868,0.4142402708530426,-0.004458337556570768,0.13666021823883057,0.4033655524253845,-0.006789557170122862,0.1298481673002243,0.3979387581348419,-0.00754768680781126,0.12292499840259552,0.3933805227279663,-0.008339368738234043,3
0.4889799654483795,0.37612754106521606,-0.18761222064495087,0.4973584711551666,0.3481491208076477,-0.14722774922847748,0.5048447847366333,0.3458080589771271,-0.14672744274139404,0.5125805139541626,0.34298381209373474,-0.14633554220199585,0.4722902178764343,0.3520797789096832,-0.14699402451515198,0.4626315236091614,0.35128095746040344,-0.14716897904872894,0.4522899091243744,0.3508738875389099,-0.14689600467681885,0.5234901309013367,0.35064950585365295,0.0667472779750824,0.4396754801273346,0.36913079023361206,0.08183800429105759,0.5025970339775085,0.40331172943115234,-0.1055026426911354,0.47699499130249023,0.40907350182533264,-0.10451409965753555,0.5987599492073059,0.4947476089000702,0.11932533979415894,0.37900540232658386,0.4984488785266876,0.15127700567245483,0.7572866678237915,0.5798213481903076,-0.20100124180316925,0.29791876673698425,0.6006454229354858,0.08550016582012177,0.7171043753623962,0.41863739490509033,-0.6956141591072083,0.31172847747802734,0.7425329089164734,-0.11917077004909515,0.696126401424408,0.36239102482795715,-0.8186043500900269,0.30444109439849854,0.8061046600341797,-0.18400853872299194,0.674458920955658,0.34814900159835815,-0.7635698914527893,0.3346785604953766,0.7992513179779053,-0.21204562485218048,0.6761491894721985,0.3632151186466217,-0.6936783194541931,0.33971673250198364,0.7754133939743042,-0.14167439937591553,0.5495814085006714,0.95118248462677,0.0073288134299218655,0.4159937798976898,0.9542602896690369,-0.0037239037919789553,0.5527309775352478,1.3304282426834106,-0.11835052818059921,0.41018956899642944,1.326797366142273,-0.16185244917869568,0.5386513471603394,1.6938364505767822,0.04354579374194145,0.40412241220474243,1.7136518955230713,-0.11795548349618912,0.538520097732544,1.7407855987548828,0.05862037092447281,0.40437451004981995,1.7646381855010986,-0.11680599302053452,0.5197309255599976,1.8210999965667725,-0.1597917526960373,0.412893682718277,1.846251368522644,-0.36612266302108765,0.7198467254638672,0.38990452885627747,3.23756061959557e-08,0.6915013194084167,0.38104698061943054,-0.0064069717191159725,0.6638320088386536,0.36554333567619324,-0.009577691555023193,0.6419346928596497,0.355537474155426,-0.012924416922032833,0.6242669820785522,0.35343945026397705,-0.016128724440932274,0.6693892478942871,0.3428787589073181,-0.00042728311382234097,0.6565893292427063,0.32117465138435364,-0.00517780939117074,0.6505577564239502,0.3097374439239502,-0.009811041876673698,0.644455075263977,0.2981927990913391,-0.013633614405989647,0.6837080121040344,0.3355957865715027,-0.0017131427302956581,0.6732840538024902,0.3109695017337799,-0.004807320423424244,0.6689833402633667,0.2965441644191742,-0.007686865981668234,0.6646560430526733,0.28226956725120544,-0.010803459212183952,0.6994104981422424,0.3332698345184326,-0.004560424014925957,0.6912874579429626,0.31016695499420166,-0.008403873071074486,0.687932014465332,0.296540230512619,-0.009056574665009975,0.6834586262702942,0.2838706970214844,-0.01027397345751524,0.7160044312477112,0.33484867215156555,-0.008302504196763039,0.7119799256324768,0.3175099492073059,-0.010557273402810097,0.7106395959854126,0.30747538805007935,-0.009490694850683212,0.7082903385162354,0.2974831461906433,-0.009475013241171837,0.31580713391304016,0.7499004006385803,-1.507552411794677e-07,0.3384264409542084,0.7747272849082947,0.00033467565663158894,0.3473421633243561,0.7976331114768982,-0.0006046724156476557,0.34734463691711426,0.8203677535057068,-0.0020330490078777075,0.3456588387489319,0.835250198841095,-0.003084078198298812,0.3238984942436218,0.8186792135238647,2.4680559363332577e-05,0.3296998143196106,0.8421236872673035,-0.00013037142343819141,0.33711856603622437,0.8451583981513977,-0.0006580842891708016,0.3431570529937744,0.842894971370697,-0.0008120352867990732,0.30867472290992737,0.8167622089385986,-0.0008987811743281782,0.3165000081062317,0.8387568593025208,0.00020647754718083888,0.3240174353122711,0.8368003964424133,0.000501926289871335,0.3276422917842865,0.8288493752479553,6.122074410086498e-05,0.29704946279525757,0.810301661491394,-0.0014669719384983182,0.30379512906074524,0.8311359286308289,-7.817516598151997e-05,0.31038522720336914,0.8298671841621399,0.0026473498437553644,0.3137286603450775,0.8220714330673218,0.0038320752792060375,0.2887309491634369,0.8018485903739929,-0.0020164689049124718,0.292061448097229,0.8206751346588135,0.0004799870075657964,0.29841867089271545,0.8225594162940979,0.00456906808540225,0.30252259969711304,0.8183063864707947,0.007354007102549076,3
0.5410982370376587,0.26924148201942444,-0.9733549356460571,0.5684705972671509,0.23525388538837433,-0.9345483779907227,0.5849758386611938,0.23549599945545197,-0.934760570526123,0.5979354977607727,0.23577125370502472,-0.9348654747009277,0.5297759771347046,0.23784923553466797,-0.9157182574272156,0.516963005065918,0.23934273421764374,-0.916143536567688,0.5072433352470398,0.23928281664848328,-0.9161639213562012,0.633219838142395,0.25562453269958496,-0.6434974670410156,0.5031827688217163,0.25131672620773315,-0.5683692097663879,0.5706298351287842,0.3062991201877594,-0.8614376783370972,0.5217457413673401,0.3070426881313324,-0.8403204679489136,0.7347221970558167,0.45125043392181396,-0.47722214460372925,0.4221924841403961,0.397441029548645,-0.2885301411151886,0.7527443170547485,0.7448000311851501,-0.5554184913635254,0.15252549946308136,0.45927876234054565,-0.6817362904548645,0.7045184373855591,0.9586011171340942,-0.8244715929031372,0.20262427628040314,0.26081225275993347,-1.174943208694458,0.7074551582336426,1.0501459836959839,-0.8732811212539673,0.21283456683158875,0.18179799616336823,-1.2625622749328613,0.6823920011520386,1.0436503887176514,-0.906435489654541,0.22979505360126495,0.16887353360652924,-1.2108588218688965,0.6590040326118469,0.9896343946456909,-0.8419140577316284,0.2320798635482788,0.18925733864307404,-1.1747454404830933,0.612086832523346,0.9135497808456421,-0.034253187477588654,0.43174177408218384,0.9002751708030701,0.037053629755973816,0.5714910626411438,1.1862772703170776,-0.5405665040016174,0.4086102545261383,1.204549789428711,-0.4108448624610901,0.5368999242782593,1.5385639667510986,-0.14912669360637665,0.36886996030807495,1.6074854135513306,-0.21115458011627197,0.5365572571754456,1.5838985443115234,-0.10726010799407959,0.3674147427082062,1.6622120141983032,-0.19521869719028473,0.49285727739334106,1.6784017086029053,-0.3649584949016571,0.35968759655952454,1.7480576038360596,-0.5339768528938293,0.0,0.0,0.0,0.0,0.0,0.0,0.0,0.0,0.0,0.0,0.0,0.0,0.0,0.0,0.0,0.0,0.0,0.0,0.0,0.0,0.0,0.0,0.0,0.0,0.0,0.0,0.0,0.0,0.0,0.0,0.0,0.0,0.0,0.0,0.0,0.0,0.0,0.0,0.0,0.0,0.0,0.0,0.0,0.0,0.0,0.0,0.0,0.0,0.0,0.0,0.0,0.0,0.0,0.0,0.0,0.0,0.0,0.0,0.0,0.0,0.0,0.0,0.0,0.18342266976833344,0.2350389063358307,1.2299035745400033e-07,0.21804122626781464,0.21752536296844482,-0.01069991011172533,0.24466896057128906,0.19194459915161133,-0.012618455104529858,0.26769447326660156,0.167475625872612,-0.015117382630705833,0.2893475294113159,0.15764154493808746,-0.01776496320962906,0.22861237823963165,0.1550501137971878,0.009648759849369526,0.234425351023674,0.12278376519680023,0.006921620573848486,0.23663190007209778,0.10322204232215881,6.077518992242403e-05,0.2396300584077835,0.08460909128189087,-0.006101066712290049,0.21147648990154266,0.14984799921512604,0.010339591652154922,0.21647949516773224,0.11644704639911652,0.008359525352716446,0.2216978520154953,0.09611159563064575,0.0002974144881591201,0.2284165471792221,0.0796833336353302,-0.006931152194738388,0.19412623345851898,0.1498519480228424,0.008438503369688988,0.1980644315481186,0.1188097894191742,0.005197025369852781,0.2030790150165558,0.10232727229595184,3.438874045968987e-05,0.2099754512310028,0.09126804023981094,-0.004374367184937,0.17511335015296936,0.15452951192855835,0.004844433628022671,0.1746678501367569,0.13032041490077972,0.0021548541262745857,0.1763949990272522,0.11423522233963013,0.0004167530860286206,0.1800476610660553,0.10051993280649185,-0.0015204779338091612,3
0.5463449954986572,0.25724905729293823,-0.4736897051334381,0.5705971717834473,0.22224292159080505,-0.46006742119789124,0.5837923884391785,0.2183215320110321,-0.4599737226963043,0.59760582447052,0.2135004699230194,-0.4597456455230713,0.5308738946914673,0.23120011389255524,-0.43447017669677734,0.5171615481376648,0.23384174704551697,-0.43468132615089417,0.5072821974754333,0.2355477511882782,-0.43444108963012695,0.6237917542457581,0.2248644381761551,-0.267225980758667,0.5018492937088013,0.2446759045124054,-0.1537824422121048,0.5763586163520813,0.288841187953949,-0.3915311098098755,0.5258159637451172,0.29467809200286865,-0.3603439927101135,0.728489875793457,0.4392150342464447,-0.18884071707725525,0.4377111792564392,0.39477530121803284,0.05463976413011551,0.7165703773498535,0.7310932874679565,-0.3086991310119629,0.29731130599975586,0.5254499316215515,-0.1549561321735382,0.5630499720573425,0.8853527903556824,-0.5724449157714844,0.17543543875217438,0.377259224653244,-0.6563044190406799,0.5259825587272644,0.941999614238739,-0.6383482217788696,0.1718159168958664,0.3076664209365845,-0.7447646856307983,0.504242479801178,0.8982580304145813,-0.6442871689796448,0.19370535016059875,0.28186899423599243,-0.747166097164154,0.5133089423179626,0.8900346159934998,-0.5804516077041626,0.20519980788230896,0.31397104263305664,-0.676249086856842,0.6301350593566895,0.9521840214729309,-0.037870828062295914,0.458220899105072,0.9111405611038208,0.04120539501309395,0.5735806822776794,1.3402374982833862,-0.010398050770163536,0.4088166654109955,1.3069953918457031,0.050190966576337814,0.5203620791435242,1.6618883609771729,0.38428929448127747,0.362916499376297,1.681708812713623,0.29267221689224243,0.5184980034828186,1.7037312984466553,0.42197713255882263,0.3615642189979553,1.7345114946365356,0.3109460473060608,0.4697253108024597,1.7967966794967651,0.20607826113700867,0.3357590138912201,1.8173847198486328,0.06425821036100388,0.5319222211837769,0.8580324649810791,-3.713344653988315e-07,0.5168078541755676,0.8926399350166321,0.006448277272284031,0.5098397135734558,0.9238953590393066,0.0078072212636470795,0.5143101811408997,0.9518213272094727,0.006507193204015493,0.5215824842453003,0.9721530079841614,0.0024468544870615005,0.484695702791214,0.914114773273468,0.0020645237527787685,0.4834218919277191,0.9533843994140625,0.0020668325014412403,0.4952186048030853,0.9761736989021301,0.0011523725697770715,0.5081273317337036,0.9899066090583801,0.00041986466385424137,0.490511417388916,0.9072611331939697,-0.0041240607388317585,0.5163573026657104,0.9568540453910828,-0.0018763361731544137,0.5379713177680969,0.9800424575805664,-0.0055023799650371075,0.5539535284042358,0.9890356063842773,-0.01033182255923748,0.5023247599601746,0.9011661410331726,-0.009194264188408852,0.5333467125892639,0.9489473700523376,-0.007585619576275349,0.5532787442207336,0.9693240523338318,-0.011911153793334961,0.5673708915710449,0.9774705767631531,-0.017420437186956406,0.5177021026611328,0.8973553776741028,-0.013702034950256348,0.5472027063369751,0.9342144727706909,-0.014581942930817604,0.5643687844276428,0.9495977163314819,-0.014268695376813412,0.5774552822113037,0.9571991562843323,-0.014523138292133808,0.15536269545555115,0.36189451813697815,1.971603609263184e-07,0.19326423108577728,0.34873369336128235,-0.008897981606423855,0.22465437650680542,0.330952525138855,-0.010210688225924969,0.25252705812454224,0.31212595105171204,-0.012440288439393044,0.2760147452354431,0.301855206489563,-0.015131935477256775,0.2084151804447174,0.29719099402427673,0.009805706329643726,0.2241356521844864,0.26843491196632385,0.007733296602964401,0.23032304644584656,0.24958162009716034,0.001540008932352066,0.23639905452728271,0.232042133808136,-0.004180617164820433,0.18894752860069275,0.2884828448295593,0.008952759206295013,0.2005677968263626,0.25786128640174866,0.008291409350931644,0.20847205817699432,0.23767691850662231,0.0003260787925682962,0.21668604016304016,0.22165140509605408,-0.007383002433925867,0.1672263741493225,0.28627070784568787,0.005742580629885197,0.17416006326675415,0.25900349020957947,0.00388406403362751,0.18004514276981354,0.24173136055469513,-0.0012825976591557264,0.18789786100387573,0.2301977574825287,-0.006596089340746403,0.14394329488277435,0.28969717025756836,0.0009814822115004063,0.1418139636516571,0.2698327600955963,-0.0006073862314224243,0.14342591166496277,0.2568349838256836,-0.0016050931299105287,0.14823883771896362,0.24748411774635315,-0.0035006292164325714,3
0.5753227472305298,0.4354662299156189,0.25461819767951965,0.592176616191864,0.4168296158313751,0.3214877247810364,0.6008398532867432,0.418777197599411,0.3218959867954254,0.6089507341384888,0.420189768075943,0.3222392201423645,0.5604673624038696,0.41229161620140076,0.32346445322036743,0.5486076474189758,0.4115883708000183,0.3228963315486908,0.5367664694786072,0.41088786721229553,0.3232175409793854,0.6173780560493469,0.4318567216396332,0.5799957513809204,0.5184882879257202,0.4231239855289459,0.5858796834945679,0.5915900468826294,0.4639591872692108,0.3448792099952698,0.5498689413070679,0.4585919976234436,0.34383705258369446,0.6825748682022095,0.542786180973053,0.5529890060424805,0.4264245629310608,0.531329870223999,0.6629208922386169,0.7752519249916077,0.6896162033081055,0.33033403754234314,0.23487026989459991,0.6319085955619812,0.3834875226020813,0.6139005422592163,0.6698862314224243,-0.05051516741514206,0.25897854566574097,0.49481791257858276,-0.10162489116191864,0.56716388463974,0.6966346502304077,-0.1186065822839737,0.26228222250938416,0.4361850321292877,-0.17409077286720276,0.5473154187202454,0.6767690777778625,-0.07726842910051346,0.281191885471344,0.41696491837501526,-0.1514798253774643,0.5560539960861206,0.66986083984375,-0.04072534292936325,0.2844017446041107,0.4406243562698364,-0.10434005409479141,0.6304930448532104,0.9249665141105652,-0.015568110160529613,0.45518311858177185,0.9233196973800659,0.017544273287057877,0.6140626668930054,1.256438136100769,-0.6147569417953491,0.45495301485061646,1.2685662508010864,-0.5538588166236877,0.5983609557151794,1.6795125007629395,-0.6867507696151733,0.44494715332984924,1.6991277933120728,-0.7861291766166687,0.5942133665084839,1.7356388568878174,-0.6989713907241821,0.4470766484737396,1.7554528713226318,-0.8175095319747925,0.5815241932868958,1.8162181377410889,-0.9374510645866394,0.4567051827907562,1.8400450944900513,-1.1120282411575317,0.6048256158828735,0.706791877746582,1.121777088997078e-07,0.595653772354126,0.6741527915000916,-0.007081379648298025,0.5734277963638306,0.6604959964752197,-0.01001476589590311,0.5484069585800171,0.6576818227767944,-0.011281493119895458,0.5292192101478577,0.6533097624778748,-0.012120780535042286,0.5471085906028748,0.681121826171875,-0.011470968835055828,0.5129016041755676,0.6826472282409668,-0.016288239508867264,0.49369990825653076,0.6838209629058838,-0.01811135746538639,0.4793371558189392,0.6856410503387451,-0.01887526735663414,0.5445488095283508,0.6987851858139038,-0.009585113264620304,0.5083646178245544,0.6981770992279053,-0.015177571214735508,0.4870777726173401,0.6988760828971863,-0.017502933740615845,0.47119078040122986,0.6997497081756592,-0.0184862669557333,0.5452192425727844,0.7133588790893555,-0.007817496545612812,0.5121564269065857,0.7121726274490356,-0.0121879568323493,0.49250328540802,0.7112900018692017,-0.014378750696778297,0.47732436656951904,0.7107506394386292,-0.015368364751338959,0.5486523509025574,0.7257121801376343,-0.006365345325320959,0.5228262543678284,0.7258524298667908,-0.009748510085046291,0.5069780945777893,0.7256280779838562,-0.011148515157401562,0.4940658211708069,0.7249930500984192,-0.011489396914839745,0.2579493820667267,0.46923089027404785,5.278116077533923e-08,0.29126912355422974,0.45738518238067627,-0.005457655061036348,0.31220656633377075,0.4432647228240967,-0.005514949560165405,0.3239888548851013,0.4245133399963379,-0.006632577162235975,0.32669204473495483,0.4034522473812103,-0.00811360590159893,0.2915031611919403,0.414975643157959,0.005343465134501457,0.2984398305416107,0.39054757356643677,0.00111112289596349,0.30129754543304443,0.37724602222442627,-0.005097209941595793,0.3049953877925873,0.36570119857788086,-0.0101461848244071,0.27339792251586914,0.4110006093978882,0.0032019554637372494,0.2783913016319275,0.3881921172142029,-0.0014964446891099215,0.28047364950180054,0.3727417290210724,-0.009058588184416294,0.28428488969802856,0.3608670234680176,-0.015676768496632576,0.2546508014202118,0.41262364387512207,-0.000564174959436059,0.2575761079788208,0.3901965022087097,-0.006014966871589422,0.2592661678791046,0.37412989139556885,-0.011252573691308498,0.2634055018424988,0.36171457171440125,-0.01590777188539505,0.23559463024139404,0.41843217611312866,-0.005240425001829863,0.23113341629505157,0.3991892635822296,-0.010696505196392536,0.22872208058834076,0.38626816868782043,-0.013553864322602749,0.2280438244342804,0.3755069971084595,-0.016186382621526718,3
0.6192157864570618,0.2768750786781311,-0.4339195191860199,0.6329658031463623,0.24428020417690277,-0.40239667892456055,0.6428077220916748,0.24373434484004974,-0.40203648805618286,0.6498782634735107,0.243274986743927,-0.40173155069351196,0.6053597331047058,0.2475864440202713,-0.3989187180995941,0.5957791805267334,0.24905581772327423,-0.3991698622703552,0.5800602436065674,0.2515542805194855,-0.39884164929389954,0.6641032099723816,0.25636160373687744,-0.16414181888103485,0.5720730423927307,0.2631911039352417,-0.15236502885818481,0.6397185921669006,0.3117818534374237,-0.3399255573749542,0.6065102219581604,0.3197590410709381,-0.33817213773727417,0.746968150138855,0.42193806171417236,-0.047123730182647705,0.484250545501709,0.40106576681137085,-0.00028543424559757113,0.8029366731643677,0.6209901571273804,-0.028437692672014236,0.35798415541648865,0.49890342354774475,-0.2395133525133133,0.7746931314468384,0.8102856278419495,-0.23229722678661346,0.30226850509643555,0.34303605556488037,-0.6946058869361877,0.7727137804031372,0.8815229535102844,-0.2710859179496765,0.29092302918434143,0.313577800989151,-0.7913171648979187,0.7558249235153198,0.8562124967575073,-0.3183995187282562,0.30617398023605347,0.28829845786094666,-0.7803846597671509,0.7518841624259949,0.8413870334625244,-0.2591918110847473,0.3219013810157776,0.3032636046409607,-0.710273027420044,0.6503733992576599,0.9268535375595093,-0.0068058124743402,0.47545963525772095,0.8949247002601624,0.01044708862900734,0.6403500437736511,1.2922968864440918,-0.05817180871963501,0.4753299653530121,1.289507269859314,-0.05160725861787796,0.611862063407898,1.6293716430664062,0.2335752546787262,0.4599951207637787,1.646422028541565,0.11251250654459,0.6102181673049927,1.6738520860671997,0.2611105442047119,0.4596102237701416,1.6958435773849487,0.12178660929203033,0.5840976238250732,1.7587822675704956,0.05264519527554512,0.4564893841743469,1.7754604816436768,-0.12388342618942261,0.7779548764228821,0.8282869458198547,2.1454513898788719e-07,0.7499040961265564,0.8358635902404785,-0.00902317650616169,0.7341839671134949,0.8566694855690002,-0.012587685137987137,0.7292129397392273,0.8824240565299988,-0.014568653889000416,0.7257387638092041,0.9050253033638,-0.016277074813842773,0.7587332129478455,0.8826226592063904,-0.01021267008036375,0.7479422092437744,0.9152133464813232,-0.013524921610951424,0.7372164726257324,0.9237108826637268,-0.015020051971077919,0.7294118404388428,0.9240019917488098,-0.01527378149330616,0.7770462036132812,0.8856374621391296,-0.007044522557407618,0.7660930752754211,0.9178615212440491,-0.008360473439097404,0.7550712823867798,0.9245318174362183,-0.008698602207005024,0.7473933696746826,0.9219484329223633,-0.009217293933033943,0.7905005216598511,0.8825582265853882,-0.004461933858692646,0.7814468741416931,0.9122701287269592,-0.005426720716059208,0.770959198474884,0.9184463620185852,-0.005359127186238766,0.7634701132774353,0.9151753187179565,-0.0057099200785160065,0.7993491888046265,0.8768351674079895,-0.002571339253336191,0.7937303781509399,0.9011664986610413,-0.003972034435719252,0.7848504781723022,0.905707597732544,-0.003325594123452902,0.7779626846313477,0.9017089605331421,-0.0025887233205139637,0.2692461609840393,0.34521961212158203,1.5888639381955727e-07,0.3037845194339752,0.3380322754383087,-0.01137185376137495,0.33438828587532043,0.3218059539794922,-0.015303526073694229,0.35755443572998047,0.30234459042549133,-0.01905772276222706,0.3764287531375885,0.28646135330200195,-0.023413820192217827,0.3226477801799774,0.28580933809280396,-0.005425445269793272,0.34026631712913513,0.2588445544242859,-0.01383959874510765,0.3499366343021393,0.24313479661941528,-0.02172560803592205,0.35914281010627747,0.22904500365257263,-0.027501055970788002,0.3051227629184723,0.2776232957839966,-0.006320205982774496,0.3185526728630066,0.24846956133842468,-0.013103028759360313,0.3274700939655304,0.23062586784362793,-0.020890716463327408,0.3368673324584961,0.21446461975574493,-0.027452005073428154,0.28595036268234253,0.27616700530052185,-0.009178891777992249,0.29639795422554016,0.25029289722442627,-0.01666872575879097,0.3046601712703705,0.23412387073040009,-0.021450495347380638,0.31444039940834045,0.22066804766654968,-0.02534124255180359,0.2645115554332733,0.27870413661003113,-0.013363366015255451,0.27049529552459717,0.2585725784301758,-0.020107848569750786,0.27677953243255615,0.24620772898197174,-0.022241774946451187,0.28429070115089417,0.2349761426448822,-0.023945733904838562,3
0.563693642616272,0.2364855259656906,-0.7826840281486511,0.5755602121353149,0.2033020406961441,-0.7367429733276367,0.5867827534675598,0.20121552050113678,-0.7364585399627686,0.5982238054275513,0.19978731870651245,-0.7363148927688599,0.5444789528846741,0.21239259839057922,-0.7361995577812195,0.5339113473892212,0.21552518010139465,-0.7364766001701355,0.5237901210784912,0.21842561662197113,-0.7362630367279053,0.6170891523361206,0.21533755958080292,-0.41997796297073364,0.5140496492385864,0.23139120638370514,-0.4196550250053406,0.5880886316299438,0.2622092664241791,-0.6553610563278198,0.5482901930809021,0.2768971621990204,-0.6561912894248962,0.7191766500473022,0.38572409749031067,-0.18246297538280487,0.4442628026008606,0.4049595892429352,-0.18402299284934998,0.7619868516921997,0.5769686102867126,0.11636047065258026,0.24447324872016907,0.4917348325252533,-0.4969991147518158,0.7864353656768799,0.7538989782333374,0.13843131065368652,0.19458863139152527,0.3462117612361908,-1.096949577331543,0.8012657165527344,0.8070128560066223,0.14248758554458618,0.18237867951393127,0.28541404008865356,-1.190551996231079,0.7860599756240845,0.798046886920929,0.050716958940029144,0.20165841281414032,0.26703423261642456,-1.2132009267807007,0.7787250280380249,0.7824580073356628,0.1062762513756752,0.21025331318378448,0.29112643003463745,-1.1240381002426147,0.6545047163963318,0.8513357043266296,0.0004503940581344068,0.48647341132164,0.8534826636314392,0.0035959393717348576,0.6778061985969543,1.1899739503860474,-0.5733529329299927,0.5070829391479492,1.2479596138000488,-0.41366297006607056,0.684730589389801,1.5915062427520752,-0.44633716344833374,0.5125041604042053,1.6417490243911743,-0.47401586174964905,0.6877607703208923,1.6441318988800049,-0.4302400052547455,0.5084856748580933,1.6864159107208252,-0.48492640256881714,0.6724519729614258,1.710408329963684,-0.7123883962631226,0.5522977113723755,1.7708226442337036,-0.8341829180717468,0.7873775959014893,0.7687124013900757,1.419183774942212e-07,0.7584547996520996,0.7850398421287537,-0.009470393881201744,0.7448749542236328,0.8100064992904663,-0.014865042641758919,0.7440072298049927,0.8374279737472534,-0.018099548295140266,0.7482155561447144,0.8597549796104431,-0.02069806680083275,0.7720577120780945,0.8312902450561523,-0.016827618703246117,0.7662917971611023,0.8665454387664795,-0.022447215393185616,0.756524384021759,0.8754682540893555,-0.023874962702393532,0.7483524680137634,0.8765067458152771,-0.02372945472598076,0.7902610898017883,0.833236038684845,-0.013355364091694355,0.7822745442390442,0.8689088225364685,-0.016699928790330887,0.7708168625831604,0.875947117805481,-0.016046112403273582,0.7625705003738403,0.8745561838150024,-0.015410596504807472,0.8040188550949097,0.8299640417098999,-0.010027282871305943,0.797513484954834,0.8622990846633911,-0.012647691182792187,0.7865937352180481,0.868056058883667,-0.010873429477214813,0.779111385345459,0.865155816078186,-0.00965166836977005,0.8137161731719971,0.824127733707428,-0.007338864728808403,0.811871349811554,0.849895179271698,-0.00976022332906723,0.8043285012245178,0.8549249172210693,-0.008277769200503826,0.7981346845626831,0.851803719997406,-0.006462886929512024,0.17572204768657684,0.3503291606903076,1.5285641552509333e-07,0.2057509422302246,0.3347712755203247,-0.007812918163836002,0.22918739914894104,0.3191906213760376,-0.00873245857656002,0.2464577555656433,0.2991321384906769,-0.010539595037698746,0.25175052881240845,0.27871647477149963,-0.012849395163357258,0.20843254029750824,0.28679415583610535,0.00724818604066968,0.2160501629114151,0.2620795667171478,0.0038548337761312723,0.21935012936592102,0.24771687388420105,-0.0025527370162308216,0.2223377376794815,0.23348136246204376,-0.007873360067605972,0.1904711127281189,0.283458948135376,0.006266626995056868,0.19338078796863556,0.25758448243141174,0.002916622208431363,0.1953534632921219,0.23935069143772125,-0.0056524816900491714,0.1982182413339615,0.2233978658914566,-0.012983264401555061,0.17217129468917847,0.285512775182724,0.0032949065789580345,0.17353515326976776,0.2604491412639618,-0.0015783406561240554,0.17556998133659363,0.24247564375400543,-0.007889240980148315,0.17972396314144135,0.22804322838783264,-0.012882204726338387,0.15272946655750275,0.2920413315296173,-0.0007723522139713168,0.1519276350736618,0.2716001272201538,-0.005702265538275242,0.1541024148464203,0.2576417922973633,-0.008634448982775211,0.15902848541736603,0.24567878246307373,-0.011014786548912525,3
0.49236464500427246,0.2622343897819519,-0.6047757863998413,0.5184183120727539,0.2193519026041031,-0.5963748097419739,0.5311242341995239,0.21501535177230835,-0.5963391065597534,0.5442638993263245,0.21067409217357635,-0.5967317819595337,0.4781773090362549,0.23117952048778534,-0.564703106880188,0.46518802642822266,0.23372331261634827,-0.5650796294212341,0.45269569754600525,0.23506560921669006,-0.5650554895401001,0.5794230699539185,0.2168918401002884,-0.4197476804256439,0.4494156241416931,0.24755577743053436,-0.28673502802848816,0.5203374624252319,0.2938671410083771,-0.5302848815917969,0.4740365445613861,0.3096199631690979,-0.4908088147640228,0.7032473087310791,0.429623007774353,-0.3398300111293793,0.40483126044273376,0.4104323387145996,-0.0692526251077652,0.6739795804023743,0.7162284851074219,-0.4177928566932678,0.24064679443836212,0.5651566386222839,-0.2332884818315506,0.5391388535499573,0.8947527408599854,-0.6087149381637573,0.10224410146474838,0.37624433636665344,-0.6514679193496704,0.5139681100845337,0.9507192373275757,-0.6641491055488586,0.09590136259794235,0.30918601155281067,-0.7235466241836548,0.4934946894645691,0.9278981685638428,-0.6830247640609741,0.10853643715381622,0.2774577736854553,-0.725907564163208,0.5032064318656921,0.905447244644165,-0.6186917424201965,0.12034883350133896,0.30703794956207275,-0.667975127696991,0.6348630785942078,0.9527854323387146,-0.052510153502225876,0.4689328670501709,0.932537853717804,0.054572008550167084,0.5996102690696716,1.3219387531280518,0.08663575351238251,0.44264236092567444,1.3164085149765015,0.20505037903785706,0.5635119676589966,1.6329060792922974,0.6409000754356384,0.4165530800819397,1.6978528499603271,0.5474748611450195,0.5670247077941895,1.6694515943527222,0.6996327042579651,0.4230213165283203,1.7512145042419434,0.5799475312232971,0.516566812992096,1.7806185483932495,0.5235636234283447,0.3827713131904602,1.8359743356704712,0.35199832916259766,0.5069214701652527,0.8755062222480774,-9.536021394751515e-08,0.47604772448539734,0.8911917209625244,0.010281804017722607,0.4649626612663269,0.9131799340248108,0.015965426340699196,0.466717392206192,0.9360100626945496,0.018926581367850304,0.4779025912284851,0.9514235854148865,0.02011191099882126,0.4715821444988251,0.9353256225585938,0.014094840735197067,0.46428143978118896,0.9650416374206543,0.013105830177664757,0.46924707293510437,0.9795604944229126,0.0108273234218359,0.47861745953559875,0.9875475168228149,0.010228554718196392,0.48879551887512207,0.9443785548210144,0.00918255839496851,0.502658486366272,0.9801748991012573,0.00928491074591875,0.5173419117927551,0.9899855852127075,0.0055613648146390915,0.5288447737693787,0.9911699295043945,0.002835783176124096,0.5077251195907593,0.9470160007476807,0.004816506989300251,0.5271843075752258,0.9776094555854797,0.003840274177491665,0.542660653591156,0.9832267761230469,0.0004977771313861012,0.5520431995391846,0.9815967679023743,-0.0015109616797417402,0.5266973376274109,0.9426916241645813,0.0017953932983800769,0.5434594750404358,0.9653080701828003,0.002674930263310671,0.5548445582389832,0.9706311821937561,0.004044547211378813,0.5613523125648499,0.9714465141296387,0.00561142060905695,0.08199435472488403,0.35465288162231445,1.102032740618597e-07,0.11814519762992859,0.34358787536621094,-0.008971118368208408,0.14761483669281006,0.3243982195854187,-0.01070781797170639,0.1728082001209259,0.3042563199996948,-0.013195102103054523,0.1924508810043335,0.2943311333656311,-0.01639389619231224,0.13071240484714508,0.29138535261154175,0.004259738139808178,0.1407233029603958,0.26069653034210205,0.0020633640233427286,0.14343762397766113,0.24209152162075043,-0.002683426719158888,0.14516887068748474,0.22396691143512726,-0.007239638362079859,0.11095781624317169,0.283098042011261,0.0042018103413283825,0.11664783954620361,0.2517610788345337,0.0032246417831629515,0.11904478073120117,0.23107951879501343,-0.00243424903601408,0.1219230592250824,0.21349318325519562,-0.008026974275708199,0.09096052497625351,0.2819269001483917,0.002232723403722048,0.09346617758274078,0.253426730632782,0.00029504564008675516,0.0958390086889267,0.23695868253707886,-0.004094211384654045,0.09965474158525467,0.22260069847106934,-0.008424708619713783,0.06927065551280975,0.2869850993156433,-0.0011269398964941502,0.06538742780685425,0.2669832110404968,-0.002885330468416214,0.06227691471576691,0.2544693648815155,-0.003992361482232809,0.06068655475974083,0.24281397461891174,-0.0057142688892781734,3
0.4098191261291504,0.3219545781612396,-0.6097337007522583,0.4210836887359619,0.29289624094963074,-0.5701563954353333,0.43071430921554565,0.2937525510787964,-0.5698033571243286,0.44088998436927795,0.295354962348938,-0.5695894360542297,0.3915172219276428,0.2943072021007538,-0.5667032599449158,0.3797289729118347,0.29581308364868164,-0.5671362280845642,0.36977896094322205,0.29797255992889404,-0.5668516755104065,0.45309561491012573,0.3172461688518524,-0.27237313985824585,0.3526715934276581,0.31844562292099,-0.2722178101539612,0.4285503923892975,0.35893794894218445,-0.49990910291671753,0.38892751932144165,0.36079883575439453,-0.495313823223114,0.537732720375061,0.49897095561027527,-0.0964386835694313,0.2645381689071655,0.497810035943985,-0.08087347447872162,0.592042088508606,0.728132426738739,-0.19053569436073303,0.12337676435709,0.7109497785568237,-0.41211432218551636,0.5642748475074768,0.8156958222389221,-0.5964933633804321,0.07476647943258286,0.5159246325492859,-1.0258886814117432,0.5740104913711548,0.8631501793861389,-0.6593051552772522,0.04091966897249222,0.4550974667072296,-1.1393918991088867,0.5657597184181213,0.8374640345573425,-0.7057865858078003,0.05793549865484238,0.43376997113227844,-1.1383074522018433,0.5563930869102478,0.8288941979408264,-0.6256530284881592,0.07120618969202042,0.4557015597820282,-1.0448236465454102,0.5168250799179077,0.9817026257514954,0.0017851267475634813,0.3408587872982025,0.9924651384353638,0.0026392959989607334,0.5413188338279724,1.3864139318466187,-0.21130160987377167,0.3735436201095581,1.406674861907959,-0.23063357174396515,0.5612653493881226,1.7645530700683594,0.094182088971138,0.4005529284477234,1.7747257947921753,0.017161576077342033,0.5661589503288269,1.8188940286636353,0.11981208622455597,0.3991503119468689,1.8199729919433594,0.031848642975091934,0.5482218861579895,1.893548846244812,-0.16773733496665955,0.43285736441612244,1.9113143682479858,-0.2765344977378845,0.0,0.0,0.0,0.0,0.0,0.0,0.0,0.0,0.0,0.0,0.0,0.0,0.0,0.0,0.0,0.0,0.0,0.0,0.0,0.0,0.0,0.0,0.0,0.0,0.0,0.0,0.0,0.0,0.0,0.0,0.0,0.0,0.0,0.0,0.0,0.0,0.0,0.0,0.0,0.0,0.0,0.0,0.0,0.0,0.0,0.0,0.0,0.0,0.0,0.0,0.0,0.0,0.0,0.0,0.0,0.0,0.0,0.0,0.0,0.0,0.0,0.0,0.0,0.07069467753171921,0.5118584632873535,1.1799716048699338e-07,0.09285944700241089,0.4864974915981293,-0.009979791939258575,0.10779516398906708,0.4618188142776489,-0.014569224789738655,0.1134762167930603,0.43821296095848083,-0.01921929605305195,0.11355322599411011,0.4224725067615509,-0.023990927264094353,0.06417010724544525,0.43706753849983215,-0.0011585309403017163,0.05278697609901428,0.41303956508636475,-0.006660407409071922,0.04459962993860245,0.398750364780426,-0.013647363521158695,0.03560590744018555,0.38434040546417236,-0.01910279504954815,0.04618492349982262,0.44062069058418274,-0.0011443119728937745,0.030552156269550323,0.41316527128219604,-0.005106117110699415,0.021019011735916138,0.3963630199432373,-0.011556683108210564,0.011782657355070114,0.38015565276145935,-0.017054544761776924,0.03126557171344757,0.44928935170173645,-0.0028055973816663027,0.01650998368859291,0.4227203130722046,-0.007338328752666712,0.007611081004142761,0.4057929515838623,-0.011725563555955887,-0.0007626526057720184,0.3903859853744507,-0.014971695840358734,0.01814427599310875,0.4624797999858856,-0.005718037020415068,0.00471014529466629,0.44054514169692993,-0.008898736909031868,-0.0018610171973705292,0.42781636118888855,-0.009297630749642849,-0.007713567465543747,0.4159025549888611,-0.009667456150054932,3
0.5879491567611694,0.22952035069465637,-1.1492550373077393,0.6053712964057922,0.19884245097637177,-1.102201223373413,0.6194897890090942,0.20001502335071564,-1.1018598079681396,0.6326204538345337,0.20097671449184418,-1.1015374660491943,0.5743540525436401,0.19610761106014252,-1.1054030656814575,0.5660325288772583,0.1953076273202896,-1.1058052778244019,0.5574578642845154,0.19473609328269958,-1.1055927276611328,0.6525319814682007,0.2160497009754181,-0.7328272461891174,0.542815089225769,0.2092781513929367,-0.7514001131057739,0.6101175546646118,0.2647206485271454,-1.0023921728134155,0.5717980861663818,0.26263949275016785,-1.00902259349823,0.7383424043655396,0.40354615449905396,-0.4193151891231537,0.4464271664619446,0.3767169117927551,-0.48252779245376587,0.7849560379981995,0.6163297295570374,-0.315357506275177,0.2170391082763672,0.514901340007782,-0.6735950112342834,0.7802491188049316,0.8206331133842468,-0.6545225381851196,0.15661829710006714,0.33143699169158936,-1.2691798210144043,0.782332718372345,0.9064821600914001,-0.7298589944839478,0.13886094093322754,0.26763156056404114,-1.411378264427185,0.7555486559867859,0.8983409404754639,-0.8272660374641418,0.15182441473007202,0.23587627708911896,-1.4425755739212036,0.7496896982192993,0.8700128793716431,-0.7045086026191711,0.1613532304763794,0.2618289589881897,-1.3025367259979248,0.6555655598640442,0.8859508037567139,0.030979450792074203,0.46772775053977966,0.8809066414833069,-0.026512015610933304,0.6476474404335022,1.2847498655319214,-0.2217336893081665,0.46523427963256836,1.2808021306991577,-0.29223179817199707,0.6255256533622742,1.6561778783798218,0.09681393206119537,0.460939884185791,1.6563012599945068,-0.11490054428577423,0.6209347248077393,1.7082446813583374,0.1266283094882965,0.4535742700099945,1.7045884132385254,-0.10493048280477524,0.6137830018997192,1.7751528024673462,-0.15132123231887817,0.4937812387943268,1.7841278314590454,-0.4457649290561676,0.783504843711853,0.8436263799667358,2.5623370447647176e-07,0.7540000677108765,0.8596469163894653,-0.012350215576589108,0.7369481921195984,0.8903009295463562,-0.016360115259885788,0.7308077216148376,0.9237607717514038,-0.01786341704428196,0.7216297388076782,0.9475505352020264,-0.01815132237970829,0.770024836063385,0.9260185360908508,-0.009396550245583057,0.7547666430473328,0.9647761583328247,-0.01351863332092762,0.7413153648376465,0.9788615703582764,-0.016080843284726143,0.730293333530426,0.9863876700401306,-0.01718471385538578,0.7849986553192139,0.9294867515563965,-0.0039381165988743305,0.7664171457290649,0.9662142395973206,-0.007170624565333128,0.7508838176727295,0.9774901866912842,-0.008507046848535538,0.7379981279373169,0.9816757440567017,-0.00908424612134695,0.7933790683746338,0.9279488921165466,0.0005667282966896892,0.7757416367530823,0.9606277346611023,-0.002348568756133318,0.7613715529441833,0.9700344800949097,-0.002808923600241542,0.7488152384757996,0.9727367162704468,-0.0027269693091511726,0.7970125079154968,0.9246477484703064,0.003958280198276043,0.783309280872345,0.9513497948646545,0.0010554284090176225,0.7705193758010864,0.9613036513328552,0.0007310801302082837,0.7590203285217285,0.9651328325271606,0.0014719902537763119,0.1587187498807907,0.3334130048751831,1.5009926812581398e-07,0.18685093522071838,0.30751487612724304,-0.011249762028455734,0.20853790640830994,0.2801726162433624,-0.014768058434128761,0.21334969997406006,0.24930383265018463,-0.018027761951088905,0.2008693814277649,0.22842474281787872,-0.021473174914717674,0.18056520819664001,0.24428708851337433,-0.0019170896848663688,0.1815413534641266,0.21208348870277405,-0.00966554507613182,0.18019400537014008,0.1918526291847229,-0.0179285891354084,0.17808787524700165,0.1717897355556488,-0.023896511644124985,0.16154122352600098,0.24191156029701233,-0.0017510151956230402,0.16103965044021606,0.20631565153598785,-0.007837525568902493,0.1606418788433075,0.18410645425319672,-0.015410839579999447,0.16090600192546844,0.16302192211151123,-0.02136298269033432,0.1431218981742859,0.24643343687057495,-0.0036324707325547934,0.1407981812953949,0.21348433196544647,-0.010244254022836685,0.1407974660396576,0.19244438409805298,-0.015153245069086552,0.14271175861358643,0.1732546091079712,-0.01856970228254795,0.12330742180347443,0.2570204734802246,-0.006885005161166191,0.12074299901723862,0.22938884794712067,-0.012380046769976616,0.1214110404253006,0.21252921223640442,-0.014195294119417667,0.12361659109592438,0.1958448588848114,-0.015371492132544518,3
0.5592268705368042,0.3595590591430664,-0.2972724735736847,0.5612874627113342,0.343693345785141,-0.3638845682144165,0.5609727501869202,0.3438836634159088,-0.36404556035995483,0.5408362746238708,0.34259891510009766,-0.36409127712249756,0.5668873190879822,0.3441391885280609,-0.3509310781955719,0.5687580108642578,0.3447067439556122,-0.3508898913860321,0.5785131454467773,0.3350467085838318,-0.3508390784263611,0.5458669066429138,0.35465171933174133,-0.5434333086013794,0.5853710174560547,0.358805388212204,-0.48233550786972046,0.5512897968292236,0.3850903809070587,-0.34351521730422974,0.563745379447937,0.3816804587841034,-0.3262297511100769,0.47988295555114746,0.48811545968055725,-0.5475195646286011,0.6865582466125488,0.48482546210289,-0.43655699491500854,0.4209292531013489,0.602899968624115,-0.5398722290992737,0.7986634969711304,0.5915166139602661,-0.32047930359840393,0.3023781180381775,0.6085922718048096,-0.545054018497467,0.740595281124115,0.7376801371574402,-0.23609693348407745,0.2643406093120575,0.6194295287132263,-0.6116277575492859,0.7359345555305481,0.7584629058837891,-0.24342969059944153,0.26248735189437866,0.6002655029296875,-0.597905695438385,0.7245028018951416,0.767099142074585,-0.30095455050468445,0.2785626947879791,0.5982762575149536,-0.5394361615180969,0.7313786745071411,0.7424333095550537,-0.2539117932319641,0.5039189457893372,0.8643344044685364,-0.03237467631697655,0.589844822883606,0.842979371547699,0.03271431848406792,0.44479507207870483,0.7008901238441467,0.07830663025379181,0.534678041934967,0.6974400877952576,0.2300931215286255,0.3435019552707672,0.6069577932357788,0.4563773274421692,0.43085113167762756,0.6212319731712341,0.5162514448165894,0.31784528493881226,0.6091454029083252,0.49846115708351135,0.40216416120529175,0.6287489533424377,0.5455368161201477,0.346576988697052,0.5018721222877502,0.49226585030555725,0.4373776316642761,0.5204924941062927,0.501422643661499,0.0,0.0,0.0,0.0,0.0,0.0,0.0,0.0,0.0,0.0,0.0,0.0,0.0,0.0,0.0,0.0,0.0,0.0,0.0,0.0,0.0,0.0,0.0,0.0,0.0,0.0,0.0,0.0,0.0,0.0,0.0,0.0,0.0,0.0,0.0,0.0,0.0,0.0,0.0,0.0,0.0,0.0,0.0,0.0,0.0,0.0,0.0,0.0,0.0,0.0,0.0,0.0,0.0,0.0,0.0,0.0,0.0,0.0,0.0,0.0,0.0,0.0,0.0,0.0,0.0,0.0,0.0,0.0,0.0,0.0,0.0,0.0,0.0,0.0,0.0,0.0,0.0,0.0,0.0,0.0,0.0,0.0,0.0,0.0,0.0,0.0,0.0,0.0,0.0,0.0,0.0,0.0,0.0,0.0,0.0,0.0,0.0,0.0,0.0,0.0,0.0,0.0,0.0,0.0,0.0,0.0,0.0,0.0,0.0,0.0,0.0,0.0,0.0,0.0,0.0,0.0,0.0,0.0,0.0,0.0,0.0,0.0,0.0,0.0,0.0,0.0,3
0.4054196774959564,0.46307843923568726,-0.7830907702445984,0.38898566365242004,0.464774489402771,-0.844781219959259,0.3818356394767761,0.464464008808136,-0.8454185724258423,0.3746500611305237,0.46401217579841614,-0.8458719253540039,0.41096681356430054,0.4681505560874939,-0.8503033518791199,0.4179556965827942,0.4707447588443756,-0.8503293991088867,0.4248960614204407,0.4733031392097473,-0.8502551913261414,0.36378127336502075,0.48592597246170044,-0.8866462707519531,0.4390234053134918,0.4985872507095337,-0.9118733406066895,0.3998992145061493,0.4727279841899872,-0.764762818813324,0.4203130304813385,0.478154718875885,-0.7724983096122742,0.26724645495414734,0.5492340922355652,-0.6942490339279175,0.5404329895973206,0.5607157945632935,-0.7824708819389343,0.20637910068035126,0.6195839643478394,-0.3923841416835785,0.6955340504646301,0.6042906045913696,-0.4941726624965668,0.33586084842681885,0.6990108489990234,-0.27061405777931213,0.7939921617507935,0.5757399797439575,-0.29760274291038513,0.3347434997558594,0.7020346522331238,-0.2950963079929352,0.8407535552978516,0.5728664994239807,-0.3341107964515686,0.36529669165611267,0.6940362453460693,-0.35851994156837463,0.8139681816101074,0.5568087697029114,-0.3631893992424011,0.3656911551952362,0.6959846019744873,-0.28812187910079956,0.7918142080307007,0.5597496032714844,-0.30112192034721375,0.3509466052055359,0.7712291479110718,0.007469050586223602,0.468750536441803,0.7709472179412842,-0.007447677198797464,0.3891684412956238,0.878077507019043,0.5168218612670898,0.5036158561706543,0.7443365454673767,0.5643472671508789,0.3956754505634308,0.9763606786727905,1.1755605936050415,0.5049518346786499,0.8272518515586853,1.147599220275879,0.3909974992275238,0.9940993189811707,1.2627979516983032,0.4936501085758209,0.8473913073539734,1.224001407623291,0.4385603368282318,0.956365704536438,1.3558518886566162,0.5578069686889648,0.7864116430282593,1.2910902500152588,0.0,0.0,0.0,0.0,0.0,0.0,0.0,0.0,0.0,0.0,0.0,0.0,0.0,0.0,0.0,0.0,0.0,0.0,0.0,0.0,0.0,0.0,0.0,0.0,0.0,0.0,0.0,0.0,0.0,0.0,0.0,0.0,0.0,0.0,0.0,0.0,0.0,0.0,0.0,0.0,0.0,0.0,0.0,0.0,0.0,0.0,0.0,0.0,0.0,0.0,0.0,0.0,0.0,0.0,0.0,0.0,0.0,0.0,0.0,0.0,0.0,0.0,0.0,0.0,0.0,0.0,0.0,0.0,0.0,0.0,0.0,0.0,0.0,0.0,0.0,0.0,0.0,0.0,0.0,0.0,0.0,0.0,0.0,0.0,0.0,0.0,0.0,0.0,0.0,0.0,0.0,0.0,0.0,0.0,0.0,0.0,0.0,0.0,0.0,0.0,0.0,0.0,0.0,0.0,0.0,0.0,0.0,0.0,0.0,0.0,0.0,0.0,0.0,0.0,0.0,0.0,0.0,0.0,0.0,0.0,0.0,0.0,0.0,0.0,0.0,0.0,3
0.5464087128639221,0.3864341080188751,-0.1880309283733368,0.5269030332565308,0.36494526267051697,-0.2729801535606384,0.5221970677375793,0.36413586139678955,-0.2732047438621521,0.5171476602554321,0.36241140961647034,-0.2732500731945038,0.5466718673706055,0.36420804262161255,-0.25949129462242126,0.5506356954574585,0.36206433176994324,-0.2598179280757904,0.5722941160202026,0.36871376633644104,-0.26006633043289185,0.5155772566795349,0.38589590787887573,-0.49992871284484863,0.5914227366447449,0.3848068416118622,-0.4357576370239258,0.5435166954994202,0.3957800269126892,-0.24701209366321564,0.56052565574646,0.4001885652542114,-0.22875788807868958,0.42730674147605896,0.4643862843513489,-0.5021412372589111,0.686998724937439,0.4721515476703644,-0.3992396593093872,0.3399397134780884,0.5146375298500061,-0.4098050594329834,0.7539328336715698,0.6196688413619995,-0.21846351027488708,0.20111963152885437,0.48626577854156494,-0.32043901085853577,0.7208157181739807,0.7220226526260376,-0.08797129988670349,0.17087945342063904,0.4561212658882141,-0.3423230051994324,0.7248493432998657,0.7539282441139221,-0.08194564282894135,0.1859627366065979,0.4511580467224121,-0.34834522008895874,0.6993801593780518,0.7479541301727295,-0.12742124497890472,0.19683296978473663,0.4614740014076233,-0.3017900288105011,0.6977611184120178,0.741005539894104,-0.09722255170345306,0.4893270432949066,0.8189719915390015,-0.02779010869562626,0.6159717440605164,0.8037418127059937,0.027648385614156723,0.4536030888557434,0.9337990283966064,0.21735882759094238,0.5890687704086304,0.9203090071678162,0.3145553171634674,0.4456312656402588,1.1046749353408813,0.42370566725730896,0.5703846216201782,1.0630322694778442,0.600917398929596,0.4520319402217865,1.143744707107544,0.45359477400779724,0.5624162554740906,1.0908362865447998,0.6404407620429993,0.43445172905921936,1.086975336074829,0.45671314001083374,0.5680134892463684,1.0636261701583862,0.6662202477455139,0.0,0.0,0.0,0.0,0.0,0.0,0.0,0.0,0.0,0.0,0.0,0.0,0.0,0.0,0.0,0.0,0.0,0.0,0.0,0.0,0.0,0.0,0.0,0.0,0.0,0.0,0.0,0.0,0.0,0.0,0.0,0.0,0.0,0.0,0.0,0.0,0.0,0.0,0.0,0.0,0.0,0.0,0.0,0.0,0.0,0.0,0.0,0.0,0.0,0.0,0.0,0.0,0.0,0.0,0.0,0.0,0.0,0.0,0.0,0.0,0.0,0.0,0.0,0.7664794325828552,0.7151983380317688,2.1712637021664705e-07,0.7486793994903564,0.709172248840332,-0.01117338053882122,0.7318527102470398,0.7201505899429321,-0.01571149192750454,0.7173883318901062,0.7318408489227295,-0.017423665151000023,0.7040904760360718,0.7389610409736633,-0.018645156174898148,0.7393965125083923,0.7456939816474915,-0.015156054869294167,0.7139997482299805,0.760137140750885,-0.019101977348327637,0.6974906921386719,0.7628120183944702,-0.020710961893200874,0.6852553486824036,0.7631844878196716,-0.020859329029917717,0.7463372349739075,0.7534226179122925,-0.00905839167535305,0.7216124534606934,0.7668360471725464,-0.012025010772049427,0.7060399651527405,0.7673356533050537,-0.012838752008974552,0.6945523619651794,0.7645017504692078,-0.013198178261518478,0.7500720620155334,0.7558116316795349,-0.0031843974720686674,0.7271053791046143,0.76665198802948,-0.00445631192997098,0.7128159999847412,0.766691267490387,-0.004654966294765472,0.7019453048706055,0.7635430693626404,-0.004778786096721888,0.75164395570755,0.7553885579109192,0.0019372589886188507,0.7326200604438782,0.7658815979957581,0.001672753132879734,0.7188218832015991,0.7665544152259827,0.0018549365922808647,0.7088049650192261,0.7638412117958069,0.002091703936457634,3
0.5818835496902466,0.41142961382865906,-0.3283063769340515,0.5748479962348938,0.39860931038856506,-0.3917398750782013,0.5628092288970947,0.3961930274963379,-0.39198002219200134,0.5556050539016724,0.3942769169807434,-0.3921588361263275,0.5932604074478149,0.3996596336364746,-0.39976292848587036,0.5948354005813599,0.39939919114112854,-0.39984333515167236,0.6036547422409058,0.40720176696777344,-0.39995330572128296,0.5419120192527771,0.40553316473960876,-0.5129393339157104,0.6137517690658569,0.4225104749202728,-0.5363550186157227,0.5728803873062134,0.4206641912460327,-0.3432296812534332,0.5920959711074829,0.42678365111351013,-0.35350292921066284,0.4387921690940857,0.4616086781024933,-0.44807958602905273,0.7154160141944885,0.5058818459510803,-0.49579811096191406,0.2969190776348114,0.5186583995819092,-0.32267892360687256,0.7956825494766235,0.6946924924850464,-0.3019983172416687,0.20347626507282257,0.42398759722709656,-0.15628641843795776,0.836804986000061,0.7580278515815735,-0.1496930867433548,0.17756405472755432,0.40193650126457214,-0.15603382885456085,0.8515022993087769,0.7777335047721863,-0.15908841788768768,0.20217950642108917,0.3937635123729706,-0.1588091105222702,0.8319225311279297,0.7576814889907837,-0.16435974836349487,0.21220405399799347,0.4127483069896698,-0.14609786868095398,0.8278335332870483,0.7567424774169922,-0.14268143475055695,0.4838317036628723,0.7813516855239868,0.015133237466216087,0.6108018159866333,0.789351224899292,-0.01534314639866352,0.47636136412620544,0.8864706754684448,0.23294273018836975,0.6054912805557251,0.869869589805603,0.22577306628227234,0.4770810008049011,1.0471875667572021,0.6174182295799255,0.5474356412887573,0.9829186201095581,0.5525659918785095,0.47939053177833557,1.06840181350708,0.6718016862869263,0.5324035882949829,0.9992457628250122,0.6000951528549194,0.48945745825767517,1.0715631246566772,0.7645175457000732,0.5609713792800903,0.9908666610717773,0.660828709602356,0.16668707132339478,0.44187936186790466,1.5777916928527702e-07,0.1846926361322403,0.4316883385181427,-0.007156670559197664,0.19959409534931183,0.413516640663147,-0.012055992148816586,0.20886395871639252,0.4007963538169861,-0.01693023554980755,0.21371835470199585,0.3897688388824463,-0.022057153284549713,0.1841392070055008,0.38174837827682495,-0.007314656395465136,0.19645005464553833,0.36690255999565125,-0.015737002715468407,0.2048770934343338,0.3558316230773926,-0.022331250831484795,0.21255511045455933,0.34741654992103577,-0.026713673025369644,0.17439883947372437,0.37980952858924866,-0.008647552691400051,0.1893453747034073,0.3638516962528229,-0.015578820370137691,0.1994684934616089,0.3560100793838501,-0.020152144134044647,0.20761661231517792,0.349478542804718,-0.023235052824020386,0.16495491564273834,0.38517266511917114,-0.011132371611893177,0.1799381971359253,0.37370726466178894,-0.01914633810520172,0.19032111763954163,0.37216341495513916,-0.021768420934677124,0.19799137115478516,0.36999475955963135,-0.022856008261442184,0.15714029967784882,0.3964669406414032,-0.014313159510493279,0.16874277591705322,0.39335528016090393,-0.020862959325313568,0.1759619265794754,0.3946742117404938,-0.02212529070675373,0.18173708021640778,0.3960760533809662,-0.022310590371489525,0.0,0.0,0.0,0.0,0.0,0.0,0.0,0.0,0.0,0.0,0.0,0.0,0.0,0.0,0.0,0.0,0.0,0.0,0.0,0.0,0.0,0.0,0.0,0.0,0.0,0.0,0.0,0.0,0.0,0.0,0.0,0.0,0.0,0.0,0.0,0.0,0.0,0.0,0.0,0.0,0.0,0.0,0.0,0.0,0.0,0.0,0.0,0.0,0.0,0.0,0.0,0.0,0.0,0.0,0.0,0.0,0.0,0.0,0.0,0.0,0.0,0.0,0.0,3
0.6122342348098755,0.40115827322006226,0.30885717272758484,0.6176489591598511,0.38634392619132996,0.3485284149646759,0.6213839054107666,0.37767738103866577,0.34848135709762573,0.6232283115386963,0.37828192114830017,0.34820443391799927,0.6013514399528503,0.3885512948036194,0.35748305916786194,0.5929452180862427,0.3912893533706665,0.3571411073207855,0.5884161591529846,0.38022932410240173,0.3572623133659363,0.6523352861404419,0.37664493918418884,0.4749853014945984,0.5795003175735474,0.39261510968208313,0.5153994560241699,0.6308110356330872,0.4206857979297638,0.3498431146144867,0.6011919379234314,0.4266609251499176,0.360197514295578,0.742192804813385,0.5182223916053772,0.385397732257843,0.5097886323928833,0.500200629234314,0.46670475602149963,0.8454457521438599,0.6049071550369263,0.3084889054298401,0.34224259853363037,0.4954734742641449,0.29948121309280396,0.8732067346572876,0.7927494049072266,0.20476779341697693,0.1813378930091858,0.4617357552051544,0.09867534786462784,0.8945997953414917,0.8551916480064392,0.19254402816295624,0.17594967782497406,0.4349609315395355,0.07244422286748886,0.8782912492752075,0.84604412317276,0.15675023198127747,0.19209419190883636,0.42843320965766907,0.05986804515123367,0.8624900579452515,0.8172208070755005,0.18689508736133575,0.19700086116790771,0.44453927874565125,0.08216238021850586,0.6627539992332458,0.8311365842819214,-0.006662317551672459,0.5449222326278687,0.8418100476264954,0.007048039231449366,0.6950658559799194,1.0806028842926025,-0.30630141496658325,0.585010826587677,1.0748308897018433,-0.23613958060741425,0.6636953949928284,1.2937935590744019,-0.2771833539009094,0.5654537677764893,1.3523602485656738,-0.38832545280456543,0.6530658602714539,1.3121660947799683,-0.27788835763931274,0.56806880235672,1.3849602937698364,-0.4148281216621399,0.6682209968566895,1.409461498260498,-0.38639524579048157,0.5625949501991272,1.4627488851547241,-0.5920369029045105,0.8991329073905945,0.8231009840965271,2.889690087215513e-08,0.8721811175346375,0.8350833654403687,-0.008612130768597126,0.8520826697349548,0.8576376438140869,-0.014266721904277802,0.8419716358184814,0.881626546382904,-0.019692886620759964,0.8381707668304443,0.90123051404953,-0.02433784306049347,0.8810412287712097,0.8890076279640198,-0.0065748305059969425,0.8750883936882019,0.9139907360076904,-0.013025080785155296,0.8682320713996887,0.9136765599250793,-0.017413953319191933,0.8639881014823914,0.9080195426940918,-0.019916614517569542,0.8979413509368896,0.8913845419883728,-0.0054426551796495914,0.8923945426940918,0.9140996336936951,-0.010018749162554741,0.8862262964248657,0.9069384336471558,-0.011951519176363945,0.8845563530921936,0.8971681594848633,-0.012979358434677124,0.9117496609687805,0.8879777193069458,-0.005441536661237478,0.907425582408905,0.9089204668998718,-0.00911574624478817,0.90177321434021,0.90193110704422,-0.006959577556699514,0.9002653360366821,0.8920683264732361,-0.005164562724530697,0.9223665595054626,0.8817864060401917,-0.00632307305932045,0.9185643196105957,0.8970134258270264,-0.00753216166049242,0.9138273596763611,0.8927701115608215,-0.004465713165700436,0.9119130373001099,0.8847123384475708,-0.0018055348191410303,0.14330996572971344,0.48178809881210327,1.8400318424482975e-07,0.12385564297437668,0.45306292176246643,0.007991344667971134,0.12658241391181946,0.42963770031929016,0.015075461007654667,0.13067826628684998,0.41273948550224304,0.017849091440439224,0.13176190853118896,0.3961744010448456,0.01931057870388031,0.17720839381217957,0.4222864508628845,0.04073308780789375,0.1915310025215149,0.400374174118042,0.05500585213303566,0.20072472095489502,0.39130985736846924,0.058802273124456406,0.2104196548461914,0.38229870796203613,0.05854932218790054,0.19742321968078613,0.4295799434185028,0.03291090577840805,0.22075742483139038,0.4070044457912445,0.048097964376211166,0.23907944560050964,0.3935532569885254,0.04847821220755577,0.25427302718162537,0.3825809955596924,0.04596253111958504,0.21025121212005615,0.44008198380470276,0.02271965704858303,0.23153765499591827,0.419898122549057,0.032512396574020386,0.24632671475410461,0.4037834703922272,0.03084499202668667,0.2599233388900757,0.39032384753227234,0.02707648277282715,0.21872009336948395,0.4589696228504181,0.011953635141253471,0.24609607458114624,0.44987761974334717,0.01804383099079132,0.2637634575366974,0.44380971789360046,0.01925644464790821,0.27905213832855225,0.4357535243034363,0.01807516999542713,3
0.4845665395259857,0.5614878535270691,-0.6082753539085388,0.49568265676498413,0.5227500200271606,-0.6363393068313599,0.5049973726272583,0.5196942687034607,-0.6368227601051331,0.5144556760787964,0.5166987776756287,-0.6371939778327942,0.47305718064308167,0.5253894329071045,-0.6212297081947327,0.4660675525665283,0.5244604349136353,-0.6212717890739441,0.4583415985107422,0.5234295129776001,-0.6212864518165588,0.544123113155365,0.4953583776950836,-0.6192394495010376,0.4616633951663971,0.5034074187278748,-0.5457931756973267,0.5109412670135498,0.5658485293388367,-0.5834704637527466,0.4840044379234314,0.5697459578514099,-0.5625709295272827,0.6696444153785706,0.5462754964828491,-0.5060576796531677,0.43760648369789124,0.5105664730072021,-0.43371328711509705,0.8408203125,0.6679615378379822,-0.5069960951805115,0.32076385617256165,0.5368531346321106,-0.41732755303382874,0.7331761121749878,0.7684440016746521,-0.529741644859314,0.22389402985572815,0.48815634846687317,-0.4682449400424957,0.7140122652053833,0.7935535907745361,-0.5582444071769714,0.23352234065532684,0.48050591349601746,-0.4926950931549072,0.7026779651641846,0.7715997695922852,-0.5530989766120911,0.244735449552536,0.4626849889755249,-0.5053130388259888,0.7028372883796692,0.7749488949775696,-0.5298817753791809,0.25059399008750916,0.47662466764450073,-0.4757789671421051,0.6062741875648499,0.8162505626678467,-0.04272998496890068,0.48868608474731445,0.7688148617744446,0.043150804936885834,0.591309130191803,0.7737703919410706,-0.058782387524843216,0.35805821418762207,0.7015150189399719,0.07814665138721466,0.4165223240852356,0.7446346879005432,0.26250314712524414,0.2610103487968445,0.7115694284439087,0.19780233502388,0.3925120532512665,0.7363615036010742,0.3009195923805237,0.2581675350666046,0.724622905254364,0.21282069385051727,0.36760976910591125,0.7669477462768555,0.2820412516593933,0.1920836865901947,0.7113984227180481,0.17007121443748474,0.7396429181098938,0.7939133644104004,5.718036888424649e-08,0.7338694334030151,0.782078206539154,-0.008031538687646389,0.7233303785324097,0.7725680470466614,-0.012583000585436821,0.7128755450248718,0.7652059197425842,-0.016389358788728714,0.7050497531890869,0.7600840330123901,-0.019718769937753677,0.7089728116989136,0.7946956753730774,-0.007321532350033522,0.6944971084594727,0.7845566868782043,-0.013013763353228569,0.691074550151825,0.778169572353363,-0.01725735142827034,0.6908067464828491,0.7752268314361572,-0.01938558742403984,0.7067609429359436,0.8039658069610596,-0.005586925894021988,0.6896344423294067,0.8034515380859375,-0.0108506353572011,0.6850942373275757,0.8021911382675171,-0.014335510320961475,0.6849771738052368,0.8029332756996155,-0.015806205570697784,0.7056282758712769,0.8113977909088135,-0.00463887257501483,0.6906628012657166,0.8166863322257996,-0.008973946794867516,0.687950074672699,0.8186650276184082,-0.010822903364896774,0.6885478496551514,0.8209303617477417,-0.011110201478004456,0.7056887745857239,0.8160563111305237,-0.004372274037450552,0.6945610046386719,0.822935938835144,-0.006546646356582642,0.6922845244407654,0.8266981244087219,-0.006548816338181496,0.6935093402862549,0.8292280435562134,-0.00592463742941618,0.0,0.0,0.0,0.0,0.0,0.0,0.0,0.0,0.0,0.0,0.0,0.0,0.0,0.0,0.0,0.0,0.0,0.0,0.0,0.0,0.0,0.0,0.0,0.0,0.0,0.0,0.0,0.0,0.0,0.0,0.0,0.0,0.0,0.0,0.0,0.0,0.0,0.0,0.0,0.0,0.0,0.0,0.0,0.0,0.0,0.0,0.0,0.0,0.0,0.0,0.0,0.0,0.0,0.0,0.0,0.0,0.0,0.0,0.0,0.0,0.0,0.0,0.0,3
0.5676435232162476,0.4283166229724884,-0.30216410756111145,0.5854664444923401,0.3827785551548004,-0.26308494806289673,0.5969127416610718,0.38561245799064636,-0.26298362016677856,0.6181814670562744,0.3766380846500397,-0.26307350397109985,0.5454031229019165,0.39228200912475586,-0.25372132658958435,0.5313495397567749,0.3963804244995117,-0.25399214029312134,0.5183960199356079,0.39975792169570923,-0.2539075016975403,0.6434085965156555,0.38851988315582275,-0.06676609069108963,0.4923815131187439,0.4041496813297272,-0.021208517253398895,0.6017875075340271,0.44154608249664307,-0.22537240386009216,0.5443114638328552,0.47088801860809326,-0.21306338906288147,0.722080647945404,0.52754145860672,-0.015035323798656464,0.4697023928165436,0.5165609121322632,0.08306615054607391,0.8447030782699585,0.5896631479263306,0.107144795358181,0.3122262954711914,0.5372512936592102,0.10060392320156097,0.8518512845039368,0.7735459804534912,0.17028312385082245,0.16021451354026794,0.47674360871315,0.054874323308467865,0.8587589263916016,0.830477774143219,0.18650829792022705,0.10793609917163849,0.4672648012638092,0.05402355268597603,0.8263297080993652,0.7999540567398071,0.14331240952014923,0.1202428787946701,0.4527977406978607,0.027252301573753357,0.8202258944511414,0.7917280793190002,0.15609227120876312,0.14317841827869415,0.4653557538986206,0.038561273366212845,0.6539629697799683,0.8541452884674072,-0.06278364360332489,0.5234132409095764,0.8251310586929321,0.06295807659626007,0.6081017255783081,0.971721351146698,-0.3258513808250427,0.3497948944568634,0.8240740299224854,-0.07846835255622864,0.5401023626327515,1.1097357273101807,-0.3681930899620056,0.3013842701911926,0.9506958723068237,-0.38335269689559937,0.5229777097702026,1.135608196258545,-0.3633933663368225,0.3162335753440857,0.9964784979820251,-0.4152635633945465,0.5267427563667297,1.1824040412902832,-0.3880314230918884,0.25223225355148315,0.9884015917778015,-0.4780094623565674,0.863551914691925,0.812269926071167,1.4585630481178669e-07,0.8316287994384766,0.82548987865448,0.007326653227210045,0.8155461549758911,0.8334265947341919,0.018819110468029976,0.8017825484275818,0.84261554479599,0.026672720909118652,0.7871053218841553,0.8457310199737549,0.03423227369785309,0.8437187075614929,0.8465981483459473,0.056718092411756516,0.8360816836357117,0.8515022397041321,0.07579385489225388,0.8284447193145752,0.8529135584831238,0.08217161893844604,0.826164722442627,0.8527959585189819,0.08560974150896072,0.8536897301673889,0.843736469745636,0.05745566636323929,0.8447409272193909,0.8473423719406128,0.07522747665643692,0.8407481908798218,0.8479161858558655,0.07252919673919678,0.8412474989891052,0.8483198285102844,0.0704079121351242,0.8604958057403564,0.8435443639755249,0.05603352561593056,0.8491203188896179,0.8470464944839478,0.06902602314949036,0.8465847373008728,0.8481948971748352,0.06346803158521652,0.8468301296234131,0.8485788106918335,0.05958085134625435,0.8658555150032043,0.8454976677894592,0.054620351642370224,0.8574519753456116,0.8519286513328552,0.06596264243125916,0.8525956869125366,0.8553629517555237,0.06652098149061203,0.8498015999794006,0.8581835627555847,0.06619146466255188,0.06032629683613777,0.46062323451042175,-1.6032575445024122e-07,0.08473584055900574,0.4583355784416199,0.00044505903497338295,0.11970493942499161,0.44818761944770813,-0.007504163775593042,0.15203464031219482,0.44280821084976196,-0.01696637272834778,0.17465147376060486,0.43745312094688416,-0.028463557362556458,0.11354365944862366,0.4499172270298004,-0.015297031961381435,0.14883975684642792,0.43954935669898987,-0.022302446886897087,0.16747334599494934,0.4318256676197052,-0.03103753738105297,0.1815255582332611,0.42562028765678406,-0.03649991378188133,0.10385119169950485,0.4487529993057251,-0.018110286444425583,0.13330373167991638,0.4344085156917572,-0.021887877956032753,0.1550331860780716,0.42653366923332214,-0.02777537703514099,0.16697818040847778,0.4207751750946045,-0.03422429785132408,0.08823873102664948,0.4472366273403168,-0.01915874518454075,0.11119185388088226,0.4266885817050934,-0.021890096366405487,0.12723073363304138,0.4139697551727295,-0.02520010806620121,0.13906781375408173,0.4083373248577118,-0.028822071850299835,0.07082974910736084,0.44865500926971436,-0.019787311553955078,0.08748796582221985,0.42727431654930115,-0.019909583032131195,0.09949224442243576,0.41155683994293213,-0.017870068550109863,0.10908776521682739,0.40417277812957764,-0.017841694876551628,3
0.6279654502868652,0.38433972001075745,-0.6760978698730469,0.6430046558380127,0.3488461375236511,-0.6496497392654419,0.6542696952819824,0.34910285472869873,-0.6498669385910034,0.6658628582954407,0.34901177883148193,-0.6502982378005981,0.6123479604721069,0.34722015261650085,-0.6513039469718933,0.6006237268447876,0.34631556272506714,-0.6516510248184204,0.588316023349762,0.3452569246292114,-0.6517487168312073,0.6772341728210449,0.3607059717178345,-0.4304615557193756,0.5683761835098267,0.355404257774353,-0.44501811265945435,0.6453769207000732,0.4163731634616852,-0.5833741426467896,0.6033639311790466,0.41481155157089233,-0.5882315039634705,0.7508201003074646,0.4910446107387543,-0.30254679918289185,0.47571149468421936,0.47026580572128296,-0.27530691027641296,0.8858610987663269,0.6192651391029358,-0.23942680656909943,0.32799506187438965,0.5467453002929688,-0.3093964159488678,0.8750056028366089,0.8216188549995422,-0.2944585680961609,0.1570395529270172,0.5279474258422852,-0.4012815058231354,0.8837234377861023,0.876965343952179,-0.2990782856941223,0.1076829582452774,0.5232926607131958,-0.4159720838069916,0.8474774360656738,0.8613835573196411,-0.35207903385162354,0.10692503303289413,0.5113516449928284,-0.47538185119628906,0.8434522747993469,0.852817177772522,-0.3151317238807678,0.1430189311504364,0.5145667195320129,-0.4293906092643738,0.673731803894043,0.8498898148536682,-0.03641534224152565,0.5229125618934631,0.8419932126998901,0.036171626299619675,0.6752535700798035,1.022105097770691,-0.41746988892555237,0.4424131512641907,1.0602911710739136,-0.30766943097114563,0.6681944727897644,1.2067867517471313,-0.446103572845459,0.4394821226596832,1.2780559062957764,-0.41361290216445923,0.6633294820785522,1.2439945936203003,-0.4421601891517639,0.4518063962459564,1.3162692785263062,-0.4222046732902527,0.6558014154434204,1.286866545677185,-0.5461458563804626,0.4187799096107483,1.3667718172073364,-0.55293869972229,0.8868111968040466,0.8571633100509644,2.8543126973090693e-07,0.8525105714797974,0.861936092376709,-0.008554479107260704,0.8261256217956543,0.888139545917511,-0.01112428866326809,0.8074722290039062,0.916771650314331,-0.011980300769209862,0.7939918637275696,0.9399644136428833,-0.01291437167674303,0.8458279967308044,0.9215335845947266,-0.008538410998880863,0.8273931741714478,0.9534063935279846,-0.012029933743178844,0.814444363117218,0.9694920778274536,-0.015379747375845909,0.8053152561187744,0.9788344502449036,-0.017418725416064262,0.8683986663818359,0.9309418201446533,-0.005385151598602533,0.8513688445091248,0.9619016051292419,-0.006438992451876402,0.8396022319793701,0.9784207344055176,-0.008527407422661781,0.8302222490310669,0.9876723885536194,-0.011104468256235123,0.8878802061080933,0.9348450303077698,-0.00264325481839478,0.8728957772254944,0.9632527828216553,-0.0025643317494541407,0.8623234033584595,0.9778392910957336,-0.0003698474611155689,0.8541076183319092,0.9852954149246216,0.00013137045607436448,0.9037944078445435,0.9356987476348877,-0.0006933679687790573,0.892808198928833,0.9600775241851807,-0.00025359916617162526,0.884047269821167,0.9727896451950073,0.002988051623106003,0.8769444823265076,0.9795902967453003,0.0052724420092999935,0.0,0.0,0.0,0.0,0.0,0.0,0.0,0.0,0.0,0.0,0.0,0.0,0.0,0.0,0.0,0.0,0.0,0.0,0.0,0.0,0.0,0.0,0.0,0.0,0.0,0.0,0.0,0.0,0.0,0.0,0.0,0.0,0.0,0.0,0.0,0.0,0.0,0.0,0.0,0.0,0.0,0.0,0.0,0.0,0.0,0.0,0.0,0.0,0.0,0.0,0.0,0.0,0.0,0.0,0.0,0.0,0.0,0.0,0.0,0.0,0.0,0.0,0.0,3
0.518518328666687,0.5493524670600891,-0.776821494102478,0.5256949067115784,0.5293669104576111,-0.7902399897575378,0.5323371887207031,0.5286415219306946,-0.7905056476593018,0.5390437841415405,0.5279452800750732,-0.7907765507698059,0.5076274871826172,0.5294317603111267,-0.7967301607131958,0.5016533732414246,0.5290858149528503,-0.7968297004699707,0.4951893389225006,0.5287424325942993,-0.796840250492096,0.5532345175743103,0.5201950073242188,-0.7136913537979126,0.4877278804779053,0.5215319395065308,-0.7430779933929443,0.5328194499015808,0.553024172782898,-0.7325996160507202,0.5114771723747253,0.5532534122467041,-0.7411890029907227,0.6231309771537781,0.5457407832145691,-0.5548186898231506,0.441518634557724,0.5353501439094543,-0.5907211303710938,0.7625792026519775,0.6411628127098083,-0.5104597806930542,0.31559234857559204,0.5461922287940979,-0.5448134541511536,0.670240044593811,0.8098054528236389,-0.5238943696022034,0.19215786457061768,0.5504935383796692,-0.5533572435379028,0.6405419111251831,0.8278166055679321,-0.5415545105934143,0.14827683568000793,0.545348584651947,-0.5739461779594421,0.6251882314682007,0.8126972913742065,-0.5454317331314087,0.1285777986049652,0.5007103681564331,-0.6100424528121948,0.6257262825965881,0.8018902540206909,-0.5255496501922607,0.14352485537528992,0.5100839138031006,-0.5700457692146301,0.55377596616745,0.7205798029899597,0.003815404372289777,0.4743383526802063,0.7064952850341797,-0.003592288587242365,0.4182865619659424,0.7388173937797546,0.09179358184337616,0.3208964467048645,0.7755414247512817,0.02624070644378662,0.2817666828632355,0.6691308617591858,0.37874749302864075,0.1959846317768097,0.6389814615249634,0.2567412257194519,0.26765066385269165,0.6579399108886719,0.40874791145324707,0.1923120617866516,0.6178907752037048,0.28141075372695923,0.23583242297172546,0.6550527811050415,0.352644145488739,0.13934040069580078,0.6180726885795593,0.22922365367412567,0.0,0.0,0.0,0.0,0.0,0.0,0.0,0.0,0.0,0.0,0.0,0.0,0.0,0.0,0.0,0.0,0.0,0.0,0.0,0.0,0.0,0.0,0.0,0.0,0.0,0.0,0.0,0.0,0.0,0.0,0.0,0.0,0.0,0.0,0.0,0.0,0.0,0.0,0.0,0.0,0.0,0.0,0.0,0.0,0.0,0.0,0.0,0.0,0.0,0.0,0.0,0.0,0.0,0.0,0.0,0.0,0.0,0.0,0.0,0.0,0.0,0.0,0.0,0.0,0.0,0.0,0.0,0.0,0.0,0.0,0.0,0.0,0.0,0.0,0.0,0.0,0.0,0.0,0.0,0.0,0.0,0.0,0.0,0.0,0.0,0.0,0.0,0.0,0.0,0.0,0.0,0.0,0.0,0.0,0.0,0.0,0.0,0.0,0.0,0.0,0.0,0.0,0.0,0.0,0.0,0.0,0.0,0.0,0.0,0.0,0.0,0.0,0.0,0.0,0.0,0.0,0.0,0.0,0.0,0.0,0.0,0.0,0.0,0.0,0.0,0.0,3
0.555413007736206,0.585552453994751,-0.3618158996105194,0.5666505694389343,0.5540061593055725,-0.3717285692691803,0.5750826597213745,0.5514413118362427,-0.3720627427101135,0.5836032629013062,0.5489500761032104,-0.3724546432495117,0.5421997308731079,0.556042492389679,-0.3773419260978699,0.5364390015602112,0.5241893529891968,-0.3776901364326477,0.5186902284622192,0.5237477421760559,-0.3779505789279938,0.5953884720802307,0.5280765891075134,-0.3098256289958954,0.5112151503562927,0.5355393886566162,-0.34044137597084045,0.568971574306488,0.5873334407806396,-0.3231745958328247,0.5415186882019043,0.589411735534668,-0.33268609642982483,0.6462990641593933,0.5164024829864502,-0.24720747768878937,0.44196924567222595,0.539009153842926,-0.255005806684494,0.687235414981842,0.5461923480033875,-0.195058211684227,0.2785460352897644,0.5452024340629578,-0.26282966136932373,0.6780537366867065,0.5910823345184326,-0.2257433384656906,0.22969377040863037,0.5456004738807678,-0.3457604646682739,0.6800445318222046,0.5908492207527161,-0.23281864821910858,0.20485392212867737,0.5372382998466492,-0.37762483954429626,0.6723528504371643,0.5741235017776489,-0.24027326703071594,0.2196488082408905,0.5130860209465027,-0.3826185464859009,0.6634434461593628,0.5809529423713684,-0.22851037979125977,0.23438513278961182,0.5210023522377014,-0.3518158793449402,0.5990282297134399,0.6804664731025696,0.013693029060959816,0.4954383969306946,0.7033905386924744,-0.01339886523783207,0.6346562504768372,0.7156310677528381,0.1704312115907669,0.5176537036895752,0.7608781456947327,0.10963205993175507,0.6074714660644531,0.8190277814865112,0.3941265642642975,0.528378427028656,0.8197165727615356,0.39959731698036194,0.6015926599502563,0.8283728957176208,0.4248145520687103,0.5331236124038696,0.8137061595916748,0.43351802229881287,0.6035349369049072,0.8848699331283569,0.40903759002685547,0.5356749892234802,0.8899534344673157,0.42214661836624146,0.0,0.0,0.0,0.0,0.0,0.0,0.0,0.0,0.0,0.0,0.0,0.0,0.0,0.0,0.0,0.0,0.0,0.0,0.0,0.0,0.0,0.0,0.0,0.0,0.0,0.0,0.0,0.0,0.0,0.0,0.0,0.0,0.0,0.0,0.0,0.0,0.0,0.0,0.0,0.0,0.0,0.0,0.0,0.0,0.0,0.0,0.0,0.0,0.0,0.0,0.0,0.0,0.0,0.0,0.0,0.0,0.0,0.0,0.0,0.0,0.0,0.0,0.0,0.0,0.0,0.0,0.0,0.0,0.0,0.0,0.0,0.0,0.0,0.0,0.0,0.0,0.0,0.0,0.0,0.0,0.0,0.0,0.0,0.0,0.0,0.0,0.0,0.0,0.0,0.0,0.0,0.0,0.0,0.0,0.0,0.0,0.0,0.0,0.0,0.0,0.0,0.0,0.0,0.0,0.0,0.0,0.0,0.0,0.0,0.0,0.0,0.0,0.0,0.0,0.0,0.0,0.0,0.0,0.0,0.0,0.0,0.0,0.0,0.0,0.0,0.0,3
0.6018874049186707,0.28989747166633606,0.006788886152207851,0.6241921186447144,0.2587074041366577,0.06571497023105621,0.6403259038925171,0.2601991593837738,0.06581257283687592,0.656582236289978,0.26167264580726624,0.06576034426689148,0.5839782357215881,0.2716854512691498,0.06858263909816742,0.5706454515457153,0.27408915758132935,0.06824091076850891,0.5575260519981384,0.2758679687976837,0.06841374933719635,0.6732102036476135,0.29794108867645264,0.27930086851119995,0.5373644232749939,0.30232587456703186,0.290019154548645,0.6250666379928589,0.33821073174476624,0.07890314608812332,0.5704832673072815,0.331694632768631,0.08064053952693939,0.7262315154075623,0.40811586380004883,0.2556092441082001,0.4679134488105774,0.3930014371871948,0.3351850211620331,0.8276928067207336,0.4665648341178894,0.3451048731803894,0.3346364498138428,0.42319971323013306,0.30546197295188904,0.8531012535095215,0.6043532490730286,0.3934638798236847,0.1938207447528839,0.3575044572353363,0.22925332188606262,0.8776038885116577,0.66628497838974,0.4093930125236511,0.17905208468437195,0.320557564496994,0.2286423146724701,0.8374053835868835,0.655095100402832,0.36462533473968506,0.18715156614780426,0.3157843053340912,0.20126155018806458,0.8278156518936157,0.6338956952095032,0.37707048654556274,0.19530217349529266,0.3229774832725525,0.2128559648990631,0.6453477144241333,0.6779259443283081,-0.04890933632850647,0.5091974139213562,0.6672058701515198,0.04877740889787674,0.6230342984199524,0.8066757917404175,-0.33497798442840576,0.44368085265159607,0.8480836153030396,-0.22264941036701202,0.5877927541732788,0.9293515682220459,-0.546959638595581,0.42888298630714417,1.0087847709655762,-0.5824793577194214,0.5647210478782654,0.9861471056938171,-0.570452868938446,0.45027318596839905,1.0504029989242554,-0.6277996301651001,0.5798906683921814,1.0293354988098145,-0.6208277344703674,0.3825817108154297,1.0792560577392578,-0.7285721302032471,0.8604139089584351,0.652736485004425,3.934845551611943e-07,0.8317335844039917,0.687903106212616,0.00429457938298583,0.8126687407493591,0.7166159749031067,0.011532613076269627,0.7998481392860413,0.7389082312583923,0.016690455377101898,0.7876155972480774,0.7554799318313599,0.022355465218424797,0.8372573256492615,0.7339692711830139,0.03866691514849663,0.8217770457267761,0.762545645236969,0.05149151757359505,0.8088310956954956,0.7756053805351257,0.05545224994421005,0.7993887662887573,0.7808457016944885,0.05842871218919754,0.8523338437080383,0.7340005040168762,0.040714364498853683,0.8362194895744324,0.7647355794906616,0.05629844218492508,0.8234661221504211,0.7776749730110168,0.0583699494600296,0.8120633363723755,0.7825701236724854,0.05995326116681099,0.8633750081062317,0.7309179306030273,0.04121570289134979,0.8499295115470886,0.7570522427558899,0.05610882118344307,0.83904629945755,0.772933840751648,0.06017515808343887,0.8279469609260559,0.7809606194496155,0.0623195581138134,0.8701563477516174,0.7246118187904358,0.041022203862667084,0.859901487827301,0.7472615838050842,0.05428566411137581,0.8509275317192078,0.76092129945755,0.06131826341152191,0.8418161273002625,0.7682662010192871,0.06682275980710983,0.15200966596603394,0.38051626086235046,2.4479669491483946e-07,0.14156115055084229,0.3384210765361786,-0.010320659726858139,0.14910203218460083,0.30568671226501465,-0.012170052155852318,0.16296455264091492,0.27939724922180176,-0.013339884579181671,0.17336297035217285,0.2594197690486908,-0.014428163878619671,0.19047822058200836,0.30004769563674927,0.0035128288436681032,0.21758835017681122,0.28177690505981445,0.0008183478494174778,0.2325318455696106,0.267214834690094,-0.004878339357674122,0.24474331736564636,0.2534638047218323,-0.009485822170972824,0.1971067190170288,0.30280426144599915,0.006067370995879173,0.22260530292987823,0.28266996145248413,0.005712237674742937,0.2357255518436432,0.2650609612464905,0.0005709754186682403,0.24802333116531372,0.2490738034248352,-0.00455833226442337,0.19860850274562836,0.3073638677597046,0.006449885666370392,0.21951355040073395,0.28734585642814636,0.005536406300961971,0.23122285306453705,0.2704397439956665,0.0021586355287581682,0.24244914948940277,0.2550484538078308,-0.0014094635844230652,0.19378522038459778,0.3136303722858429,0.005427101161330938,0.20814767479896545,0.29839441180229187,0.004988185595721006,0.21781302988529205,0.2852697968482971,0.0046021901071071625,0.22782237827777863,0.27248188853263855,0.003399549750611186,3
0.5665172338485718,0.5490396618843079,-0.44313257932662964,0.5810717344284058,0.4931574761867523,-0.42712241411209106,0.5859273076057434,0.49448737502098083,-0.4273281693458557,0.6001612544059753,0.4970127046108246,-0.42762652039527893,0.5542631149291992,0.4889841079711914,-0.4271097183227539,0.5504708886146545,0.48830512166023254,-0.4273364543914795,0.5411194562911987,0.48830708861351013,-0.4273126721382141,0.6176918148994446,0.5162025094032288,-0.27359941601753235,0.5298854112625122,0.4980524480342865,-0.2770170271396637,0.5763677358627319,0.5584632158279419,-0.37783879041671753,0.5442354679107666,0.5410178303718567,-0.3791347146034241,0.6782830953598022,0.5985217690467834,-0.21636924147605896,0.4064355492591858,0.5943042039871216,-0.16451646387577057,0.8080984354019165,0.7026882767677307,-0.24210648238658905,0.2546575665473938,0.5706954598426819,-0.2664627134799957,0.7546578645706177,0.8786357045173645,-0.42951926589012146,0.19399963319301605,0.5631510019302368,-0.5081784129142761,0.7498410940170288,0.9239728450775146,-0.47773247957229614,0.18068604171276093,0.5393728613853455,-0.5729694366455078,0.7114455699920654,0.9007918834686279,-0.4845272898674011,0.2025289535522461,0.5231879949569702,-0.5766128301620483,0.7103713750839233,0.8905776143074036,-0.4363059103488922,0.20300960540771484,0.5288602709770203,-0.5196694135665894,0.5780911445617676,0.8273993134498596,-0.004886914510279894,0.4571060538291931,0.8066667318344116,0.00459918100386858,0.5498090982437134,0.7989374399185181,0.38880330324172974,0.43472614884376526,0.7957624197006226,0.3778495490550995,0.4893742501735687,0.8974848389625549,0.7618777751922607,0.4176090359687805,0.8693692684173584,0.6668513417243958,0.48681026697158813,0.8992061614990234,0.8068496584892273,0.4282272756099701,0.8726472854614258,0.6984713077545166,0.4551827311515808,0.9769265055656433,0.7992737293243408,0.38838180899620056,0.9332501888275146,0.6446830034255981,0.7749251127243042,0.8777413964271545,2.016532079096578e-07,0.7399959564208984,0.8867779970169067,0.007934758439660072,0.7065103054046631,0.9008253216743469,0.0065312511287629604,0.6799532175064087,0.9127963781356812,0.0033403015695512295,0.6603455543518066,0.9256142377853394,-0.00184327969327569,0.7075597047805786,0.8991220593452454,-0.015516306273639202,0.6762327551841736,0.9148620367050171,-0.028086861595511436,0.65586918592453,0.927657425403595,-0.0360284298658371,0.6392050981521606,0.9373700022697449,-0.04141172766685486,0.7197284698486328,0.9066994786262512,-0.026001933962106705,0.687709629535675,0.9210443496704102,-0.03977302089333534,0.6667141318321228,0.9359786510467529,-0.048924557864665985,0.6505727767944336,0.9461656212806702,-0.056696970015764236,0.7359141111373901,0.9151391983032227,-0.03456208482384682,0.7085109949111938,0.929038941860199,-0.04633089900016785,0.6908838748931885,0.9422637820243835,-0.051431503146886826,0.67772376537323,0.9513129591941833,-0.05597824603319168,0.7553467154502869,0.9249714016914368,-0.04161513224244118,0.7388264536857605,0.937088668346405,-0.05226608365774155,0.7267981171607971,0.9443956613540649,-0.056055933237075806,0.7168130874633789,0.9531648755073547,-0.05925013870000839,0.18270477652549744,0.5823860764503479,2.1904371294567682e-07,0.21108078956604004,0.5774835348129272,-0.009513882920145988,0.23668158054351807,0.560939371585846,-0.012172829359769821,0.25781697034835815,0.5448588132858276,-0.014955186285078526,0.27699607610702515,0.5373924374580383,-0.01830037496984005,0.24467088282108307,0.5287538766860962,-6.25137981842272e-05,0.26469048857688904,0.5045037865638733,-0.004941840190440416,0.2749103903770447,0.4862930476665497,-0.010530360974371433,0.2832939922809601,0.47075194120407104,-0.015394403599202633,0.2310808300971985,0.5202356576919556,-0.0007743061287328601,0.25051963329315186,0.49670177698135376,-0.005084851756691933,0.26092010736465454,0.4805939495563507,-0.012155302800238132,0.2702886164188385,0.4666803777217865,-0.017860691994428635,0.21323810517787933,0.5185654759407043,-0.003335327375680208,0.22581234574317932,0.49562638998031616,-0.00998158473521471,0.23309606313705444,0.47985225915908813,-0.016880445182323456,0.24056752026081085,0.467248797416687,-0.021796900779008865,0.19036515057086945,0.521210789680481,-0.006799598224461079,0.18946096301078796,0.5001592636108398,-0.014575422741472721,0.18900291621685028,0.4867725968360901,-0.01907935179769993,0.19047781825065613,0.47436413168907166,-0.02204645238816738,3
0.5138756036758423,0.4156666100025177,-0.3686840236186981,0.5017017126083374,0.3736366331577301,-0.4041827321052551,0.5020252466201782,0.37447354197502136,-0.40430116653442383,0.5014832019805908,0.36837196350097656,-0.40442895889282227,0.5065314769744873,0.3822135925292969,-0.3890453279018402,0.5089612007141113,0.3821416199207306,-0.3895503580570221,0.5110219120979309,0.38198795914649963,-0.3894701600074768,0.5085321664810181,0.35397905111312866,-0.5014921426773071,0.520593523979187,0.372653603553772,-0.3821180462837219,0.5259362459182739,0.42779168486595154,-0.38809776306152344,0.5283012390136719,0.43425634503364563,-0.35550007224082947,0.5361718535423279,0.4224121868610382,-0.5352329015731812,0.6067562103271484,0.4727013409137726,-0.30505698919296265,0.633715033531189,0.5059118866920471,-0.6616070866584778,0.6925808191299438,0.5259734988212585,-0.22093471884727478,0.7316569089889526,0.6666789650917053,-0.7810319662094116,0.6572787761688232,0.6301807761192322,-0.21817533671855927,0.7505465745925903,0.6921636462211609,-0.8466957807540894,0.6431049108505249,0.641813337802887,-0.2318590134382248,0.7337112426757812,0.6932685375213623,-0.8787384033203125,0.6326159834861755,0.6424188613891602,-0.28045767545700073,0.7266377806663513,0.690731406211853,-0.7985416650772095,0.6403388977050781,0.6441071033477783,-0.2426404505968094,0.5155836939811707,0.7823594808578491,-0.08630651235580444,0.5501280426979065,0.7998663187026978,0.08594721555709839,0.5058473944664001,0.5570309162139893,-0.002228523837402463,0.4611377716064453,0.5690730810165405,0.19940876960754395,0.3919346332550049,0.6118953824043274,0.3232889175415039,0.32277077436447144,0.594356119632721,0.44309645891189575,0.39286336302757263,0.6336885690689087,0.37049421668052673,0.319162517786026,0.6160532236099243,0.47055473923683167,0.32556161284446716,0.5819518566131592,0.4474553167819977,0.2483019381761551,0.5434075593948364,0.5117698907852173,0.0,0.0,0.0,0.0,0.0,0.0,0.0,0.0,0.0,0.0,0.0,0.0,0.0,0.0,0.0,0.0,0.0,0.0,0.0,0.0,0.0,0.0,0.0,0.0,0.0,0.0,0.0,0.0,0.0,0.0,0.0,0.0,0.0,0.0,0.0,0.0,0.0,0.0,0.0,0.0,0.0,0.0,0.0,0.0,0.0,0.0,0.0,0.0,0.0,0.0,0.0,0.0,0.0,0.0,0.0,0.0,0.0,0.0,0.0,0.0,0.0,0.0,0.0,0.0,0.0,0.0,0.0,0.0,0.0,0.0,0.0,0.0,0.0,0.0,0.0,0.0,0.0,0.0,0.0,0.0,0.0,0.0,0.0,0.0,0.0,0.0,0.0,0.0,0.0,0.0,0.0,0.0,0.0,0.0,0.0,0.0,0.0,0.0,0.0,0.0,0.0,0.0,0.0,0.0,0.0,0.0,0.0,0.0,0.0,0.0,0.0,0.0,0.0,0.0,0.0,0.0,0.0,0.0,0.0,0.0,0.0,0.0,0.0,0.0,0.0,0.0,3
0.5174358487129211,0.571605384349823,-0.8014827966690063,0.5374797582626343,0.4991849362850189,-0.8171795606613159,0.5475791692733765,0.5300514698028564,-0.8174948692321777,0.5578100681304932,0.527856707572937,-0.8177372813224792,0.5164310336112976,0.5091835856437683,-0.815647304058075,0.5196994543075562,0.49373358488082886,-0.8157466053962708,0.51160728931427,0.4909740388393402,-0.8158143162727356,0.5899168252944946,0.4942569136619568,-0.7295648455619812,0.4972758889198303,0.4835589528083801,-0.7219178080558777,0.5426755547523499,0.5728065967559814,-0.7482999563217163,0.5171954035758972,0.5721903443336487,-0.7470329999923706,0.6864891648292542,0.5367847681045532,-0.5867475271224976,0.4607578217983246,0.4842691123485565,-0.5914797186851501,0.7816156148910522,0.6871898174285889,-0.6241455078125,0.2828367054462433,0.5328690409660339,-0.583560585975647,0.6415688395500183,0.8119428753852844,-0.7528499960899353,0.10671402513980865,0.5222401022911072,-0.6632332801818848,0.6223368048667908,0.8616907596588135,-0.7651196718215942,0.0473727323114872,0.4807330071926117,-0.7169710397720337,0.5901256203651428,0.8182827234268188,-0.7599286437034607,0.07252834737300873,0.4753108620643616,-0.7484740614891052,0.5946207046508789,0.8100078105926514,-0.7300999760627747,0.09246917068958282,0.5035321712493896,-0.6834692358970642,0.6194063425064087,0.7364428043365479,0.006971886847168207,0.5074043869972229,0.7072314023971558,-0.00662141153588891,0.6315626502037048,0.7883293032646179,0.31285566091537476,0.47150301933288574,0.8115666508674622,0.20307102799415588,0.6208300590515137,0.8377066850662231,0.8582682609558105,0.5444189310073853,0.8136731386184692,0.8885678052902222,0.6162477731704712,0.8383800387382507,0.9189577102661133,0.5631369352340698,0.7974919080734253,0.9663861393928528,0.6216408014297485,0.8946827054023743,0.9004262089729309,0.5444461107254028,0.8851757645606995,0.9960044026374817,0.0,0.0,0.0,0.0,0.0,0.0,0.0,0.0,0.0,0.0,0.0,0.0,0.0,0.0,0.0,0.0,0.0,0.0,0.0,0.0,0.0,0.0,0.0,0.0,0.0,0.0,0.0,0.0,0.0,0.0,0.0,0.0,0.0,0.0,0.0,0.0,0.0,0.0,0.0,0.0,0.0,0.0,0.0,0.0,0.0,0.0,0.0,0.0,0.0,0.0,0.0,0.0,0.0,0.0,0.0,0.0,0.0,0.0,0.0,0.0,0.0,0.0,0.0,0.07892420887947083,0.49915793538093567,5.733039287747488e-08,0.10546968132257462,0.48819679021835327,-0.010994122363626957,0.11868681013584137,0.46646445989608765,-0.016836494207382202,0.12433034181594849,0.4521242678165436,-0.02236335352063179,0.12698867917060852,0.4446583688259125,-0.028421863913536072,0.08877754211425781,0.4452611207962036,-0.013144601136446,0.09386871755123138,0.426788866519928,-0.01990850642323494,0.0945810079574585,0.41610288619995117,-0.02536211907863617,0.09233051538467407,0.404328852891922,-0.029582887887954712,0.06526093930006027,0.4450906813144684,-0.01296302117407322,0.05724204704165459,0.4221515357494354,-0.016793301329016685,0.05159943923354149,0.41010621190071106,-0.0192628912627697,0.04664188623428345,0.3996785879135132,-0.022427210584282875,0.04521460831165314,0.45236557722091675,-0.014071174897253513,0.03076968528330326,0.42943233251571655,-0.02005309797823429,0.02329583838582039,0.41663867235183716,-0.023248955607414246,0.015787538141012192,0.4059887230396271,-0.025556007400155067,0.02872072532773018,0.46579229831695557,-0.016118871048092842,0.013099830597639084,0.44674190878868103,-0.020888276398181915,0.004963841289281845,0.43596187233924866,-0.021535981446504593,-0.002075307071208954,0.4280136227607727,-0.02233883924782276,3
0.5488685369491577,0.4622323215007782,-0.17400099337100983,0.5402450561523438,0.4443390965461731,-0.2463049590587616,0.5305148363113403,0.44394049048423767,-0.2465488165616989,0.5272185802459717,0.4429619014263153,-0.2465798556804657,0.556496262550354,0.43519264459609985,-0.23687532544136047,0.5627633333206177,0.4357132315635681,-0.23701992630958557,0.5687574148178101,0.43623390793800354,-0.23709139227867126,0.5251082181930542,0.44593486189842224,-0.43886271119117737,0.5815195441246033,0.43961140513420105,-0.39384332299232483,0.5446284413337708,0.46860361099243164,-0.22280947864055634,0.5677412748336792,0.46831178665161133,-0.20989036560058594,0.46618586778640747,0.49735912680625916,-0.4692763686180115,0.6589806079864502,0.5381467342376709,-0.3446963429450989,0.3269500732421875,0.5281895995140076,-0.43004488945007324,0.7217784523963928,0.6589947938919067,-0.21386918425559998,0.1995626986026764,0.455156534910202,-0.34557151794433594,0.7234069108963013,0.792595624923706,-0.12877313792705536,0.2064102441072464,0.432658851146698,-0.39573413133621216,0.7273576855659485,0.8267650604248047,-0.13234123587608337,0.21520455181598663,0.42897599935531616,-0.3778049349784851,0.7195451855659485,0.8086220026016235,-0.16648854315280914,0.2165919989347458,0.4421883225440979,-0.3358590006828308,0.7124627232551575,0.8004986047744751,-0.13616517186164856,0.4767896234989166,0.8390712141990662,-0.049650631844997406,0.5678665041923523,0.8349938988685608,0.04933356121182442,0.37772127985954285,0.7224791049957275,0.3575286269187927,0.5278396606445312,0.7657477855682373,0.49813371896743774,0.32923370599746704,0.7874631881713867,0.7591819763183594,0.5124176144599915,0.8030389547348022,0.8951014280319214,0.3318881094455719,0.810779869556427,0.8070789575576782,0.5078674554824829,0.805467963218689,0.943170428276062,0.29477179050445557,0.7563770413398743,0.8628487586975098,0.5172730088233948,0.7990072965621948,0.9755075573921204,0.1740199476480484,0.45683974027633667,-7.54303854932914e-08,0.1676689237356186,0.43011727929115295,0.010156257078051567,0.17178568243980408,0.4177483916282654,0.01582593098282814,0.17569907009601593,0.40459972620010376,0.01792401261627674,0.18041251599788666,0.39490213990211487,0.01907971128821373,0.21105045080184937,0.42066454887390137,0.02228018268942833,0.21930742263793945,0.40363776683807373,0.023788470774888992,0.2236531674861908,0.3915055990219116,0.02179519273340702,0.22783103585243225,0.38437291979789734,0.019972974434494972,0.2270391434431076,0.4269786477088928,0.014041179791092873,0.24953685700893402,0.4068133533000946,0.017218826338648796,0.2650124728679657,0.3956989645957947,0.016321949660778046,0.2771482467651367,0.387717604637146,0.014866155572235584,0.23705331981182098,0.43919599056243896,0.0046443939208984375,0.2630074918270111,0.4239249527454376,0.004357174038887024,0.2803703546524048,0.4136420786380768,0.001062096212990582,0.29482775926589966,0.4051378071308136,-0.0016954366583377123,0.2434074729681015,0.45718228816986084,-0.0042133936658501625,0.2674403786659241,0.45831817388534546,-0.007098376285284758,0.28474876284599304,0.45533332228660583,-0.0093899667263031,0.29911041259765625,0.4499543309211731,-0.011078099720180035,0.0,0.0,0.0,0.0,0.0,0.0,0.0,0.0,0.0,0.0,0.0,0.0,0.0,0.0,0.0,0.0,0.0,0.0,0.0,0.0,0.0,0.0,0.0,0.0,0.0,0.0,0.0,0.0,0.0,0.0,0.0,0.0,0.0,0.0,0.0,0.0,0.0,0.0,0.0,0.0,0.0,0.0,0.0,0.0,0.0,0.0,0.0,0.0,0.0,0.0,0.0,0.0,0.0,0.0,0.0,0.0,0.0,0.0,0.0,0.0,0.0,0.0,0.0,3
0.5608307719230652,0.4289514124393463,0.06372519582509995,0.5675054788589478,0.42090946435928345,0.039535410702228546,0.5672979950904846,0.42109835147857666,0.03931144252419472,0.566197395324707,0.420877605676651,0.03891757130622864,0.5649580955505371,0.42571821808815,0.05623552203178406,0.5645552277565002,0.42592954635620117,0.05609482526779175,0.5669630765914917,0.42556440830230713,0.056095875799655914,0.5578307509422302,0.42640581727027893,-0.042926229536533356,0.564078688621521,0.43063071370124817,0.028924837708473206,0.5642447471618652,0.4391259253025055,0.04155931994318962,0.5661636590957642,0.4473191201686859,0.06222626566886902,0.5838040709495544,0.4829070270061493,-0.1353103220462799,0.564278244972229,0.5114362239837646,0.04441661387681961,0.623562753200531,0.6511262059211731,-0.2485325038433075,0.5568121671676636,0.6463064551353455,0.04002869874238968,0.6414290070533752,0.8083256483078003,-0.29179486632347107,0.5302760601043701,0.7546312212944031,0.0148300901055336,0.6547827124595642,0.84830242395401,-0.32821378111839294,0.5196749567985535,0.7934771776199341,0.00651192432269454,0.6389408707618713,0.8500989079475403,-0.33291834592819214,0.5244930982589722,0.784637987613678,-0.026048000901937485,0.632182240486145,0.8389109969139099,-0.2947098910808563,0.5284922122955322,0.783906877040863,-0.001607309328392148,0.5689771175384521,0.712207555770874,-0.07532686740159988,0.5541028380393982,0.7253097295761108,0.07489985972642899,0.644675612449646,0.5704822540283203,-0.22853250801563263,0.5016440153121948,0.5768387913703918,-0.11798427999019623,0.676190972328186,0.8178603649139404,-0.17097048461437225,0.5113264322280884,0.8365238904953003,-0.10263746976852417,0.6817387342453003,0.8687574863433838,-0.16186821460723877,0.5214990973472595,0.8853598237037659,-0.09739279001951218,0.6814110279083252,0.8650910258293152,-0.1936165988445282,0.47284021973609924,0.8864520192146301,-0.1343666911125183,0.0,0.0,0.0,0.0,0.0,0.0,0.0,0.0,0.0,0.0,0.0,0.0,0.0,0.0,0.0,0.0,0.0,0.0,0.0,0.0,0.0,0.0,0.0,0.0,0.0,0.0,0.0,0.0,0.0,0.0,0.0,0.0,0.0,0.0,0.0,0.0,0.0,0.0,0.0,0.0,0.0,0.0,0.0,0.0,0.0,0.0,0.0,0.0,0.0,0.0,0.0,0.0,0.0,0.0,0.0,0.0,0.0,0.0,0.0,0.0,0.0,0.0,0.0,0.0,0.0,0.0,0.0,0.0,0.0,0.0,0.0,0.0,0.0,0.0,0.0,0.0,0.0,0.0,0.0,0.0,0.0,0.0,0.0,0.0,0.0,0.0,0.0,0.0,0.0,0.0,0.0,0.0,0.0,0.0,0.0,0.0,0.0,0.0,0.0,0.0,0.0,0.0,0.0,0.0,0.0,0.0,0.0,0.0,0.0,0.0,0.0,0.0,0.0,0.0,0.0,0.0,0.0,0.0,0.0,0.0,0.0,0.0,0.0,0.0,0.0,0.0,3
0.5465933680534363,0.35329797863960266,-0.27997198700904846,0.5387115478515625,0.3369022607803345,-0.34968680143356323,0.5344668626785278,0.33712050318717957,-0.3500812351703644,0.530288815498352,0.33734673261642456,-0.3503149747848511,0.5546519160270691,0.33600500226020813,-0.3350452780723572,0.5600515604019165,0.33581677079200745,-0.3351670801639557,0.5659830570220947,0.33556804060935974,-0.3351818025112152,0.5268374681472778,0.34694454073905945,-0.5177896618843079,0.577022910118103,0.34528324007987976,-0.4518214762210846,0.5429420471191406,0.3695560693740845,-0.320067822933197,0.5566697120666504,0.36980491876602173,-0.30096668004989624,0.47549837827682495,0.44134655594825745,-0.5190616846084595,0.6560809016227722,0.43955910205841064,-0.3870774805545807,0.30852970480918884,0.4564904272556305,-0.4778941571712494,0.7489913702011108,0.5784629583358765,-0.1975848525762558,0.1423298418521881,0.4634305536746979,-0.4571889340877533,0.7533936500549316,0.6813846230506897,-0.09195291250944138,0.11837691068649292,0.5298663973808289,-0.5208813548088074,0.7743368148803711,0.7185927629470825,-0.0915418341755867,0.10443701595067978,0.4529413878917694,-0.5030370354652405,0.7561637163162231,0.7143924832344055,-0.14658507704734802,0.12134110927581787,0.4475899040699005,-0.4468684792518616,0.7454043626785278,0.7074254751205444,-0.10427524894475937,0.49194246530532837,0.7633311748504639,-0.06058682128787041,0.580643892288208,0.7510524988174438,0.06039774417877197,0.41794461011886597,0.8792750835418701,0.27330833673477173,0.5858926773071289,0.8809500336647034,0.4440172612667084,0.4154667258262634,1.0444122552871704,0.6088703870773315,0.5792561769485474,0.9809977412223816,0.8606966733932495,0.42460960149765015,1.0739034414291382,0.650043785572052,0.5739670991897583,0.9943668246269226,0.9124159812927246,0.3922082483768463,1.065403699874878,0.6535390615463257,0.5931800603866577,1.019005537033081,0.9315648078918457,0.0,0.0,0.0,0.0,0.0,0.0,0.0,0.0,0.0,0.0,0.0,0.0,0.0,0.0,0.0,0.0,0.0,0.0,0.0,0.0,0.0,0.0,0.0,0.0,0.0,0.0,0.0,0.0,0.0,0.0,0.0,0.0,0.0,0.0,0.0,0.0,0.0,0.0,0.0,0.0,0.0,0.0,0.0,0.0,0.0,0.0,0.0,0.0,0.0,0.0,0.0,0.0,0.0,0.0,0.0,0.0,0.0,0.0,0.0,0.0,0.0,0.0,0.0,0.7965660095214844,0.7147682309150696,6.755286818815875e-08,0.7699767351150513,0.7257121801376343,-0.004298916086554527,0.7500718832015991,0.7418147325515747,-0.00726509653031826,0.7320788502693176,0.7577895522117615,-0.010425304993987083,0.7162742018699646,0.7672848105430603,-0.01330600306391716,0.7811506986618042,0.7683494687080383,0.005696853157132864,0.779529333114624,0.779609739780426,0.005669712089002132,0.7776812314987183,0.7726490497589111,0.0016007752856239676,0.777783989906311,0.7646068930625916,-0.001599178067408502,0.797174870967865,0.7653771042823792,0.006442212034016848,0.7941031455993652,0.7773680090904236,0.008230241015553474,0.7909573316574097,0.7702106833457947,0.0035729561932384968,0.790765643119812,0.7609304189682007,-0.0008970205090008676,0.8095479011535645,0.7589811086654663,0.006624635774642229,0.8059260845184326,0.7710613012313843,0.008839809335768223,0.8030576705932617,0.7647085785865784,0.007462282665073872,0.802207350730896,0.7562611103057861,0.005287163890898228,0.818469226360321,0.7511821389198303,0.006287256255745888,0.8158698081970215,0.7605264782905579,0.009562193416059017,0.8139595985412598,0.7549982666969299,0.012275970540940762,0.8128839135169983,0.7476299405097961,0.013595257885754108,3
0.6040544509887695,0.40291547775268555,-0.5635471940040588,0.611373782157898,0.36724525690078735,-0.5498949885368347,0.6135984659194946,0.36859890818595886,-0.5500635504722595,0.6158827543258667,0.36937564611434937,-0.5503221154212952,0.5873836874961853,0.3734143376350403,-0.5514098405838013,0.5830913782119751,0.3758947253227234,-0.5516999959945679,0.5757895708084106,0.3685787618160248,-0.5517613887786865,0.6418051719665527,0.37406519055366516,-0.4166746139526367,0.5653679966926575,0.3741047978401184,-0.4199456572532654,0.6175496578216553,0.4283309876918793,-0.5035647749900818,0.5875217318534851,0.4282841384410858,-0.5048558115959167,0.7011392712593079,0.4889689087867737,-0.3024255037307739,0.47171658277511597,0.4900314211845398,-0.3363404870033264,0.803320050239563,0.6003463864326477,-0.24946756660938263,0.3314104378223419,0.5074275732040405,-0.3235485255718231,0.8278422355651855,0.7916057705879211,-0.33167046308517456,0.18731939792633057,0.5065313577651978,-0.3788914084434509,0.8361916542053223,0.8414469957351685,-0.34295159578323364,0.14358782768249512,0.4946250021457672,-0.38851019740104675,0.8073201179504395,0.8353568315505981,-0.38373321294784546,0.14407019317150116,0.4886053502559662,-0.44018006324768066,0.807085394859314,0.8124650716781616,-0.35182300209999084,0.16504926979541779,0.5030909776687622,-0.40384823083877563,0.6267016530036926,0.8054258227348328,0.03170149773359299,0.5142146944999695,0.7979268431663513,-0.031862109899520874,0.7502246499061584,0.863664984703064,-0.11869821697473526,0.45672839879989624,0.8283082246780396,-0.1481272429227829,0.7063394784927368,0.932892918586731,0.16135501861572266,0.44479435682296753,0.9257144927978516,0.09568338096141815,0.6849468946456909,0.9470810294151306,0.19643491506576538,0.45237255096435547,0.9354024529457092,0.12539181113243103,0.7409406304359436,0.9819170832633972,0.14523108303546906,0.4314756989479065,0.9906571507453918,0.04832557588815689,0.8391098976135254,0.8179994821548462,5.969745586753561e-08,0.8117274045944214,0.8300062417984009,-0.005070005543529987,0.790453314781189,0.8472411036491394,-0.00900397077202797,0.7764618396759033,0.8674433827400208,-0.012572214007377625,0.7690226435661316,0.8861225247383118,-0.01549378503113985,0.8170698285102844,0.8801583051681519,-0.003984024282544851,0.8075435757637024,0.8957279920578003,-0.008223330602049828,0.8056727051734924,0.8816227912902832,-0.012833265587687492,0.807927131652832,0.8710647821426392,-0.015805482864379883,0.8350369930267334,0.8790230751037598,-0.004186310805380344,0.8237619996070862,0.8923251628875732,-0.005386225413531065,0.8207600712776184,0.8812962770462036,-0.007801430765539408,0.8231490254402161,0.8711369037628174,-0.011073507368564606,0.849819004535675,0.8726550936698914,-0.004888585302978754,0.839310348033905,0.8847334980964661,-0.005828181281685829,0.8370508551597595,0.8764156103134155,-0.003998500294983387,0.8390491008758545,0.8670984506607056,-0.00405624695122242,0.8614342212677002,0.8645068407058716,-0.006059965118765831,0.8527660369873047,0.875603973865509,-0.005999264772981405,0.8506213426589966,0.8678993582725525,-0.0021563363261520863,0.8524689078330994,0.8588814735412598,0.00018764028209261596,0.0,0.0,0.0,0.0,0.0,0.0,0.0,0.0,0.0,0.0,0.0,0.0,0.0,0.0,0.0,0.0,0.0,0.0,0.0,0.0,0.0,0.0,0.0,0.0,0.0,0.0,0.0,0.0,0.0,0.0,0.0,0.0,0.0,0.0,0.0,0.0,0.0,0.0,0.0,0.0,0.0,0.0,0.0,0.0,0.0,0.0,0.0,0.0,0.0,0.0,0.0,0.0,0.0,0.0,0.0,0.0,0.0,0.0,0.0,0.0,0.0,0.0,0.0,3
0.5763834118843079,0.36805444955825806,-0.4894755482673645,0.5970319509506226,0.3540147840976715,-0.45317935943603516,0.6099317073822021,0.3572221100330353,-0.4532400667667389,0.6131484508514404,0.36013609170913696,-0.45346933603286743,0.5677960515022278,0.34781962633132935,-0.44930657744407654,0.558735728263855,0.34661489725112915,-0.4495542645454407,0.5521500706672668,0.34553661942481995,-0.4495813846588135,0.6288079023361206,0.3789117634296417,-0.24716410040855408,0.5425006151199341,0.3643617331981659,-0.23390038311481476,0.5941689014434814,0.40121564269065857,-0.408918559551239,0.55740886926651,0.39408981800079346,-0.4058554172515869,0.6908853650093079,0.5313469171524048,-0.12850473821163177,0.4563705325126648,0.499968558549881,-0.08261172473430634,0.7720298171043396,0.6720406413078308,-0.005009027197957039,0.2808501124382019,0.5101388692855835,-0.08119620382785797,0.7576093673706055,0.8399322032928467,0.014952270314097404,0.16008557379245758,0.3823271691799164,-0.1400899887084961,0.7591420412063599,0.8867438435554504,0.0262005515396595,0.12585684657096863,0.3442299962043762,-0.14268650114536285,0.7525762915611267,0.876366913318634,-0.03166470676660538,0.13124538958072662,0.3299877345561981,-0.18499717116355896,0.752771258354187,0.8642811179161072,-0.005658510606735945,0.14437468349933624,0.34457796812057495,-0.16058281064033508,0.6196228265762329,0.8344107270240784,0.005802845116704702,0.47856226563453674,0.8271074295043945,-0.004949635826051235,0.6353079080581665,1.0202651023864746,-0.472466379404068,0.4822729527950287,1.0350213050842285,-0.46344056725502014,0.6290212869644165,1.2723448276519775,-0.6886996030807495,0.4483951926231384,1.2955750226974487,-0.7708858251571655,0.6178540587425232,1.3156338930130005,-0.7091795206069946,0.4508745074272156,1.3403435945510864,-0.8033997416496277,0.6321078538894653,1.3437447547912598,-0.8542407155036926,0.438340961933136,1.371113896369934,-0.9924784898757935,0.7434597611427307,0.8546002507209778,1.3914396390646289e-07,0.7222662568092346,0.8570031523704529,-0.01506607886403799,0.7078416347503662,0.8756537437438965,-0.022737305611371994,0.7010064721107483,0.8969713449478149,-0.027662135660648346,0.6965773105621338,0.9170296788215637,-0.03162684664130211,0.7368972897529602,0.8984745740890503,-0.018054606392979622,0.7271308302879333,0.9240138530731201,-0.024469956755638123,0.7141039371490479,0.9277539849281311,-0.02801399677991867,0.7039986848831177,0.923658549785614,-0.029500188305974007,0.7469680905342102,0.9024659395217896,-0.01218560803681612,0.7312018871307373,0.9261744022369385,-0.0171363428235054,0.7170013785362244,0.9273326992988586,-0.019434673711657524,0.7069618701934814,0.9213094115257263,-0.02065965346992016,0.7515581846237183,0.9029108881950378,-0.007149290759116411,0.7334591150283813,0.9238492250442505,-0.011474106460809708,0.720833957195282,0.924220085144043,-0.01276115607470274,0.7125744223594666,0.9195900559425354,-0.013251668773591518,0.752539873123169,0.9010539054870605,-0.0031323470175266266,0.7365632653236389,0.9180811643600464,-0.007032962515950203,0.7256096601486206,0.9206490516662598,-0.008255260065197945,0.718159019947052,0.9177059531211853,-0.00838303193449974,0.13843363523483276,0.37142133712768555,1.1697682822386923e-07,0.1560690999031067,0.35806119441986084,-0.01190291065722704,0.16963914036750793,0.3428603410720825,-0.020225191488862038,0.1781156212091446,0.3281742334365845,-0.02787770703434944,0.18693538010120392,0.3150525987148285,-0.035614073276519775,0.14265844225883484,0.3161983788013458,-0.013808447867631912,0.13811776041984558,0.2948044240474701,-0.021147441118955612,0.13271303474903107,0.28246647119522095,-0.026994286105036736,0.12544913589954376,0.27116692066192627,-0.03138737380504608,0.12556873261928558,0.318204402923584,-0.013428665697574615,0.11443344503641129,0.2962151765823364,-0.019661009311676025,0.10604681074619293,0.28328925371170044,-0.02457999251782894,0.09807556122541428,0.27210983633995056,-0.028741609305143356,0.11108988523483276,0.3252430558204651,-0.014105580747127533,0.0989542230963707,0.30335819721221924,-0.020266976207494736,0.09045390784740448,0.289240300655365,-0.024919524788856506,0.08274644613265991,0.27729174494743347,-0.028179321438074112,0.09851954877376556,0.3362600803375244,-0.01586698740720749,0.08499446511268616,0.317920446395874,-0.02053482085466385,0.07548947632312775,0.3064437806606293,-0.022472044453024864,0.06675097346305847,0.29568544030189514,-0.02403157576918602,3
0.5110874176025391,0.3980712592601776,-0.7484992742538452,0.5254426002502441,0.3692099153995514,-0.7183656692504883,0.5347007513046265,0.3689967393875122,-0.7184725999832153,0.5437816381454468,0.36917921900749207,-0.7184920310974121,0.4941595494747162,0.37348756194114685,-0.708031952381134,0.4842471480369568,0.3768876791000366,-0.708190381526947,0.47490018606185913,0.3810071051120758,-0.7079034447669983,0.563228964805603,0.3876737356185913,-0.4816810190677643,0.4638490080833435,0.4034717381000519,-0.4394714832305908,0.5326738953590393,0.4323727488517761,-0.6547088623046875,0.492915540933609,0.43282169103622437,-0.6440035104751587,0.6475348472595215,0.5448190569877625,-0.28998056054115295,0.40138792991638184,0.5570773482322693,-0.220716193318367,0.7167981266975403,0.7185837626457214,-0.056737370789051056,0.19070300459861755,0.6277328729629517,-0.3870506286621094,0.7296807169914246,0.9275335073471069,-0.007850470952689648,0.17191258072853088,0.4537859559059143,-0.7035379409790039,0.7348102331161499,0.9820109605789185,0.004208196420222521,0.16643193364143372,0.3996535539627075,-0.7486511468887329,0.7161762714385986,0.977923572063446,-0.04593292623758316,0.1806589812040329,0.389718234539032,-0.7485685348510742,0.7143368721008301,0.9601417183876038,-0.023596299812197685,0.18518343567848206,0.4064040780067444,-0.7154108285903931,0.5986173152923584,0.9367830753326416,0.006323365960270166,0.4455804228782654,0.9478189945220947,-0.004635687451809645,0.6223132014274597,1.2261526584625244,-0.0003072787949349731,0.4726831018924713,1.2648653984069824,0.06954099237918854,0.6352782249450684,1.4637620449066162,0.4301759600639343,0.48340263962745667,1.5345255136489868,0.31859728693962097,0.6375674605369568,1.5006548166275024,0.4754227101802826,0.4878169894218445,1.5687501430511475,0.339707612991333,0.6330982446670532,1.5622628927230835,0.3160969614982605,0.49862876534461975,1.643714189529419,0.11523675918579102,0.7239302396774292,0.9450910687446594,2.012010611451842e-07,0.6977419257164001,0.951954185962677,-0.015540968626737595,0.6774149537086487,0.9743115901947021,-0.022095398977398872,0.6644487380981445,0.9995599389076233,-0.02550310268998146,0.6619686484336853,1.020709753036499,-0.028383875265717506,0.7006101012229919,1.0137014389038086,-0.01723559945821762,0.6920459866523743,1.0415672063827515,-0.024060159921646118,0.6863149404525757,1.0586514472961426,-0.029287423938512802,0.682222843170166,1.0697953701019287,-0.032619792968034744,0.7178429961204529,1.0184346437454224,-0.011421075090765953,0.7104142308235168,1.0462862253189087,-0.01726716198027134,0.7056807279586792,1.0623834133148193,-0.021320432424545288,0.7024255990982056,1.0745967626571655,-0.024307917803525925,0.7312058210372925,1.01841139793396,-0.0064543867483735085,0.7249723076820374,1.0444002151489258,-0.01141694188117981,0.7211325764656067,1.060387372970581,-0.01259617879986763,0.7180765867233276,1.0727566480636597,-0.013431672938168049,0.7410200238227844,1.0146888494491577,-0.002685808576643467,0.7367141842842102,1.0377165079116821,-0.006888208445161581,0.7335540056228638,1.051016092300415,-0.007392475847154856,0.7309422492980957,1.0610158443450928,-0.007253257092088461,0.17242921888828278,0.44103866815567017,1.23507916782728e-07,0.19904643297195435,0.436453253030777,-0.005496603902429342,0.22262398898601532,0.4272235333919525,-0.0060019725933671,0.23494315147399902,0.4125804305076599,-0.007113166619092226,0.24235963821411133,0.39755871891975403,-0.008760480210185051,0.2061411589384079,0.39879149198532104,0.001727079157717526,0.21641109883785248,0.3771106004714966,-0.0009656712645664811,0.22071805596351624,0.3619859516620636,-0.004277672618627548,0.2234203815460205,0.3476794362068176,-0.006877542473375797,0.18971288204193115,0.39207786321640015,0.0011119282571598887,0.19630061089992523,0.36914709210395813,-0.00045615489943884313,0.19848239421844482,0.35222432017326355,-0.004287858959287405,0.1992911696434021,0.33711764216423035,-0.007827682420611382,0.1728537678718567,0.3922237157821655,-0.0007466235547326505,0.17265385389328003,0.37025123834609985,-0.0038068857975304127,0.17198389768600464,0.35573023557662964,-0.007716000080108643,0.17209748923778534,0.3420789837837219,-0.010946298018097878,0.1549704223871231,0.3971709907054901,-0.0032653766684234142,0.14905515313148499,0.38134950399398804,-0.006729953456670046,0.1444166600704193,0.37058863043785095,-0.008388961665332317,0.14082297682762146,0.3603825867176056,-0.009713937528431416,3
0.5261324644088745,0.3717699646949768,-0.7677712440490723,0.5466657280921936,0.34080028533935547,-0.7408506870269775,0.5576130151748657,0.34109506011009216,-0.7409033179283142,0.5674030780792236,0.3414176106452942,-0.7410022020339966,0.5203677415847778,0.34132879972457886,-0.7341904640197754,0.5135003924369812,0.3414236009120941,-0.7344042062759399,0.5062681436538696,0.34185394644737244,-0.7343517541885376,0.590418815612793,0.359245240688324,-0.5157687664031982,0.5026316046714783,0.35793644189834595,-0.48502904176712036,0.5493651032447815,0.4052344560623169,-0.6758454442024231,0.514580249786377,0.40541988611221313,-0.6673192381858826,0.6848741173744202,0.5189338326454163,-0.35072705149650574,0.4298519492149353,0.5061697363853455,-0.32212650775909424,0.7428953647613525,0.690731942653656,-0.3539029359817505,0.25506898760795593,0.5581254363059998,-0.5323429107666016,0.723600447177887,0.8800405263900757,-0.5444257259368896,0.1788875311613083,0.4461904466152191,-0.9247640371322632,0.7275604009628296,0.9547992944717407,-0.5758699774742126,0.16623149812221527,0.3907071053981781,-1.0013196468353271,0.7044607400894165,0.9228652715682983,-0.6336576342582703,0.1837524026632309,0.37329715490341187,-1.0114564895629883,0.6956526041030884,0.9049252271652222,-0.5700610280036926,0.19342860579490662,0.38878902792930603,-0.9410549998283386,0.6133556962013245,0.8863775134086609,0.017739323899149895,0.4719236493110657,0.8811382055282593,-0.0167947169393301,0.6486304402351379,1.0599987506866455,-0.13298103213310242,0.5172538161277771,1.1035449504852295,-0.191018745303154,0.6106483340263367,1.1944442987442017,0.3277975022792816,0.49517983198165894,1.239022970199585,0.22068965435028076,0.6037336587905884,1.204783320426941,0.37184494733810425,0.4898603856563568,1.2453454732894897,0.2507048547267914,0.6005765199661255,1.276537299156189,0.27825215458869934,0.5065801739692688,1.3276067972183228,0.13812534511089325,0.0,0.0,0.0,0.0,0.0,0.0,0.0,0.0,0.0,0.0,0.0,0.0,0.0,0.0,0.0,0.0,0.0,0.0,0.0,0.0,0.0,0.0,0.0,0.0,0.0,0.0,0.0,0.0,0.0,0.0,0.0,0.0,0.0,0.0,0.0,0.0,0.0,0.0,0.0,0.0,0.0,0.0,0.0,0.0,0.0,0.0,0.0,0.0,0.0,0.0,0.0,0.0,0.0,0.0,0.0,0.0,0.0,0.0,0.0,0.0,0.0,0.0,0.0,0.15993767976760864,0.42473679780960083,4.035860285966919e-07,0.19278667867183685,0.39735111594200134,0.002201259369030595,0.21412239968776703,0.3813805878162384,0.01025125291198492,0.23150810599327087,0.3657349646091461,0.01601925864815712,0.23531965911388397,0.3469260632991791,0.02176225744187832,0.19796204566955566,0.3575831353664398,0.044311072677373886,0.21489658951759338,0.3333969712257385,0.057582929730415344,0.22522631287574768,0.31972575187683105,0.05803554132580757,0.23365719616413116,0.30597028136253357,0.056327953934669495,0.1832074373960495,0.3540620803833008,0.04522140324115753,0.19279462099075317,0.3313795328140259,0.05939976125955582,0.19995561242103577,0.3155173659324646,0.05355063080787659,0.20851139724254608,0.30620601773262024,0.04667279124259949,0.1678154170513153,0.3525649309158325,0.043915748596191406,0.17618362605571747,0.33164873719215393,0.05680115148425102,0.18342097103595734,0.3195507824420929,0.05315147340297699,0.19368067383766174,0.3144565522670746,0.04762781783938408,0.15072934329509735,0.35694175958633423,0.041607409715652466,0.15404967963695526,0.3390399217605591,0.053040072321891785,0.15959280729293823,0.32879340648651123,0.055120475590229034,0.16841237246990204,0.32359081506729126,0.05443190783262253,3
0.5032474994659424,0.3791562616825104,-0.29614585638046265,0.5142921209335327,0.3555265963077545,-0.24809865653514862,0.5235562324523926,0.35435259342193604,-0.24795982241630554,0.5315385460853577,0.3531002998352051,-0.2479296624660492,0.48919740319252014,0.35848525166511536,-0.25035223364830017,0.4818089008331299,0.3590781092643738,-0.2506711781024933,0.47397691011428833,0.3594018518924713,-0.25042077898979187,0.5452186465263367,0.36530929803848267,0.0022722608409821987,0.4703945517539978,0.374381422996521,-0.012983198277652264,0.5241137742996216,0.40476933121681213,-0.20421545207500458,0.4889092445373535,0.4091685116291046,-0.20871929824352264,0.6268380880355835,0.5174002051353455,0.10912191867828369,0.39948979020118713,0.5258386731147766,0.08940818160772324,0.7022791504859924,0.6611346006393433,0.23349395394325256,0.19492876529693604,0.5692530274391174,-0.09756270796060562,0.7057055234909058,0.8427001237869263,0.0998457595705986,0.1641351580619812,0.40459778904914856,-0.41179221868515015,0.7124621868133545,0.9029312133789062,0.0769631415605545,0.16656620800495148,0.35661378502845764,-0.4820176959037781,0.6905602216720581,0.8982387185096741,0.009761960245668888,0.1791805475950241,0.3474380671977997,-0.4861167371273041,0.6842389702796936,0.8818739652633667,0.0693608969449997,0.18000350892543793,0.36162611842155457,-0.42811426520347595,0.5940462350845337,0.886545717716217,0.013617664575576782,0.44943228363990784,0.889835774898529,-0.011763538233935833,0.6012121438980103,1.1766560077667236,-0.25916069746017456,0.46554476022720337,1.176963210105896,-0.23279714584350586,0.6017197370529175,1.450760006904602,-0.12156382948160172,0.47703176736831665,1.4707590341567993,-0.25609081983566284,0.5995035171508789,1.4864325523376465,-0.1069573387503624,0.4751307964324951,1.5041027069091797,-0.2645374834537506,0.5996480584144592,1.5515589714050293,-0.2934817373752594,0.5037156343460083,1.5799756050109863,-0.5108296275138855,0.7034868597984314,0.8415376543998718,2.0601844141765469e-07,0.6774099469184875,0.8610622882843018,-0.010805233381688595,0.6637757420539856,0.8835346698760986,-0.016982194036245346,0.6572945713996887,0.9097261428833008,-0.02173597365617752,0.6509131193161011,0.9309375286102295,-0.025786733254790306,0.6965843439102173,0.9108421206474304,-0.009565409272909164,0.6825471520423889,0.9443142414093018,-0.015351932495832443,0.6672300696372986,0.952157735824585,-0.019840747117996216,0.6559669375419617,0.9545870423316956,-0.022332698106765747,0.7109454870223999,0.9119595289230347,-0.006377413868904114,0.695934534072876,0.9508085250854492,-0.011934050358831882,0.6788939833641052,0.9559710621833801,-0.015138660557568073,0.6665355563163757,0.9518528580665588,-0.0166214257478714,0.7192665338516235,0.9082084894180298,-0.0039689973928034306,0.7079538702964783,0.9434357285499573,-0.008147775195538998,0.692351758480072,0.9506427049636841,-0.009210865944623947,0.6804956197738647,0.9485288858413696,-0.009352089837193489,0.7230440974235535,0.9021703600883484,-0.0025082589127123356,0.7147480249404907,0.9310434460639954,-0.005283317528665066,0.7032015323638916,0.9403587579727173,-0.0049763876013457775,0.6934043765068054,0.9412822723388672,-0.0040207477286458015,0.14241212606430054,0.41266244649887085,2.3796729919922655e-07,0.16945259273052216,0.3986850678920746,-0.007478608284145594,0.19147641956806183,0.3869608938694,-0.006790541112422943,0.2100236862897873,0.3768850564956665,-0.006595751270651817,0.2240031510591507,0.3706893026828766,-0.006277493201196194,0.19066905975341797,0.3605426847934723,0.015324810519814491,0.2061067521572113,0.33969253301620483,0.017408082261681557,0.21259666979312897,0.3270718455314636,0.014198112301528454,0.21767674386501312,0.3137522041797638,0.010979091748595238,0.17749938368797302,0.3549499809741974,0.01728828437626362,0.18973954021930695,0.3346303105354309,0.02092273160815239,0.19515328109264374,0.3194221556186676,0.015589977614581585,0.19998690485954285,0.30694520473480225,0.01036857906728983,0.16247756779193878,0.3540073335170746,0.017022693529725075,0.17198672890663147,0.3345259428024292,0.019727284088730812,0.17602676153182983,0.32028138637542725,0.01583958975970745,0.17984619736671448,0.3095870018005371,0.011949867941439152,0.14535030722618103,0.35624822974205017,0.01540667749941349,0.14970020949840546,0.34154489636421204,0.017571216449141502,0.15232637524604797,0.3299452066421509,0.01738877035677433,0.15589113533496857,0.31993773579597473,0.016591375693678856,3
0.5238530039787292,0.3479531705379486,-0.7358612418174744,0.5431903600692749,0.3327598571777344,-0.7062550783157349,0.5519109964370728,0.33762550354003906,-0.7064403891563416,0.5602114200592041,0.3416873514652252,-0.7066172361373901,0.5215033888816833,0.3211747705936432,-0.7075326442718506,0.5152716040611267,0.31849902868270874,-0.7079225182533264,0.5085664391517639,0.31605425477027893,-0.7079461216926575,0.5695792436599731,0.3560791015625,-0.4864194393157959,0.5014865398406982,0.3289574086666107,-0.49901503324508667,0.5386481285095215,0.384992778301239,-0.6492865681648254,0.5060372352600098,0.37144365906715393,-0.6529037356376648,0.6235549449920654,0.4943808913230896,-0.34777969121932983,0.4207680821418762,0.46095725893974304,-0.3293708860874176,0.6740456819534302,0.6443690061569214,-0.3135475516319275,0.23922641575336456,0.5201433897018433,-0.6063210964202881,0.6490210294723511,0.7998054623603821,-0.43346190452575684,0.3210156559944153,0.3777087330818176,-0.8814188838005066,0.6422999501228333,0.8449954390525818,-0.4663122296333313,0.34769871830940247,0.3374333679676056,-0.9609471559524536,0.6287826895713806,0.8383066058158875,-0.4959847331047058,0.3613887429237366,0.33482885360717773,-0.9019287824630737,0.6296069622039795,0.8211396336555481,-0.4465220868587494,0.3575804829597473,0.34939923882484436,-0.8683282136917114,0.5527848601341248,0.8424792885780334,-0.02132556587457657,0.43964868783950806,0.8394877910614014,0.022282196208834648,0.5258702635765076,1.0458455085754395,-0.14408135414123535,0.4284307062625885,1.0594310760498047,0.09947393089532852,0.5380409955978394,1.324060082435608,0.17234517633914948,0.42404159903526306,1.3119069337844849,0.4080016016960144,0.5389999151229858,1.3493857383728027,0.206668883562088,0.4288969933986664,1.3396875858306885,0.43665653467178345,0.519637942314148,1.4319329261779785,0.045449018478393555,0.41167202591896057,1.4062082767486572,0.26315465569496155,0.6569935083389282,0.7821082472801208,1.5414293841331528e-07,0.6362748146057129,0.7877002954483032,-0.011248596012592316,0.6224013566970825,0.8059461712837219,-0.015333643183112144,0.6150534152984619,0.8291021585464478,-0.01679157093167305,0.610507071018219,0.8470892906188965,-0.01708170957863331,0.6493216156959534,0.8299701809883118,-0.01299130916595459,0.6376729011535645,0.8594003915786743,-0.016649579629302025,0.6250410676002502,0.8634006977081299,-0.01817074976861477,0.6152420043945312,0.8621687889099121,-0.01839728280901909,0.6592112183570862,0.8342655897140503,-0.007209000643342733,0.6438421010971069,0.8616145849227905,-0.009543120861053467,0.63007652759552,0.8640764355659485,-0.01020664069801569,0.6198803186416626,0.8600955009460449,-0.010497656650841236,0.6637927889823914,0.83469557762146,-0.001866474049165845,0.6504116058349609,0.8566731214523315,-0.0036878061946481466,0.6382649540901184,0.8584216833114624,-0.004426097963005304,0.6292506456375122,0.8543060421943665,-0.004767335020005703,0.6648730039596558,0.833372950553894,0.002678912365809083,0.6545701622962952,0.8504783511161804,0.0009260082733817399,0.6446703672409058,0.8542234897613525,0.00028452835977077484,0.6366404891014099,0.8524380922317505,0.00045305705862119794,0.3230973184108734,0.37805506587028503,6.962336129845426e-08,0.35204386711120605,0.3792738616466522,-0.006454045884311199,0.37877601385116577,0.3721676766872406,-0.006611855234950781,0.4003983736038208,0.3631053566932678,-0.007305007427930832,0.4164648950099945,0.35473349690437317,-0.00865159835666418,0.36825838685035706,0.3437803089618683,0.0032141748815774918,0.38181233406066895,0.32675155997276306,0.0014560155104845762,0.3883105218410492,0.3157379925251007,-0.0029348002281039953,0.39462536573410034,0.3051590323448181,-0.007146908901631832,0.35367655754089355,0.3345773220062256,0.002118858974426985,0.3624158203601837,0.31677326560020447,0.000496520078741014,0.3676290512084961,0.3032381236553192,-0.00566161097958684,0.3718768358230591,0.292163223028183,-0.011634173803031445,0.33766794204711914,0.32987940311431885,-0.00032372685382142663,0.34376972913742065,0.31422731280326843,-0.0021899831481277943,0.3483623266220093,0.3027051091194153,-0.005662370007485151,0.3536514639854431,0.293463796377182,-0.00968579389154911,0.3201436400413513,0.3293989896774292,-0.003914850763976574,0.31961846351623535,0.31560689210891724,-0.005990401841700077,0.3206774592399597,0.30699998140335083,-0.006885150447487831,0.3227415680885315,0.30058443546295166,-0.008528617210686207,3
0.5224641561508179,0.37730324268341064,-0.7096056938171387,0.5388986468315125,0.35758116841316223,-0.6809149980545044,0.5473595261573792,0.35913726687431335,-0.6809032559394836,0.555133044719696,0.3601156175136566,-0.6809557676315308,0.5139949321746826,0.3542856276035309,-0.6784188151359558,0.50628262758255,0.3536125123500824,-0.6786712408065796,0.4998140335083008,0.35289496183395386,-0.6786686778068542,0.568280041217804,0.36792299151420593,-0.46652752161026,0.4949236512184143,0.3585760295391083,-0.4681365489959717,0.5401020050048828,0.4062555730342865,-0.6217014193534851,0.5069301128387451,0.40189096331596375,-0.6204438209533691,0.639217734336853,0.49525922536849976,-0.31085118651390076,0.42763644456863403,0.48250246047973633,-0.3083629906177521,0.6937717199325562,0.5896493792533875,-0.23661133646965027,0.2865961194038391,0.5544648766517639,-0.5061808824539185,0.6905316710472107,0.7625516653060913,-0.30902737379074097,0.25446391105651855,0.41876670718193054,-0.8505029678344727,0.6954798102378845,0.810865581035614,-0.31699416041374207,0.24813330173492432,0.36966410279273987,-0.9276083111763,0.6819033026695251,0.804733157157898,-0.3666080832481384,0.25597625970840454,0.3597508370876312,-0.9049294590950012,0.6760470867156982,0.7955182194709778,-0.32856208086013794,0.26510506868362427,0.3777565062046051,-0.8555655479431152,0.556551992893219,0.8329994678497314,-0.00915328599512577,0.43692272901535034,0.8291152119636536,0.01064261607825756,0.5409642457962036,0.9572998285293579,-0.4545425772666931,0.42354249954223633,1.0165436267852783,-0.1758173406124115,0.5333124399185181,1.234048843383789,-0.2552030682563782,0.40955623984336853,1.2392882108688354,0.007501085288822651,0.532039999961853,1.2622184753417969,-0.2342853993177414,0.40858277678489685,1.261705994606018,0.02295476756989956,0.5193942785263062,1.3352328538894653,-0.4340589940547943,0.41611701250076294,1.3397157192230225,-0.17495442926883698,0.6983765959739685,0.7604042887687683,1.5232886596550088e-07,0.6773717403411865,0.7725318670272827,-0.005257382523268461,0.665527880191803,0.7890152335166931,-0.008224676363170147,0.6611061096191406,0.8085563778877258,-0.010198558680713177,0.6630292534828186,0.8233422040939331,-0.011992751620709896,0.685499906539917,0.812280535697937,-0.008265847340226173,0.6795740127563477,0.8365060091018677,-0.011976633220911026,0.6725170016288757,0.8421465754508972,-0.014187242835760117,0.6661959290504456,0.8405988812446594,-0.014797828160226345,0.6997503638267517,0.8122736215591431,-0.006527591031044722,0.6954046487808228,0.8392915725708008,-0.008595997467637062,0.6877005696296692,0.8451610803604126,-0.009183740243315697,0.6810299158096313,0.8427740335464478,-0.009409838356077671,0.7110596895217896,0.8078442215919495,-0.004882826469838619,0.7091079950332642,0.830777108669281,-0.005761376116424799,0.7025972604751587,0.8355885148048401,-0.005187478847801685,0.6967951059341431,0.8332304358482361,-0.004961316008120775,0.7192597389221191,0.8013796210289001,-0.0035977952647954226,0.7181470394134521,0.8191541433334351,-0.0036718170158565044,0.713025689125061,0.8244296312332153,-0.002113119699060917,0.7079389691352844,0.8238161206245422,-0.0006718415534123778,0.24438342452049255,0.43604063987731934,5.251075663181837e-08,0.2679382562637329,0.42540276050567627,-0.004956935998052359,0.28279760479927063,0.4154815077781677,-0.005733882542699575,0.2928115129470825,0.401041716337204,-0.0073251728899776936,0.2999449074268341,0.3887008726596832,-0.009069401770830154,0.269317626953125,0.38432738184928894,0.008217760361731052,0.2737466096878052,0.3659558594226837,0.006629572249948978,0.27479735016822815,0.35632213950157166,0.0018307885620743036,0.27496668696403503,0.3453533351421356,-0.002378355246037245,0.2571137249469757,0.38066837191581726,0.007889295928180218,0.2608341574668884,0.3592911958694458,0.007074685301631689,0.2623523771762848,0.3490636646747589,0.002488901140168309,0.26378703117370605,0.34028100967407227,-0.0018952290993183851,0.24425514042377472,0.38142815232276917,0.005940709728747606,0.24558229744434357,0.3616239130496979,0.004455831367522478,0.24640338122844696,0.35378074645996094,0.0017449522856622934,0.24829606711864471,0.3485190272331238,-0.0009140492766164243,0.22960014641284943,0.3862907886505127,0.00307145225815475,0.2295757383108139,0.37214526534080505,0.0024903537705540657,0.23047997057437897,0.3656722605228424,0.0025400284212082624,0.23252663016319275,0.3617028594017029,0.001857356051914394,3
0.5316813588142395,0.3054177165031433,-0.7452443838119507,0.5458188056945801,0.2791803181171417,-0.7154915928840637,0.5551356673240662,0.280264288187027,-0.7154967784881592,0.5631076097488403,0.2808353006839752,-0.7157085537910461,0.5203115940093994,0.2767043113708496,-0.7107571959495544,0.5121350884437561,0.27634745836257935,-0.7108973264694214,0.5059565305709839,0.27655228972435,-0.7108801007270813,0.5760473012924194,0.29306963086128235,-0.4845794141292572,0.4966054856777191,0.28902292251586914,-0.4636297821998596,0.5491797924041748,0.33477023243904114,-0.6495323181152344,0.5154041051864624,0.33198606967926025,-0.6435040235519409,0.6493696570396423,0.4413776993751526,-0.30353811383247375,0.4258662760257721,0.4204303026199341,-0.27740949392318726,0.6863064765930176,0.5904232263565063,-0.09235195070505142,0.26545026898384094,0.44823187589645386,-0.2677125930786133,0.6782267093658447,0.7480925917625427,-0.03624507412314415,0.16748276352882385,0.33483412861824036,-0.39417797327041626,0.6792965531349182,0.7973207235336304,-0.031660035252571106,0.13847388327121735,0.2871946692466736,-0.4196491837501526,0.6633170247077942,0.7869275212287903,-0.10145119577646255,0.1407865583896637,0.2696964144706726,-0.4618602395057678,0.6582427024841309,0.7708701491355896,-0.060708411037921906,0.15262971818447113,0.2875908613204956,-0.41775593161582947,0.5757054090499878,0.7926757335662842,0.004525758326053619,0.44322457909584045,0.7882763743400574,-0.0031223325058817863,0.565003514289856,0.9781182408332825,-0.2792905271053314,0.4548204839229584,0.9665594100952148,-0.2631314694881439,0.5523345470428467,1.2532449960708618,-0.10971574485301971,0.4615872800350189,1.2633609771728516,-0.20900678634643555,0.5463355779647827,1.2800605297088623,-0.08975651115179062,0.4593220353126526,1.2909810543060303,-0.2033962458372116,0.5427874326705933,1.3587149381637573,-0.2448166161775589,0.47836774587631226,1.3769128322601318,-0.39619797468185425,0.6885478496551514,0.7439552545547485,1.0085981472229832e-07,0.6668908596038818,0.75276780128479,-0.008815707638859749,0.6562931537628174,0.7739453315734863,-0.012925715185701847,0.6537904739379883,0.7975683212280273,-0.0151827996596694,0.6526144742965698,0.8150498270988464,-0.016891274601221085,0.6798906922340393,0.7939519882202148,-0.012163207866251469,0.673529326915741,0.823323130607605,-0.01634659618139267,0.6633089780807495,0.8293012380599976,-0.018330853432416916,0.655208945274353,0.8282596468925476,-0.018971683457493782,0.693085253238678,0.7951892614364624,-0.00846527423709631,0.6836935877799988,0.8236768245697021,-0.010472438298165798,0.6738241314888,0.8241773247718811,-0.010432583279907703,0.6678915023803711,0.8186777830123901,-0.010423561558127403,0.7016894817352295,0.7926022410392761,-0.005102824419736862,0.6929631233215332,0.8173460960388184,-0.006387630011886358,0.6841976642608643,0.8174014091491699,-0.005522086285054684,0.6790803074836731,0.8114117980003357,-0.005170055199414492,0.7064681649208069,0.7881868481636047,-0.0023926859721541405,0.700305700302124,0.8077088594436646,-0.0039097610861063,0.6933239102363586,0.809626042842865,-0.00327593507245183,0.6890630722045898,0.8054111003875732,-0.0024665778037160635,0.1613178849220276,0.3175997734069824,1.6845794093001132e-08,0.17518724501132965,0.3036004900932312,-0.014183588325977325,0.1826094388961792,0.28456002473831177,-0.022470902651548386,0.1838846057653427,0.26796847581863403,-0.029805634170770645,0.18489988148212433,0.25451481342315674,-0.03746242821216583,0.15924301743507385,0.2585983872413635,-0.018072811886668205,0.1548781394958496,0.2403428852558136,-0.02884725295007229,0.15072625875473022,0.23190347850322723,-0.03757995367050171,0.1452007293701172,0.22550001740455627,-0.04357962682843208,0.14399661123752594,0.2624335289001465,-0.017156079411506653,0.13486707210540771,0.24007348716259003,-0.026340994983911514,0.12838159501552582,0.22966885566711426,-0.033252257853746414,0.12245539575815201,0.2216753512620926,-0.03893308341503143,0.13132637739181519,0.2710829973220825,-0.01768312230706215,0.12008211761713028,0.24992133677005768,-0.025946982204914093,0.11411342769861221,0.23859605193138123,-0.031356051564216614,0.10994739085435867,0.2296694666147232,-0.0356903113424778,0.12019972503185272,0.28473588824272156,-0.019511373713612556,0.10600163787603378,0.26970618963241577,-0.025906821712851524,0.09767577052116394,0.2598409056663513,-0.029201356694102287,0.09125049412250519,0.2499380260705948,-0.03232145681977272,3
0.5438361167907715,0.41348639130592346,-0.8389423489570618,0.5581023097038269,0.38456931710243225,-0.8199740648269653,0.567048966884613,0.38305479288101196,-0.8199527859687805,0.5754679441452026,0.3808782398700714,-0.8200799226760864,0.5312044024467468,0.38645896315574646,-0.8151570558547974,0.5221521258354187,0.3863987922668457,-0.8153520822525024,0.5137317776679993,0.38631823658943176,-0.8153030276298523,0.5908418893814087,0.3862900137901306,-0.6076487302780151,0.505223274230957,0.39196398854255676,-0.5849190354347229,0.5604244470596313,0.43863531947135925,-0.7466078996658325,0.5309028029441833,0.43860718607902527,-0.7406433820724487,0.651466965675354,0.509285032749176,-0.4229637086391449,0.45653557777404785,0.48251470923423767,-0.38337165117263794,0.6979073286056519,0.6582650542259216,-0.2777590751647949,0.32057613134384155,0.5266419053077698,-0.5382617712020874,0.7046653032302856,0.8042563796043396,-0.29404836893081665,0.2147478610277176,0.4188809096813202,-0.8925859332084656,0.7019447684288025,0.8499353528022766,-0.31251758337020874,0.19177797436714172,0.37924861907958984,-0.9710615873336792,0.6931296586990356,0.8405542373657227,-0.38435864448547363,0.1974162608385086,0.3628397583961487,-0.9968880414962769,0.6906511187553406,0.82753586769104,-0.322744220495224,0.20779891312122345,0.38092249631881714,-0.9174308776855469,0.5847252607345581,0.8289057016372681,-0.016633542254567146,0.46605372428894043,0.8010784983634949,0.018152553588151932,0.5736123323440552,1.003143310546875,-0.2404787242412567,0.4586245119571686,1.0567964315414429,0.06430873274803162,0.5657744407653809,1.2842084169387817,-0.04971393197774887,0.4562409818172455,1.2810461521148682,0.24041321873664856,0.566193699836731,1.3087657690048218,-0.029536044225096703,0.45830732583999634,1.3053544759750366,0.25555744767189026,0.5449308156967163,1.3847196102142334,-0.23512282967567444,0.4542325437068939,1.3770427703857422,0.0564379021525383,0.7174388766288757,0.8066520690917969,1.6296996818709886e-07,0.6950204372406006,0.8164432644844055,-0.006379144731909037,0.68141770362854,0.8346846103668213,-0.00676326546818018,0.6738486289978027,0.8543235063552856,-0.005367679055780172,0.6713625192642212,0.8686590194702148,-0.0030821054242551327,0.7036550641059875,0.8560153245925903,-0.001497549470514059,0.6904575824737549,0.878449022769928,0.0003137627791147679,0.6804383993148804,0.8819351196289062,0.0013622055994346738,0.673191249370575,0.8818666338920593,0.002361149527132511,0.7134161591529846,0.857049822807312,0.0034875173587352037,0.6985920071601868,0.8786447048187256,0.006077304016798735,0.6880799531936646,0.8810803890228271,0.006711460184305906,0.6798257231712341,0.8786633014678955,0.006907570641487837,0.7181984186172485,0.8541886806488037,0.00818252470344305,0.7040063738822937,0.8722559213638306,0.011199825443327427,0.6941779851913452,0.8749528527259827,0.011966818943619728,0.6865502595901489,0.8725057244300842,0.012023934163153172,0.7199221849441528,0.8494952917098999,0.012292513623833656,0.7092748880386353,0.8647055625915527,0.015026162378489971,0.700331449508667,0.8688092231750488,0.016351331025362015,0.6932360529899597,0.8677217364311218,0.01735711470246315,0.19712987542152405,0.4144219160079956,-1.917089154090945e-09,0.21552112698554993,0.4014703929424286,-0.007868055254220963,0.22574561834335327,0.3850613236427307,-0.011537760496139526,0.2287498414516449,0.3678686320781708,-0.01487459521740675,0.2295050323009491,0.3549334406852722,-0.018415899947285652,0.21041135489940643,0.3629681468009949,-0.00883395690470934,0.20952731370925903,0.34639474749565125,-0.014808540232479572,0.20577247440814972,0.33597609400749207,-0.02016589790582657,0.20021207630634308,0.32528382539749146,-0.024536164477467537,0.1961001604795456,0.36226707696914673,-0.008857968263328075,0.191241055727005,0.3400777578353882,-0.013808365911245346,0.1865605264902115,0.3277699649333954,-0.0183351282030344,0.18146958947181702,0.3163584768772125,-0.022555818781256676,0.18293526768684387,0.3661218583583832,-0.009690528735518456,0.17479759454727173,0.3444889783859253,-0.014975386671721935,0.16837643086910248,0.33333197236061096,-0.018916865810751915,0.16243286430835724,0.3229477107524872,-0.022083912044763565,0.17059104144573212,0.3739510476589203,-0.011260735802352428,0.1606425642967224,0.35733309388160706,-0.015651676803827286,0.15396173298358917,0.3468455970287323,-0.017811283469200134,0.14833533763885498,0.3363671600818634,-0.0198082122951746,3
0.41801196336746216,0.4127475619316101,-0.5550521612167358,0.43135586380958557,0.3798559904098511,-0.5110825300216675,0.4408358633518219,0.37983793020248413,-0.5111730694770813,0.4489687383174896,0.38022202253341675,-0.5112079977989197,0.3980061709880829,0.38102057576179504,-0.5204703211784363,0.38240712881088257,0.38102519512176514,-0.5206798911094666,0.37084129452705383,0.3823949992656708,-0.5206400156021118,0.46146148443222046,0.40109413862228394,-0.27085134387016296,0.344892680644989,0.40778428316116333,-0.3138881027698517,0.43470293283462524,0.4474838078022003,-0.46267032623291016,0.39268431067466736,0.4526602625846863,-0.47634559869766235,0.514775812625885,0.5611019134521484,-0.15055222809314728,0.2587950825691223,0.5745011568069458,-0.2433478832244873,0.6655315160751343,0.5803026556968689,-0.2948269546031952,0.20522363483905792,0.7544443607330322,-0.31718894839286804,0.7969486117362976,0.5034574270248413,-0.6587110161781311,0.22125081717967987,0.8624253869056702,-0.5138782262802124,0.8428244590759277,0.4721897840499878,-0.733777642250061,0.21893438696861267,0.9139959216117859,-0.5653858184814453,0.8393865823745728,0.46229371428489685,-0.7572058439254761,0.23665162920951843,0.8933828473091125,-0.6024803519248962,0.8128750920295715,0.4830387234687805,-0.6853147745132446,0.23762452602386475,0.868069589138031,-0.536679208278656,0.46149906516075134,0.942730188369751,0.02190609648823738,0.31229689717292786,0.9478944540023804,-0.019843868911266327,0.4734678268432617,1.2030060291290283,-0.012283782474696636,0.32416456937789917,1.22675621509552,-0.042726002633571625,0.47133389115333557,1.329251766204834,0.4617326855659485,0.3391880393028259,1.4021875858306885,0.27304643392562866,0.4688824713230133,1.3391363620758057,0.5169758796691895,0.34076839685440063,1.4182336330413818,0.30559176206588745,0.463527113199234,1.4304373264312744,0.43201860785484314,0.36059507727622986,1.5138927698135376,0.17393182218074799,0.8644251227378845,0.43135935068130493,1.931765325480228e-07,0.8419644832611084,0.4215008020401001,-0.020041655749082565,0.8205991983413696,0.40365004539489746,-0.03280063346028328,0.8029063940048218,0.3846023380756378,-0.04366026446223259,0.7872971296310425,0.3729705214500427,-0.05457881838083267,0.8468394875526428,0.3622196614742279,-0.020692497491836548,0.8451889157295227,0.33703216910362244,-0.032607439905405045,0.8502783179283142,0.3218614459037781,-0.0433819442987442,0.858586311340332,0.30779626965522766,-0.0518052913248539,0.8676849007606506,0.3562660217285156,-0.01818007417023182,0.8711435198783875,0.32864537835121155,-0.026657048612833023,0.8778533339500427,0.31150195002555847,-0.03421231731772423,0.8864635229110718,0.2946300208568573,-0.04133136570453644,0.8862323760986328,0.3595746159553528,-0.017900675535202026,0.8936823606491089,0.3338749408721924,-0.025948118418455124,0.9004574418067932,0.31824207305908203,-0.03173593431711197,0.9081515073776245,0.3038637638092041,-0.03651639074087143,0.9031343460083008,0.37093764543533325,-0.019672099500894547,0.9141050577163696,0.35022610425949097,-0.025000549852848053,0.9232031106948853,0.3387756943702698,-0.027634115889668465,0.9320433139801025,0.32710322737693787,-0.03053485043346882,0.0,0.0,0.0,0.0,0.0,0.0,0.0,0.0,0.0,0.0,0.0,0.0,0.0,0.0,0.0,0.0,0.0,0.0,0.0,0.0,0.0,0.0,0.0,0.0,0.0,0.0,0.0,0.0,0.0,0.0,0.0,0.0,0.0,0.0,0.0,0.0,0.0,0.0,0.0,0.0,0.0,0.0,0.0,0.0,0.0,0.0,0.0,0.0,0.0,0.0,0.0,0.0,0.0,0.0,0.0,0.0,0.0,0.0,0.0,0.0,0.0,0.0,0.0,3
0.5244172811508179,0.44310179352760315,-0.20090368390083313,0.537657618522644,0.42045900225639343,-0.1585990935564041,0.5472678542137146,0.4187384843826294,-0.15869154036045074,0.5579740405082703,0.41694164276123047,-0.1588471233844757,0.5116531848907471,0.4258546531200409,-0.13939568400382996,0.5045174360275269,0.4289344251155853,-0.1396787464618683,0.4972588121891022,0.4310154318809509,-0.13961948454380035,0.579931378364563,0.4324278235435486,0.04442623257637024,0.4890519678592682,0.4471985995769501,0.12717215716838837,0.5456341505050659,0.4776822328567505,-0.12556472420692444,0.5113853216171265,0.4823434054851532,-0.10208375751972198,0.6737669706344604,0.5946294665336609,0.07078669965267181,0.4192158281803131,0.5775709748268127,0.2532051205635071,0.7320060729980469,0.7703457474708557,0.061600834131240845,0.26821428537368774,0.6173332333564758,0.13592681288719177,0.7429097890853882,0.9506232738494873,-0.018583402037620544,0.1552138775587082,0.5377541780471802,-0.18422606587409973,0.7596219778060913,0.9985958933830261,-0.033376455307006836,0.1359313726425171,0.4832782745361328,-0.23468561470508575,0.7366777658462524,0.9865352511405945,-0.09956616163253784,0.14221741259098053,0.46049878001213074,-0.26743224263191223,0.7293938994407654,0.975118100643158,-0.04559161886572838,0.14819636940956116,0.48613110184669495,-0.2123551070690155,0.6044954061508179,0.9360812306404114,-0.051132477819919586,0.4484480023384094,0.9307606816291809,0.054138194769620895,0.5932146310806274,1.061558485031128,-0.9116366505622864,0.4817681312561035,1.121057152748108,-0.774131178855896,0.6016415357589722,1.4062790870666504,-1.2128788232803345,0.4702175259590149,1.4673027992248535,-1.1615549325942993,0.6029953360557556,1.4668605327606201,-1.241908311843872,0.474259614944458,1.52683424949646,-1.2055827379226685,0.577767550945282,1.489364504814148,-1.4732635021209717,0.4651947617530823,1.5475269556045532,-1.4768520593643188,0.0,0.0,0.0,0.0,0.0,0.0,0.0,0.0,0.0,0.0,0.0,0.0,0.0,0.0,0.0,0.0,0.0,0.0,0.0,0.0,0.0,0.0,0.0,0.0,0.0,0.0,0.0,0.0,0.0,0.0,0.0,0.0,0.0,0.0,0.0,0.0,0.0,0.0,0.0,0.0,0.0,0.0,0.0,0.0,0.0,0.0,0.0,0.0,0.0,0.0,0.0,0.0,0.0,0.0,0.0,0.0,0.0,0.0,0.0,0.0,0.0,0.0,0.0,0.1268872171640396,0.505888819694519,9.061553640776765e-08,0.14960996806621552,0.49059274792671204,-0.009989272803068161,0.1698828935623169,0.47228509187698364,-0.014889078214764595,0.18594184517860413,0.4551834166049957,-0.019891640171408653,0.20079271495342255,0.44266533851623535,-0.0253965575248003,0.1558113396167755,0.44123637676239014,-0.00453612906858325,0.16198475658893585,0.4176022410392761,-0.010404208675026894,0.16138678789138794,0.40238645672798157,-0.016962697729468346,0.1597544550895691,0.3873581886291504,-0.022294333204627037,0.13950303196907043,0.43855082988739014,-0.005068416707217693,0.14226707816123962,0.4138675928115845,-0.00923126470297575,0.14064453542232513,0.39877596497535706,-0.015065980143845081,0.13905298709869385,0.38399890065193176,-0.020453236997127533,0.12254229187965393,0.4418834149837494,-0.007175211329013109,0.12338912487030029,0.4169723689556122,-0.011809203773736954,0.12226516753435135,0.40209025144577026,-0.015484675765037537,0.12246209383010864,0.38773587346076965,-0.018987175077199936,0.10401885956525803,0.4504379332065582,-0.010552685707807541,0.09845495969057083,0.43145549297332764,-0.014346757903695107,0.09505753219127655,0.4184076488018036,-0.015435263514518738,0.09308899939060211,0.40453678369522095,-0.01683943159878254,3
0.6058660745620728,0.3995935320854187,-0.7187547087669373,0.6229227781295776,0.38127440214157104,-0.6790906190872192,0.6322845220565796,0.3844720423221588,-0.6789693832397461,0.6405152678489685,0.3870898187160492,-0.6788953542709351,0.5950599908828735,0.3722032606601715,-0.6825975775718689,0.586050808429718,0.3695252537727356,-0.6829162836074829,0.578707754611969,0.36732324957847595,-0.6827090382575989,0.6501423120498657,0.4038616120815277,-0.39967185258865356,0.5635474920272827,0.3788832426071167,-0.41965752840042114,0.6202288269996643,0.4338386654853821,-0.6081135869026184,0.5847684144973755,0.4246634542942047,-0.6152564287185669,0.7119227647781372,0.5566399097442627,-0.1942683756351471,0.4654253125190735,0.5201589465141296,-0.22887375950813293,0.7643491625785828,0.6859244108200073,0.024704460054636,0.32123246788978577,0.5565558075904846,-0.45677486062049866,0.7533896565437317,0.8679676651954651,-0.031119033694267273,0.23545965552330017,0.4352159798145294,-0.900274395942688,0.7571609020233154,0.9191870093345642,-0.039133522659540176,0.21599142253398895,0.39126336574554443,-0.9769530296325684,0.7387224435806274,0.899149477481842,-0.1039142981171608,0.23041999340057373,0.3787325918674469,-1.0054727792739868,0.732028603553772,0.8864628076553345,-0.056997984647750854,0.23957303166389465,0.3916440010070801,-0.9274695515632629,0.6336718797683716,0.9378907084465027,0.015403114259243011,0.4852825105190277,0.9305776357650757,-0.01200528908520937,0.6324523091316223,1.2367676496505737,-0.09181219339370728,0.49291905760765076,1.2515599727630615,-0.1198517233133316,0.6274851560592651,1.513664722442627,0.1637631058692932,0.4956642687320709,1.5413635969161987,0.0341564379632473,0.6262447237968445,1.5550322532653809,0.18693450093269348,0.49489933252334595,1.5775882005691528,0.04348241537809372,0.61426842212677,1.6066116094589233,-0.02162260003387928,0.5124885439872742,1.6459766626358032,-0.20538489520549774,0.7666473388671875,0.8686412572860718,2.584053788723395e-07,0.7441844940185547,0.8726316690444946,-0.011398288421332836,0.7283865213394165,0.8965415954589844,-0.013100161217153072,0.7233093976974487,0.9216142296791077,-0.011615624651312828,0.7204310894012451,0.9391440749168396,-0.009003601968288422,0.7554818391799927,0.9246506094932556,-0.008792799897491932,0.7378904223442078,0.9503906965255737,-0.00919653195887804,0.7252656817436218,0.9596496224403381,-0.008646650239825249,0.7155995965003967,0.9633063673973083,-0.007703008130192757,0.7667165398597717,0.9268078207969666,-0.0015247436240315437,0.7474777102470398,0.9494554996490479,-0.0015503282193094492,0.7339925765991211,0.9559450149536133,-0.0010226824088022113,0.7228511571884155,0.9582050442695618,-0.0003692158788908273,0.77137690782547,0.9246875643730164,0.005228104535490274,0.7531780004501343,0.944474458694458,0.004855702165514231,0.7403425574302673,0.9519001841545105,0.004714186303317547,0.7300222516059875,0.9549353718757629,0.004926430061459541,0.7722431421279907,0.920787513256073,0.011216899380087852,0.7577004432678223,0.9393803477287292,0.0103291105479002,0.7459946870803833,0.947248637676239,0.009934457950294018,0.7360028624534607,0.9504321813583374,0.01042348425835371,0.2171173095703125,0.4151204824447632,1.7644345007283846e-07,0.24375608563423157,0.39949342608451843,-0.0028378390707075596,0.26367509365081787,0.38687700033187866,-0.0003279378288425505,0.2773655354976654,0.3692024350166321,0.0007097131456248462,0.28001564741134644,0.3524596095085144,0.0014490134781226516,0.24625258147716522,0.3614225387573242,0.01970534212887287,0.25289076566696167,0.3355894684791565,0.022698981687426567,0.25598594546318054,0.3224002718925476,0.019842835143208504,0.2571588158607483,0.30874016880989075,0.01680873893201351,0.23052427172660828,0.359164297580719,0.019150272011756897,0.234470933675766,0.33295509219169617,0.02303463965654373,0.23677217960357666,0.3156338930130005,0.01713993027806282,0.2396925836801529,0.3019692599773407,0.011253602802753448,0.2138982117176056,0.36135491728782654,0.016716988757252693,0.2140849530696869,0.3376927077770233,0.019447127357125282,0.21454426646232605,0.3222827911376953,0.014434211887419224,0.21733883023262024,0.3096696734428406,0.009478622116148472,0.1958443522453308,0.36922815442085266,0.013436343520879745,0.19245873391628265,0.35111311078071594,0.015720553696155548,0.18905001878738403,0.3385445177555084,0.015171872451901436,0.18818579614162445,0.3272238075733185,0.013647355139255524,3
0.5445753335952759,0.4009018540382385,-0.36397284269332886,0.5545697808265686,0.3797155022621155,-0.3383246660232544,0.5634987950325012,0.3811611235141754,-0.3383277356624603,0.5725598931312561,0.38245248794555664,-0.33826708793640137,0.531846821308136,0.376728355884552,-0.31976157426834106,0.5227336883544922,0.3776679039001465,-0.31992703676223755,0.5139487385749817,0.37870854139328003,-0.31967997550964355,0.5920996069908142,0.40120524168014526,-0.16225236654281616,0.5017555952072144,0.3946332037448883,-0.08137334883213043,0.562875509262085,0.4325674772262573,-0.2974390983581543,0.5297558307647705,0.43293848633766174,-0.27538663148880005,0.6711972951889038,0.575581967830658,-0.09245484322309494,0.4223274290561676,0.5334302186965942,0.052182964980602264,0.6921231746673584,0.7959774136543274,0.01749769225716591,0.2676696181297302,0.5910192131996155,0.05851989984512329,0.6689726114273071,0.9932385087013245,-0.04743114858865738,0.1348370909690857,0.44893133640289307,-0.14200818538665771,0.6927683353424072,1.089478611946106,-0.06815143674612045,0.10688432306051254,0.40534114837646484,-0.17892959713935852,0.6529089212417603,1.0548807382583618,-0.12813015282154083,0.111556276679039,0.38581886887550354,-0.21948489546775818,0.6492509245872498,1.026413083076477,-0.07690755277872086,0.1225503534078598,0.40142545104026794,-0.17328596115112305,0.5705956220626831,0.9794094562530518,-0.007672809064388275,0.41595157980918884,0.9663967490196228,0.010995196178555489,0.5670639276504517,1.3304957151412964,-0.09665774554014206,0.42034363746643066,1.3300855159759521,-0.04628356546163559,0.5650333166122437,1.59425950050354,0.13068749010562897,0.41245073080062866,1.6257340908050537,0.07819230109453201,0.5671284794807434,1.63381826877594,0.15378685295581818,0.4121023714542389,1.663074016571045,0.08769937604665756,0.5464032292366028,1.6950719356536865,-0.031505584716796875,0.4123636782169342,1.7416986227035522,-0.13250486552715302,0.0,0.0,0.0,0.0,0.0,0.0,0.0,0.0,0.0,0.0,0.0,0.0,0.0,0.0,0.0,0.0,0.0,0.0,0.0,0.0,0.0,0.0,0.0,0.0,0.0,0.0,0.0,0.0,0.0,0.0,0.0,0.0,0.0,0.0,0.0,0.0,0.0,0.0,0.0,0.0,0.0,0.0,0.0,0.0,0.0,0.0,0.0,0.0,0.0,0.0,0.0,0.0,0.0,0.0,0.0,0.0,0.0,0.0,0.0,0.0,0.0,0.0,0.0,0.1044168472290039,0.43675196170806885,4.3944936578554916e-08,0.12811274826526642,0.421357125043869,-0.008904824033379555,0.1466452181339264,0.4015650153160095,-0.011855049058794975,0.15666069090366364,0.3824324309825897,-0.014698196202516556,0.16417992115020752,0.36764824390411377,-0.01767975650727749,0.12559856474399567,0.37849974632263184,-0.002405213424935937,0.12484331429004669,0.3566851019859314,-0.0068623581901192665,0.12131267040967941,0.34453511238098145,-0.012074540369212627,0.11766589432954788,0.33303603529930115,-0.015942810103297234,0.1092827096581459,0.3809037208557129,-0.0019479988841339946,0.10759782791137695,0.3582829236984253,-0.004379475023597479,0.10471947491168976,0.3449530303478241,-0.008364371955394745,0.10303407162427902,0.33310356736183167,-0.012170631438493729,0.09433700144290924,0.38703981041908264,-0.003010878339409828,0.09084632992744446,0.36637377738952637,-0.0056329513899981976,0.08840800076723099,0.35400834679603577,-0.007518969010561705,0.08779015392065048,0.3434212803840637,-0.009591277688741684,0.07946062088012695,0.39731329679489136,-0.005342449992895126,0.07182475924491882,0.38218259811401367,-0.007583583705127239,0.06577113270759583,0.3710910975933075,-0.007798347156494856,0.061297643929719925,0.36035463213920593,-0.008366217836737633,3
0.5547187328338623,0.38408544659614563,-0.8229770660400391,0.577165961265564,0.3484138250350952,-0.7927888035774231,0.5869015455245972,0.3487832844257355,-0.7928167581558228,0.5979496240615845,0.34951257705688477,-0.7926799654960632,0.5494465231895447,0.34876078367233276,-0.7813345193862915,0.5422151684761047,0.3493519723415375,-0.7819074392318726,0.5316833257675171,0.3502656817436218,-0.7815076112747192,0.6218127012252808,0.36857372522354126,-0.5315622687339783,0.5285540223121643,0.3674081861972809,-0.47926148772239685,0.576747715473175,0.4193340241909027,-0.7183001041412354,0.5424017310142517,0.42028507590293884,-0.7051054835319519,0.7235276103019714,0.5558909177780151,-0.3084011673927307,0.4439999461174011,0.5284338593482971,-0.23601067066192627,0.7651615738868713,0.7942965626716614,-0.18923360109329224,0.21898694336414337,0.5962699055671692,-0.5229106545448303,0.75724196434021,0.9492006301879883,-0.3284166753292084,0.2071991264820099,0.4584302008152008,-1.1011770963668823,0.7656464576721191,1.0279399156570435,-0.346284419298172,0.21660105884075165,0.40807023644447327,-1.1951117515563965,0.7423174977302551,0.999214768409729,-0.4096076488494873,0.24360127747058868,0.3896331787109375,-1.1946593523025513,0.734569787979126,0.982738196849823,-0.3529474437236786,0.24506227672100067,0.41087406873703003,-1.117981195449829,0.6394304037094116,1.0070804357528687,-0.01794254034757614,0.4729713499546051,0.9729175567626953,0.022130709141492844,0.640623927116394,1.3734138011932373,-0.11430581659078598,0.472661554813385,1.357614278793335,-0.053948648273944855,0.6470509767532349,1.6781514883041382,0.294481098651886,0.479155957698822,1.6868840456008911,0.24800758063793182,0.6552112102508545,1.7288705110549927,0.3318783640861511,0.4815022349357605,1.7362453937530518,0.269226610660553,0.6102641820907593,1.784951090812683,0.08215530216693878,0.485850989818573,1.800279974937439,-0.010140886530280113,0.7690575122833252,0.9340101480484009,1.4813711857186718e-07,0.7416523098945618,0.9422714114189148,-0.017152030020952225,0.7239969968795776,0.9678165316581726,-0.023687252774834633,0.715008556842804,0.9964695572853088,-0.02705550007522106,0.7109569311141968,1.0224696397781372,-0.029079556465148926,0.7497076392173767,1.0208333730697632,-0.012380980886518955,0.7384718060493469,1.0557971000671387,-0.01612868532538414,0.7296010255813599,1.0669623613357544,-0.0200797226279974,0.7240658402442932,1.0709394216537476,-0.022676661610603333,0.7635098695755005,1.024746298789978,-0.004650112707167864,0.7519427537918091,1.059029221534729,-0.007189885713160038,0.7425540089607239,1.0673846006393433,-0.01003850344568491,0.7363864779472351,1.0694081783294678,-0.01247517392039299,0.7726147174835205,1.0236316919326782,0.0018682924564927816,0.7611409425735474,1.055245041847229,-6.968538218643516e-05,0.7525624632835388,1.063409447669983,0.0006345784058794379,0.7465113401412964,1.0659769773483276,0.0008318548207171261,0.7781301140785217,1.0193274021148682,0.006841286085546017,0.7688862085342407,1.0472620725631714,0.00626799464225769,0.7602621912956238,1.0574760437011719,0.008029642514884472,0.7542808651924133,1.060156226158142,0.00942723173648119,0.17845742404460907,0.43641921877861023,3.2249474202217243e-07,0.2126150280237198,0.43894606828689575,-0.018786536529660225,0.24843749403953552,0.43382230401039124,-0.023715391755104065,0.27950483560562134,0.4256441295146942,-0.027106408029794693,0.3061838746070862,0.41819772124290466,-0.029998276382684708,0.2605157792568207,0.3991512358188629,0.004499233327805996,0.2909964621067047,0.3793347477912903,0.0021274464670568705,0.307584673166275,0.3663211166858673,-0.004472204018384218,0.32318639755249023,0.35388699173927307,-0.010415654629468918,0.24894103407859802,0.3856141269207001,0.009275971911847591,0.2745230793952942,0.3627822995185852,0.00829392485320568,0.2907370328903198,0.345919132232666,-0.0006537605077028275,0.3057056665420532,0.33344653248786926,-0.008566238917410374,0.2329755574464798,0.3761643171310425,0.010939519852399826,0.25509628653526306,0.3558403551578522,0.00876989308744669,0.26987558603286743,0.34221524000167847,0.0023107060696929693,0.28442075848579407,0.3318248689174652,-0.0034306547604501247,0.21391931176185608,0.37085041403770447,0.010326065123081207,0.2260078340768814,0.3531571626663208,0.00797340925782919,0.23513926565647125,0.3414419889450073,0.005751503631472588,0.24567964673042297,0.3306122124195099,0.003365851240232587,3
0.5473815202713013,0.31546780467033386,-0.6787426471710205,0.5640197396278381,0.2949386537075043,-0.6524747014045715,0.5734702348709106,0.2969779074192047,-0.6525973081588745,0.5849894881248474,0.29944369196891785,-0.6529054641723633,0.5367263555526733,0.2922491729259491,-0.6480725407600403,0.5275292992591858,0.29175761342048645,-0.6482075452804565,0.518959641456604,0.2912599742412567,-0.6481725573539734,0.5980700254440308,0.32070067524909973,-0.44028863310813904,0.5050561428070068,0.303676575422287,-0.42573148012161255,0.5641216039657593,0.3469592332839966,-0.5929180383682251,0.5312288999557495,0.34335625171661377,-0.5876922011375427,0.6754685640335083,0.49147388339042664,-0.3220261037349701,0.41084155440330505,0.47410160303115845,-0.26630541682243347,0.73569256067276,0.6655527353286743,-0.29927387833595276,0.22037775814533234,0.5617889165878296,-0.37474173307418823,0.7660151124000549,0.8623132109642029,-0.49019289016723633,0.12239153683185577,0.41342952847480774,-0.6774997115135193,0.7841907739639282,0.9091541767120361,-0.5435115098953247,0.09722273796796799,0.358596533536911,-0.7473202347755432,0.7690126299858093,0.9057179093360901,-0.6118250489234924,0.10680703073740005,0.33712631464004517,-0.7873164415359497,0.7620931267738342,0.894405722618103,-0.5267159342765808,0.11748528480529785,0.35844987630844116,-0.7081731557846069,0.6033229231834412,0.8917324542999268,-0.019286639988422394,0.46222013235092163,0.8865165710449219,0.02211637794971466,0.5859330892562866,1.055280327796936,-0.021710548549890518,0.45446085929870605,1.0889995098114014,0.001344262040220201,0.556638240814209,1.2641770839691162,0.47391360998153687,0.4433835446834564,1.342385172843933,0.3432528078556061,0.5556646585464478,1.2832120656967163,0.5281189680099487,0.44536957144737244,1.3682392835617065,0.37637534737586975,0.5342831611633301,1.3714954853057861,0.4158976674079895,0.43586382269859314,1.4536625146865845,0.20817112922668457,0.7583849430084229,0.8585172891616821,2.1273008599109744e-07,0.7618114352226257,0.8645318746566772,-0.020610082894563675,0.7724295258522034,0.8830233812332153,-0.028282292187213898,0.7787443399429321,0.9040216207504272,-0.03196270018815994,0.7853121757507324,0.9222576022148132,-0.03472684696316719,0.7898995876312256,0.9182628393173218,-0.01643758825957775,0.776695191860199,0.9480931758880615,-0.0246807262301445,0.762819766998291,0.9620068073272705,-0.03228927403688431,0.750120997428894,0.9709431529045105,-0.03712288290262222,0.7862246632575989,0.9218044281005859,-0.008218582719564438,0.7731567025184631,0.9520989656448364,-0.015837129205465317,0.7590616345405579,0.9662339091300964,-0.022580686956644058,0.745354413986206,0.974898099899292,-0.026817839592695236,0.7804100513458252,0.9220117926597595,-0.001881225616671145,0.7697847485542297,0.9466920495033264,-0.00910799391567707,0.7579174637794495,0.959658682346344,-0.014859508723020554,0.7459391951560974,0.9679521918296814,-0.018125714734196663,0.7736896276473999,0.9191219210624695,0.002777356654405594,0.7674517035484314,0.9349177479743958,-0.0036225735675543547,0.7607768177986145,0.9415338039398193,-0.007563643157482147,0.7539012432098389,0.9457632899284363,-0.009518977254629135,0.10942092537879944,0.3771003782749176,1.8029099635441526e-07,0.13662387430667877,0.3652927577495575,-0.010550367645919323,0.15894880890846252,0.34917670488357544,-0.01343922596424818,0.17039577662944794,0.3272850215435028,-0.016186587512493134,0.16859778761863708,0.3078700006008148,-0.019011855125427246,0.13301494717597961,0.3190297782421112,-0.0018597203306853771,0.13775700330734253,0.29134851694107056,-0.006633939687162638,0.13966087996959686,0.27438732981681824,-0.011859552003443241,0.1400391310453415,0.25895893573760986,-0.015542453154921532,0.11365094780921936,0.3169184625148773,-0.0009220043430104852,0.11253194510936737,0.28895944356918335,-0.004282068461179733,0.11241940408945084,0.270368367433548,-0.009302869439125061,0.11279800534248352,0.25452882051467896,-0.013628643937408924,0.09534835070371628,0.32137688994407654,-0.0018554365960881114,0.08969786763191223,0.29640913009643555,-0.005876889452338219,0.08647587150335312,0.2789802849292755,-0.010211922228336334,0.08552947640419006,0.26405197381973267,-0.013616285286843777,0.077339306473732,0.33142590522766113,-0.004065046086907387,0.06871957331895828,0.31250181794166565,-0.007907625287771225,0.061559077352285385,0.29886749386787415,-0.009963426738977432,0.0564119853079319,0.28580141067504883,-0.011557850986719131,3
0.583252489566803,0.4291769862174988,-0.5379496812820435,0.6023484468460083,0.3935767710208893,-0.5082116723060608,0.6124901175498962,0.3931085169315338,-0.5082970261573792,0.6236428022384644,0.3925265967845917,-0.5081844329833984,0.5696274042129517,0.397148460149765,-0.49001240730285645,0.5616918802261353,0.3976793885231018,-0.4903401732444763,0.5506795644760132,0.3981657326221466,-0.4901498258113861,0.6426178216934204,0.4077757000923157,-0.3016188442707062,0.5487669110298157,0.41386476159095764,-0.2222384661436081,0.6056073904037476,0.46240073442459106,-0.45906466245651245,0.567082405090332,0.46521905064582825,-0.43729954957962036,0.7645013332366943,0.5998599529266357,-0.1679949164390564,0.4708591401576996,0.6052106022834778,-0.034939639270305634,0.835865318775177,0.8731361627578735,-0.08892600238323212,0.27706965804100037,0.7016465663909912,-0.13448886573314667,0.8814485669136047,1.1054494380950928,-0.18463148176670074,0.15728357434272766,0.5615711808204651,-0.42714923620224,0.9115058779716492,1.176634669303894,-0.1853552609682083,0.13356369733810425,0.5085541605949402,-0.46610283851623535,0.88978511095047,1.174863338470459,-0.25441446900367737,0.14135868847370148,0.49341458082199097,-0.4797348380088806,0.8730856776237488,1.150028944015503,-0.21574079990386963,0.15459933876991272,0.5112634301185608,-0.44748860597610474,0.7174652814865112,1.0645698308944702,-0.018882205709815025,0.5422361493110657,1.0650869607925415,0.02241467870771885,0.7001457810401917,1.4293235540390015,-0.07714474946260452,0.5388191938400269,1.4418329000473022,-0.014699473977088928,0.7017428278923035,1.7400745153427124,0.25507837533950806,0.5295259356498718,1.778143286705017,0.21483036875724792,0.7111995220184326,1.7907062768936157,0.2884260416030884,0.5318647027015686,1.826479196548462,0.23158380389213562,0.6630927324295044,1.8539674282073975,0.07174508273601532,0.5275027751922607,1.9049859046936035,-0.01697566732764244,0.0,0.0,0.0,0.0,0.0,0.0,0.0,0.0,0.0,0.0,0.0,0.0,0.0,0.0,0.0,0.0,0.0,0.0,0.0,0.0,0.0,0.0,0.0,0.0,0.0,0.0,0.0,0.0,0.0,0.0,0.0,0.0,0.0,0.0,0.0,0.0,0.0,0.0,0.0,0.0,0.0,0.0,0.0,0.0,0.0,0.0,0.0,0.0,0.0,0.0,0.0,0.0,0.0,0.0,0.0,0.0,0.0,0.0,0.0,0.0,0.0,0.0,0.0,0.15970119833946228,0.5416163206100464,5.049635021237009e-08,0.17931237816810608,0.5275167226791382,-0.009581153281033039,0.19382230937480927,0.5060864686965942,-0.013263532891869545,0.20340965688228607,0.48675718903541565,-0.01655329018831253,0.21294789016246796,0.4729718863964081,-0.02034642919898033,0.17710189521312714,0.48195409774780273,-0.009729585610330105,0.17878156900405884,0.4569849669933319,-0.01546390913426876,0.1771610677242279,0.44151419401168823,-0.020548731088638306,0.1745978444814682,0.42725178599357605,-0.024844873696565628,0.1602305769920349,0.48105859756469727,-0.010472418740391731,0.15754447877407074,0.4547940194606781,-0.015404894016683102,0.15278610587120056,0.43851590156555176,-0.020438212901353836,0.14757199585437775,0.4240008294582367,-0.025093983858823776,0.14431774616241455,0.4871711730957031,-0.012305849231779575,0.13958483934402466,0.46332335472106934,-0.01844576746225357,0.13471491634845734,0.4472174644470215,-0.02325352281332016,0.13002844154834747,0.4330207109451294,-0.027357153594493866,0.1287257820367813,0.49869757890701294,-0.0150414127856493,0.11631055921316147,0.48310285806655884,-0.021865615621209145,0.10711581259965897,0.4734506905078888,-0.025107858702540398,0.09889314323663712,0.4637962281703949,-0.027637090533971786,3
0.4969305396080017,0.33451440930366516,-0.4032100737094879,0.5118879079818726,0.30665484070777893,-0.376759797334671,0.5216203927993774,0.3054484724998474,-0.37680575251579285,0.5311452150344849,0.30386799573898315,-0.3769107758998871,0.486937940120697,0.3096446692943573,-0.3717118799686432,0.47949451208114624,0.310176819562912,-0.37197357416152954,0.47197169065475464,0.31038492918014526,-0.3719482123851776,0.5468004941940308,0.3102779984474182,-0.19641926884651184,0.4693008065223694,0.3171575367450714,-0.17416535317897797,0.5179175138473511,0.3585425019264221,-0.3317536413669586,0.4873848557472229,0.3629371225833893,-0.3254467248916626,0.6219133138656616,0.44093459844589233,-0.11034178733825684,0.4074368476867676,0.45774412155151367,-0.07900948822498322,0.6551681756973267,0.5930172204971313,-0.011239166371524334,0.25305747985839844,0.529233992099762,-0.24650271236896515,0.6691222190856934,0.776880145072937,-0.051004163920879364,0.17762188613414764,0.3994888365268707,-0.5859373807907104,0.6695173978805542,0.8291511535644531,-0.05821889638900757,0.16354019939899445,0.3408740162849426,-0.658490777015686,0.6616814732551575,0.8181470632553101,-0.12793226540088654,0.1751360446214676,0.32456254959106445,-0.6504029631614685,0.6528331637382507,0.8088806867599487,-0.08111923933029175,0.18310752511024475,0.3405454754829407,-0.5953468084335327,0.558893084526062,0.8418169021606445,-0.011814958415925503,0.45253825187683105,0.8370504379272461,0.013253661803901196,0.5638447403907776,1.0872706174850464,0.01453361101448536,0.44926244020462036,1.093577265739441,0.0380324050784111,0.533711850643158,1.2995948791503906,0.35827314853668213,0.45930808782577515,1.292778491973877,0.31810295581817627,0.5294306874275208,1.3146443367004395,0.39682334661483765,0.4606902599334717,1.3071417808532715,0.34609949588775635,0.5290647745132446,1.4121452569961548,0.2878403961658478,0.4721090793609619,1.402336597442627,0.2183918058872223,0.6534363031387329,0.7673254609107971,6.854136103129349e-08,0.6366091966629028,0.7812450528144836,-0.00666242279112339,0.6311439871788025,0.8036646842956543,-0.007543226238340139,0.6303058862686157,0.8195597529411316,-0.007009061053395271,0.6308627128601074,0.8287995457649231,-0.005496571771800518,0.6567388772964478,0.8196841478347778,-0.005389724858105183,0.6522178053855896,0.8423511385917664,-0.007087132893502712,0.6428282856941223,0.8429588675498962,-0.008011182770133018,0.6366720199584961,0.8386269211769104,-0.007989774458110332,0.6662063002586365,0.8165404200553894,-0.0018137560691684484,0.6604872941970825,0.8404762744903564,-0.0026565410662442446,0.6506726145744324,0.8397925496101379,-0.0027256866451352835,0.6449219584465027,0.8336417078971863,-0.002513301093131304,0.6709761023521423,0.8113551735877991,0.0013556902995333076,0.6665897965431213,0.8331618309020996,0.0004135781491640955,0.6578582525253296,0.8327907919883728,0.00045348555431701243,0.6529619693756104,0.8271837830543518,0.0007503143860958517,0.6718236207962036,0.8059793710708618,0.0040338532999157906,0.6683344841003418,0.8251845240592957,0.003067723009735346,0.6620686650276184,0.826144278049469,0.0036045208107680082,0.6580843329429626,0.8217059373855591,0.004464349709451199,0.1719423532485962,0.3716433644294739,5.8582397599593605e-08,0.19065937399864197,0.35653021931648254,-0.005735588725656271,0.2029615342617035,0.3353056013584137,-0.007218469865620136,0.20906352996826172,0.318276584148407,-0.008966968394815922,0.21729740500450134,0.30889827013015747,-0.011079262010753155,0.18825969099998474,0.31790074706077576,-0.002393913920968771,0.19200411438941956,0.2974959909915924,-0.006672549061477184,0.19334076344966888,0.2843640446662903,-0.010901828296482563,0.19339287281036377,0.27202486991882324,-0.014301992952823639,0.17401893436908722,0.31633737683296204,-0.0031927116215229034,0.1723758429288864,0.2928459942340851,-0.006948627531528473,0.17036692798137665,0.27772459387779236,-0.010984242893755436,0.16818320751190186,0.26399824023246765,-0.014439973048865795,0.16084381937980652,0.319444477558136,-0.005026008002460003,0.15680329501628876,0.29726773500442505,-0.009435521438717842,0.15434642136096954,0.2824711501598358,-0.012981399893760681,0.1525677740573883,0.26912543177604675,-0.01570885069668293,0.14820535480976105,0.32686784863471985,-0.007557809352874756,0.14144402742385864,0.3095361590385437,-0.011612143367528915,0.1367827206850052,0.2983570396900177,-0.013462304137647152,0.1325981616973877,0.28737202286720276,-0.014971300028264523,3
