0,1,2,3,4,5,6,7,8,9,10,11,12,13,14,15,16,17,18,19,20,21,22,23,24,25,26,27,28,29,30,31,32,33,34,35,36,37,38,39,40,41,42,43,44,45,46,47,48,49,50,51,52,53,54,55,56,57,58,59,60,61,62,63,64,65,66,67,68,69,70,71,72,73,74,75,76,77,78,79,80,81,82,83,84,85,86,87,88,89,90,91,92,93,94,95,96,97,98,99,100,101,102,103,104,105,106,107,108,109,110,111,112,113,114,115,116,117,118,119,120,121,122,123,124,125,126,127,128,129,130,131,132,133,134,135,136,137,138,139,140,141,142,143,144,145,146,147,148,149,150,151,152,153,154,155,156,157,158,159,160,161,162,163,164,165,166,167,168,169,170,171,172,173,174,175,176,177,178,179,180,181,182,183,184,185,186,187,188,189,190,191,192,193,194,195,196,197,198,199,200,201,202,203,204,205,206,207,208,209,210,211,212,213,214,215,216,217,218,219,220,221,222,223,224,225
0.4747256338596344,0.3194579482078552,-0.7997565865516663,0.4983821511268616,0.2819144129753113,-0.7238227725028992,0.5117440819740295,0.2828519940376282,-0.723347008228302,0.5239410996437073,0.28341245651245117,-0.7227495908737183,0.4549151360988617,0.2805657386779785,-0.7247744798660278,0.4380325675010681,0.28137320280075073,-0.7253876328468323,0.4226258397102356,0.2832423448562622,-0.7251312732696533,0.5414329171180725,0.3118869662284851,-0.3161752223968506,0.4028005003929138,0.31128984689712524,-0.33422523736953735,0.5026273131370544,0.3736104965209961,-0.6549215316772461,0.4461974501609802,0.36782100796699524,-0.6616384387016296,0.6522954702377319,0.6244395971298218,-0.15061229467391968,0.3191315531730652,0.5908363461494446,-0.16044126451015472,0.706411600112915,0.9777027368545532,-0.5718843936920166,0.10667596012353897,0.7132143378257751,-0.7746689915657043,0.6730635762214661,0.8208564519882202,-1.2111153602600098,0.2613758444786072,0.40784090757369995,-1.4314175844192505,0.6758452653884888,0.8287176489830017,-1.3354365825653076,0.29783353209495544,0.34367960691452026,-1.5833553075790405,0.6725859642028809,0.7935889363288879,-1.315626859664917,0.31128647923469543,0.3235132098197937,-1.4961258172988892,0.6615331172943115,0.8124085664749146,-1.2272337675094604,0.3026795983314514,0.35573047399520874,-1.4251148700714111,0.5690134763717651,1.2352659702301025,0.013341439887881279,0.334810346364975,1.1923826932907104,-0.007176707498729229,0.5626046657562256,1.6769276857376099,-0.17156152427196503,0.3428577482700348,1.6943061351776123,-0.28001701831817627,0.5650831460952759,2.1309146881103516,0.3015296459197998,0.3491109013557434,2.1514623165130615,0.10954906791448593,0.573586106300354,2.2049100399017334,0.34532827138900757,0.3458278179168701,2.2224478721618652,0.1392751783132553,0.52662593126297,2.255692481994629,0.028854209929704666,0.3621930480003357,2.285043954849243,-0.21969719231128693,0.0,0.0,0.0,0.0,0.0,0.0,0.0,0.0,0.0,0.0,0.0,0.0,0.0,0.0,0.0,0.0,0.0,0.0,0.0,0.0,0.0,0.0,0.0,0.0,0.0,0.0,0.0,0.0,0.0,0.0,0.0,0.0,0.0,0.0,0.0,0.0,0.0,0.0,0.0,0.0,0.0,0.0,0.0,0.0,0.0,0.0,0.0,0.0,0.0,0.0,0.0,0.0,0.0,0.0,0.0,0.0,0.0,0.0,0.0,0.0,0.0,0.0,0.0,0.2677824795246124,0.3872302174568176,2.154370406515227e-07,0.29775765538215637,0.40275904536247253,-0.014029040932655334,0.3281996548175812,0.3961744010448456,-0.019780298694968224,0.34342819452285767,0.36551085114479065,-0.024195585399866104,0.3409179151058197,0.3350650370121002,-0.028663145378232002,0.3440745770931244,0.34497177600860596,-0.010427320376038551,0.37617796659469604,0.3148617744445801,-0.019258441403508186,0.3918812870979309,0.2973921000957489,-0.026223791763186455,0.40435707569122314,0.2802664339542389,-0.03077797032892704,0.33411625027656555,0.3209409713745117,-0.009921345859766006,0.3693351745605469,0.28781506419181824,-0.01619540899991989,0.38739073276519775,0.2686348259449005,-0.02187149040400982,0.4023761749267578,0.2526342570781708,-0.026387501507997513,0.318915456533432,0.30295106768608093,-0.01140198390930891,0.3513294458389282,0.2711809575557709,-0.01813354529440403,0.3694871962070465,0.2552814483642578,-0.022665034979581833,0.38460978865623474,0.24347904324531555,-0.025977468118071556,0.2989932596683502,0.28938788175582886,-0.014295435510575771,0.32107919454574585,0.26167967915534973,-0.019685925915837288,0.337080180644989,0.24888119101524353,-0.021505579352378845,0.35228997468948364,0.24024975299835205,-0.022881316021084785,0
0.5056818127632141,0.25997301936149597,-1.1202888488769531,0.5265159606933594,0.2164890468120575,-1.0601832866668701,0.5405927300453186,0.21801406145095825,-1.0596983432769775,0.5551904439926147,0.21948352456092834,-1.0588651895523071,0.48722562193870544,0.21204321086406708,-1.0479350090026855,0.47190338373184204,0.21069388091564178,-1.0487220287322998,0.45786675810813904,0.21014226973056793,-1.0481998920440674,0.5841754078865051,0.24126556515693665,-0.6323812007904053,0.4347917139530182,0.22940541803836823,-0.5949341654777527,0.5301264524459839,0.3113495707511902,-0.9609435796737671,0.48423710465431213,0.3096214830875397,-0.9510747194290161,0.705472469329834,0.5071115493774414,-0.3948417901992798,0.34079796075820923,0.46736881136894226,-0.2546916604042053,0.8320482969284058,0.8207191228866577,-0.5991680026054382,0.11085057258605957,0.5350338220596313,-0.9341659545898438,0.6893150806427002,0.9218793511390686,-1.10493004322052,0.2925297021865845,0.2515079379081726,-1.6528232097625732,0.6644241213798523,0.9676296710968018,-1.2058298587799072,0.34548988938331604,0.1982523500919342,-1.8066818714141846,0.646549642086029,0.9331725835800171,-1.189429521560669,0.36232227087020874,0.20047380030155182,-1.6882679462432861,0.6574110388755798,0.920954167842865,-1.1088612079620361,0.35394951701164246,0.22145824134349823,-1.634429693222046,0.6155124306678772,1.1260625123977661,-0.009692401625216007,0.36309751868247986,1.1197534799575806,0.015874672681093216,0.5874939560890198,1.6422029733657837,-0.35157522559165955,0.3462974429130554,1.6015191078186035,-0.3298032581806183,0.5739427804946899,2.079150438308716,0.15401707589626312,0.34863826632499695,2.0527665615081787,0.049176257103681564,0.5823554992675781,2.1479241847991943,0.20092833042144775,0.34414929151535034,2.119863986968994,0.07650740444660187,0.5274655818939209,2.2201719284057617,-0.14646294713020325,0.36226850748062134,2.2054693698883057,-0.3142751455307007,0.0,0.0,0.0,0.0,0.0,0.0,0.0,0.0,0.0,0.0,0.0,0.0,0.0,0.0,0.0,0.0,0.0,0.0,0.0,0.0,0.0,0.0,0.0,0.0,0.0,0.0,0.0,0.0,0.0,0.0,0.0,0.0,0.0,0.0,0.0,0.0,0.0,0.0,0.0,0.0,0.0,0.0,0.0,0.0,0.0,0.0,0.0,0.0,0.0,0.0,0.0,0.0,0.0,0.0,0.0,0.0,0.0,0.0,0.0,0.0,0.0,0.0,0.0,0.25432342290878296,0.2920294404029846,8.174691856766003e-08,0.29782480001449585,0.29502275586128235,-0.004502156283706427,0.34021511673927307,0.2706933617591858,-0.006162681616842747,0.3638627529144287,0.24702611565589905,-0.009441747330129147,0.36323437094688416,0.2243664264678955,-0.014171109534800053,0.3659200072288513,0.21960987150669098,-0.004729726351797581,0.40565165877342224,0.1827465295791626,-0.015719447284936905,0.4288884997367859,0.16169938445091248,-0.025663277134299278,0.4482147991657257,0.14105220139026642,-0.03334396332502365,0.3551088571548462,0.2039680927991867,-0.01319124735891819,0.3987361192703247,0.1631469428539276,-0.023281855508685112,0.4248836934566498,0.13685005903244019,-0.03278424218297005,0.44649016857147217,0.11145570874214172,-0.040336254984140396,0.33645251393318176,0.1949811428785324,-0.023146310821175575,0.37771737575531006,0.15359045565128326,-0.03343848139047623,0.40268394351005554,0.1293385922908783,-0.04131121188402176,0.42421361804008484,0.10726694017648697,-0.04731423035264015,0.31172773241996765,0.18908098340034485,-0.03389739617705345,0.341387540102005,0.15733292698860168,-0.0435996949672699,0.3633546829223633,0.1381080448627472,-0.0479305237531662,0.3838922679424286,0.12084152549505234,-0.051567018032073975,0
0.465379536151886,0.22688357532024384,-0.9890583753585815,0.4833664894104004,0.18631449341773987,-0.9287647008895874,0.49767225980758667,0.18459194898605347,-0.92845219373703,0.5117214918136597,0.18293046951293945,-0.9280586242675781,0.4458952844142914,0.1904003620147705,-0.9294519424438477,0.43482422828674316,0.19113832712173462,-0.9299601316452026,0.4246286451816559,0.19153369963169098,-0.9297928810119629,0.5261297225952148,0.19485187530517578,-0.5303365588188171,0.4085671007633209,0.2083263397216797,-0.5257828831672668,0.49121713638305664,0.2676902115345001,-0.8314448595046997,0.4481210708618164,0.2715614438056946,-0.8318092226982117,0.6280947923660278,0.39210423827171326,-0.29756999015808105,0.2833934426307678,0.4191470742225647,-0.2414059191942215,0.865532398223877,0.4535403251647949,-0.663776159286499,0.17197735607624054,0.6748083233833313,-0.197219580411911,0.6867386102676392,0.21694637835025787,-1.4214513301849365,0.10397966206073761,0.9444469213485718,-0.588523268699646,0.6365548372268677,0.17005746066570282,-1.6159108877182007,0.06728536635637283,1.029974341392517,-0.6753536462783813,0.6134932041168213,0.17101620137691498,-1.570376992225647,0.09403009712696075,1.0335224866867065,-0.7971397638320923,0.6186351776123047,0.18466006219387054,-1.4293954372406006,0.11140618473291397,1.0177218914031982,-0.6449441909790039,0.5809298753738403,1.0004926919937134,-0.004102264530956745,0.3544716238975525,0.9951620697975159,0.010040231980383396,0.5497652888298035,1.5002305507659912,-0.33706235885620117,0.34109488129615784,1.4506607055664062,-0.33520713448524475,0.5087679624557495,1.9477442502975464,0.20574645698070526,0.33125677704811096,1.9344513416290283,0.0032693962566554546,0.5045895576477051,2.0080363750457764,0.2538357973098755,0.32546406984329224,2.004734754562378,0.023884708061814308,0.48198023438453674,2.0917904376983643,-0.11099167168140411,0.35275357961654663,2.075913667678833,-0.3958032727241516,0.6733201146125793,0.21478813886642456,2.0955235413566697e-07,0.6332896947860718,0.21448354423046112,-0.0017255116254091263,0.5967473983764648,0.19425760209560394,-0.004032743629068136,0.5767849087715149,0.17590399086475372,-0.008963258005678654,0.5735211968421936,0.16129446029663086,-0.014716117642819881,0.5880411267280579,0.15636900067329407,0.0012600624468177557,0.5579763054847717,0.1255733072757721,-0.009491411037743092,0.5354704856872559,0.10569622367620468,-0.01907181181013584,0.5170698165893555,0.08857372403144836,-0.025982707738876343,0.5961033701896667,0.14954979717731476,-0.007111386861652136,0.5613152384757996,0.11753132939338684,-0.017533347010612488,0.5348501801490784,0.09640830010175705,-0.0271405428647995,0.5125203132629395,0.07778891175985336,-0.03345342352986336,0.607815146446228,0.1457056701183319,-0.016796236857771873,0.571992039680481,0.11663220822811127,-0.026475409045815468,0.5470519065856934,0.09693865478038788,-0.0334927961230278,0.5276035070419312,0.07982020080089569,-0.037707895040512085,0.6215257048606873,0.14580084383487701,-0.027248229831457138,0.5935173034667969,0.12526753544807434,-0.034201011061668396,0.5735446810722351,0.1135033667087555,-0.03713056817650795,0.5580398440361023,0.1043819710612297,-0.03914919123053551,0.0,0.0,0.0,0.0,0.0,0.0,0.0,0.0,0.0,0.0,0.0,0.0,0.0,0.0,0.0,0.0,0.0,0.0,0.0,0.0,0.0,0.0,0.0,0.0,0.0,0.0,0.0,0.0,0.0,0.0,0.0,0.0,0.0,0.0,0.0,0.0,0.0,0.0,0.0,0.0,0.0,0.0,0.0,0.0,0.0,0.0,0.0,0.0,0.0,0.0,0.0,0.0,0.0,0.0,0.0,0.0,0.0,0.0,0.0,0.0,0.0,0.0,0.0,0
0.4849514961242676,0.27834072709083557,-1.0369690656661987,0.5047069787979126,0.2258685678243637,-0.9593873023986816,0.519584059715271,0.22619447112083435,-0.958865761756897,0.5333000421524048,0.22661642730236053,-0.9587845802307129,0.45453038811683655,0.22398051619529724,-0.9601873159408569,0.43617868423461914,0.22416895627975464,-0.9599660038948059,0.4233101010322571,0.22575047612190247,-0.9594311714172363,0.557054877281189,0.2520750164985657,-0.5188946723937988,0.40105947852134705,0.25933802127838135,-0.5307255387306213,0.5114978551864624,0.3455272316932678,-0.871524453163147,0.4575231671333313,0.34314998984336853,-0.8770707249641418,0.6727856397628784,0.6088562607765198,-0.24266478419303894,0.30286478996276855,0.5838915109634399,-0.3054087162017822,0.7503077983856201,0.9946154952049255,-0.40016016364097595,0.14424856007099152,0.8466136455535889,-1.0081647634506226,0.7319542169570923,1.328548550605774,-0.927791953086853,0.32274743914604187,0.396753191947937,-1.7285566329956055,0.7484800815582275,1.438607931137085,-1.0282299518585205,0.3519989848136902,0.29967358708381653,-1.8901560306549072,0.719556450843811,1.4385939836502075,-1.0697226524353027,0.36001986265182495,0.2716434895992279,-1.790061354637146,0.7033919095993042,1.3988343477249146,-0.9635222554206848,0.3562350571155548,0.3193241059780121,-1.7172197103500366,0.6184478998184204,1.2853200435638428,0.024866724386811256,0.3667944669723511,1.2912347316741943,-0.01759183034300804,0.6313292384147644,1.7914867401123047,0.026756351813673973,0.3952181935310364,1.7780797481536865,-0.14650125801563263,0.6467167139053345,2.2594940662384033,1.0059707164764404,0.4152950644493103,2.249386787414551,0.5891762971878052,0.641167402267456,2.336101531982422,1.097346544265747,0.4097667634487152,2.3253448009490967,0.644734263420105,0.6486071944236755,2.4017562866210938,0.7775022983551025,0.46493029594421387,2.402024984359741,0.2155120074748993,0.0,0.0,0.0,0.0,0.0,0.0,0.0,0.0,0.0,0.0,0.0,0.0,0.0,0.0,0.0,0.0,0.0,0.0,0.0,0.0,0.0,0.0,0.0,0.0,0.0,0.0,0.0,0.0,0.0,0.0,0.0,0.0,0.0,0.0,0.0,0.0,0.0,0.0,0.0,0.0,0.0,0.0,0.0,0.0,0.0,0.0,0.0,0.0,0.0,0.0,0.0,0.0,0.0,0.0,0.0,0.0,0.0,0.0,0.0,0.0,0.0,0.0,0.0,0.322495698928833,0.4277760982513428,4.534225084285026e-08,0.36251693964004517,0.40131694078445435,0.0005067367455922067,0.3824847638607025,0.346296101808548,0.0046726977452635765,0.3927658498287201,0.30130741000175476,0.00546101201325655,0.4083308279514313,0.2689531445503235,0.006229205522686243,0.3796742558479309,0.28114205598831177,0.021135861054062843,0.3962773382663727,0.22881115972995758,0.016479432582855225,0.4094390869140625,0.1971219778060913,0.009861178696155548,0.4193505644798279,0.17003381252288818,0.00428454764187336,0.37030038237571716,0.27114763855934143,0.012526244856417179,0.3910731077194214,0.21050670742988586,0.008293699473142624,0.40814337134361267,0.17716224491596222,0.0015433161752298474,0.422617107629776,0.14932037889957428,-0.00389465712942183,0.35710328817367554,0.26805227994918823,0.000826473580673337,0.37557438015937805,0.2077593207359314,-0.005858176853507757,0.39204075932502747,0.17333976924419403,-0.012163008563220501,0.4072253108024597,0.14546307921409607,-0.0168716199696064,0.338833212852478,0.27034154534339905,-0.011743158102035522,0.34671977162361145,0.2211170345544815,-0.017416156828403473,0.35917702317237854,0.1912858486175537,-0.0202617384493351,0.37340447306632996,0.1663169264793396,-0.02305964194238186,0
0.509370744228363,0.46231842041015625,-0.792219877243042,0.53052818775177,0.41448575258255005,-0.7124373912811279,0.5436826944351196,0.41478094458580017,-0.7119155526161194,0.5565568804740906,0.41458022594451904,-0.7111379504203796,0.4925009608268738,0.41144096851348877,-0.7251600623130798,0.4779270589351654,0.4094749093055725,-0.7255772352218628,0.4630436897277832,0.40734556317329407,-0.7252581119537354,0.5746818780899048,0.43610140681266785,-0.28592389822006226,0.43718862533569336,0.42269212007522583,-0.35566043853759766,0.5298674702644348,0.5135167837142944,-0.6390911340713501,0.4811025559902191,0.5098258852958679,-0.6603069305419922,0.6798147559165955,0.6973655223846436,-0.11430344730615616,0.3334365487098694,0.682744562625885,-0.1783798336982727,0.769566535949707,0.9931271076202393,-0.4584721624851227,0.07788749039173126,0.8423497676849365,-0.8313803672790527,0.6842132806777954,0.9909254312515259,-0.9821120500564575,0.2952396869659424,0.47732436656951904,-1.3414177894592285,0.6751501560211182,0.9753097891807556,-1.0912377834320068,0.3508201539516449,0.4143441915512085,-1.4858026504516602,0.6590794920921326,0.9526733160018921,-1.0747630596160889,0.3641669750213623,0.4154089391231537,-1.354583740234375,0.6511522531509399,0.9720736742019653,-0.9952627420425415,0.35669413208961487,0.4325312376022339,-1.3202874660491943,0.6224837899208069,1.2979527711868286,0.026130685582756996,0.39115265011787415,1.299984335899353,-0.018479622900485992,0.6292856931686401,1.796594500541687,-0.27787062525749207,0.40484172105789185,1.8090835809707642,-0.37619033455848694,0.6416642665863037,2.29075288772583,0.17167305946350098,0.42292627692222595,2.2965340614318848,-0.060812704265117645,0.645257830619812,2.367072105407715,0.21841061115264893,0.42081722617149353,2.3692190647125244,-0.0378599539399147,0.6224691271781921,2.4224488735198975,-0.09011822193861008,0.4530718922615051,2.4312124252319336,-0.42533570528030396,0.0,0.0,0.0,0.0,0.0,0.0,0.0,0.0,0.0,0.0,0.0,0.0,0.0,0.0,0.0,0.0,0.0,0.0,0.0,0.0,0.0,0.0,0.0,0.0,0.0,0.0,0.0,0.0,0.0,0.0,0.0,0.0,0.0,0.0,0.0,0.0,0.0,0.0,0.0,0.0,0.0,0.0,0.0,0.0,0.0,0.0,0.0,0.0,0.0,0.0,0.0,0.0,0.0,0.0,0.0,0.0,0.0,0.0,0.0,0.0,0.0,0.0,0.0,0.2686540484428406,0.5071507096290588,7.536245050232537e-08,0.31881600618362427,0.5190073847770691,-0.00564352935180068,0.36288416385650635,0.49943476915359497,-0.0040815179236233234,0.3920336663722992,0.46837878227233887,-0.004215843975543976,0.41735875606536865,0.44957685470581055,-0.00435436749830842,0.379316121339798,0.45263931155204773,0.009967434220016003,0.4173697829246521,0.4222120940685272,0.0031277064699679613,0.43686145544052124,0.4022299349308014,-0.004279349464923143,0.4527398943901062,0.3828621506690979,-0.009949012659490108,0.367277592420578,0.4313967823982239,0.005434290040284395,0.4079841077327728,0.39849621057510376,-0.0009384656441397965,0.42888158559799194,0.37705814838409424,-0.00821100827306509,0.4462018609046936,0.3577103912830353,-0.013583683408796787,0.3511958122253418,0.41567254066467285,-0.0017453701002523303,0.389437735080719,0.383096307516098,-0.009382283315062523,0.4095171391963959,0.3633395731449127,-0.013450364582240582,0.4264566898345947,0.3465513586997986,-0.01609024591743946,0.33019882440567017,0.40260785818099976,-0.010151834227144718,0.359859436750412,0.378630667924881,-0.01689358986914158,0.3795478045940399,0.3645143508911133,-0.01822880655527115,0.3986053764820099,0.35121819376945496,-0.018903067335486412,0
0.4643615186214447,0.32113131880760193,-1.4218136072158813,0.5060316324234009,0.274170458316803,-1.3535151481628418,0.5271002650260925,0.2761940062046051,-1.3533375263214111,0.5471788644790649,0.27860310673713684,-1.3523279428482056,0.42248621582984924,0.2721911668777466,-1.3477118015289307,0.3967285752296448,0.2754170000553131,-1.3481972217559814,0.3749825060367584,0.2808859050273895,-1.348108172416687,0.5773388147354126,0.3087548613548279,-0.9130659103393555,0.3367454409599304,0.32031992077827454,-0.8899909853935242,0.5178605914115906,0.39176642894744873,-1.2527121305465698,0.4139859080314636,0.39405837655067444,-1.2492163181304932,0.6467785835266113,0.5700893998146057,-0.6799002885818481,0.26193246245384216,0.5955706834793091,-0.5850632786750793,0.8339970707893372,0.6897563338279724,-1.1054404973983765,0.15466386079788208,0.8298366665840149,-0.9456791877746582,0.8204905390739441,0.37640121579170227,-1.92989981174469,0.18352703750133514,0.8680967688560486,-1.7667680978775024,0.8000068664550781,0.31612274050712585,-2.1364328861236572,0.16850291192531586,0.9036187529563904,-1.9542430639266968,0.7657012939453125,0.2987814247608185,-2.0981054306030273,0.1957305669784546,0.8620845675468445,-1.9745569229125977,0.7777847051620483,0.34669187664985657,-1.954744577407837,0.21560466289520264,0.8636128306388855,-1.8123657703399658,0.5850077271461487,1.2130476236343384,0.017589645460247993,0.3328756093978882,1.204526424407959,-0.009632671251893044,0.5957059860229492,1.6783162355422974,-0.025055188685655594,0.3582797050476074,1.720154881477356,0.04081941395998001,0.5894613265991211,2.113368511199951,0.7205518484115601,0.3639584183692932,2.1643259525299072,0.5276059508323669,0.5875891447067261,2.182791233062744,0.8004776835441589,0.3745992183685303,2.231978416442871,0.572363555431366,0.5564870238304138,2.2675957679748535,0.5074213147163391,0.3604964315891266,2.3266916275024414,0.2197682410478592,0.9287233948707581,0.4662247896194458,3.257620448948728e-07,0.8365344405174255,0.45674145221710205,-0.00622202455997467,0.7658077478408813,0.401739239692688,-0.01509314775466919,0.7362301349639893,0.35571685433387756,-0.027665551751852036,0.7535597085952759,0.33863911032676697,-0.04300712049007416,0.7643459439277649,0.32346853613853455,-0.009060310199856758,0.7147717475891113,0.2578887641429901,-0.031217427924275398,0.6783697009086609,0.22141754627227783,-0.05175631493330002,0.6462427377700806,0.18802613019943237,-0.06797429174184799,0.7918180823326111,0.3066125214099884,-0.02505582384765148,0.7382864356040955,0.23999786376953125,-0.04640893265604973,0.6931047439575195,0.20009192824363708,-0.06633851677179337,0.6524373888969421,0.16823747754096985,-0.0806131586432457,0.8295240998268127,0.3011704087257385,-0.042726851999759674,0.7760893106460571,0.23816637694835663,-0.061526741832494736,0.732655942440033,0.20165804028511047,-0.0746692344546318,0.694731593132019,0.17488160729408264,-0.08353503793478012,0.8741269111633301,0.30701932311058044,-0.061716049909591675,0.8350054025650024,0.2595403790473938,-0.07540743798017502,0.8012651205062866,0.22976019978523254,-0.07946424186229706,0.7728317379951477,0.2078840732574463,-0.08274020999670029,0.0,0.0,0.0,0.0,0.0,0.0,0.0,0.0,0.0,0.0,0.0,0.0,0.0,0.0,0.0,0.0,0.0,0.0,0.0,0.0,0.0,0.0,0.0,0.0,0.0,0.0,0.0,0.0,0.0,0.0,0.0,0.0,0.0,0.0,0.0,0.0,0.0,0.0,0.0,0.0,0.0,0.0,0.0,0.0,0.0,0.0,0.0,0.0,0.0,0.0,0.0,0.0,0.0,0.0,0.0,0.0,0.0,0.0,0.0,0.0,0.0,0.0,0.0,0
0.690468966960907,0.29882732033729553,-0.8045183420181274,0.7065687775611877,0.25595617294311523,-0.7305208444595337,0.7196482419967651,0.2573147118091583,-0.7301734089851379,0.7319357991218567,0.25875818729400635,-0.7300037145614624,0.6685458421707153,0.2528318166732788,-0.7412439584732056,0.6553451418876648,0.25240153074264526,-0.7415507435798645,0.6418536305427551,0.25289520621299744,-0.7412134408950806,0.7434172630310059,0.27828875184059143,-0.31806185841560364,0.6221293807029724,0.27370592951774597,-0.3887462019920349,0.7098606824874878,0.3456648290157318,-0.6527726054191589,0.6660534143447876,0.3417651057243347,-0.6722387075424194,0.8155312538146973,0.5522569417953491,-0.1598556637763977,0.5221360921859741,0.5288298726081848,-0.23340705037117004,0.8449257612228394,0.8838520050048828,-0.26205483078956604,0.33086884021759033,0.5801370143890381,-0.9491419792175293,0.8777367472648621,1.167864441871643,-0.5943824052810669,0.5138648748397827,0.3845755457878113,-1.5952285528182983,0.9015377163887024,1.2604151964187622,-0.6711243987083435,0.5506071448326111,0.3324931263923645,-1.763920545578003,0.8919214010238647,1.2598756551742554,-0.7407934069633484,0.5637288689613342,0.3282420039176941,-1.6612043380737305,0.873574435710907,1.230394721031189,-0.6384228467941284,0.5598493218421936,0.35008761286735535,-1.5866032838821411,0.7683281898498535,1.1558783054351807,0.022002127021551132,0.5848557949066162,1.1447803974151611,-0.015527348034083843,0.7905632853507996,1.66377854347229,-0.1296088993549347,0.5846629738807678,1.6681838035583496,-0.19243405759334564,0.7982177138328552,2.120317220687866,0.48179107904434204,0.604824423789978,2.1309611797332764,0.26931992173194885,0.8052480816841125,2.1876864433288574,0.5458540916442871,0.6101897358894348,2.19942569732666,0.3057725131511688,0.7668272256851196,2.27165150642395,0.2639308571815491,0.611350417137146,2.275111675262451,-0.056292206048965454,0.0,0.0,0.0,0.0,0.0,0.0,0.0,0.0,0.0,0.0,0.0,0.0,0.0,0.0,0.0,0.0,0.0,0.0,0.0,0.0,0.0,0.0,0.0,0.0,0.0,0.0,0.0,0.0,0.0,0.0,0.0,0.0,0.0,0.0,0.0,0.0,0.0,0.0,0.0,0.0,0.0,0.0,0.0,0.0,0.0,0.0,0.0,0.0,0.0,0.0,0.0,0.0,0.0,0.0,0.0,0.0,0.0,0.0,0.0,0.0,0.0,0.0,0.0,0.5197298526763916,0.394057035446167,1.8644995236627437e-07,0.5510284304618835,0.3933839201927185,-0.01480383612215519,0.5767449140548706,0.36846739053726196,-0.020457612350583076,0.5844619870185852,0.3288732171058655,-0.024950386956334114,0.5787972211837769,0.29533064365386963,-0.02923492342233658,0.5875368714332581,0.31429070234298706,-0.00820813700556755,0.6077331900596619,0.2733750343322754,-0.01791226863861084,0.6187897324562073,0.25163087248802185,-0.02573363482952118,0.6286559700965881,0.23190724849700928,-0.031031949445605278,0.5740878582000732,0.2967541217803955,-0.007367209531366825,0.5970532298088074,0.25169190764427185,-0.014441526494920254,0.6100723743438721,0.22697508335113525,-0.020698511973023415,0.6222593188285828,0.20712940394878387,-0.025472991168498993,0.5579872727394104,0.28960803151130676,-0.008991836570203304,0.5777604579925537,0.24554955959320068,-0.01601409539580345,0.5912938714027405,0.22326603531837463,-0.020226534456014633,0.6041280031204224,0.20607420802116394,-0.02317374385893345,0.5389595627784729,0.28973788022994995,-0.012328939512372017,0.5535445809364319,0.25551164150238037,-0.018013006076216698,0.563768744468689,0.23754072189331055,-0.020175617188215256,0.5735116004943848,0.22325292229652405,-0.02164912410080433,0
0.47011151909828186,0.3051396310329437,-0.9899007081985474,0.4884541928768158,0.26159751415252686,-0.9277035593986511,0.5029336214065552,0.26107704639434814,-0.927735447883606,0.5171082019805908,0.26074761152267456,-0.9273223876953125,0.45319685339927673,0.26178058981895447,-0.9237514734268188,0.44323214888572693,0.26174047589302063,-0.9239771962165833,0.4336891174316406,0.261738657951355,-0.9236127734184265,0.5397753715515137,0.2770349681377411,-0.5230119824409485,0.4253796935081482,0.2736174762248993,-0.5244985222816467,0.494306743144989,0.34615716338157654,-0.8386114239692688,0.45281219482421875,0.3444019854068756,-0.8384102582931519,0.6610406637191772,0.5144351124763489,-0.32524484395980835,0.3284889757633209,0.4723672866821289,-0.25093480944633484,0.7046509981155396,0.8154326677322388,-0.37952956557273865,0.10897277295589447,0.3839065134525299,-0.7903833389282227,0.6326096057891846,0.9461117386817932,-0.6993629336357117,0.31892281770706177,0.22685739398002625,-1.2853615283966064,0.6219447255134583,0.9851642847061157,-0.7928857207298279,0.3745367228984833,0.1954943984746933,-1.4474561214447021,0.5899877548217773,0.9811830520629883,-0.8390375971794128,0.39015185832977295,0.20434877276420593,-1.3477818965911865,0.5951244831085205,0.9445511698722839,-0.7328704595565796,0.38176438212394714,0.21883565187454224,-1.2818111181259155,0.5946549773216248,1.035529375076294,0.014447669498622417,0.38968509435653687,1.0262640714645386,-0.007632697466760874,0.6187660098075867,1.522458791732788,-0.4675993323326111,0.4178227484226227,1.5101004838943481,-0.5142096281051636,0.6369668245315552,2.01355242729187,-0.0601564422249794,0.45019298791885376,1.9949380159378052,-0.2599913775920868,0.6447646021842957,2.0814342498779297,-0.015022139064967632,0.45134416222572327,2.061042308807373,-0.24144916236400604,0.6170574426651001,2.1620445251464844,-0.34239333868026733,0.4802897870540619,2.137590169906616,-0.6456908583641052,0.0,0.0,0.0,0.0,0.0,0.0,0.0,0.0,0.0,0.0,0.0,0.0,0.0,0.0,0.0,0.0,0.0,0.0,0.0,0.0,0.0,0.0,0.0,0.0,0.0,0.0,0.0,0.0,0.0,0.0,0.0,0.0,0.0,0.0,0.0,0.0,0.0,0.0,0.0,0.0,0.0,0.0,0.0,0.0,0.0,0.0,0.0,0.0,0.0,0.0,0.0,0.0,0.0,0.0,0.0,0.0,0.0,0.0,0.0,0.0,0.0,0.0,0.0,0.2815494239330292,0.20633502304553986,-3.021096972588566e-08,0.2984427809715271,0.23783862590789795,-0.01225463766604662,0.323062926530838,0.2529207766056061,-0.018504133448004723,0.3458046317100525,0.2523098587989807,-0.023600654676556587,0.3623140752315521,0.24124906957149506,-0.02855795808136463,0.35702258348464966,0.22695103287696838,-0.013191592879593372,0.38712289929389954,0.21788553893566132,-0.021154800429940224,0.3980053961277008,0.2116120457649231,-0.027036551386117935,0.40826159715652466,0.2034117877483368,-0.030943099409341812,0.3562641143798828,0.20441170036792755,-0.012386801652610302,0.38941773772239685,0.1933394819498062,-0.01811875030398369,0.4040071666240692,0.18737779557704926,-0.021949704736471176,0.4156224727630615,0.18222232162952423,-0.02543211542069912,0.3489958941936493,0.18596021831035614,-0.012925684452056885,0.37893280386924744,0.17921662330627441,-0.017537791281938553,0.39307934045791626,0.17286139726638794,-0.01959960348904133,0.40527570247650146,0.1673630177974701,-0.021860837936401367,0.3360680341720581,0.16967187821865082,-0.014685546047985554,0.35754090547561646,0.16502010822296143,-0.01740477979183197,0.3713642954826355,0.16234013438224792,-0.017230400815606117,0.3837600350379944,0.16058915853500366,-0.01758558489382267,0
0.31741905212402344,0.2712727189064026,-0.4231491982936859,0.32375389337539673,0.23515591025352478,-0.4405628740787506,0.32791444659233093,0.23291297256946564,-0.44142946600914,0.3323572874069214,0.23044566810131073,-0.4419463574886322,0.31623128056526184,0.2420281320810318,-0.4324600100517273,0.313618540763855,0.2450544238090515,-0.43237242102622986,0.31039756536483765,0.24790345132350922,-0.4321674406528473,0.34341710805892944,0.2486952841281891,-0.4128735661506653,0.31467118859291077,0.27074676752090454,-0.3688785433769226,0.32758408784866333,0.2986902594566345,-0.3934376835823059,0.3144703805446625,0.3065180480480194,-0.38156208395957947,0.38559165596961975,0.40584585070610046,-0.3858242332935333,0.28170180320739746,0.45436257123947144,-0.27173739671707153,0.4294361174106598,0.5170071721076965,-0.31859612464904785,0.2808137536048889,0.5902050733566284,-0.2066882848739624,0.43371301889419556,0.5696544647216797,-0.3113500773906708,0.2888779044151306,0.662716269493103,-0.22944417595863342,0.44214361906051636,0.5814712047576904,-0.3749496340751648,0.29148831963539124,0.689217209815979,-0.2851232886314392,0.4263233244419098,0.5790672302246094,-0.386604368686676,0.2925683557987213,0.6859532594680786,-0.3293136954307556,0.41648539900779724,0.577851414680481,-0.32069462537765503,0.2983989119529724,0.6764943599700928,-0.2534458041191101,0.4017200469970703,0.9261170625686646,-0.01885250397026539,0.3250822126865387,0.9576703310012817,0.019453538581728935,0.4260004460811615,0.9857854247093201,0.6259616613388062,0.35112306475639343,1.009761929512024,0.5923410058021545,0.37537869811058044,0.9355939626693726,1.2795116901397705,0.35057923197746277,0.9050156474113464,1.0654966831207275,0.35059285163879395,0.9408814311027527,1.3508961200714111,0.33235031366348267,0.9168170094490051,1.117746114730835,0.400730699300766,0.9521904587745667,1.295317530632019,0.40304476022720337,0.9269102811813354,1.0259478092193604,0.0,0.0,0.0,0.0,0.0,0.0,0.0,0.0,0.0,0.0,0.0,0.0,0.0,0.0,0.0,0.0,0.0,0.0,0.0,0.0,0.0,0.0,0.0,0.0,0.0,0.0,0.0,0.0,0.0,0.0,0.0,0.0,0.0,0.0,0.0,0.0,0.0,0.0,0.0,0.0,0.0,0.0,0.0,0.0,0.0,0.0,0.0,0.0,0.0,0.0,0.0,0.0,0.0,0.0,0.0,0.0,0.0,0.0,0.0,0.0,0.0,0.0,0.0,0.0,0.0,0.0,0.0,0.0,0.0,0.0,0.0,0.0,0.0,0.0,0.0,0.0,0.0,0.0,0.0,0.0,0.0,0.0,0.0,0.0,0.0,0.0,0.0,0.0,0.0,0.0,0.0,0.0,0.0,0.0,0.0,0.0,0.0,0.0,0.0,0.0,0.0,0.0,0.0,0.0,0.0,0.0,0.0,0.0,0.0,0.0,0.0,0.0,0.0,0.0,0.0,0.0,0.0,0.0,0.0,0.0,0.0,0.0,0.0,0.0,0.0,0.0,0
0.5923854112625122,0.3994980752468109,-0.994533360004425,0.6130243539810181,0.34855958819389343,-0.9352224469184875,0.626550555229187,0.3471221327781677,-0.9349552392959595,0.6370410323143005,0.34579190611839294,-0.9347226023674011,0.5682686567306519,0.3478001356124878,-0.9485312700271606,0.5480460524559021,0.3455340266227722,-0.9488016963005066,0.5345481634140015,0.343557208776474,-0.9485145807266235,0.6440073251724243,0.36160558462142944,-0.5723947882652283,0.5124849081039429,0.3531346917152405,-0.654991090297699,0.6099885702133179,0.4591990113258362,-0.8620827794075012,0.5577681660652161,0.44316205382347107,-0.8860637545585632,0.7034417986869812,0.6484293341636658,-0.37006887793540955,0.3926587700843811,0.6085167527198792,-0.442110538482666,0.7468038201332092,0.9605432748794556,-0.37743812799453735,0.17238599061965942,0.6940731406211853,-1.0019171237945557,0.7454015016555786,1.1272412538528442,-0.5446987152099609,0.4120250642299652,0.404938280582428,-1.264984130859375,0.7526408433914185,1.1796735525131226,-0.5898253917694092,0.4796375334262848,0.32744327187538147,-1.3540403842926025,0.7371814846992493,1.1751370429992676,-0.595723032951355,0.48468390107154846,0.3298669159412384,-1.219627022743225,0.7242792844772339,1.1604164838790894,-0.5579800009727478,0.47792965173721313,0.3558305501937866,-1.231964111328125,0.6577310562133789,1.2378100156784058,0.0013443412026390433,0.44582730531692505,1.2355722188949585,0.004221250768750906,0.6494147777557373,1.680525541305542,-0.17147493362426758,0.45311933755874634,1.6641688346862793,-0.04266589134931564,0.6679692268371582,2.086641788482666,0.4282049238681793,0.48055124282836914,2.0574843883514404,0.48182231187820435,0.6797395944595337,2.1507489681243896,0.49183255434036255,0.4887687563896179,2.1219382286071777,0.5275954008102417,0.6249831914901733,2.234417676925659,0.24509961903095245,0.48885291814804077,2.199552059173584,0.22682657837867737,0.0,0.0,0.0,0.0,0.0,0.0,0.0,0.0,0.0,0.0,0.0,0.0,0.0,0.0,0.0,0.0,0.0,0.0,0.0,0.0,0.0,0.0,0.0,0.0,0.0,0.0,0.0,0.0,0.0,0.0,0.0,0.0,0.0,0.0,0.0,0.0,0.0,0.0,0.0,0.0,0.0,0.0,0.0,0.0,0.0,0.0,0.0,0.0,0.0,0.0,0.0,0.0,0.0,0.0,0.0,0.0,0.0,0.0,0.0,0.0,0.0,0.0,0.0,0.38156282901763916,0.4110099673271179,-1.1826421797422881e-07,0.41071248054504395,0.43864327669143677,-0.016344474628567696,0.44166994094848633,0.442138135433197,-0.022983333095908165,0.4646857976913452,0.42481815814971924,-0.02906251698732376,0.48168981075286865,0.4045722186565399,-0.03474416211247444,0.4764561057090759,0.39292070269584656,-0.007000791374593973,0.5073193907737732,0.3780211806297302,-0.01657029055058956,0.5194830894470215,0.3741742670536041,-0.02611672505736351,0.5329319834709167,0.3661196231842041,-0.03373492881655693,0.4701443612575531,0.3667536973953247,-0.007207375019788742,0.5070370435714722,0.34324049949645996,-0.015115180052816868,0.5223714709281921,0.33749088644981384,-0.023612214252352715,0.5388146042823792,0.3330240547657013,-0.03146212548017502,0.4584856629371643,0.3461546301841736,-0.010289588943123817,0.4923216700553894,0.32161691784858704,-0.018785545602440834,0.507788896560669,0.31251856684684753,-0.026283252984285355,0.5253012776374817,0.3057202994823456,-0.032828763127326965,0.43930739164352417,0.32921209931373596,-0.015202968381345272,0.46423476934432983,0.3096722662448883,-0.020675834268331528,0.4804418087005615,0.29862016439437866,-0.023816414177417755,0.4982496201992035,0.28943514823913574,-0.027733562514185905,0
0.5924490094184875,0.24359537661075592,-0.4792605936527252,0.6051176190376282,0.2128055840730667,-0.4237043857574463,0.6153279542922974,0.2133515626192093,-0.4233378767967224,0.624428391456604,0.21376129984855652,-0.42307835817337036,0.5748418569564819,0.21393166482448578,-0.4336995482444763,0.5646532773971558,0.2157617211341858,-0.4340387284755707,0.5543233752250671,0.2174530178308487,-0.43387413024902344,0.6359432339668274,0.22940899431705475,-0.10521285235881805,0.5427020788192749,0.23597770929336548,-0.15972869098186493,0.6097198128700256,0.27787747979164124,-0.3588330149650574,0.5746554732322693,0.2805793881416321,-0.3739718794822693,0.7016751766204834,0.4151884913444519,0.0320635661482811,0.4853213429450989,0.39233383536338806,-0.06490890681743622,0.7395762205123901,0.624220073223114,0.07483021914958954,0.2949572503566742,0.35291576385498047,-0.5998132228851318,0.7386163473129272,0.878713071346283,-0.057778555899858475,0.4512731432914734,0.23292595148086548,-1.0158305168151855,0.7524958252906799,0.9146547317504883,-0.09880328923463821,0.47702860832214355,0.2001636028289795,-1.1483063697814941,0.7340567708015442,0.9106043577194214,-0.16484704613685608,0.49391689896583557,0.21532277762889862,-1.0739691257476807,0.7276739478111267,0.904504120349884,-0.09093450009822845,0.49367743730545044,0.23392607271671295,-1.0121855735778809,0.6560087203979492,0.9173282980918884,0.04432595148682594,0.5112525224685669,0.8997440934181213,-0.04101382568478584,0.6717178821563721,1.308366298675537,-0.22104625403881073,0.5059168338775635,1.3082820177078247,-0.33753278851509094,0.6877506971359253,1.7738146781921387,0.008817469701170921,0.5392977595329285,1.822530746459961,-0.2806318402290344,0.6887257099151611,1.833925724029541,0.030037671327590942,0.5340421199798584,1.8863189220428467,-0.2830602526664734,0.6898881196975708,1.8839988708496094,-0.21262624859809875,0.579377293586731,1.9320158958435059,-0.6059588193893433,0.7635671496391296,0.863749086856842,2.1061271127109649e-07,0.7416998147964478,0.8686824440956116,-0.010471164248883724,0.730272650718689,0.8891370296478271,-0.014874867163598537,0.7281126976013184,0.9117251634597778,-0.017027471214532852,0.726842999458313,0.9306247234344482,-0.01887115277349949,0.7507600784301758,0.9123091697692871,-0.013247453607618809,0.7382599115371704,0.94134521484375,-0.017705829814076424,0.730018138885498,0.9579300880432129,-0.02015860192477703,0.7239223122596741,0.970457136631012,-0.021529100835323334,0.7619799971580505,0.9158076047897339,-0.009018697775900364,0.7493404746055603,0.9419903755187988,-0.012368815019726753,0.7401358485221863,0.9548550844192505,-0.013520728796720505,0.7329410314559937,0.9640463590621948,-0.014434708282351494,0.7677674293518066,0.9159019589424133,-0.005232433322817087,0.7562209963798523,0.9404303431510925,-0.007901350036263466,0.7470143437385559,0.9522772431373596,-0.00766400620341301,0.739677906036377,0.9600263833999634,-0.007565296720713377,0.7702330946922302,0.9146137833595276,-0.002313963370397687,0.7608447074890137,0.936751127243042,-0.004384251777082682,0.7529010772705078,0.9482988119125366,-0.004279698245227337,0.746684193611145,0.9554131627082825,-0.003921459894627333,0.4381011426448822,0.235157310962677,9.34988406697812e-08,0.4519083797931671,0.24697232246398926,-0.00823056697845459,0.47122377157211304,0.24479614198207855,-0.012893951497972012,0.48593205213546753,0.23871946334838867,-0.01689739152789116,0.49849286675453186,0.2328524887561798,-0.02104717679321766,0.4909271001815796,0.21940501034259796,-0.011141801252961159,0.513074517250061,0.2016342580318451,-0.019169917330145836,0.5255152583122253,0.18978209793567657,-0.02482938952744007,0.5351849794387817,0.1789003163576126,-0.02839355729520321,0.4855474531650543,0.21046610176563263,-0.012360986322164536,0.5096226334571838,0.19280710816383362,-0.01951061561703682,0.5244137048721313,0.18007121980190277,-0.024577470496296883,0.5360567569732666,0.16910956799983978,-0.0277861338108778,0.4771227240562439,0.2040339708328247,-0.014425103552639484,0.49983489513397217,0.18669521808624268,-0.020968938246369362,0.5128653645515442,0.17580409348011017,-0.024136792868375778,0.5237764716148376,0.16697561740875244,-0.02579418011009693,0.46558088064193726,0.19897741079330444,-0.017211511731147766,0.4816201329231262,0.18586477637290955,-0.02319367788732052,0.4924502968788147,0.17902295291423798,-0.0248541459441185,0.5019742846488953,0.17364217340946198,-0.02528364397585392,0
0.5327008366584778,0.2639584243297577,-0.8709934949874878,0.5397554636001587,0.23813770711421967,-0.8112307786941528,0.549169659614563,0.23860931396484375,-0.8111874461174011,0.558207631111145,0.23892267048358917,-0.8110750317573547,0.5125051736831665,0.2386002242565155,-0.8072764277458191,0.5023249387741089,0.23929497599601746,-0.8075029253959656,0.49098700284957886,0.2403893768787384,-0.8070755004882812,0.5707483291625977,0.2595618665218353,-0.44503554701805115,0.47473788261413574,0.2633773684501648,-0.4406072497367859,0.546668291091919,0.302643358707428,-0.737848162651062,0.5130946636199951,0.3129200339317322,-0.7357591390609741,0.6876815557479858,0.5016271471977234,-0.2887389361858368,0.3863618075847626,0.4680115580558777,-0.19822385907173157,0.8363839983940125,0.730920135974884,-0.2499176561832428,0.17608891427516937,0.37167826294898987,-0.813580334186554,0.7442716360092163,0.9634019136428833,-0.3624303936958313,0.34976425766944885,0.2383309304714203,-1.2502144575119019,0.7204141616821289,1.028084635734558,-0.4186592996120453,0.39836350083351135,0.20764480531215668,-1.365837812423706,0.6978685855865479,1.0094202756881714,-0.43445682525634766,0.4158879220485687,0.21487471461296082,-1.2734100818634033,0.7030712962150574,0.9882438778877258,-0.3731142580509186,0.410309374332428,0.22847965359687805,-1.2430081367492676,0.6295364499092102,1.0367190837860107,-0.016313010826706886,0.4503583014011383,1.0447657108306885,0.02130838856101036,0.653574526309967,1.4904011487960815,-0.1857847422361374,0.46476778388023376,1.4727637767791748,-0.12305028736591339,0.6736477613449097,1.8624976873397827,0.398477703332901,0.49810123443603516,1.8519970178604126,0.3047780394554138,0.6819089651107788,1.9181644916534424,0.45496827363967896,0.5016951560974121,1.908610224723816,0.33809107542037964,0.6486619710922241,1.9761080741882324,0.17959663271903992,0.5146461725234985,1.9640543460845947,0.006021958310157061,0.0,0.0,0.0,0.0,0.0,0.0,0.0,0.0,0.0,0.0,0.0,0.0,0.0,0.0,0.0,0.0,0.0,0.0,0.0,0.0,0.0,0.0,0.0,0.0,0.0,0.0,0.0,0.0,0.0,0.0,0.0,0.0,0.0,0.0,0.0,0.0,0.0,0.0,0.0,0.0,0.0,0.0,0.0,0.0,0.0,0.0,0.0,0.0,0.0,0.0,0.0,0.0,0.0,0.0,0.0,0.0,0.0,0.0,0.0,0.0,0.0,0.0,0.0,0.3480882942676544,0.25471746921539307,7.514709210454384e-08,0.37450695037841797,0.26647087931632996,-0.0019616319332271814,0.40156272053718567,0.2562427520751953,-0.0031020324677228928,0.4192662239074707,0.24520987272262573,-0.005222946871072054,0.4320736229419708,0.2414533942937851,-0.008001581765711308,0.42330771684646606,0.22971409559249878,-0.003859441028907895,0.45189112424850464,0.21326273679733276,-0.011040247976779938,0.4691694378852844,0.20245105028152466,-0.01697704568505287,0.48305368423461914,0.19048874080181122,-0.021464429795742035,0.41744643449783325,0.21984164416790009,-0.009357905015349388,0.4498562514781952,0.20307396352291107,-0.016510842368006706,0.4699540138244629,0.1894984245300293,-0.022303573787212372,0.4857364594936371,0.17454500496387482,-0.026554882526397705,0.4068076014518738,0.21252208948135376,-0.015586192719638348,0.43725302815437317,0.1949421614408493,-0.02274446375668049,0.45551854372024536,0.18324115872383118,-0.027103256434202194,0.4705684185028076,0.17119067907333374,-0.03014558181166649,0.3922814428806305,0.20637163519859314,-0.022094059735536575,0.4142715632915497,0.19278912246227264,-0.028944022953510284,0.4296330511569977,0.18594639003276825,-0.031407877802848816,0.44312426447868347,0.17926326394081116,-0.033071283251047134,0
0.5304633378982544,0.37614911794662476,-1.441641092300415,0.5577352643013,0.329673707485199,-1.3909955024719238,0.5752237439155579,0.33067506551742554,-1.3915075063705444,0.5893206596374512,0.3318035304546356,-1.3916082382202148,0.513329267501831,0.32423344254493713,-1.3805644512176514,0.501825213432312,0.32164448499679565,-1.3811233043670654,0.49017781019210815,0.31982356309890747,-1.3810182809829712,0.6159330606460571,0.3570002019405365,-1.006158709526062,0.47231340408325195,0.3333832919597626,-0.9795047640800476,0.5524657368659973,0.43071091175079346,-1.2964199781417847,0.5064868330955505,0.4282315969467163,-1.2888891696929932,0.7607284188270569,0.7110902667045593,-0.7673249244689941,0.3797992765903473,0.6284677386283875,-0.6615158319473267,0.8652790784835815,0.9947067499160767,-0.8542878031730652,0.169133722782135,0.5886783599853516,-1.4047647714614868,0.8354594111442566,1.23085355758667,-1.0372105836868286,0.3355574905872345,0.36559048295021057,-2.0325238704681396,0.8416552543640137,1.2838000059127808,-1.0978891849517822,0.37087175250053406,0.2953397035598755,-2.1663496494293213,0.818009078502655,1.2788920402526855,-1.104264497756958,0.39643582701683044,0.282912939786911,-2.0437119007110596,0.8047073483467102,1.26821768283844,-1.0455365180969238,0.386626660823822,0.3054828941822052,-2.0142605304718018,0.6757411956787109,1.247706651687622,-0.011735054664313793,0.45714718103408813,1.2394375801086426,0.017179513350129128,0.678416907787323,1.5923517942428589,0.05539669841527939,0.4777422547340393,1.5866069793701172,0.06888049840927124,0.6908469796180725,1.9512858390808105,1.0958819389343262,0.4932037889957428,1.9740395545959473,0.8620386123657227,0.6987811326980591,2.000206232070923,1.2022489309310913,0.49769777059555054,2.035367012023926,0.9361222982406616,0.6500589847564697,2.1169304847717285,0.9256232976913452,0.49600934982299805,2.1158406734466553,0.5684643983840942,0.0,0.0,0.0,0.0,0.0,0.0,0.0,0.0,0.0,0.0,0.0,0.0,0.0,0.0,0.0,0.0,0.0,0.0,0.0,0.0,0.0,0.0,0.0,0.0,0.0,0.0,0.0,0.0,0.0,0.0,0.0,0.0,0.0,0.0,0.0,0.0,0.0,0.0,0.0,0.0,0.0,0.0,0.0,0.0,0.0,0.0,0.0,0.0,0.0,0.0,0.0,0.0,0.0,0.0,0.0,0.0,0.0,0.0,0.0,0.0,0.0,0.0,0.0,0.33590060472488403,0.30895230174064636,1.7443069566525082e-07,0.35755684971809387,0.3352630138397217,-0.01640484482049942,0.38369783759117126,0.3400704562664032,-0.02845854125916958,0.4057029187679291,0.3354581892490387,-0.03866565227508545,0.4247444272041321,0.33713263273239136,-0.049775898456573486,0.4062316417694092,0.3024905025959015,-0.03308814764022827,0.4426238536834717,0.27372753620147705,-0.048894431442022324,0.4615980088710785,0.2542065680027008,-0.05788556486368179,0.47625768184661865,0.23586376011371613,-0.06374114751815796,0.39372074604034424,0.2734732925891876,-0.03428584337234497,0.43193933367729187,0.2438841313123703,-0.047849688678979874,0.45417729020118713,0.22420203685760498,-0.055808860808610916,0.4717787504196167,0.20738443732261658,-0.06190689280629158,0.37559399008750916,0.24954605102539062,-0.03627835214138031,0.4100100100040436,0.22430077195167542,-0.04911808297038078,0.43250772356987,0.20871293544769287,-0.0568370521068573,0.45072129368782043,0.1960078328847885,-0.06220068410038948,0.35467615723609924,0.22920618951320648,-0.03904477879405022,0.3789737820625305,0.20361363887786865,-0.0521458275616169,0.3951214551925659,0.18713104724884033,-0.058111730962991714,0.4094255864620209,0.17251408100128174,-0.06174971163272858,0
0.6752464771270752,0.337978333234787,-0.8787084817886353,0.689620852470398,0.3017512559890747,-0.8066544532775879,0.7029556035995483,0.3023334741592407,-0.8065821528434753,0.7144597768783569,0.30197712779045105,-0.8062081336975098,0.6519111394882202,0.30390775203704834,-0.8053451776504517,0.6404754519462585,0.30575239658355713,-0.8056756854057312,0.6297746896743774,0.30780544877052307,-0.8053399324417114,0.7279645204544067,0.3259422481060028,-0.4075039029121399,0.6174466013908386,0.33015352487564087,-0.4135514795780182,0.7019086480140686,0.3833765983581543,-0.7356388568878174,0.6558080315589905,0.38462895154953003,-0.7374776601791382,0.8562191724777222,0.5785898566246033,-0.2437802106142044,0.5085976719856262,0.5505090355873108,-0.21222981810569763,0.9185086488723755,0.8810723423957825,-0.4424037039279938,0.29764774441719055,0.5178610682487488,-0.8950790166854858,0.8614619374275208,1.1390832662582397,-0.8316613435745239,0.48168882727622986,0.2940020263195038,-1.4343863725662231,0.8670784831047058,1.220574975013733,-0.9091430902481079,0.5335036516189575,0.24851079285144806,-1.5686910152435303,0.8393549919128418,1.2264618873596191,-0.9253886938095093,0.5532727837562561,0.25805386900901794,-1.4494268894195557,0.8277010917663574,1.2072277069091797,-0.8512136340141296,0.5476518869400024,0.27287229895591736,-1.4164440631866455,0.7802841067314148,1.1376042366027832,-0.009422081522643566,0.5691484212875366,1.144718050956726,0.016031285747885704,0.7715682983398438,1.5565072298049927,-0.4701801836490631,0.5707413554191589,1.5960297584533691,-0.3915466368198395,0.777787446975708,2.0101616382598877,0.09321946650743484,0.5684406757354736,2.061767101287842,0.0031550321727991104,0.7842409610748291,2.0786948204040527,0.1489807367324829,0.5690979361534119,2.13045072555542,0.03172419220209122,0.7493563294410706,2.1450302600860596,-0.16847118735313416,0.5765857696533203,2.195178747177124,-0.37053728103637695,0.0,0.0,0.0,0.0,0.0,0.0,0.0,0.0,0.0,0.0,0.0,0.0,0.0,0.0,0.0,0.0,0.0,0.0,0.0,0.0,0.0,0.0,0.0,0.0,0.0,0.0,0.0,0.0,0.0,0.0,0.0,0.0,0.0,0.0,0.0,0.0,0.0,0.0,0.0,0.0,0.0,0.0,0.0,0.0,0.0,0.0,0.0,0.0,0.0,0.0,0.0,0.0,0.0,0.0,0.0,0.0,0.0,0.0,0.0,0.0,0.0,0.0,0.0,0.4877311587333679,0.29052481055259705,2.1207527822753036e-07,0.5131270289421082,0.309202641248703,-0.008297203108668327,0.5404945611953735,0.31570374965667725,-0.014985504560172558,0.5587162375450134,0.3110290467739105,-0.022027043625712395,0.5585119724273682,0.2925659120082855,-0.029996326193213463,0.5728403329849243,0.26519057154655457,-0.011366509832441807,0.6055054068565369,0.2451428472995758,-0.022525135427713394,0.625126302242279,0.2327095866203308,-0.03165366128087044,0.6426070928573608,0.2208063304424286,-0.038029689341783524,0.5654643774032593,0.2516845762729645,-0.016064481809735298,0.601620614528656,0.23139718174934387,-0.02577720396220684,0.6243071556091309,0.2175634801387787,-0.03414875641465187,0.6439998149871826,0.20454485714435577,-0.04024200886487961,0.5527169108390808,0.24051059782505035,-0.021887769922614098,0.5869252681732178,0.21864403784275055,-0.03080962784588337,0.6077653765678406,0.2054976373910904,-0.03681192174553871,0.6258202791213989,0.1939968466758728,-0.0408407598733902,0.5352977514266968,0.23087692260742188,-0.02862362749874592,0.5615015625953674,0.21449142694473267,-0.036155201494693756,0.578702449798584,0.2062380015850067,-0.0388089157640934,0.5945820212364197,0.19906964898109436,-0.04053596407175064,0
0.6721914410591125,0.2834591567516327,-1.239420771598816,0.6950079798698425,0.24154281616210938,-1.1470271348953247,0.7096790075302124,0.24315449595451355,-1.146486759185791,0.7213327884674072,0.2458590716123581,-1.146253228187561,0.6467306613922119,0.24282702803611755,-1.1582553386688232,0.6329808235168457,0.24502123892307281,-1.1580779552459717,0.6238998770713806,0.24722959101200104,-1.1573741436004639,0.7373225688934326,0.2791018486022949,-0.6351821422576904,0.5972143411636353,0.27489355206489563,-0.7226041555404663,0.6975910663604736,0.3433109223842621,-1.0574026107788086,0.645919919013977,0.3468867838382721,-1.081459403038025,0.867892861366272,0.6358045339584351,-0.3435017466545105,0.46533674001693726,0.5508891344070435,-0.4193784296512604,0.8963823318481445,0.9922230243682861,-0.46669429540634155,0.12229116261005402,0.5705633759498596,-1.1237715482711792,0.8454450368881226,1.3063610792160034,-0.9687069654464722,0.38538938760757446,0.262704074382782,-1.707883596420288,0.8346935510635376,1.407243013381958,-1.0641812086105347,0.4474506378173828,0.19754968583583832,-1.8551380634307861,0.8116666078567505,1.3997178077697754,-1.0903440713882446,0.46922820806503296,0.20356112718582153,-1.7124093770980835,0.8097904324531555,1.357157588005066,-0.998644232749939,0.4566352963447571,0.2276143580675125,-1.6818687915802002,0.7714835405349731,1.2641758918762207,0.05090745538473129,0.5247727632522583,1.203481912612915,-0.043671444058418274,0.7480670809745789,1.8001115322113037,-0.05257001519203186,0.5001920461654663,1.7420973777770996,-0.29466286301612854,0.7262113094329834,2.2241313457489014,0.9473211169242859,0.48053139448165894,2.2115025520324707,0.45165395736694336,0.7210579514503479,2.29803466796875,1.0452650785446167,0.46877750754356384,2.291537046432495,0.5096203088760376,0.7035406827926636,2.3822455406188965,0.734871506690979,0.5258393883705139,2.380263090133667,0.06712537258863449,0.0,0.0,0.0,0.0,0.0,0.0,0.0,0.0,0.0,0.0,0.0,0.0,0.0,0.0,0.0,0.0,0.0,0.0,0.0,0.0,0.0,0.0,0.0,0.0,0.0,0.0,0.0,0.0,0.0,0.0,0.0,0.0,0.0,0.0,0.0,0.0,0.0,0.0,0.0,0.0,0.0,0.0,0.0,0.0,0.0,0.0,0.0,0.0,0.0,0.0,0.0,0.0,0.0,0.0,0.0,0.0,0.0,0.0,0.0,0.0,0.0,0.0,0.0,0.38030508160591125,0.2635512948036194,1.794528827758768e-07,0.41488853096961975,0.27627453207969666,-0.005332722328603268,0.4525344967842102,0.25196632742881775,-0.006123547907918692,0.47680285573005676,0.22904184460639954,-0.007738436572253704,0.49912115931510925,0.21274101734161377,-0.009832515381276608,0.4744231700897217,0.20482955873012543,-0.004205540753901005,0.5099462270736694,0.1745406687259674,-0.014754622243344784,0.5339270234107971,0.1562654823064804,-0.02315717563033104,0.5536484718322754,0.13996794819831848,-0.029063820838928223,0.466305673122406,0.19175541400909424,-0.009157195687294006,0.504862368106842,0.15922275185585022,-0.018557453528046608,0.5319228768348694,0.13852724432945251,-0.02611292526125908,0.5543016195297241,0.11934215575456619,-0.031216725707054138,0.452785462141037,0.18535052239894867,-0.015587576664984226,0.4888118803501129,0.15132100880146027,-0.02491839788854122,0.5124256014823914,0.13283035159111023,-0.03029770404100418,0.5325326323509216,0.1161578968167305,-0.03360171616077423,0.43474268913269043,0.1847541332244873,-0.02279672399163246,0.4590843617916107,0.15789620578289032,-0.03246684744954109,0.4777214527130127,0.14161452651023865,-0.03639134764671326,0.49453234672546387,0.12681308388710022,-0.038422536104917526,0
0.5941029787063599,0.3233484923839569,-1.1604514122009277,0.6172484159469604,0.2756919860839844,-1.0831491947174072,0.6327159404754639,0.2768614888191223,-1.0834670066833496,0.6487703323364258,0.2784022390842438,-1.0829665660858154,0.5716175436973572,0.273709237575531,-1.0812796354293823,0.5559291243553162,0.27309179306030273,-1.0817525386810303,0.5398584008216858,0.27265194058418274,-1.0816473960876465,0.6675640344619751,0.3033546209335327,-0.6283301115036011,0.5145466327667236,0.2902265191078186,-0.647162675857544,0.6175752878189087,0.37445980310440063,-0.9951130151748657,0.565205454826355,0.37116801738739014,-1.0021964311599731,0.7809217572212219,0.6361687183380127,-0.39466914534568787,0.3946459889411926,0.5799292325973511,-0.332278311252594,0.8436740636825562,0.9981869459152222,-0.6742498278617859,0.09250226616859436,0.6180028915405273,-1.0318496227264404,0.7533021569252014,1.189672589302063,-1.2390812635421753,0.30953314900398254,0.36258426308631897,-1.6997579336166382,0.7450363636016846,1.245723843574524,-1.355841040611267,0.3653518855571747,0.2938394546508789,-1.8517582416534424,0.7184802293777466,1.232181429862976,-1.3485443592071533,0.3932051658630371,0.2912617325782776,-1.7147018909454346,0.7119618654251099,1.2210426330566406,-1.2554919719696045,0.3816092014312744,0.3143235146999359,-1.6720139980316162,0.6793950796127319,1.2351917028427124,0.0497153140604496,0.45626407861709595,1.2160731554031372,-0.04276057332754135,0.6809483766555786,1.6584757566452026,-0.376096248626709,0.4684603214263916,1.6958519220352173,-0.483247846364975,0.6962825059890747,2.1912553310394287,0.08405351638793945,0.47712016105651855,2.196240186691284,-0.06589806079864502,0.6984313130378723,2.2877397537231445,0.1252356767654419,0.4715947210788727,2.266841411590576,-0.035643868148326874,0.685428261756897,2.317352294921875,-0.26705825328826904,0.5077892541885376,2.3418986797332764,-0.49861568212509155,0.0,0.0,0.0,0.0,0.0,0.0,0.0,0.0,0.0,0.0,0.0,0.0,0.0,0.0,0.0,0.0,0.0,0.0,0.0,0.0,0.0,0.0,0.0,0.0,0.0,0.0,0.0,0.0,0.0,0.0,0.0,0.0,0.0,0.0,0.0,0.0,0.0,0.0,0.0,0.0,0.0,0.0,0.0,0.0,0.0,0.0,0.0,0.0,0.0,0.0,0.0,0.0,0.0,0.0,0.0,0.0,0.0,0.0,0.0,0.0,0.0,0.0,0.0,0.2944602072238922,0.355620801448822,2.1316215281785844e-07,0.33327174186706543,0.38494300842285156,-0.022871026769280434,0.37566426396369934,0.39201653003692627,-0.029405580833554268,0.40933018922805786,0.3711782991886139,-0.03428306430578232,0.42725345492362976,0.33495187759399414,-0.03904750943183899,0.41058140993118286,0.32037514448165894,-0.0045494195073843,0.44920846819877625,0.2978944182395935,-0.013573801144957542,0.4699987769126892,0.279340535402298,-0.025193627923727036,0.4893359839916229,0.25967565178871155,-0.03477748483419418,0.4013906419277191,0.2915060222148895,-0.0023962105624377728,0.44500377774238586,0.2622864842414856,-0.009822984226047993,0.4693533182144165,0.24084927141666412,-0.023125261068344116,0.4921078085899353,0.22080960869789124,-0.034563589841127396,0.384817898273468,0.26946765184402466,-0.0038253425154834986,0.425571471452713,0.2416045069694519,-0.01305179949849844,0.4497959017753601,0.22319795191287994,-0.024850858375430107,0.4714362323284149,0.20773842930793762,-0.0342848040163517,0.3618086278438568,0.2510219216346741,-0.007764813490211964,0.3934422433376312,0.22955170273780823,-0.016832537949085236,0.4134903848171234,0.21708323061466217,-0.02332303859293461,0.4337233006954193,0.2058471143245697,-0.029010405763983727,0
0.6868612170219421,0.40874212980270386,-1.8783506155014038,0.7199700474739075,0.35839608311653137,-1.8271512985229492,0.7344644665718079,0.36245086789131165,-1.8275960683822632,0.7553642392158508,0.36470547318458557,-1.8276945352554321,0.6701733469963074,0.3447960615158081,-1.8384721279144287,0.6492748260498047,0.3398367464542389,-1.839339256286621,0.6380053758621216,0.3356069028377533,-1.8394302129745483,0.7828698754310608,0.3964144289493561,-1.4004688262939453,0.5955997109413147,0.3616428077220917,-1.454836130142212,0.7043055891990662,0.47523754835128784,-1.7038373947143555,0.6488345265388489,0.460136741399765,-1.718894600868225,0.8461706042289734,0.6728057265281677,-1.0864635705947876,0.457251638174057,0.6119955778121948,-1.1728535890579224,0.8502197265625,0.8352314233779907,-1.348044991493225,0.18368728458881378,0.6883319616317749,-1.8253519535064697,0.8061040043830872,0.5446383953094482,-1.7063944339752197,0.4336322247982025,0.4360833764076233,-2.418282985687256,0.8040032386779785,0.4695296585559845,-1.8235881328582764,0.4801572263240814,0.3892717659473419,-2.5685441493988037,0.80498206615448,0.4419727325439453,-1.8049602508544922,0.5235788226127625,0.35633084177970886,-2.470350980758667,0.7920146584510803,0.4750845730304718,-1.7139943838119507,0.5122439861297607,0.38449907302856445,-2.3981385231018066,0.7210043668746948,1.2990442514419556,0.025659283623099327,0.5129422545433044,1.2538764476776123,-0.023200035095214844,0.6781376600265503,1.1986175775527954,-0.0031829052604734898,0.49351364374160767,0.9909721612930298,0.015924053266644478,0.5818884372711182,1.0964024066925049,0.9871042370796204,0.5092287063598633,0.8866544961929321,0.8655518293380737,0.5698192119598389,1.0831449031829834,1.0957332849502563,0.5326651334762573,0.8954935669898987,0.9502087831497192,0.5135462284088135,1.1082571744918823,0.8545519113540649,0.4893113970756531,0.8696320056915283,0.6318171620368958,0.0,0.0,0.0,0.0,0.0,0.0,0.0,0.0,0.0,0.0,0.0,0.0,0.0,0.0,0.0,0.0,0.0,0.0,0.0,0.0,0.0,0.0,0.0,0.0,0.0,0.0,0.0,0.0,0.0,0.0,0.0,0.0,0.0,0.0,0.0,0.0,0.0,0.0,0.0,0.0,0.0,0.0,0.0,0.0,0.0,0.0,0.0,0.0,0.0,0.0,0.0,0.0,0.0,0.0,0.0,0.0,0.0,0.0,0.0,0.0,0.0,0.0,0.0,0.41680049896240234,0.44528287649154663,2.854080491943023e-07,0.47041264176368713,0.4685267508029938,-0.019930671900510788,0.5304877758026123,0.43971115350723267,-0.020511846989393234,0.5656377673149109,0.3913342356681824,-0.01999180018901825,0.5939516425132751,0.3562090992927551,-0.019091427326202393,0.5536984205245972,0.3697909116744995,0.0032182394061237574,0.600372314453125,0.33109909296035767,-0.005816355347633362,0.6255447864532471,0.3018656075000763,-0.016113324090838432,0.6461490988731384,0.2731119394302368,-0.024245334789156914,0.5359666347503662,0.3396388292312622,0.003644784213975072,0.5844873785972595,0.29786938428878784,-0.004494742024689913,0.6138874292373657,0.2655346095561981,-0.01583162322640419,0.6382427215576172,0.2367953360080719,-0.024348054081201553,0.5119702219963074,0.3200148344039917,-0.00031801025033928454,0.5558578968048096,0.27788108587265015,-0.011645114980638027,0.5857201814651489,0.25100088119506836,-0.021880557760596275,0.6115602254867554,0.2275184839963913,-0.028697434812784195,0.47881656885147095,0.3047667443752289,-0.0066329119727015495,0.5141507983207703,0.2697209119796753,-0.019048238173127174,0.5393205881118774,0.24925902485847473,-0.0254833847284317,0.5639706254005432,0.2303575873374939,-0.029536116868257523,0
0.6369674801826477,0.3785676062107086,-1.4879149198532104,0.667660117149353,0.3254281282424927,-1.4134575128555298,0.6854528188705444,0.326643168926239,-1.4131370782852173,0.7010055184364319,0.3278507888317108,-1.4124326705932617,0.6128650903701782,0.3185282051563263,-1.4234788417816162,0.597770094871521,0.31603437662124634,-1.4243152141571045,0.5845988392829895,0.31485113501548767,-1.4242579936981201,0.7241109609603882,0.35093995928764343,-0.8929352760314941,0.5651789903640747,0.3318238854408264,-0.9634348750114441,0.6694587469100952,0.4383489191532135,-1.2890980243682861,0.6074751615524292,0.4307268559932709,-1.3114683628082275,0.8397341966629028,0.6136871576309204,-0.5570967793464661,0.42532071471214294,0.5557044148445129,-0.594162106513977,0.9386987686157227,0.9973030686378479,-0.9966784715652466,0.1511046588420868,0.552769124507904,-1.2155404090881348,0.9240837097167969,0.7162083387374878,-1.7623240947723389,0.4019143581390381,0.38412654399871826,-1.8888251781463623,0.9427175521850586,0.6419418454170227,-1.933180570602417,0.4766871929168701,0.3264079988002777,-2.0681421756744385,0.9348574876785278,0.6038901805877686,-1.9011495113372803,0.49788698554039,0.32407090067863464,-1.9627244472503662,0.9209551811218262,0.6381158828735352,-1.7769616842269897,0.48593178391456604,0.3483823239803314,-1.8763134479522705,0.7161695957183838,1.2351620197296143,0.033054154366254807,0.4627343714237213,1.1665287017822266,-0.028543025255203247,0.7045565247535706,1.6638891696929932,0.0016126830596476793,0.47241440415382385,1.6858242750167847,-0.1940855085849762,0.6866080164909363,2.147613763809204,0.5416791439056396,0.4620802402496338,2.1616051197052,0.2198449671268463,0.6891354322433472,2.2242677211761475,0.5900598764419556,0.45575088262557983,2.2301323413848877,0.2520526647567749,0.648764967918396,2.286808967590332,0.2405235320329666,0.4790249466896057,2.309866189956665,-0.16343723237514496,0.0,0.0,0.0,0.0,0.0,0.0,0.0,0.0,0.0,0.0,0.0,0.0,0.0,0.0,0.0,0.0,0.0,0.0,0.0,0.0,0.0,0.0,0.0,0.0,0.0,0.0,0.0,0.0,0.0,0.0,0.0,0.0,0.0,0.0,0.0,0.0,0.0,0.0,0.0,0.0,0.0,0.0,0.0,0.0,0.0,0.0,0.0,0.0,0.0,0.0,0.0,0.0,0.0,0.0,0.0,0.0,0.0,0.0,0.0,0.0,0.0,0.0,0.0,0.35287922620773315,0.38479793071746826,1.8716988847700122e-08,0.39693135023117065,0.40468457341194153,-0.010905059985816479,0.4410049021244049,0.40549856424331665,-0.012760462239384651,0.4680219292640686,0.3799934685230255,-0.015168720856308937,0.48419082164764404,0.35095012187957764,-0.01750219613313675,0.4801581799983978,0.332875519990921,0.008546069264411926,0.5139180421829224,0.2995468080043793,0.0028660879470407963,0.5270077586174011,0.2856687307357788,-0.006201878190040588,0.539196252822876,0.2733255922794342,-0.013337570242583752,0.4673394560813904,0.30910974740982056,0.006328756455332041,0.506581723690033,0.2693566083908081,0.002866860246285796,0.5231052041053772,0.2526201605796814,-0.006418320816010237,0.5376226902008057,0.23961421847343445,-0.014585700817406178,0.4487378001213074,0.2927582859992981,0.001128195901401341,0.4840412139892578,0.2586137056350708,-0.0042968085035681725,0.49983662366867065,0.2418033480644226,-0.011428999714553356,0.5131388902664185,0.22959096729755402,-0.01737646572291851,0.4234672784805298,0.28199031949043274,-0.005734995473176241,0.44885098934173584,0.25465327501296997,-0.010046330280601978,0.4616754651069641,0.24273017048835754,-0.011605513282120228,0.47351205348968506,0.23228006064891815,-0.01333280373364687,0
0.568703830242157,0.2991527020931244,-1.1319276094436646,0.596605658531189,0.2537257969379425,-1.0650291442871094,0.6117692589759827,0.25713270902633667,-1.0650092363357544,0.6302621364593506,0.26102930307388306,-1.0647928714752197,0.5655848979949951,0.24929861724376678,-1.057728886604309,0.5557848811149597,0.2493792176246643,-1.0583281517028809,0.5456665754318237,0.2501334846019745,-1.0583148002624512,0.6685495376586914,0.29224899411201477,-0.6226329803466797,0.5308114290237427,0.2714937627315521,-0.6155298948287964,0.5856635570526123,0.3554570972919464,-0.9673428535461426,0.5481112599372864,0.3515825867652893,-0.9662111401557922,0.8039423227310181,0.5746861696243286,-0.4175790846347809,0.4193862974643707,0.5225104093551636,-0.2913164496421814,0.8460946083068848,0.932219386100769,-0.7292697429656982,0.12434647977352142,0.4680582284927368,-0.9822487831115723,0.7578079104423523,0.8895812630653381,-1.2127764225006104,0.35123294591903687,0.23646746575832367,-1.536484956741333,0.7392012476921082,0.8956025242805481,-1.3236228227615356,0.4178992807865143,0.1856604367494583,-1.680734395980835,0.738722562789917,0.8639642596244812,-1.3093016147613525,0.4410502016544342,0.1842871606349945,-1.5468677282333374,0.7360922694206238,0.8708899021148682,-1.2282661199569702,0.43070054054260254,0.2059752196073532,-1.5205469131469727,0.7038570642471313,1.2334400415420532,0.012058530934154987,0.4440339207649231,1.2048708200454712,-0.004013511352241039,0.6909812688827515,1.7451083660125732,-0.2666310966014862,0.44991517066955566,1.7214138507843018,-0.35580453276634216,0.7068686485290527,2.2406487464904785,0.26690903306007385,0.4621780514717102,2.2041995525360107,0.12909740209579468,0.7173729538917542,2.3187026977539062,0.319149911403656,0.457841694355011,2.2684662342071533,0.1691371500492096,0.662053108215332,2.3921422958374023,-0.05571513622999191,0.483035147190094,2.376248598098755,-0.2466660439968109,0.0,0.0,0.0,0.0,0.0,0.0,0.0,0.0,0.0,0.0,0.0,0.0,0.0,0.0,0.0,0.0,0.0,0.0,0.0,0.0,0.0,0.0,0.0,0.0,0.0,0.0,0.0,0.0,0.0,0.0,0.0,0.0,0.0,0.0,0.0,0.0,0.0,0.0,0.0,0.0,0.0,0.0,0.0,0.0,0.0,0.0,0.0,0.0,0.0,0.0,0.0,0.0,0.0,0.0,0.0,0.0,0.0,0.0,0.0,0.0,0.0,0.0,0.0,0.3181992769241333,0.20885822176933289,1.0577068820794011e-07,0.3665282428264618,0.2279691994190216,-0.017791710793972015,0.4146118760108948,0.22658905386924744,-0.019339604303240776,0.44965165853500366,0.1999652087688446,-0.01996043510735035,0.4705877900123596,0.17787353694438934,-0.019342994317412376,0.45266371965408325,0.17621055245399475,0.009583808481693268,0.49745622277259827,0.1538185328245163,0.005663827992975712,0.5196047425270081,0.1376933455467224,-0.0030965537298470736,0.5405009984970093,0.12363380193710327,-0.010417233221232891,0.44325169920921326,0.1472722887992859,0.012779848650097847,0.49057483673095703,0.12359742075204849,0.01172749325633049,0.5168125629425049,0.10658328980207443,0.0014872237807139754,0.5400741100311279,0.09270046651363373,-0.007637905888259411,0.4279024004936218,0.12711100280284882,0.012246732600033283,0.46951860189437866,0.10773590207099915,0.010110701434314251,0.49384692311286926,0.09178965538740158,0.0013457847526296973,0.5143649578094482,0.07854773104190826,-0.006534157320857048,0.40664762258529663,0.11264702677726746,0.009197360835969448,0.43259111046791077,0.09600205719470978,0.0076677133329212666,0.44851866364479065,0.08897192031145096,0.005515779368579388,0.46244385838508606,0.08401954919099808,0.0028121054638177156,0
0.5629690885543823,0.3118799328804016,-0.7780632972717285,0.581569492816925,0.2705133259296417,-0.6914997696876526,0.5954753160476685,0.2713698446750641,-0.6906387805938721,0.6102426052093506,0.27272823452949524,-0.6900545358657837,0.5458908677101135,0.26930463314056396,-0.712714672088623,0.5332053303718567,0.2691062092781067,-0.713288426399231,0.5195790529251099,0.269203782081604,-0.7129378318786621,0.6293796300888062,0.296077162027359,-0.2442024052143097,0.49408334493637085,0.2864251732826233,-0.3431696593761444,0.5844155550003052,0.35907819867134094,-0.6156925559043884,0.538986086845398,0.3585359454154968,-0.6451671719551086,0.7267084121704102,0.5568205714225769,-0.05659894272685051,0.388438880443573,0.5447080731391907,-0.15254399180412292,0.8450468182563782,0.6616988778114319,-0.14653731882572174,0.12284443527460098,0.5484141707420349,-0.5999946594238281,0.8635791540145874,0.45014792680740356,-0.4530012011528015,0.29803651571273804,0.2878084182739258,-1.0051600933074951,0.885090708732605,0.3859287202358246,-0.544181227684021,0.34038034081459045,0.2497921884059906,-1.145346999168396,0.875705361366272,0.3913780748844147,-0.5631639957427979,0.37113505601882935,0.25272589921951294,-1.0703831911087036,0.8576754331588745,0.4300570487976074,-0.48406925797462463,0.3642916977405548,0.2664282023906708,-1.0093705654144287,0.6899477243423462,1.1738609075546265,0.04951227828860283,0.4543745517730713,1.186942458152771,-0.04235449060797691,0.7074475288391113,1.649563193321228,-0.1811431348323822,0.48879823088645935,1.6788551807403564,-0.34976404905319214,0.7239644527435303,2.1271677017211914,0.22183546423912048,0.5089532136917114,2.1681623458862305,-0.10570280253887177,0.7284330725669861,2.1996748447418213,0.2648836374282837,0.5011540651321411,2.2365946769714355,-0.090446338057518,0.7214211821556091,2.255786418914795,-0.03453226014971733,0.5581756830215454,2.301856517791748,-0.4669201374053955,0.0,0.0,0.0,0.0,0.0,0.0,0.0,0.0,0.0,0.0,0.0,0.0,0.0,0.0,0.0,0.0,0.0,0.0,0.0,0.0,0.0,0.0,0.0,0.0,0.0,0.0,0.0,0.0,0.0,0.0,0.0,0.0,0.0,0.0,0.0,0.0,0.0,0.0,0.0,0.0,0.0,0.0,0.0,0.0,0.0,0.0,0.0,0.0,0.0,0.0,0.0,0.0,0.0,0.0,0.0,0.0,0.0,0.0,0.0,0.0,0.0,0.0,0.0,0.28255999088287354,0.29570168256759644,3.599403441967297e-07,0.312930703163147,0.3371274471282959,-0.01902763359248638,0.3511945903301239,0.3668651580810547,-0.028215352445840836,0.38443413376808167,0.38711678981781006,-0.036124732345342636,0.40689346194267273,0.41305863857269287,-0.043324146419763565,0.3941650092601776,0.2983580529689789,-0.004662433639168739,0.43172648549079895,0.2813839018344879,-0.0115382494404912,0.4512442350387573,0.26747798919677734,-0.019530562683939934,0.46884071826934814,0.25388261675834656,-0.025778157636523247,0.3914433419704437,0.2683752775192261,-0.00252380408346653,0.43158408999443054,0.24937140941619873,-0.0073688942939043045,0.45430392026901245,0.2361324578523636,-0.014590324833989143,0.47411197423934937,0.22437235713005066,-0.020167004317045212,0.3813224732875824,0.24234910309314728,-0.003284738166257739,0.41948893666267395,0.22518691420555115,-0.009051227942109108,0.4423574209213257,0.21568676829338074,-0.014922850765287876,0.46245747804641724,0.20732033252716064,-0.018747029826045036,0.36470118165016174,0.21785549819469452,-0.006276215426623821,0.396209180355072,0.20421797037124634,-0.010475142858922482,0.4153507351875305,0.198538675904274,-0.011696046218276024,0.43373018503189087,0.19307450950145721,-0.012220962904393673,0
0.4822475016117096,0.21588662266731262,-0.5397261381149292,0.5041056871414185,0.1875077784061432,-0.504120409488678,0.5083743333816528,0.18666666746139526,-0.504301905632019,0.5121727585792542,0.1840573251247406,-0.5041958093643188,0.4690181612968445,0.18895719945430756,-0.5116446614265442,0.4341464638710022,0.16612781584262848,-0.5119568109512329,0.4276859760284424,0.1649269312620163,-0.5120394825935364,0.5100171566009521,0.19285351037979126,-0.22948403656482697,0.3955927789211273,0.17316807806491852,-0.2761155068874359,0.49275344610214233,0.2866950035095215,-0.4268116056919098,0.4482436180114746,0.2700105607509613,-0.4417327344417572,0.5719164609909058,0.4323500394821167,-0.07106175273656845,0.2903192937374115,0.3772337734699249,-0.11233270168304443,0.6547549962997437,0.6649194955825806,-0.19615551829338074,0.21468862891197205,0.6369904279708862,-0.2802255153656006,0.6216906905174255,0.5555423498153687,-0.5245743989944458,0.2664940655231476,0.6014916896820068,-0.6551226377487183,0.6153742074966431,0.5399707555770874,-0.6196781992912292,0.2753637433052063,0.6080575585365295,-0.756692111492157,0.6079733967781067,0.500393271446228,-0.629928708076477,0.2857821583747864,0.5628652572631836,-0.7673331499099731,0.6002858877182007,0.5121191143989563,-0.5482110381126404,0.29040926694869995,0.5695453882217407,-0.6751774549484253,0.5331259369850159,1.0462312698364258,0.01732327975332737,0.3438192903995514,1.0384522676467896,-0.012870663776993752,0.569563090801239,1.4689973592758179,-0.042192164808511734,0.3842313885688782,1.5122935771942139,-0.0864180475473404,0.5953312516212463,1.8840256929397583,0.2775159180164337,0.4235196113586426,1.9574875831604004,0.06408004462718964,0.6009497046470642,1.940378189086914,0.31198984384536743,0.4262588620185852,2.016737222671509,0.0752512663602829,0.57985520362854,2.025494337081909,0.08757168799638748,0.44844454526901245,2.1047093868255615,-0.21272385120391846,0.0,0.0,0.0,0.0,0.0,0.0,0.0,0.0,0.0,0.0,0.0,0.0,0.0,0.0,0.0,0.0,0.0,0.0,0.0,0.0,0.0,0.0,0.0,0.0,0.0,0.0,0.0,0.0,0.0,0.0,0.0,0.0,0.0,0.0,0.0,0.0,0.0,0.0,0.0,0.0,0.0,0.0,0.0,0.0,0.0,0.0,0.0,0.0,0.0,0.0,0.0,0.0,0.0,0.0,0.0,0.0,0.0,0.0,0.0,0.0,0.0,0.0,0.0,0.0,0.0,0.0,0.0,0.0,0.0,0.0,0.0,0.0,0.0,0.0,0.0,0.0,0.0,0.0,0.0,0.0,0.0,0.0,0.0,0.0,0.0,0.0,0.0,0.0,0.0,0.0,0.0,0.0,0.0,0.0,0.0,0.0,0.0,0.0,0.0,0.0,0.0,0.0,0.0,0.0,0.0,0.0,0.0,0.0,0.0,0.0,0.0,0.0,0.0,0.0,0.0,0.0,0.0,0.0,0.0,0.0,0.0,0.0,0.0,0.0,0.0,0.0,0
0.47313985228538513,0.19198289513587952,-0.4587649703025818,0.4900769591331482,0.1578311324119568,-0.37847408652305603,0.49878770112991333,0.16001905500888824,-0.3780333697795868,0.5084138512611389,0.16226829588413239,-0.3775732219219208,0.4634946882724762,0.1565556675195694,-0.3795138895511627,0.4472517967224121,0.15592971444129944,-0.37985101342201233,0.4366585314273834,0.1568184792995453,-0.3794158101081848,0.5168873071670532,0.18572364747524261,0.0020267199724912643,0.42270708084106445,0.17507436871528625,-0.013369327411055565,0.48905879259109497,0.23167438805103302,-0.3262633979320526,0.45086726546287537,0.23124487698078156,-0.3306424617767334,0.6050485968589783,0.40962550044059753,0.04500042274594307,0.34403732419013977,0.3711891174316406,0.09529498964548111,0.6860259771347046,0.624143660068512,-0.43429604172706604,0.14893558621406555,0.40642064809799194,-0.6024585962295532,0.6650539636611938,0.6399492025375366,-1.034127116203308,0.3138919472694397,0.21559353172779083,-1.1929516792297363,0.6452156901359558,0.6565472483634949,-1.1700761318206787,0.3594104051589966,0.18244870007038116,-1.3447858095169067,0.6340035200119019,0.6280950307846069,-1.142256498336792,0.3715600073337555,0.18665413558483124,-1.2476619482040405,0.634941577911377,0.6250343918800354,-1.0467808246612549,0.36405712366104126,0.2001650333404541,-1.1869490146636963,0.5384521484375,0.9734576344490051,0.0033109828364104033,0.3808284401893616,0.9741219282150269,0.0021516946144402027,0.5766441226005554,1.3827979564666748,-0.36312752962112427,0.3870099186897278,1.411596417427063,-0.37569642066955566,0.5870911478996277,1.821602463722229,0.03490668535232544,0.4113519787788391,1.8461581468582153,-0.13369260728359222,0.5890719890594482,1.880991816520691,0.07585856318473816,0.4101789593696594,1.9116523265838623,-0.11872711032629013,0.5759937763214111,1.9451916217803955,-0.21100032329559326,0.43349701166152954,1.954403281211853,-0.48116785287857056,0.0,0.0,0.0,0.0,0.0,0.0,0.0,0.0,0.0,0.0,0.0,0.0,0.0,0.0,0.0,0.0,0.0,0.0,0.0,0.0,0.0,0.0,0.0,0.0,0.0,0.0,0.0,0.0,0.0,0.0,0.0,0.0,0.0,0.0,0.0,0.0,0.0,0.0,0.0,0.0,0.0,0.0,0.0,0.0,0.0,0.0,0.0,0.0,0.0,0.0,0.0,0.0,0.0,0.0,0.0,0.0,0.0,0.0,0.0,0.0,0.0,0.0,0.0,0.32489386200904846,0.21608349680900574,1.2783051772657927e-07,0.3565816879272461,0.2220180481672287,-0.005074549000710249,0.3831484317779541,0.20444422960281372,-0.005109528079628944,0.397005558013916,0.1795271784067154,-0.006063560023903847,0.3984968066215515,0.1569565385580063,-0.00686124200001359,0.3936043977737427,0.1758938729763031,0.005399134010076523,0.41839703917503357,0.152147114276886,-0.0006262676906771958,0.43479371070861816,0.13808448612689972,-0.006551462225615978,0.4487229883670807,0.12536439299583435,-0.010870409198105335,0.3887062668800354,0.16393110156059265,0.0023400112986564636,0.4160732924938202,0.13894608616828918,-0.0036177888978272676,0.4349534511566162,0.12459764629602432,-0.009259768761694431,0.4517509639263153,0.11180216073989868,-0.013104056939482689,0.38107752799987793,0.15474510192871094,-0.0027396485675126314,0.4073168635368347,0.13076984882354736,-0.009270991198718548,0.42553287744522095,0.11859285831451416,-0.013225982896983624,0.4410494863986969,0.10873447358608246,-0.015262539498507977,0.37168461084365845,0.14697137475013733,-0.008829343132674694,0.3938652575016022,0.12982946634292603,-0.013861692510545254,0.40962719917297363,0.12054529786109924,-0.015756255015730858,0.42357122898101807,0.11357821524143219,-0.016883037984371185,0
0.559735894203186,0.24359147250652313,-0.43639421463012695,0.5730451345443726,0.21134831011295319,-0.3804982602596283,0.5833364129066467,0.2131693810224533,-0.3801552653312683,0.5935474634170532,0.21460990607738495,-0.3797651529312134,0.5462697148323059,0.20780175924301147,-0.38184329867362976,0.5384665727615356,0.20744691789150238,-0.382417768239975,0.5306028127670288,0.20677503943443298,-0.38236063718795776,0.6048559546470642,0.2262982428073883,-0.057490795850753784,0.5191469192504883,0.2189035266637802,-0.08129429072141647,0.5776134729385376,0.28526318073272705,-0.31398919224739075,0.5433570146560669,0.27641189098358154,-0.3209225833415985,0.676604688167572,0.4206439256668091,0.04337149113416672,0.43111079931259155,0.37881067395210266,0.07461859285831451,0.7077838182449341,0.6310149431228638,-0.021417710930109024,0.22450828552246094,0.34478655457496643,-0.35693249106407166,0.6800225973129272,0.7049486041069031,-0.2758314311504364,0.4038642942905426,0.23305504024028778,-0.779094934463501,0.6477689146995544,0.7413736581802368,-0.3507179617881775,0.4443032741546631,0.22434541583061218,-0.9078390002250671,0.6511087417602539,0.7171763777732849,-0.3755665421485901,0.46615973114967346,0.23283258080482483,-0.8427907824516296,0.6528650522232056,0.7088287472724915,-0.293922483921051,0.44785434007644653,0.23746375739574432,-0.7750474214553833,0.62955242395401,0.8968631625175476,0.007975941523909569,0.46702948212623596,0.8770262598991394,-0.004763931035995483,0.6434293985366821,1.3587228059768677,-0.10229183733463287,0.47400951385498047,1.3858678340911865,-0.23244822025299072,0.6626666784286499,1.7446305751800537,-0.024702783674001694,0.5057135820388794,1.7763079404830933,-0.22067002952098846,0.6686373949050903,1.7951140403747559,-0.020011218264698982,0.5080557465553284,1.8238327503204346,-0.22492849826812744,0.6444999575614929,1.8558299541473389,-0.26350465416908264,0.5186318755149841,1.8903224468231201,-0.5033987164497375,0.0,0.0,0.0,0.0,0.0,0.0,0.0,0.0,0.0,0.0,0.0,0.0,0.0,0.0,0.0,0.0,0.0,0.0,0.0,0.0,0.0,0.0,0.0,0.0,0.0,0.0,0.0,0.0,0.0,0.0,0.0,0.0,0.0,0.0,0.0,0.0,0.0,0.0,0.0,0.0,0.0,0.0,0.0,0.0,0.0,0.0,0.0,0.0,0.0,0.0,0.0,0.0,0.0,0.0,0.0,0.0,0.0,0.0,0.0,0.0,0.0,0.0,0.0,0.3865935802459717,0.24891597032546997,9.318627292032033e-08,0.40669506788253784,0.2594694197177887,-0.008548292331397533,0.4293229281902313,0.2622447907924652,-0.012464572675526142,0.4482584595680237,0.25747624039649963,-0.016173196956515312,0.46248093247413635,0.246539905667305,-0.019688446074724197,0.4529532194137573,0.2367025464773178,-0.005830991081893444,0.47923171520233154,0.22475431859493256,-0.013337504118680954,0.49373817443847656,0.21737365424633026,-0.01957647129893303,0.5061138272285461,0.2105393260717392,-0.023629384115338326,0.4496018886566162,0.22335079312324524,-0.0071026114746928215,0.47817087173461914,0.2091396600008011,-0.01325756125152111,0.4950895607471466,0.20012687146663666,-0.018574988469481468,0.5093804001808167,0.19309714436531067,-0.02220175787806511,0.4421346187591553,0.21292605996131897,-0.009760186076164246,0.4686398208141327,0.2000858187675476,-0.015437865629792213,0.48439767956733704,0.19215068221092224,-0.018829897046089172,0.49830615520477295,0.1864679455757141,-0.021034108474850655,0.4310570955276489,0.20424087345600128,-0.013450752943754196,0.44951772689819336,0.19443470239639282,-0.018289094790816307,0.461517870426178,0.18954581022262573,-0.019427204504609108,0.4723464250564575,0.18612678349018097,-0.01983298733830452,0
0.5980965495109558,0.23227262496948242,-0.539204478263855,0.6111569404602051,0.20201653242111206,-0.48094072937965393,0.6194148659706116,0.20228026807308197,-0.4808993935585022,0.6279250383377075,0.2026197910308838,-0.48066940903663635,0.5860061049461365,0.1994645893573761,-0.48796677589416504,0.5761433243751526,0.198248952627182,-0.4880574643611908,0.5663923621177673,0.19733990728855133,-0.48779454827308655,0.6297831535339355,0.20984435081481934,-0.16001078486442566,0.5472507476806641,0.20478038489818573,-0.2052026093006134,0.6046431064605713,0.2678601145744324,-0.4211655557155609,0.5780421495437622,0.2654796242713928,-0.4333201050758362,0.6898813843727112,0.40419280529022217,-0.052145760506391525,0.4606448709964752,0.3797171711921692,-0.08853759616613388,0.7315505743026733,0.6390504837036133,-0.0463470034301281,0.2899923026561737,0.3698795437812805,-0.6767648458480835,0.6945393085479736,0.8563466668128967,-0.18582595884799957,0.45324116945266724,0.24000462889671326,-1.138351321220398,0.691860556602478,0.9250580668449402,-0.23337030410766602,0.49392542243003845,0.2113095074892044,-1.2669055461883545,0.6792026162147522,0.9145909547805786,-0.27395370602607727,0.5061730146408081,0.2144998461008072,-1.184822916984558,0.6660888195037842,0.8903363347053528,-0.2087891399860382,0.5011293888092041,0.23101507127285004,-1.1321011781692505,0.6392353177070618,0.9046696424484253,0.015618088655173779,0.49519315361976624,0.8887332081794739,-0.01119889598339796,0.6547062397003174,1.2945606708526611,-0.2417633831501007,0.49480319023132324,1.31087064743042,-0.2521098852157593,0.6606801748275757,1.6710752248764038,0.1250278204679489,0.5079668164253235,1.6891229152679443,-0.041042499244213104,0.6611980199813843,1.724975347518921,0.1642288863658905,0.508445143699646,1.7437654733657837,-0.026911914348602295,0.6464604139328003,1.7790697813034058,-0.070267453789711,0.5279187560081482,1.7948081493377686,-0.33945339918136597,0.0,0.0,0.0,0.0,0.0,0.0,0.0,0.0,0.0,0.0,0.0,0.0,0.0,0.0,0.0,0.0,0.0,0.0,0.0,0.0,0.0,0.0,0.0,0.0,0.0,0.0,0.0,0.0,0.0,0.0,0.0,0.0,0.0,0.0,0.0,0.0,0.0,0.0,0.0,0.0,0.0,0.0,0.0,0.0,0.0,0.0,0.0,0.0,0.0,0.0,0.0,0.0,0.0,0.0,0.0,0.0,0.0,0.0,0.0,0.0,0.0,0.0,0.0,0.43033480644226074,0.2654680609703064,2.166508750178764e-08,0.45708027482032776,0.26976823806762695,-0.004381896462291479,0.48266181349754333,0.2637099325656891,-0.005918137263506651,0.5006546378135681,0.25054931640625,-0.007887277752161026,0.49739065766334534,0.23575912415981293,-0.010190573520958424,0.4939994812011719,0.22714011371135712,-0.0004298365965951234,0.5147808194160461,0.2057400792837143,-0.005224883556365967,0.5238059759140015,0.193898007273674,-0.010212349705398083,0.5310497879981995,0.18373000621795654,-0.013904141262173653,0.48590099811553955,0.21569758653640747,-0.0029938986990600824,0.508422315120697,0.19100958108901978,-0.006405583117157221,0.519201934337616,0.17838574945926666,-0.010357637889683247,0.5269330739974976,0.16859892010688782,-0.013717328198254108,0.474208801984787,0.20804810523986816,-0.006634579040110111,0.49485039710998535,0.18373285233974457,-0.010261349380016327,0.5056984424591064,0.17123673856258392,-0.01292449701577425,0.5141218304634094,0.16165369749069214,-0.015308699570596218,0.45945918560028076,0.20264427363872528,-0.010994546115398407,0.47367575764656067,0.18390639126300812,-0.01411580853164196,0.4832008183002472,0.1736999750137329,-0.014664137735962868,0.4920177757740021,0.16506600379943848,-0.015460176393389702,0
0.638598620891571,0.38338103890419006,-2.2036690711975098,0.6680052876472473,0.324505478143692,-2.154794931411743,0.6845803260803223,0.3235660791397095,-2.155174732208252,0.6965831518173218,0.3228707015514374,-2.155116558074951,0.6114729642868042,0.3196514844894409,-2.151313543319702,0.5976945161819458,0.3155963718891144,-2.152029514312744,0.581642746925354,0.3118109703063965,-2.1518406867980957,0.7080791592597961,0.3472238779067993,-1.7236320972442627,0.5529382824897766,0.3326159417629242,-1.7192933559417725,0.662517786026001,0.451447457075119,-2.0336170196533203,0.6105925440788269,0.4452110230922699,-2.0331788063049316,0.8255599141120911,0.7092275619506836,-1.322575330734253,0.4296453595161438,0.6689889430999756,-1.292863368988037,0.9522021412849426,1.0690168142318726,-1.4785109758377075,0.1397949457168579,0.6807982921600342,-1.9515899419784546,0.9208279848098755,1.2850227355957031,-1.8201404809951782,0.3993226885795593,0.3273882567882538,-2.473367214202881,0.9243584871292114,1.3553197383880615,-1.9126310348510742,0.4676833152770996,0.25622788071632385,-2.61000394821167,0.8949615359306335,1.3435677289962769,-1.9209773540496826,0.4793974459171295,0.2640499472618103,-2.472273111343384,0.8830087780952454,1.32384192943573,-1.8350149393081665,0.4740712642669678,0.29013970494270325,-2.441215991973877,0.7452376484870911,1.226093053817749,-0.023344168439507484,0.5082331895828247,1.2155838012695312,0.029433006420731544,0.7446638345718384,1.6705005168914795,-0.08873605728149414,0.49527302384376526,1.648361325263977,-0.08178231865167618,0.7331311106681824,2.0231735706329346,1.132788896560669,0.515745222568512,2.053511619567871,0.9556376338005066,0.7407498359680176,2.0775227546691895,1.2521942853927612,0.5255848169326782,2.1175131797790527,1.046431064605713,0.6723707318305969,2.170093297958374,0.8982324600219727,0.5148641467094421,2.2031056880950928,0.6157611012458801,0.0,0.0,0.0,0.0,0.0,0.0,0.0,0.0,0.0,0.0,0.0,0.0,0.0,0.0,0.0,0.0,0.0,0.0,0.0,0.0,0.0,0.0,0.0,0.0,0.0,0.0,0.0,0.0,0.0,0.0,0.0,0.0,0.0,0.0,0.0,0.0,0.0,0.0,0.0,0.0,0.0,0.0,0.0,0.0,0.0,0.0,0.0,0.0,0.0,0.0,0.0,0.0,0.0,0.0,0.0,0.0,0.0,0.0,0.0,0.0,0.0,0.0,0.0,0.42318668961524963,0.26451167464256287,2.9911535648352583e-07,0.4509088397026062,0.28754308819770813,-0.0118123022839427,0.4833022356033325,0.2823390066623688,-0.018161579966545105,0.5090124607086182,0.26751503348350525,-0.02327934093773365,0.5286616086959839,0.25222453474998474,-0.028957733884453773,0.502548336982727,0.28012222051620483,-0.022433502599596977,0.5414783358573914,0.2708168625831604,-0.03874736279249191,0.5695285201072693,0.26132041215896606,-0.04840227589011192,0.591476321220398,0.2541161775588989,-0.05427445471286774,0.4990088939666748,0.2577859163284302,-0.024193845689296722,0.5383617281913757,0.24542827904224396,-0.04091367498040199,0.5662851929664612,0.23110194504261017,-0.05035855621099472,0.590542197227478,0.2183815836906433,-0.056147944182157516,0.4909098744392395,0.2350063920021057,-0.027210161089897156,0.5269500017166138,0.21863524615764618,-0.04358011856675148,0.5535532236099243,0.2052924484014511,-0.052706751972436905,0.5767569541931152,0.19411399960517883,-0.0575588084757328,0.4783949553966522,0.2114008069038391,-0.030672764405608177,0.5091114044189453,0.19886362552642822,-0.04547825828194618,0.5323284864425659,0.18950770795345306,-0.05336635559797287,0.5528637170791626,0.1820061206817627,-0.05806303769350052,0
0.0,0.0,0.0,0.0,0.0,0.0,0.0,0.0,0.0,0.0,0.0,0.0,0.0,0.0,0.0,0.0,0.0,0.0,0.0,0.0,0.0,0.0,0.0,0.0,0.0,0.0,0.0,0.0,0.0,0.0,0.0,0.0,0.0,0.0,0.0,0.0,0.0,0.0,0.0,0.0,0.0,0.0,0.0,0.0,0.0,0.0,0.0,0.0,0.0,0.0,0.0,0.0,0.0,0.0,0.0,0.0,0.0,0.0,0.0,0.0,0.0,0.0,0.0,0.0,0.0,0.0,0.0,0.0,0.0,0.0,0.0,0.0,0.0,0.0,0.0,0.0,0.0,0.0,0.0,0.0,0.0,0.0,0.0,0.0,0.0,0.0,0.0,0.0,0.0,0.0,0.0,0.0,0.0,0.0,0.0,0.0,0.0,0.0,0.0,0.0,0.0,0.0,0.0,0.0,0.0,0.0,0.0,0.0,0.0,0.0,0.0,0.0,0.0,0.0,0.0,0.0,0.0,0.0,0.0,0.0,0.0,0.0,0.0,0.0,0.0,0.0,0.0,0.0,0.0,0.0,0.0,0.0,0.0,0.0,0.0,0.0,0.0,0.0,0.0,0.0,0.0,0.0,0.0,0.0,0.0,0.0,0.0,0.0,0.0,0.0,0.0,0.0,0.0,0.0,0.0,0.0,0.0,0.0,0.0,0.0,0.0,0.0,0.0,0.0,0.0,0.0,0.0,0.0,0.0,0.0,0.0,0.0,0.0,0.0,0.0,0.0,0.0,0.0,0.0,0.0,0.0,0.0,0.0,0.0,0.0,0.0,0.0,0.0,0.0,0.0,0.0,0.0,0.0,0.0,0.0,0.0,0.0,0.0,0.0,0.0,0.0,0.0,0.0,0.0,0.0,0.0,0.0,0.0,0.0,0.0,0.0,0.0,0.0,0.0,0.0,0.0,0.0,0.0,0.0,0.0,0.0,0.0,0.0,0.0,0.0,0
0.5983136892318726,0.32810068130493164,-0.8099137544631958,0.6129223108291626,0.2984742522239685,-0.7423512935638428,0.6226599216461182,0.300506055355072,-0.7418627738952637,0.6316292881965637,0.30183151364326477,-0.7417385578155518,0.5810672640800476,0.2935062646865845,-0.7472213506698608,0.5693699717521667,0.29284387826919556,-0.7471041083335876,0.5578863024711609,0.29273849725723267,-0.7467315793037415,0.6425169110298157,0.31789302825927734,-0.3614234924316406,0.5380604863166809,0.3114560842514038,-0.40570467710494995,0.6184426546096802,0.3682619333267212,-0.6724043488502502,0.5788558125495911,0.36117327213287354,-0.6842596530914307,0.7458075881004333,0.577345609664917,-0.1830255389213562,0.45092687010765076,0.5538192391395569,-0.2076428234577179,0.7805173397064209,0.8904930353164673,-0.2668803036212921,0.20615151524543762,0.5203712582588196,-0.8354564905166626,0.79017573595047,1.1616405248641968,-0.5833430886268616,0.40185636281967163,0.3381834626197815,-1.3102995157241821,0.800550103187561,1.23513662815094,-0.6572380661964417,0.4485909938812256,0.30080360174179077,-1.4382297992706299,0.7990483045578003,1.2576904296875,-0.6994660496711731,0.46892842650413513,0.30224868655204773,-1.3323603868484497,0.7892788052558899,1.226999044418335,-0.6174529194831848,0.46019768714904785,0.31771400570869446,-1.300749659538269,0.6682925224304199,1.132843255996704,0.02907542884349823,0.49865370988845825,1.1195788383483887,-0.022282596677541733,0.6957659721374512,1.615628957748413,-0.20247331261634827,0.4996422827243805,1.5987932682037354,-0.280692458152771,0.711845874786377,2.052199363708496,0.3676019310951233,0.5130441784858704,2.04289174079895,0.15338116884231567,0.714118480682373,2.1218533515930176,0.42399364709854126,0.5090047121047974,2.1140623092651367,0.18521958589553833,0.6927995681762695,2.1778130531311035,0.13659989833831787,0.5449443459510803,2.1730613708496094,-0.17902852594852448,0.0,0.0,0.0,0.0,0.0,0.0,0.0,0.0,0.0,0.0,0.0,0.0,0.0,0.0,0.0,0.0,0.0,0.0,0.0,0.0,0.0,0.0,0.0,0.0,0.0,0.0,0.0,0.0,0.0,0.0,0.0,0.0,0.0,0.0,0.0,0.0,0.0,0.0,0.0,0.0,0.0,0.0,0.0,0.0,0.0,0.0,0.0,0.0,0.0,0.0,0.0,0.0,0.0,0.0,0.0,0.0,0.0,0.0,0.0,0.0,0.0,0.0,0.0,0.3709912896156311,0.3354146480560303,9.090492625318802e-08,0.40024855732917786,0.35909146070480347,-0.011065416038036346,0.4293367266654968,0.3716758191585541,-0.015944665297865868,0.45379024744033813,0.3655110001564026,-0.02076680026948452,0.47223585844039917,0.3509303331375122,-0.02529877796769142,0.4623475968837738,0.32959529757499695,-0.004339579492807388,0.4960010349750519,0.31540292501449585,-0.012570350430905819,0.5129767060279846,0.3059803247451782,-0.020494602620601654,0.5275105237960815,0.2975248098373413,-0.025606781244277954,0.45765548944473267,0.3061874508857727,-0.005712007638067007,0.4955931603908539,0.2900025546550751,-0.011335598304867744,0.5171183347702026,0.2804041802883148,-0.01774086244404316,0.5339146852493286,0.2737005650997162,-0.02272009290754795,0.44735369086265564,0.2862442433834076,-0.009148242883384228,0.4810631275177002,0.2711801528930664,-0.014623603783547878,0.5007546544075012,0.2624357044696808,-0.01895854063332081,0.5158442854881287,0.25719699263572693,-0.022209549322724342,0.4317629337310791,0.26731076836586,-0.014021502807736397,0.4561048746109009,0.25038692355155945,-0.01879282295703888,0.47142934799194336,0.24048030376434326,-0.019947253167629242,0.4845639169216156,0.23267140984535217,-0.02060833014547825,0
0.5368480086326599,0.40847232937812805,-0.7105110883712769,0.5585964918136597,0.37088677287101746,-0.6546798944473267,0.5729202628135681,0.3732367157936096,-0.654671847820282,0.5859426856040955,0.3753853738307953,-0.6543186902999878,0.5210925340652466,0.3639351725578308,-0.6597856283187866,0.5083008408546448,0.3612652122974396,-0.6599866151809692,0.4959299564361572,0.35880550742149353,-0.6596466302871704,0.5992599725723267,0.38651010394096375,-0.30051708221435547,0.47302788496017456,0.36847126483917236,-0.33019962906837463,0.5532192587852478,0.4540410041809082,-0.5754968523979187,0.5148606300354004,0.4467504918575287,-0.5840153098106384,0.6572202444076538,0.5822548270225525,-0.12579338252544403,0.39698153734207153,0.5518008470535278,-0.15180853009223938,0.7154722213745117,0.8370870351791382,-0.15198908746242523,0.24435865879058838,0.7090563178062439,-0.7215260863304138,0.6837946176528931,1.0698000192642212,-0.41100040078163147,0.3766128718852997,0.4559180438518524,-1.3112990856170654,0.6899818181991577,1.1377393007278442,-0.4747363030910492,0.4048784673213959,0.38702651858329773,-1.4470350742340088,0.6671600937843323,1.1267873048782349,-0.5135580897331238,0.4172378182411194,0.3731173574924469,-1.3821666240692139,0.664291262626648,1.111202597618103,-0.43620601296424866,0.413625568151474,0.39297810196876526,-1.3104602098464966,0.6070134043693542,1.1189439296722412,0.011888022534549236,0.43621087074279785,1.112595796585083,-0.00541612459346652,0.6096478700637817,1.55620539188385,-0.23028764128684998,0.4222143292427063,1.5521713495254517,-0.22055813670158386,0.61057049036026,1.9518736600875854,0.30783066153526306,0.43386325240135193,1.9644691944122314,0.12246152013540268,0.6159474849700928,2.0070512294769287,0.3632303774356842,0.4323432445526123,2.023996114730835,0.1477261483669281,0.5881820321083069,2.0631449222564697,0.10820162296295166,0.4543212354183197,2.0728509426116943,-0.1882552206516266,0.0,0.0,0.0,0.0,0.0,0.0,0.0,0.0,0.0,0.0,0.0,0.0,0.0,0.0,0.0,0.0,0.0,0.0,0.0,0.0,0.0,0.0,0.0,0.0,0.0,0.0,0.0,0.0,0.0,0.0,0.0,0.0,0.0,0.0,0.0,0.0,0.0,0.0,0.0,0.0,0.0,0.0,0.0,0.0,0.0,0.0,0.0,0.0,0.0,0.0,0.0,0.0,0.0,0.0,0.0,0.0,0.0,0.0,0.0,0.0,0.0,0.0,0.0,0.38755062222480774,0.45495009422302246,1.3805205867356563e-07,0.41747012734413147,0.4596363604068756,-0.006210267543792725,0.44177553057670593,0.4608193635940552,-0.01200710330158472,0.45759251713752747,0.4698924422264099,-0.019583415240049362,0.4670652449131012,0.47376883029937744,-0.027210306376218796,0.45380374789237976,0.3881160020828247,0.002308998489752412,0.47520753741264343,0.36218076944351196,-0.005356100853532553,0.4879210889339447,0.3482688069343567,-0.013746575452387333,0.4998329281806946,0.334705650806427,-0.019887298345565796,0.4473066031932831,0.37718355655670166,-0.0021258939523249865,0.4715826213359833,0.34765318036079407,-0.007418232969939709,0.4863535761833191,0.33133652806282043,-0.014412673190236092,0.49919068813323975,0.31671467423439026,-0.020100295543670654,0.43759670853614807,0.37041014432907104,-0.008483893238008022,0.4597095251083374,0.34043532609939575,-0.013011847622692585,0.4735439717769623,0.32429179549217224,-0.017308808863162994,0.48548945784568787,0.30981162190437317,-0.020586922764778137,0.42441192269325256,0.36764761805534363,-0.016133584082126617,0.43954998254776,0.341684490442276,-0.019215479493141174,0.4506489634513855,0.32520440220832825,-0.01959249936044216,0.4609042704105377,0.31013232469558716,-0.020071832463145256,0
0.5999734401702881,0.36432090401649475,-2.32524037361145,0.6310696005821228,0.298343688249588,-2.2560172080993652,0.6505118608474731,0.2988564670085907,-2.2564966678619385,0.6681773066520691,0.3001125156879425,-2.2565255165100098,0.5787991285324097,0.2981928884983063,-2.2673380374908447,0.5608709454536438,0.29786035418510437,-2.268580436706543,0.5417647361755371,0.2982098162174225,-2.2684271335601807,0.6950607895851135,0.3258856534957886,-1.7128496170043945,0.50633704662323,0.3187834620475769,-1.7794129848480225,0.6297488212585449,0.4210185408592224,-2.111858367919922,0.5698385238647461,0.41988232731819153,-2.130483627319336,0.7888711094856262,0.636621356010437,-1.2821139097213745,0.3974319100379944,0.5833120942115784,-1.351656198501587,0.838451087474823,0.9786328673362732,-1.7775685787200928,0.07365451008081436,0.5696447491645813,-2.0951220989227295,0.7709557414054871,0.8767629265785217,-2.5002264976501465,0.37702837586402893,0.2762756645679474,-2.659186840057373,0.7696226239204407,0.8434337973594666,-2.6669654846191406,0.439358651638031,0.22235867381095886,-2.8124852180480957,0.7690733075141907,0.8022413849830627,-2.621471881866455,0.46088355779647827,0.22024257481098175,-2.6844260692596436,0.7564175724983215,0.8204423785209656,-2.5039479732513428,0.4422031044960022,0.24781522154808044,-2.6284964084625244,0.7165653705596924,1.2069321870803833,0.0468866266310215,0.4882296025753021,1.2145692110061646,-0.042167894542217255,0.7560991048812866,1.6414357423782349,-0.08182964473962784,0.5314543843269348,1.5638905763626099,-0.7229092121124268,0.7407062649726868,1.947048544883728,1.2910146713256836,0.5408438444137573,2.0039539337158203,0.22605368494987488,0.7412036657333374,1.9903959035873413,1.4211678504943848,0.5407078862190247,2.079930543899536,0.30558401346206665,0.7244476675987244,2.1131889820098877,1.0842703580856323,0.5643314123153687,2.156095266342163,-0.20966045558452606,0.0,0.0,0.0,0.0,0.0,0.0,0.0,0.0,0.0,0.0,0.0,0.0,0.0,0.0,0.0,0.0,0.0,0.0,0.0,0.0,0.0,0.0,0.0,0.0,0.0,0.0,0.0,0.0,0.0,0.0,0.0,0.0,0.0,0.0,0.0,0.0,0.0,0.0,0.0,0.0,0.0,0.0,0.0,0.0,0.0,0.0,0.0,0.0,0.0,0.0,0.0,0.0,0.0,0.0,0.0,0.0,0.0,0.0,0.0,0.0,0.0,0.0,0.0,0.35439252853393555,0.2593563497066498,1.1356880236235156e-07,0.3896350562572479,0.29316186904907227,-0.00904689822345972,0.42520788311958313,0.3007203936576843,-0.018245341256260872,0.44949623942375183,0.2957524061203003,-0.02815590426325798,0.47409024834632874,0.2970850467681885,-0.03919003903865814,0.4729670584201813,0.2514397203922272,-0.01695406809449196,0.5160543322563171,0.2171560376882553,-0.03347593545913696,0.5428978800773621,0.1951214224100113,-0.04589972272515297,0.5650860071182251,0.17510071396827698,-0.054824087768793106,0.4655705392360687,0.23750945925712585,-0.02508031576871872,0.5147388577461243,0.2031128704547882,-0.041713640093803406,0.5457167625427246,0.1772739589214325,-0.05461335927248001,0.5711821913719177,0.15255579352378845,-0.06354688853025436,0.44892802834510803,0.2278328835964203,-0.03433931991457939,0.49523958563804626,0.1939791738986969,-0.05041706562042236,0.5216983556747437,0.1692219078540802,-0.05987400561571121,0.5437461137771606,0.14640818536281586,-0.06598164141178131,0.42532098293304443,0.22207754850387573,-0.044216930866241455,0.45650526881217957,0.1952919214963913,-0.05964275822043419,0.4777074158191681,0.17988216876983643,-0.06591974198818207,0.4971833825111389,0.16467377543449402,-0.06954842060804367,0
0.4913485646247864,0.3722689747810364,-0.9041318893432617,0.5083257555961609,0.3092436194419861,-0.8397995829582214,0.5252498388290405,0.30204230546951294,-0.8391227722167969,0.5414551496505737,0.3002474904060364,-0.8381801843643188,0.4664836823940277,0.32722967863082886,-0.8265762329101562,0.45229631662368774,0.33161985874176025,-0.8269504308700562,0.43883711099624634,0.335409939289093,-0.8266249895095825,0.574414849281311,0.3219872713088989,-0.4664421081542969,0.4215262532234192,0.35338693857192993,-0.40217551589012146,0.5247952342033386,0.41381436586380005,-0.767935574054718,0.47193002700805664,0.42523425817489624,-0.7519862651824951,0.7100276947021484,0.6147311925888062,-0.3425738215446472,0.33668774366378784,0.6791545748710632,-0.11287637799978256,0.933932900428772,0.7725468873977661,-0.815606951713562,0.2701295018196106,1.0620077848434448,-0.19888907670974731,0.6991105675697327,0.42929255962371826,-1.5286071300506592,0.3321380317211151,1.3647122383117676,-0.7515613436698914,0.6572415232658386,0.3573089838027954,-1.7293802499771118,0.3162298798561096,1.47750985622406,-0.8709264993667603,0.6416810750961304,0.348370760679245,-1.629299521446228,0.36565884947776794,1.477122187614441,-0.9408302307128906,0.6479945182800293,0.3751171827316284,-1.5160161256790161,0.3818051815032959,1.4372748136520386,-0.7999629974365234,0.6962888240814209,1.2593008279800415,-0.037067707628011703,0.45077452063560486,1.274115800857544,0.04360461235046387,0.6950817108154297,1.729062795639038,-0.20913076400756836,0.4535166323184967,1.7553621530532837,-0.08670197427272797,0.7102223634719849,2.1968235969543457,0.2862459719181061,0.4785704016685486,2.2041635513305664,0.2862359583377838,0.7250009775161743,2.277207851409912,0.331790566444397,0.4837074279785156,2.2789721488952637,0.31616321206092834,0.6582493782043457,2.3380048274993896,-0.027091827243566513,0.4914889931678772,2.3438873291015625,-0.04108372703194618,0.6723305583000183,0.44135013222694397,1.0381139503579107e-07,0.6291314363479614,0.4396611154079437,-0.004569643642753363,0.5897643566131592,0.4040234386920929,-0.003904881188645959,0.5780782103538513,0.3544480502605438,-0.005452881567180157,0.5872610807418823,0.3205108046531677,-0.006813926622271538,0.5839035511016846,0.35212093591690063,0.013830198906362057,0.5586352944374084,0.3109476566314697,0.009215063415467739,0.5449103713035583,0.2847749888896942,0.0018661092035472393,0.5344016551971436,0.2608969807624817,-0.0045005520805716515,0.5954850912094116,0.330344021320343,0.008710142225027084,0.5660112500190735,0.2845584750175476,0.005235735792666674,0.5492379069328308,0.25430232286453247,-0.0008691356051713228,0.5369609594345093,0.22796911001205444,-0.005549905821681023,0.6128422021865845,0.3159253001213074,0.000768023484852165,0.5837972164154053,0.27106773853302,-0.004182592034339905,0.5671055912971497,0.24310635030269623,-0.008441540412604809,0.5542032122612,0.2198525071144104,-0.011528998613357544,0.6350244879722595,0.3064400851726532,-0.00872364267706871,0.6119446754455566,0.2675941586494446,-0.012908820062875748,0.5964677929878235,0.24432241916656494,-0.01393809448927641,0.5830600261688232,0.22520124912261963,-0.014878098852932453,0.0,0.0,0.0,0.0,0.0,0.0,0.0,0.0,0.0,0.0,0.0,0.0,0.0,0.0,0.0,0.0,0.0,0.0,0.0,0.0,0.0,0.0,0.0,0.0,0.0,0.0,0.0,0.0,0.0,0.0,0.0,0.0,0.0,0.0,0.0,0.0,0.0,0.0,0.0,0.0,0.0,0.0,0.0,0.0,0.0,0.0,0.0,0.0,0.0,0.0,0.0,0.0,0.0,0.0,0.0,0.0,0.0,0.0,0.0,0.0,0.0,0.0,0.0,0
0.620442271232605,0.46062982082366943,-0.4044737219810486,0.6295768618583679,0.41485491394996643,-0.3749731481075287,0.638502299785614,0.41496366262435913,-0.37497174739837646,0.6477813124656677,0.4150140583515167,-0.3751673102378845,0.602920651435852,0.40989357233047485,-0.38770297169685364,0.5923391580581665,0.4067688286304474,-0.3878867030143738,0.5808185338973999,0.40376073122024536,-0.3877990245819092,0.6472963690757751,0.41360387206077576,-0.14096076786518097,0.5539649724960327,0.39858147501945496,-0.20124657452106476,0.6299422979354858,0.4908539056777954,-0.30453282594680786,0.595158040523529,0.48493480682373047,-0.3224923610687256,0.709760308265686,0.5549704432487488,-0.035911813378334045,0.4594128727912903,0.5284087061882019,-0.13311335444450378,0.8489421010017395,0.6520711779594421,-0.10190316289663315,0.3814052641391754,0.5171411633491516,-0.33567219972610474,0.8724026679992676,0.8389764428138733,-0.3089985251426697,0.3626334071159363,0.5050786733627319,-0.6076120138168335,0.8865960836410522,0.877091109752655,-0.3689240515232086,0.3460415005683899,0.5082800984382629,-0.7092676162719727,0.861701488494873,0.8766718506813049,-0.42502325773239136,0.36812788248062134,0.4958610236644745,-0.711094319820404,0.860748291015625,0.870508074760437,-0.3446982502937317,0.38106244802474976,0.5031844973564148,-0.6273598670959473,0.6845765113830566,1.1017634868621826,0.016813475638628006,0.526502251625061,1.119138240814209,-0.013840602710843086,0.7046535015106201,1.3356167078018188,-0.11422114074230194,0.5428641438484192,1.3907456398010254,-0.15881259739398956,0.7189388275146484,1.7262890338897705,0.26929014921188354,0.5870233774185181,1.8249342441558838,-0.000514060549903661,0.7256491780281067,1.7766931056976318,0.3131095767021179,0.5977139472961426,1.8913053274154663,0.010704485699534416,0.7124279737472534,1.8585312366485596,0.15204653143882751,0.5901778936386108,1.9380450248718262,-0.23447278141975403,0.9159996509552002,0.8345881700515747,3.4905434631582466e-07,0.88524329662323,0.8600516319274902,-0.009415451437234879,0.8682511448860168,0.8874102830886841,-0.007511630188673735,0.8602437973022461,0.9150960445404053,-0.0033898302353918552,0.8566954135894775,0.9354225993156433,0.001487976056523621,0.9089169502258301,0.925555944442749,0.017331955954432487,0.8848977088928223,0.9463223218917847,0.028914233669638634,0.8690202832221985,0.9444167613983154,0.031392231583595276,0.8596616387367249,0.9409759044647217,0.032169632613658905,0.9221256971359253,0.9203788638114929,0.02646602876484394,0.9016422033309937,0.9390079975128174,0.03969809040427208,0.8829185366630554,0.9387880563735962,0.03707507997751236,0.8705708980560303,0.9321225881576538,0.032764192670583725,0.928907036781311,0.9109137654304504,0.03445785492658615,0.9116385579109192,0.9301981925964355,0.04697076603770256,0.8937880992889404,0.9316738843917847,0.04310743883252144,0.8814277648925781,0.9262159466743469,0.037869926542043686,0.9325667023658752,0.9023643136024475,0.0414259172976017,0.918502926826477,0.9203273057937622,0.052457042038440704,0.9031684994697571,0.9243815541267395,0.05371710658073425,0.8920671939849854,0.9218844175338745,0.05283237248659134,0.0,0.0,0.0,0.0,0.0,0.0,0.0,0.0,0.0,0.0,0.0,0.0,0.0,0.0,0.0,0.0,0.0,0.0,0.0,0.0,0.0,0.0,0.0,0.0,0.0,0.0,0.0,0.0,0.0,0.0,0.0,0.0,0.0,0.0,0.0,0.0,0.0,0.0,0.0,0.0,0.0,0.0,0.0,0.0,0.0,0.0,0.0,0.0,0.0,0.0,0.0,0.0,0.0,0.0,0.0,0.0,0.0,0.0,0.0,0.0,0.0,0.0,0.0,0
0.4918445944786072,0.7059784531593323,-0.18416638672351837,0.48727431893348694,0.6634399890899658,-0.17973120510578156,0.4916241765022278,0.6600724458694458,-0.18022263050079346,0.4962370991706848,0.6567378640174866,-0.18076223134994507,0.47259998321533203,0.6695898175239563,-0.19834056496620178,0.46611446142196655,0.6707906723022461,-0.19815129041671753,0.45890694856643677,0.6719056963920593,-0.19779112935066223,0.49262017011642456,0.6552320122718811,-0.09899885207414627,0.439749538898468,0.676886796951294,-0.17734146118164062,0.5003786087036133,0.7263336777687073,-0.1402948647737503,0.4814213812351227,0.7335683703422546,-0.16340819001197815,0.5539548397064209,0.7812530398368835,0.008614199236035347,0.3933713734149933,0.7949365377426147,-0.2559254765510559,0.6513644456863403,0.886443555355072,0.020387988537549973,0.4433494508266449,0.8477020859718323,-0.31870177388191223,0.7132874727249146,0.9002476930618286,-0.08692237734794617,0.5900253057479858,0.7387222051620483,-0.26643601059913635,0.7357593774795532,0.9053707122802734,-0.11681463569402695,0.6313977837562561,0.7253295183181763,-0.3067607283592224,0.7296587228775024,0.8892556428909302,-0.1438136249780655,0.6360790729522705,0.6888943910598755,-0.2880599796772003,0.7138987183570862,0.8912973999977112,-0.10392297804355621,0.6219543218612671,0.6957921385765076,-0.25853729248046875,0.559822678565979,1.2406612634658813,0.0696728304028511,0.4464312195777893,1.267964482307434,-0.06823211163282394,0.6509968638420105,1.3462238311767578,0.1593964695930481,0.5311921238899231,1.323911428451538,0.06390462815761566,0.67109614610672,1.2495547533035278,0.4696149230003357,0.6019474864006042,1.2174510955810547,0.303376168012619,0.663498044013977,1.2362196445465088,0.5064525008201599,0.6090754270553589,1.1984992027282715,0.3319273889064789,0.7023830413818359,1.2352559566497803,0.47168630361557007,0.6497842073440552,1.2126132249832153,0.25976982712745667,0.0,0.0,0.0,0.0,0.0,0.0,0.0,0.0,0.0,0.0,0.0,0.0,0.0,0.0,0.0,0.0,0.0,0.0,0.0,0.0,0.0,0.0,0.0,0.0,0.0,0.0,0.0,0.0,0.0,0.0,0.0,0.0,0.0,0.0,0.0,0.0,0.0,0.0,0.0,0.0,0.0,0.0,0.0,0.0,0.0,0.0,0.0,0.0,0.0,0.0,0.0,0.0,0.0,0.0,0.0,0.0,0.0,0.0,0.0,0.0,0.0,0.0,0.0,0.0,0.0,0.0,0.0,0.0,0.0,0.0,0.0,0.0,0.0,0.0,0.0,0.0,0.0,0.0,0.0,0.0,0.0,0.0,0.0,0.0,0.0,0.0,0.0,0.0,0.0,0.0,0.0,0.0,0.0,0.0,0.0,0.0,0.0,0.0,0.0,0.0,0.0,0.0,0.0,0.0,0.0,0.0,0.0,0.0,0.0,0.0,0.0,0.0,0.0,0.0,0.0,0.0,0.0,0.0,0.0,0.0,0.0,0.0,0.0,0.0,0.0,0.0,0
0.5639781951904297,0.57057124376297,-0.3610452711582184,0.5651072263717651,0.5293420553207397,-0.3551012873649597,0.573072612285614,0.5288740992546082,-0.3550930619239807,0.5790022611618042,0.5264676809310913,-0.3551190495491028,0.5507325530052185,0.5342013835906982,-0.35638612508773804,0.5447038412094116,0.5344489216804504,-0.35625118017196655,0.5379120111465454,0.5347156524658203,-0.3558614253997803,0.5841646790504456,0.5239136815071106,-0.24050214886665344,0.5268703103065491,0.5356939435005188,-0.24153029918670654,0.5746094584465027,0.5503425598144531,-0.30528348684310913,0.5486745238304138,0.5474269986152649,-0.30615806579589844,0.6256143450737,0.6251434683799744,-0.15121963620185852,0.5020116567611694,0.6438949704170227,-0.1811850666999817,0.7535297274589539,0.6647616624832153,-0.18212509155273438,0.5175522565841675,0.6968271732330322,-0.16588404774665833,0.8197733759880066,0.6916847825050354,-0.2841663658618927,0.5599886178970337,0.6492535471916199,-0.16133783757686615,0.8478721380233765,0.6936902403831482,-0.3255254924297333,0.5632914900779724,0.6357473134994507,-0.18977880477905273,0.8283125162124634,0.6916452050209045,-0.344242662191391,0.5644494891166687,0.6249851584434509,-0.2090490311384201,0.8134835958480835,0.6961343288421631,-0.2988700866699219,0.5661516189575195,0.6335132122039795,-0.1734415590763092,0.6404507756233215,1.0192904472351074,0.019686592742800713,0.5561580061912537,1.0341886281967163,-0.01759733445942402,0.6520566344261169,1.0595619678497314,0.02726445160806179,0.5581373572349548,1.010892629623413,0.0207716953009367,0.654191255569458,1.1136810779571533,0.23582330346107483,0.6119054555892944,1.0651066303253174,0.14374101161956787,0.6462441682815552,1.1263936758041382,0.2600717544555664,0.617510199546814,1.078806757926941,0.15648630261421204,0.674315333366394,1.1083017587661743,0.20193389058113098,0.6491546034812927,1.0612958669662476,0.07508895546197891,0.0,0.0,0.0,0.0,0.0,0.0,0.0,0.0,0.0,0.0,0.0,0.0,0.0,0.0,0.0,0.0,0.0,0.0,0.0,0.0,0.0,0.0,0.0,0.0,0.0,0.0,0.0,0.0,0.0,0.0,0.0,0.0,0.0,0.0,0.0,0.0,0.0,0.0,0.0,0.0,0.0,0.0,0.0,0.0,0.0,0.0,0.0,0.0,0.0,0.0,0.0,0.0,0.0,0.0,0.0,0.0,0.0,0.0,0.0,0.0,0.0,0.0,0.0,0.0,0.0,0.0,0.0,0.0,0.0,0.0,0.0,0.0,0.0,0.0,0.0,0.0,0.0,0.0,0.0,0.0,0.0,0.0,0.0,0.0,0.0,0.0,0.0,0.0,0.0,0.0,0.0,0.0,0.0,0.0,0.0,0.0,0.0,0.0,0.0,0.0,0.0,0.0,0.0,0.0,0.0,0.0,0.0,0.0,0.0,0.0,0.0,0.0,0.0,0.0,0.0,0.0,0.0,0.0,0.0,0.0,0.0,0.0,0.0,0.0,0.0,0.0,0
0.5432137250900269,0.36899933218955994,0.08692358434200287,0.543979287147522,0.3380371332168579,0.080836720764637,0.5464983582496643,0.33815282583236694,0.08065588772296906,0.5480790138244629,0.3371451199054718,0.08046011626720428,0.5388470888137817,0.34007129073143005,0.0857975035905838,0.5381463766098022,0.34119749069213867,0.08579851686954498,0.5357742309570312,0.3409219980239868,0.08601601421833038,0.566292405128479,0.34663814306259155,0.11526641994714737,0.528528094291687,0.3342767357826233,0.13760781288146973,0.5505937337875366,0.385313481092453,0.11143314838409424,0.5413166284561157,0.3878556191921234,0.11757910251617432,0.5772382020950317,0.42495256662368774,0.07318639010190964,0.5337371230125427,0.4314451515674591,0.13027185201644897,0.65642249584198,0.520427942276001,0.037266165018081665,0.48639073967933655,0.5341317057609558,0.14239580929279327,0.6737855076789856,0.7074276208877563,-0.02284146100282669,0.5197497010231018,0.6924530863761902,0.1048097163438797,0.6841259598731995,0.7637609243392944,-0.05869339779019356,0.5231140851974487,0.7354118227958679,0.060751013457775116,0.6646766066551208,0.7734276652336121,-0.08502275496721268,0.5396567583084106,0.738370954990387,0.05069959908723831,0.6614899635314941,0.7646180391311646,-0.03233997896313667,0.5417742133140564,0.7308496832847595,0.09725689888000488,0.587056577205658,0.7887272238731384,-0.030186209827661514,0.5614432096481323,0.798953115940094,0.029068445786833763,0.4853580892086029,0.6261332631111145,0.16141735017299652,0.4795253872871399,0.651942253112793,0.27720385789871216,0.456134557723999,0.7754349112510681,0.39462944865226746,0.4649612009525299,0.7874833941459656,0.3518562316894531,0.45808306336402893,0.8029671311378479,0.42856651544570923,0.4756707549095154,0.8090287446975708,0.36147773265838623,0.4247145652770996,0.8110506534576416,0.4617128372192383,0.44487467408180237,0.8210012912750244,0.3433246910572052,0.0,0.0,0.0,0.0,0.0,0.0,0.0,0.0,0.0,0.0,0.0,0.0,0.0,0.0,0.0,0.0,0.0,0.0,0.0,0.0,0.0,0.0,0.0,0.0,0.0,0.0,0.0,0.0,0.0,0.0,0.0,0.0,0.0,0.0,0.0,0.0,0.0,0.0,0.0,0.0,0.0,0.0,0.0,0.0,0.0,0.0,0.0,0.0,0.0,0.0,0.0,0.0,0.0,0.0,0.0,0.0,0.0,0.0,0.0,0.0,0.0,0.0,0.0,0.0,0.0,0.0,0.0,0.0,0.0,0.0,0.0,0.0,0.0,0.0,0.0,0.0,0.0,0.0,0.0,0.0,0.0,0.0,0.0,0.0,0.0,0.0,0.0,0.0,0.0,0.0,0.0,0.0,0.0,0.0,0.0,0.0,0.0,0.0,0.0,0.0,0.0,0.0,0.0,0.0,0.0,0.0,0.0,0.0,0.0,0.0,0.0,0.0,0.0,0.0,0.0,0.0,0.0,0.0,0.0,0.0,0.0,0.0,0.0,0.0,0.0,0.0,0
0.5727682709693909,0.4870471656322479,-1.136914610862732,0.5818183422088623,0.4337368607521057,-1.1608874797821045,0.5943700075149536,0.42924025654792786,-1.1616137027740479,0.6070192456245422,0.4247020483016968,-1.162379264831543,0.5494931936264038,0.43911686539649963,-1.1478898525238037,0.5389519929885864,0.43923357129096985,-1.1481014490127563,0.5294739007949829,0.43943551182746887,-1.1482274532318115,0.6235054731369019,0.4050380289554596,-1.0477831363677979,0.5123257040977478,0.4255888760089874,-0.9940649271011353,0.5987330675125122,0.49789750576019287,-1.0705177783966064,0.5561827421188354,0.504450798034668,-1.0543577671051025,0.7217473983764648,0.4515896439552307,-0.915854811668396,0.4531150460243225,0.5278967022895813,-0.7367766499519348,0.881524920463562,0.6403218507766724,-0.8567320704460144,0.4294627606868744,0.676676869392395,-0.6000181436538696,0.8625868558883667,0.9567007422447205,-0.9434822201728821,0.37967002391815186,0.7390936017036438,-0.5991710424423218,0.870161235332489,0.9995406270027161,-1.0117387771606445,0.35834214091300964,0.7530901432037354,-0.6394046545028687,0.8417506217956543,0.9926833510398865,-1.0297993421554565,0.3516952693462372,0.7390392422676086,-0.7004836797714233,0.8215192556381226,0.9625244140625,-0.951529324054718,0.36970603466033936,0.7375301122665405,-0.6275683045387268,0.6476179361343384,0.7956136465072632,-0.06065230816602707,0.5285366773605347,0.8074435591697693,0.06037915498018265,0.5105475783348083,0.8100316524505615,0.5197356343269348,0.42119866609573364,0.8177378177642822,0.6408056020736694,0.44951778650283813,0.8344384431838989,1.2983171939849854,0.381753534078598,0.7990434169769287,1.3244798183441162,0.45201292634010315,0.8258543014526367,1.388708233833313,0.39266273379325867,0.8131067156791687,1.3982447385787964,0.40538716316223145,0.929547905921936,1.3949060440063477,0.34346604347229004,0.8953757882118225,1.3612923622131348,0.0,0.0,0.0,0.0,0.0,0.0,0.0,0.0,0.0,0.0,0.0,0.0,0.0,0.0,0.0,0.0,0.0,0.0,0.0,0.0,0.0,0.0,0.0,0.0,0.0,0.0,0.0,0.0,0.0,0.0,0.0,0.0,0.0,0.0,0.0,0.0,0.0,0.0,0.0,0.0,0.0,0.0,0.0,0.0,0.0,0.0,0.0,0.0,0.0,0.0,0.0,0.0,0.0,0.0,0.0,0.0,0.0,0.0,0.0,0.0,0.0,0.0,0.0,0.0,0.0,0.0,0.0,0.0,0.0,0.0,0.0,0.0,0.0,0.0,0.0,0.0,0.0,0.0,0.0,0.0,0.0,0.0,0.0,0.0,0.0,0.0,0.0,0.0,0.0,0.0,0.0,0.0,0.0,0.0,0.0,0.0,0.0,0.0,0.0,0.0,0.0,0.0,0.0,0.0,0.0,0.0,0.0,0.0,0.0,0.0,0.0,0.0,0.0,0.0,0.0,0.0,0.0,0.0,0.0,0.0,0.0,0.0,0.0,0.0,0.0,0.0,0
0.5961467623710632,0.49432724714279175,-0.6440048813819885,0.5974379181861877,0.46515652537345886,-0.6606109142303467,0.601809561252594,0.4639611840248108,-0.6607376337051392,0.6144537925720215,0.46181148290634155,-0.6609926819801331,0.5748795866966248,0.46973517537117004,-0.6520116925239563,0.5704257488250732,0.4713825285434723,-0.6522416472434998,0.5540271401405334,0.4753541350364685,-0.6524196267127991,0.6287409663200378,0.46411222219467163,-0.5749519467353821,0.5553275942802429,0.4814513623714447,-0.5351253747940063,0.6179958581924438,0.4970415234565735,-0.5918189287185669,0.5801239609718323,0.5055891871452332,-0.5799268484115601,0.7461808919906616,0.5084517002105713,-0.4498918652534485,0.5198171138763428,0.49447956681251526,-0.3799678683280945,0.8658088445663452,0.6671260595321655,-0.4734690189361572,0.42543959617614746,0.5556209683418274,-0.3347233235836029,0.7458127737045288,0.8621246814727783,-0.585124671459198,0.3839190900325775,0.5701442360877991,-0.39760807156562805,0.7165398597717285,0.8938705921173096,-0.6399136781692505,0.36831241846084595,0.5866991281509399,-0.42840680480003357,0.6776765584945679,0.8943824768066406,-0.6354798078536987,0.38870707154273987,0.5699398517608643,-0.45157766342163086,0.692202091217041,0.8712595105171204,-0.5849372744560242,0.4002658426761627,0.5708737969398499,-0.4079461097717285,0.6924487948417664,0.7361687421798706,-0.025241663679480553,0.5880510210990906,0.7104589939117432,0.02514776587486267,0.5725093483924866,0.7624404430389404,-0.011256596073508263,0.394348680973053,0.7172161936759949,0.026407897472381592,0.32159435749053955,0.8521237969398499,0.16186650097370148,0.24798636138439178,0.8098253011703491,0.05580400303006172,0.2889360785484314,0.8619412779808044,0.18288549780845642,0.24118199944496155,0.8341637849807739,0.0598759762942791,0.24975267052650452,0.9036797881126404,0.10956208407878876,0.17014634609222412,0.8644052743911743,-0.04185985401272774,0.7202311754226685,0.8968122005462646,2.3337324250860547e-07,0.6792721748352051,0.8837073445320129,-0.0025895223952829838,0.6378148198127747,0.8950352668762207,-0.0041215387172997,0.6060903668403625,0.9177798628807068,-0.004527898970991373,0.5841119289398193,0.9384241104125977,-0.005654565058648586,0.6427094340324402,0.9204965829849243,-0.00758687499910593,0.6119890213012695,0.9449338316917419,-0.009843753650784492,0.5959030389785767,0.9538631439208984,-0.011158895678818226,0.585250735282898,0.9561012387275696,-0.011302633211016655,0.6622208952903748,0.942877471446991,-0.006899906788021326,0.6296724677085876,0.9693748354911804,-0.00545009458437562,0.6117005348205566,0.9770774841308594,-0.0048244548961520195,0.6012016534805298,0.9770530462265015,-0.005221213214099407,0.6810235977172852,0.9584014415740967,-0.005687763914465904,0.6501511931419373,0.9824419617652893,-0.003711925121024251,0.6325468420982361,0.9926090240478516,0.0004289568751119077,0.621279776096344,0.9960026144981384,0.002479621907696128,0.6984407305717468,0.9677714109420776,-0.00441264733672142,0.6736999154090881,0.9907571077346802,-0.00200081174261868,0.6587095260620117,0.9989591836929321,0.0036191551480442286,0.648561954498291,1.0026955604553223,0.007860777899622917,0.0,0.0,0.0,0.0,0.0,0.0,0.0,0.0,0.0,0.0,0.0,0.0,0.0,0.0,0.0,0.0,0.0,0.0,0.0,0.0,0.0,0.0,0.0,0.0,0.0,0.0,0.0,0.0,0.0,0.0,0.0,0.0,0.0,0.0,0.0,0.0,0.0,0.0,0.0,0.0,0.0,0.0,0.0,0.0,0.0,0.0,0.0,0.0,0.0,0.0,0.0,0.0,0.0,0.0,0.0,0.0,0.0,0.0,0.0,0.0,0.0,0.0,0.0,0
0.0,0.0,0.0,0.0,0.0,0.0,0.0,0.0,0.0,0.0,0.0,0.0,0.0,0.0,0.0,0.0,0.0,0.0,0.0,0.0,0.0,0.0,0.0,0.0,0.0,0.0,0.0,0.0,0.0,0.0,0.0,0.0,0.0,0.0,0.0,0.0,0.0,0.0,0.0,0.0,0.0,0.0,0.0,0.0,0.0,0.0,0.0,0.0,0.0,0.0,0.0,0.0,0.0,0.0,0.0,0.0,0.0,0.0,0.0,0.0,0.0,0.0,0.0,0.0,0.0,0.0,0.0,0.0,0.0,0.0,0.0,0.0,0.0,0.0,0.0,0.0,0.0,0.0,0.0,0.0,0.0,0.0,0.0,0.0,0.0,0.0,0.0,0.0,0.0,0.0,0.0,0.0,0.0,0.0,0.0,0.0,0.0,0.0,0.0,0.0,0.0,0.0,0.0,0.0,0.0,0.0,0.0,0.0,0.0,0.0,0.0,0.0,0.0,0.0,0.0,0.0,0.0,0.0,0.0,0.0,0.0,0.0,0.0,0.0,0.0,0.0,0.0,0.0,0.0,0.0,0.0,0.0,0.0,0.0,0.0,0.0,0.0,0.0,0.0,0.0,0.0,0.0,0.0,0.0,0.0,0.0,0.0,0.0,0.0,0.0,0.0,0.0,0.0,0.0,0.0,0.0,0.0,0.0,0.0,0.0,0.0,0.0,0.0,0.0,0.0,0.0,0.0,0.0,0.0,0.0,0.0,0.0,0.0,0.0,0.0,0.0,0.0,0.0,0.0,0.0,0.0,0.0,0.0,0.0,0.0,0.0,0.0,0.0,0.0,0.0,0.0,0.0,0.0,0.0,0.0,0.0,0.0,0.0,0.0,0.0,0.0,0.0,0.0,0.0,0.0,0.0,0.0,0.0,0.0,0.0,0.0,0.0,0.0,0.0,0.0,0.0,0.0,0.0,0.0,0.0,0.0,0.0,0.0,0.0,0.0,0
0.34689006209373474,0.4101635217666626,0.03613002598285675,0.3293699026107788,0.40952691435813904,0.042228616774082184,0.3295983672142029,0.4085427522659302,0.042014505714178085,0.3297674059867859,0.4073448181152344,0.041602715849876404,0.32671087980270386,0.415291428565979,0.01953510008752346,0.3248594105243683,0.41913655400276184,0.019273729994893074,0.322900652885437,0.42362597584724426,0.019240865483880043,0.3302333652973175,0.42358967661857605,0.09199822694063187,0.32244277000427246,0.44358357787132263,-0.015956569463014603,0.360751211643219,0.41831398010253906,0.05770714208483696,0.35751548409461975,0.42691415548324585,0.027098041027784348,0.42105549573898315,0.4419914484024048,0.1509505659341812,0.37191519141197205,0.49050426483154297,-0.09038952738046646,0.44179806113243103,0.4511283040046692,0.256356805562973,0.2805781662464142,0.4396933615207672,-0.09261643886566162,0.45140475034713745,0.4523822069168091,0.3724626302719116,0.23592515289783478,0.41346603631973267,0.1479729562997818,0.4529193043708801,0.447752982378006,0.38852640986442566,0.2185821831226349,0.40947622060775757,0.15965253114700317,0.4598373770713806,0.4464394748210907,0.363898366689682,0.23288345336914062,0.42217758297920227,0.172576442360878,0.45898255705833435,0.45220062136650085,0.36208659410476685,0.2438085526227951,0.4259193539619446,0.1546560376882553,0.6720711588859558,0.4996016323566437,0.06890202313661575,0.6554712057113647,0.551874577999115,-0.06907286494970322,0.8402606248855591,0.5804922580718994,0.08720911294221878,0.8060809969902039,0.5710422992706299,-0.08246060460805893,0.9023321866989136,0.7510533928871155,0.10135199129581451,0.8264360427856445,0.7444870471954346,-0.01620321162045002,0.8984138369560242,0.7631012797355652,0.10523946583271027,0.807468593120575,0.7622323632240295,-0.0027897036634385586,0.9556558728218079,0.8342310190200806,0.0935608521103859,0.8931479454040527,0.8164761662483215,0.01572108455002308,0.0,0.0,0.0,0.0,0.0,0.0,0.0,0.0,0.0,0.0,0.0,0.0,0.0,0.0,0.0,0.0,0.0,0.0,0.0,0.0,0.0,0.0,0.0,0.0,0.0,0.0,0.0,0.0,0.0,0.0,0.0,0.0,0.0,0.0,0.0,0.0,0.0,0.0,0.0,0.0,0.0,0.0,0.0,0.0,0.0,0.0,0.0,0.0,0.0,0.0,0.0,0.0,0.0,0.0,0.0,0.0,0.0,0.0,0.0,0.0,0.0,0.0,0.0,0.0,0.0,0.0,0.0,0.0,0.0,0.0,0.0,0.0,0.0,0.0,0.0,0.0,0.0,0.0,0.0,0.0,0.0,0.0,0.0,0.0,0.0,0.0,0.0,0.0,0.0,0.0,0.0,0.0,0.0,0.0,0.0,0.0,0.0,0.0,0.0,0.0,0.0,0.0,0.0,0.0,0.0,0.0,0.0,0.0,0.0,0.0,0.0,0.0,0.0,0.0,0.0,0.0,0.0,0.0,0.0,0.0,0.0,0.0,0.0,0.0,0.0,0.0,0
0.4462336003780365,0.5682637691497803,-0.06194683164358139,0.42731159925460815,0.5492429733276367,-0.046353649348020554,0.42946380376815796,0.5395161509513855,-0.046502478420734406,0.43167561292648315,0.5296729207038879,-0.046785902231931686,0.4195578694343567,0.5743967890739441,-0.05070379376411438,0.4160226285457611,0.5844010710716248,-0.05095730349421501,0.4124775826931,0.5948983430862427,-0.05110279470682144,0.4368521273136139,0.5288793444633484,0.05475505068898201,0.4118522107601166,0.6154564023017883,0.029810940846800804,0.4655645489692688,0.5634280443191528,-0.01952819898724556,0.4554899334907532,0.5989247560501099,-0.025985579937696457,0.513672947883606,0.5210906267166138,0.05814528465270996,0.48443394899368286,0.7251204252243042,0.05479719489812851,0.5864282846450806,0.5387821197509766,-0.027421006932854652,0.6081541776657104,0.8172461986541748,-0.01596544124186039,0.5215797424316406,0.5309851169586182,-0.18107809126377106,0.65986168384552,0.8083788752555847,-0.14915569126605988,0.5094516277313232,0.5269468426704407,-0.2218862771987915,0.6825100183486938,0.8150111436843872,-0.17814481258392334,0.5006973743438721,0.5203177332878113,-0.21621358394622803,0.6721426248550415,0.793956995010376,-0.1943821758031845,0.5068458318710327,0.5353394150733948,-0.1842598170042038,0.6664771437644958,0.7832152843475342,-0.1577232927083969,0.7571643590927124,0.6325969099998474,-0.00347716617397964,0.740262508392334,0.7545918822288513,0.0031332909129559994,0.88911372423172,0.6596227288246155,0.07398106902837753,0.8501207232475281,0.7292726635932922,0.05382062867283821,0.9822367429733276,0.7204902768135071,0.1323556751012802,0.9316283464431763,0.770229697227478,0.1205538660287857,0.9829921722412109,0.727993905544281,0.14225099980831146,0.9332966804504395,0.7745655179023743,0.13189537823200226,1.0543873310089111,0.7606723308563232,0.10533635318279266,0.9991742968559265,0.7928494215011597,0.10209419578313828,0.0,0.0,0.0,0.0,0.0,0.0,0.0,0.0,0.0,0.0,0.0,0.0,0.0,0.0,0.0,0.0,0.0,0.0,0.0,0.0,0.0,0.0,0.0,0.0,0.0,0.0,0.0,0.0,0.0,0.0,0.0,0.0,0.0,0.0,0.0,0.0,0.0,0.0,0.0,0.0,0.0,0.0,0.0,0.0,0.0,0.0,0.0,0.0,0.0,0.0,0.0,0.0,0.0,0.0,0.0,0.0,0.0,0.0,0.0,0.0,0.0,0.0,0.0,0.0,0.0,0.0,0.0,0.0,0.0,0.0,0.0,0.0,0.0,0.0,0.0,0.0,0.0,0.0,0.0,0.0,0.0,0.0,0.0,0.0,0.0,0.0,0.0,0.0,0.0,0.0,0.0,0.0,0.0,0.0,0.0,0.0,0.0,0.0,0.0,0.0,0.0,0.0,0.0,0.0,0.0,0.0,0.0,0.0,0.0,0.0,0.0,0.0,0.0,0.0,0.0,0.0,0.0,0.0,0.0,0.0,0.0,0.0,0.0,0.0,0.0,0.0,0
0.30558276176452637,0.5228168368339539,-0.09164314717054367,0.2811947762966156,0.5221131443977356,-0.08161309361457825,0.28150099515914917,0.520754873752594,-0.08181896805763245,0.28978627920150757,0.5124121308326721,-0.082101970911026,0.27993476390838623,0.5266263484954834,-0.09216468781232834,0.27495092153549194,0.5454815626144409,-0.0923987403512001,0.28729552030563354,0.538139283657074,-0.09246470034122467,0.29514506459236145,0.5160921812057495,-0.018492108210921288,0.29212552309036255,0.5504670739173889,-0.06440000236034393,0.32007089257240295,0.5213892459869385,-0.06462530791759491,0.3187519609928131,0.5356236100196838,-0.07811614125967026,0.3666194975376129,0.5017271041870117,-0.005279197823256254,0.3503211736679077,0.6014655828475952,-0.10130193084478378,0.2893412113189697,0.5058860778808594,-0.04071669653058052,0.28226029872894287,0.6061848998069763,-0.17401133477687836,0.19982965290546417,0.5182284712791443,-0.06271992623806,0.18895938992500305,0.5773168206214905,-0.1803237944841385,0.17999610304832458,0.5196410417556763,-0.09544255584478378,0.1670137345790863,0.569525420665741,-0.20949435234069824,0.17964835464954376,0.5197710990905762,-0.08882177621126175,0.16338343918323517,0.5665597319602966,-0.20016992092132568,0.18613629043102264,0.5269562602043152,-0.06721849739551544,0.17213302850723267,0.5687922835350037,-0.1800805926322937,0.6242876052856445,0.5675474405288696,0.025737524032592773,0.6105951070785522,0.627975583076477,-0.026180759072303772,0.7475413084030151,0.5920655727386475,0.09694023430347443,0.7330549955368042,0.6203953623771667,0.09730583429336548,0.8142095804214478,0.6162461638450623,0.295376718044281,0.7804744243621826,0.6191890835762024,0.21911239624023438,0.8216379284858704,0.6194934844970703,0.3135181665420532,0.7900861501693726,0.6211380362510681,0.22840888798236847,0.8506053686141968,0.6201542615890503,0.23892012238502502,0.7997385263442993,0.6038430333137512,0.12840992212295532,0.0,0.0,0.0,0.0,0.0,0.0,0.0,0.0,0.0,0.0,0.0,0.0,0.0,0.0,0.0,0.0,0.0,0.0,0.0,0.0,0.0,0.0,0.0,0.0,0.0,0.0,0.0,0.0,0.0,0.0,0.0,0.0,0.0,0.0,0.0,0.0,0.0,0.0,0.0,0.0,0.0,0.0,0.0,0.0,0.0,0.0,0.0,0.0,0.0,0.0,0.0,0.0,0.0,0.0,0.0,0.0,0.0,0.0,0.0,0.0,0.0,0.0,0.0,0.0,0.0,0.0,0.0,0.0,0.0,0.0,0.0,0.0,0.0,0.0,0.0,0.0,0.0,0.0,0.0,0.0,0.0,0.0,0.0,0.0,0.0,0.0,0.0,0.0,0.0,0.0,0.0,0.0,0.0,0.0,0.0,0.0,0.0,0.0,0.0,0.0,0.0,0.0,0.0,0.0,0.0,0.0,0.0,0.0,0.0,0.0,0.0,0.0,0.0,0.0,0.0,0.0,0.0,0.0,0.0,0.0,0.0,0.0,0.0,0.0,0.0,0.0,0
0.3120343089103699,0.5246793031692505,-0.038375791162252426,0.2890322506427765,0.5227331519126892,-0.05699901655316353,0.2899579107761383,0.523406445980072,-0.0572245828807354,0.291433185338974,0.52352374792099,-0.057569049298763275,0.2895369827747345,0.5239050984382629,-0.07260069996118546,0.291190505027771,0.5263224840164185,-0.07277889549732208,0.29347163438796997,0.527541995048523,-0.07273148000240326,0.2825475335121155,0.538985550403595,-0.07920924574136734,0.2880118191242218,0.5419766306877136,-0.1496475338935852,0.3180694282054901,0.5365232229232788,-0.036757294088602066,0.31904879212379456,0.5365596413612366,-0.0577697679400444,0.3147801458835602,0.5835784673690796,-0.052259307354688644,0.321743905544281,0.5804421305656433,-0.1992006152868271,0.3538206219673157,0.5176645517349243,-0.039889607578516006,0.2990688979625702,0.493940532207489,-0.20425200462341309,0.4076986312866211,0.5324522256851196,-0.06386402249336243,0.3068162500858307,0.5153423547744751,-0.15141302347183228,0.42276424169540405,0.5356909036636353,-0.08447210490703583,0.30678287148475647,0.5214167237281799,-0.17292317748069763,0.42160773277282715,0.5440269112586975,-0.09068049490451813,0.3038482069969177,0.5349339246749878,-0.18297965824604034,0.4181041121482849,0.5423338413238525,-0.06888599693775177,0.30567798018455505,0.534465491771698,-0.15650080144405365,0.5719560384750366,0.6085431575775146,0.0459173284471035,0.5832979083061218,0.6139001846313477,-0.046121902763843536,0.730431079864502,0.6031449437141418,0.1450807750225067,0.7603558301925659,0.605605959892273,0.05243667960166931,0.8573740124702454,0.6900296807289124,0.2598305642604828,0.8598164319992065,0.7008382081985474,0.1620594561100006,0.8663058280944824,0.7008075714111328,0.26829010248184204,0.859844982624054,0.709883451461792,0.1749623864889145,0.9071365594863892,0.7076234817504883,0.2155827283859253,0.9073426127433777,0.711094856262207,0.14118754863739014,0.0,0.0,0.0,0.0,0.0,0.0,0.0,0.0,0.0,0.0,0.0,0.0,0.0,0.0,0.0,0.0,0.0,0.0,0.0,0.0,0.0,0.0,0.0,0.0,0.0,0.0,0.0,0.0,0.0,0.0,0.0,0.0,0.0,0.0,0.0,0.0,0.0,0.0,0.0,0.0,0.0,0.0,0.0,0.0,0.0,0.0,0.0,0.0,0.0,0.0,0.0,0.0,0.0,0.0,0.0,0.0,0.0,0.0,0.0,0.0,0.0,0.0,0.0,0.0,0.0,0.0,0.0,0.0,0.0,0.0,0.0,0.0,0.0,0.0,0.0,0.0,0.0,0.0,0.0,0.0,0.0,0.0,0.0,0.0,0.0,0.0,0.0,0.0,0.0,0.0,0.0,0.0,0.0,0.0,0.0,0.0,0.0,0.0,0.0,0.0,0.0,0.0,0.0,0.0,0.0,0.0,0.0,0.0,0.0,0.0,0.0,0.0,0.0,0.0,0.0,0.0,0.0,0.0,0.0,0.0,0.0,0.0,0.0,0.0,0.0,0.0,0
0.48868513107299805,0.595024824142456,-0.40282201766967773,0.49320992827415466,0.5883095860481262,-0.43263134360313416,0.4928194582462311,0.5916303396224976,-0.43300408124923706,0.4923470914363861,0.5950537919998169,-0.43329063057899475,0.49187183380126953,0.5825129747390747,-0.4431930482387543,0.49018874764442444,0.5814241170883179,-0.44317826628685,0.4885323941707611,0.5806992650032043,-0.4428659975528717,0.4805980622768402,0.6171561479568481,-0.44032421708106995,0.4758230745792389,0.5997055768966675,-0.4937313497066498,0.47921785712242126,0.6222101449966431,-0.388004332780838,0.4762912690639496,0.614093542098999,-0.4028984010219574,0.43654608726501465,0.7413012385368347,-0.35416218638420105,0.44927772879600525,0.6596149206161499,-0.451315313577652,0.4317816197872162,0.7442626953125,-0.2437656819820404,0.4287206530570984,0.5670430660247803,-0.3461238145828247,0.46726101636886597,0.6729711294174194,-0.297574907541275,0.3510889410972595,0.45316070318222046,-0.3142129182815552,0.47859111428260803,0.6571751236915588,-0.3653751313686371,0.33758318424224854,0.4081704914569855,-0.36864733695983887,0.47824978828430176,0.6523899435997009,-0.3922383785247803,0.3228723406791687,0.4213920831680298,-0.38796907663345337,0.4728729724884033,0.661737322807312,-0.31020623445510864,0.3257320523262024,0.4422861635684967,-0.32222670316696167,0.5284979939460754,0.765446126461029,0.05400557070970535,0.54523766040802,0.7206529974937439,-0.05388394743204117,0.519512951374054,0.6783998012542725,0.3199685215950012,0.516585111618042,0.6081727147102356,0.20146068930625916,0.5056042671203613,0.7459115386009216,0.6583544611930847,0.4851244390010834,0.7182445526123047,0.5749786496162415,0.49624961614608765,0.772801399230957,0.6981743574142456,0.4723261296749115,0.7499739527702332,0.6259073615074158,0.5095001459121704,0.7287026047706604,0.7346576452255249,0.4832936227321625,0.7208098769187927,0.6979532241821289,0.0,0.0,0.0,0.0,0.0,0.0,0.0,0.0,0.0,0.0,0.0,0.0,0.0,0.0,0.0,0.0,0.0,0.0,0.0,0.0,0.0,0.0,0.0,0.0,0.0,0.0,0.0,0.0,0.0,0.0,0.0,0.0,0.0,0.0,0.0,0.0,0.0,0.0,0.0,0.0,0.0,0.0,0.0,0.0,0.0,0.0,0.0,0.0,0.0,0.0,0.0,0.0,0.0,0.0,0.0,0.0,0.0,0.0,0.0,0.0,0.0,0.0,0.0,0.0,0.0,0.0,0.0,0.0,0.0,0.0,0.0,0.0,0.0,0.0,0.0,0.0,0.0,0.0,0.0,0.0,0.0,0.0,0.0,0.0,0.0,0.0,0.0,0.0,0.0,0.0,0.0,0.0,0.0,0.0,0.0,0.0,0.0,0.0,0.0,0.0,0.0,0.0,0.0,0.0,0.0,0.0,0.0,0.0,0.0,0.0,0.0,0.0,0.0,0.0,0.0,0.0,0.0,0.0,0.0,0.0,0.0,0.0,0.0,0.0,0.0,0.0,0
0.4040070176124573,0.4487484097480774,-0.8467110395431519,0.43220072984695435,0.44820964336395264,-0.8778996467590332,0.43463200330734253,0.45187297463417053,-0.8781536817550659,0.44562864303588867,0.45888960361480713,-0.8783254623413086,0.4198761582374573,0.42470359802246094,-0.8703975677490234,0.41880783438682556,0.4227696359157562,-0.8707488179206848,0.4170519709587097,0.42147597670555115,-0.8708138465881348,0.4602580666542053,0.4688209593296051,-0.8227349519729614,0.41301482915878296,0.42506834864616394,-0.7991051077842712,0.40615326166152954,0.4836495816707611,-0.8088687062263489,0.38304996490478516,0.46457764506340027,-0.8013116121292114,0.4737890660762787,0.596215009689331,-0.6580958962440491,0.3529949486255646,0.46922439336776733,-0.6164592504501343,0.5033068656921387,0.6614876389503479,-0.5679717063903809,0.23637798428535461,0.5164414644241333,-0.49255332350730896,0.5478442311286926,0.6978190541267395,-0.6503879427909851,0.22427377104759216,0.460988849401474,-0.42971864342689514,0.5681595206260681,0.7081635594367981,-0.7081383466720581,0.21680867671966553,0.42791202664375305,-0.45967239141464233,0.5555180311203003,0.6937198638916016,-0.7370976209640503,0.23287725448608398,0.44212502241134644,-0.4855559766292572,0.5453731417655945,0.6893500089645386,-0.6626518964767456,0.241541787981987,0.4642513692378998,-0.43594080209732056,0.5428479313850403,0.6212098002433777,-0.02571898326277733,0.5010564923286438,0.5705828070640564,0.025827690958976746,0.6192401647567749,0.6964402794837952,0.18983091413974762,0.5681657791137695,0.6081266403198242,0.23742938041687012,0.6231127977371216,0.7129465341567993,0.5910272598266602,0.5781471729278564,0.6610581278800964,0.6174866557121277,0.628311038017273,0.7168395519256592,0.639454185962677,0.5835751891136169,0.6805502772331238,0.6631659865379333,0.5947615504264832,0.7174234986305237,0.6741055250167847,0.5529236793518066,0.6770195364952087,0.6908182501792908,0.0,0.0,0.0,0.0,0.0,0.0,0.0,0.0,0.0,0.0,0.0,0.0,0.0,0.0,0.0,0.0,0.0,0.0,0.0,0.0,0.0,0.0,0.0,0.0,0.0,0.0,0.0,0.0,0.0,0.0,0.0,0.0,0.0,0.0,0.0,0.0,0.0,0.0,0.0,0.0,0.0,0.0,0.0,0.0,0.0,0.0,0.0,0.0,0.0,0.0,0.0,0.0,0.0,0.0,0.0,0.0,0.0,0.0,0.0,0.0,0.0,0.0,0.0,0.0,0.0,0.0,0.0,0.0,0.0,0.0,0.0,0.0,0.0,0.0,0.0,0.0,0.0,0.0,0.0,0.0,0.0,0.0,0.0,0.0,0.0,0.0,0.0,0.0,0.0,0.0,0.0,0.0,0.0,0.0,0.0,0.0,0.0,0.0,0.0,0.0,0.0,0.0,0.0,0.0,0.0,0.0,0.0,0.0,0.0,0.0,0.0,0.0,0.0,0.0,0.0,0.0,0.0,0.0,0.0,0.0,0.0,0.0,0.0,0.0,0.0,0.0,0
0.42531847953796387,0.3732393980026245,-0.8162165880203247,0.4412057399749756,0.3619362413883209,-0.8426275253295898,0.4472416341304779,0.36272287368774414,-0.8427098393440247,0.453563928604126,0.3632813096046448,-0.8426545858383179,0.4262816309928894,0.35432127118110657,-0.820483386516571,0.42140355706214905,0.3522639870643616,-0.8211817741394043,0.4179651141166687,0.3511086404323578,-0.8218708038330078,0.4731209874153137,0.3479757308959961,-0.7888326644897461,0.4265167713165283,0.3329334855079651,-0.7289848923683167,0.4360979497432709,0.38200607895851135,-0.7719500064849854,0.4192417562007904,0.37870389223098755,-0.7492581009864807,0.5219047665596008,0.38283124566078186,-0.6384588479995728,0.3612738847732544,0.3234928250312805,-0.5793418884277344,0.5459428429603577,0.45003750920295715,-0.579662024974823,0.26441481709480286,0.36455461382865906,-0.4998761713504791,0.5228784680366516,0.5101521015167236,-0.6839393377304077,0.1561838984489441,0.3910921514034271,-0.6018192172050476,0.5280304551124573,0.5317961573600769,-0.7506181001663208,0.15152321755886078,0.3981265127658844,-0.6691673994064331,0.5096981525421143,0.5108877420425415,-0.7896729707717896,0.15591315925121307,0.41222894191741943,-0.694891631603241,0.5027464628219604,0.5034152269363403,-0.7037080526351929,0.17471696436405182,0.4160654842853546,-0.6151899099349976,0.5764303803443909,0.4001659154891968,-0.052569180727005005,0.5148561000823975,0.3785424828529358,0.05275064706802368,0.6169781684875488,0.4644598662853241,0.3325274884700775,0.5689804553985596,0.4141349494457245,0.40363723039627075,0.6591566205024719,0.46796417236328125,0.7282516360282898,0.6023904085159302,0.4366665184497833,0.8368951678276062,0.6704796552658081,0.45273831486701965,0.7753122448921204,0.6125673055648804,0.43549856543540955,0.8875483274459839,0.6520559787750244,0.5226311087608337,0.7735232710838318,0.6028746962547302,0.4779638648033142,0.9171063303947449,0.0,0.0,0.0,0.0,0.0,0.0,0.0,0.0,0.0,0.0,0.0,0.0,0.0,0.0,0.0,0.0,0.0,0.0,0.0,0.0,0.0,0.0,0.0,0.0,0.0,0.0,0.0,0.0,0.0,0.0,0.0,0.0,0.0,0.0,0.0,0.0,0.0,0.0,0.0,0.0,0.0,0.0,0.0,0.0,0.0,0.0,0.0,0.0,0.0,0.0,0.0,0.0,0.0,0.0,0.0,0.0,0.0,0.0,0.0,0.0,0.0,0.0,0.0,0.0,0.0,0.0,0.0,0.0,0.0,0.0,0.0,0.0,0.0,0.0,0.0,0.0,0.0,0.0,0.0,0.0,0.0,0.0,0.0,0.0,0.0,0.0,0.0,0.0,0.0,0.0,0.0,0.0,0.0,0.0,0.0,0.0,0.0,0.0,0.0,0.0,0.0,0.0,0.0,0.0,0.0,0.0,0.0,0.0,0.0,0.0,0.0,0.0,0.0,0.0,0.0,0.0,0.0,0.0,0.0,0.0,0.0,0.0,0.0,0.0,0.0,0.0,0
0.39458590745925903,0.3761208951473236,-0.5891647338867188,0.39685162901878357,0.3833828270435333,-0.6184853911399841,0.39439675211906433,0.3889273703098297,-0.6184812188148499,0.39188531041145325,0.39444699883461,-0.6186943054199219,0.40443259477615356,0.36962446570396423,-0.6181591749191284,0.40692752599716187,0.36549410223960876,-0.6182419061660767,0.4094739556312561,0.3615584671497345,-0.6182229518890381,0.3957226574420929,0.41666415333747864,-0.6089777946472168,0.4201989769935608,0.3653179705142975,-0.608423113822937,0.39317551255226135,0.3876994848251343,-0.5658658742904663,0.4007799029350281,0.37695300579071045,-0.5664328336715698,0.3787757456302643,0.515778124332428,-0.48787564039230347,0.4480542540550232,0.31004244089126587,-0.4408523142337799,0.4110766053199768,0.561143159866333,-0.35890260338783264,0.5308555364608765,0.2817980945110321,-0.2675843834877014,0.41150030493736267,0.580718994140625,-0.2210858166217804,0.5337249636650085,0.2970728874206543,-0.15655729174613953,0.4104008674621582,0.5985199213027954,-0.2157728224992752,0.5396877527236938,0.28827035427093506,-0.15588440001010895,0.4192922115325928,0.5724163055419922,-0.23817989230155945,0.5322678685188293,0.3130365014076233,-0.18977506458759308,0.4234991669654846,0.5613413453102112,-0.21880879998207092,0.5280519127845764,0.3229283392429352,-0.16494205594062805,0.5059610605239868,0.5263941884040833,0.001966963754966855,0.5461183190345764,0.41847851872444153,-0.0018623864743858576,0.6337758898735046,0.6182827353477478,0.004714967682957649,0.745010256767273,0.42726486921310425,-0.019490646198391914,0.6823891997337341,0.6884727478027344,0.19151638448238373,0.8054563403129578,0.538921058177948,0.08069350570440292,0.6928807497024536,0.7039240002632141,0.21635916829109192,0.8136149644851685,0.5675185322761536,0.09859366714954376,0.678899347782135,0.6755666136741638,0.22711174190044403,0.8119900822639465,0.5237134695053101,0.07471911609172821,0.0,0.0,0.0,0.0,0.0,0.0,0.0,0.0,0.0,0.0,0.0,0.0,0.0,0.0,0.0,0.0,0.0,0.0,0.0,0.0,0.0,0.0,0.0,0.0,0.0,0.0,0.0,0.0,0.0,0.0,0.0,0.0,0.0,0.0,0.0,0.0,0.0,0.0,0.0,0.0,0.0,0.0,0.0,0.0,0.0,0.0,0.0,0.0,0.0,0.0,0.0,0.0,0.0,0.0,0.0,0.0,0.0,0.0,0.0,0.0,0.0,0.0,0.0,0.0,0.0,0.0,0.0,0.0,0.0,0.0,0.0,0.0,0.0,0.0,0.0,0.0,0.0,0.0,0.0,0.0,0.0,0.0,0.0,0.0,0.0,0.0,0.0,0.0,0.0,0.0,0.0,0.0,0.0,0.0,0.0,0.0,0.0,0.0,0.0,0.0,0.0,0.0,0.0,0.0,0.0,0.0,0.0,0.0,0.0,0.0,0.0,0.0,0.0,0.0,0.0,0.0,0.0,0.0,0.0,0.0,0.0,0.0,0.0,0.0,0.0,0.0,0
0.0,0.0,0.0,0.0,0.0,0.0,0.0,0.0,0.0,0.0,0.0,0.0,0.0,0.0,0.0,0.0,0.0,0.0,0.0,0.0,0.0,0.0,0.0,0.0,0.0,0.0,0.0,0.0,0.0,0.0,0.0,0.0,0.0,0.0,0.0,0.0,0.0,0.0,0.0,0.0,0.0,0.0,0.0,0.0,0.0,0.0,0.0,0.0,0.0,0.0,0.0,0.0,0.0,0.0,0.0,0.0,0.0,0.0,0.0,0.0,0.0,0.0,0.0,0.0,0.0,0.0,0.0,0.0,0.0,0.0,0.0,0.0,0.0,0.0,0.0,0.0,0.0,0.0,0.0,0.0,0.0,0.0,0.0,0.0,0.0,0.0,0.0,0.0,0.0,0.0,0.0,0.0,0.0,0.0,0.0,0.0,0.0,0.0,0.0,0.0,0.0,0.0,0.0,0.0,0.0,0.0,0.0,0.0,0.0,0.0,0.0,0.0,0.0,0.0,0.0,0.0,0.0,0.0,0.0,0.0,0.0,0.0,0.0,0.0,0.0,0.0,0.0,0.0,0.0,0.0,0.0,0.0,0.0,0.0,0.0,0.0,0.0,0.0,0.0,0.0,0.0,0.0,0.0,0.0,0.0,0.0,0.0,0.0,0.0,0.0,0.0,0.0,0.0,0.0,0.0,0.0,0.0,0.0,0.0,0.0,0.0,0.0,0.0,0.0,0.0,0.0,0.0,0.0,0.0,0.0,0.0,0.0,0.0,0.0,0.0,0.0,0.0,0.0,0.0,0.0,0.0,0.0,0.0,0.0,0.0,0.0,0.0,0.0,0.0,0.0,0.0,0.0,0.0,0.0,0.0,0.0,0.0,0.0,0.0,0.0,0.0,0.0,0.0,0.0,0.0,0.0,0.0,0.0,0.0,0.0,0.0,0.0,0.0,0.0,0.0,0.0,0.0,0.0,0.0,0.0,0.0,0.0,0.0,0.0,0.0,0
0.4851536750793457,0.3818478584289551,-1.0862892866134644,0.5150074362754822,0.343828022480011,-1.0522629022598267,0.5298033952713013,0.34452491998672485,-1.0523258447647095,0.5421339869499207,0.34541183710098267,-1.052380919456482,0.4702560007572174,0.34202930331230164,-1.0574231147766113,0.4561011791229248,0.34105122089385986,-1.057722568511963,0.44384056329727173,0.34045669436454773,-1.057665467262268,0.5566973686218262,0.3609428405761719,-0.7381344437599182,0.4311259388923645,0.35154062509536743,-0.7660191059112549,0.5156983137130737,0.42713624238967896,-0.9567740559577942,0.45674410462379456,0.42150306701660156,-0.9648703336715698,0.6334123611450195,0.531121551990509,-0.5121322274208069,0.31914573907852173,0.5139853954315186,-0.5787937641143799,0.7892229557037354,0.6457437872886658,-0.5778011083602905,0.23029346764087677,0.6958492994308472,-0.905439019203186,0.8533700108528137,0.7002988457679749,-0.8784500956535339,0.2606697678565979,0.6067272424697876,-1.3904876708984375,0.9163708686828613,0.7234511971473694,-0.9497488141059875,0.2549911439418793,0.6000539064407349,-1.4892141819000244,0.8733070492744446,0.7133696675300598,-0.9898252487182617,0.2766365110874176,0.5609456300735474,-1.4996721744537354,0.8449021577835083,0.7096515893936157,-0.9068287014961243,0.2895946800708771,0.5740468502044678,-1.4094231128692627,0.564131498336792,0.9207600355148315,0.05112064629793167,0.3774750232696533,0.9192200899124146,-0.0487804152071476,0.719164252281189,1.1337273120880127,-0.2927987575531006,0.3981785476207733,1.0607324838638306,-0.43280449509620667,0.5943981409072876,1.4510067701339722,-0.0124839898198843,0.5257001519203186,1.2734602689743042,0.006070221774280071,0.5553438663482666,1.4843921661376953,0.024216853082180023,0.5387104153633118,1.2863701581954956,0.06473418325185776,0.6118108034133911,1.6000072956085205,-0.1120782345533371,0.569251298904419,1.4110298156738281,-0.013237997889518738,0.0,0.0,0.0,0.0,0.0,0.0,0.0,0.0,0.0,0.0,0.0,0.0,0.0,0.0,0.0,0.0,0.0,0.0,0.0,0.0,0.0,0.0,0.0,0.0,0.0,0.0,0.0,0.0,0.0,0.0,0.0,0.0,0.0,0.0,0.0,0.0,0.0,0.0,0.0,0.0,0.0,0.0,0.0,0.0,0.0,0.0,0.0,0.0,0.0,0.0,0.0,0.0,0.0,0.0,0.0,0.0,0.0,0.0,0.0,0.0,0.0,0.0,0.0,0.0,0.0,0.0,0.0,0.0,0.0,0.0,0.0,0.0,0.0,0.0,0.0,0.0,0.0,0.0,0.0,0.0,0.0,0.0,0.0,0.0,0.0,0.0,0.0,0.0,0.0,0.0,0.0,0.0,0.0,0.0,0.0,0.0,0.0,0.0,0.0,0.0,0.0,0.0,0.0,0.0,0.0,0.0,0.0,0.0,0.0,0.0,0.0,0.0,0.0,0.0,0.0,0.0,0.0,0.0,0.0,0.0,0.0,0.0,0.0,0.0,0.0,0.0,0
0.5522400140762329,0.5225659012794495,-1.1449971199035645,0.5720788240432739,0.4846556782722473,-1.11020827293396,0.5812422037124634,0.4862954020500183,-1.1103752851486206,0.5939990282058716,0.4870102107524872,-1.1104369163513184,0.5378919839859009,0.482026606798172,-1.1141722202301025,0.5297528505325317,0.4808881878852844,-1.114655613899231,0.5162525773048401,0.4800013303756714,-1.1147037744522095,0.6021012663841248,0.4928347170352936,-0.8220794796943665,0.49873408675193787,0.47944632172584534,-0.8432133793830872,0.5727530717849731,0.5481568574905396,-1.0292503833770752,0.5312610864639282,0.5437252521514893,-1.0342246294021606,0.695984959602356,0.6075388193130493,-0.6225728988647461,0.42249399423599243,0.5342969298362732,-0.6626294255256653,0.8179006576538086,0.7785131335258484,-0.8738419413566589,0.21192970871925354,0.5320547223091125,-0.9996585845947266,0.6752597689628601,0.8225300908088684,-1.3050103187561035,0.2611176371574402,0.464514821767807,-1.374161958694458,0.6650362014770508,0.8604679703712463,-1.4266445636749268,0.2635388970375061,0.4491216540336609,-1.480334997177124,0.6332253217697144,0.8214568495750427,-1.402204155921936,0.2878510057926178,0.43406686186790466,-1.4665391445159912,0.6226566433906555,0.8222355246543884,-1.3094143867492676,0.2914460301399231,0.45683524012565613,-1.3859498500823975,0.6236149668693542,0.8949712514877319,0.05422612279653549,0.4848673939704895,0.8788346648216248,-0.054079748690128326,0.7964631915092468,0.7937098145484924,-0.1211106926202774,0.4884597659111023,0.6513544321060181,-0.23498126864433289,0.8532317876815796,0.9638881087303162,-0.08632701635360718,0.5921276807785034,0.7907941341400146,-0.09852895885705948,0.8446086645126343,1.0057322978973389,-0.08316215872764587,0.6111733317375183,0.8265234231948853,-0.08083541691303253,0.9077610969543457,0.9863402247428894,-0.2799336016178131,0.6075491309165955,0.8034084439277649,-0.25232988595962524,0.0,0.0,0.0,0.0,0.0,0.0,0.0,0.0,0.0,0.0,0.0,0.0,0.0,0.0,0.0,0.0,0.0,0.0,0.0,0.0,0.0,0.0,0.0,0.0,0.0,0.0,0.0,0.0,0.0,0.0,0.0,0.0,0.0,0.0,0.0,0.0,0.0,0.0,0.0,0.0,0.0,0.0,0.0,0.0,0.0,0.0,0.0,0.0,0.0,0.0,0.0,0.0,0.0,0.0,0.0,0.0,0.0,0.0,0.0,0.0,0.0,0.0,0.0,0.26219797134399414,0.42623868584632874,3.391543543784792e-07,0.2843623161315918,0.4501633644104004,-0.01650836691260338,0.32012948393821716,0.4542604684829712,-0.021850118413567543,0.3508085608482361,0.44291508197784424,-0.02598881535232067,0.3761216998100281,0.4257885217666626,-0.029691962525248528,0.34469106793403625,0.4414668679237366,-0.0080390190705657,0.3776233196258545,0.4406426250934601,-0.020319437608122826,0.4016839861869812,0.4381295144557953,-0.030793359503149986,0.42409732937812805,0.4343857765197754,-0.037849683314561844,0.3441147208213806,0.41949182748794556,-0.0073880660347640514,0.37919145822525024,0.41621488332748413,-0.01965608261525631,0.4066787362098694,0.41188496351242065,-0.03020303137600422,0.4313662052154541,0.4102128744125366,-0.03668662905693054,0.33892667293548584,0.4001353979110718,-0.00921757984906435,0.37356680631637573,0.39318063855171204,-0.023146921768784523,0.4015812277793884,0.3893122375011444,-0.031756140291690826,0.4266723394393921,0.38847869634628296,-0.035837337374687195,0.32865163683891296,0.38236239552497864,-0.012498151510953903,0.3595510721206665,0.3788452446460724,-0.02389601804316044,0.38278597593307495,0.37715357542037964,-0.028829939663410187,0.4048098623752594,0.3778860569000244,-0.03112417832016945,0
0.4170258939266205,0.4212650954723358,-0.9264423251152039,0.42743927240371704,0.3715516924858093,-0.927409291267395,0.440908282995224,0.361360102891922,-0.9277235269546509,0.4596269726753235,0.34858474135398865,-0.9278842806816101,0.3860904276371002,0.39945995807647705,-0.898695170879364,0.3725643455982208,0.4052479863166809,-0.8989280462265015,0.36296868324279785,0.4089737832546234,-0.898698627948761,0.5159619450569153,0.3643819987773895,-0.7849720120429993,0.3585856258869171,0.41843605041503906,-0.6454355120658875,0.4588819146156311,0.44456198811531067,-0.8588774800300598,0.4079360067844391,0.4699525833129883,-0.8196171522140503,0.6701745390892029,0.4953787922859192,-0.6395258903503418,0.3482573926448822,0.5479381084442139,-0.43266090750694275,0.8520145416259766,0.7433322072029114,-0.8356935381889343,0.18946488201618195,0.7188087701797485,-0.7203049063682556,0.6928738355636597,0.8273845314979553,-1.1028941869735718,0.21575991809368134,0.5149532556533813,-1.1924035549163818,0.6688857674598694,0.8655001521110535,-1.1569573879241943,0.21390943229198456,0.4487108886241913,-1.2844065427780151,0.620869517326355,0.818507194519043,-1.1249849796295166,0.2414458990097046,0.4256984293460846,-1.2324460744857788,0.6219089031219482,0.8178064823150635,-1.0917302370071411,0.2442072182893753,0.44833195209503174,-1.1879498958587646,0.5920417308807373,0.8943851590156555,-0.03681773692369461,0.42709746956825256,0.8980928659439087,0.03967518359422684,0.6121118068695068,1.202820897102356,-0.09768502414226532,0.4492495656013489,1.2236039638519287,0.008607487194240093,0.6318884491920471,1.4238225221633911,0.3760639429092407,0.4960625171661377,1.4270929098129272,0.4938484728336334,0.6349100470542908,1.456276535987854,0.42788809537887573,0.511916995048523,1.4545667171478271,0.5435895919799805,0.6255496144294739,1.528377890586853,0.2754480838775635,0.4883859157562256,1.531945824623108,0.41166120767593384,0.0,0.0,0.0,0.0,0.0,0.0,0.0,0.0,0.0,0.0,0.0,0.0,0.0,0.0,0.0,0.0,0.0,0.0,0.0,0.0,0.0,0.0,0.0,0.0,0.0,0.0,0.0,0.0,0.0,0.0,0.0,0.0,0.0,0.0,0.0,0.0,0.0,0.0,0.0,0.0,0.0,0.0,0.0,0.0,0.0,0.0,0.0,0.0,0.0,0.0,0.0,0.0,0.0,0.0,0.0,0.0,0.0,0.0,0.0,0.0,0.0,0.0,0.0,0.1928282529115677,0.5268032550811768,2.5057377683879167e-07,0.23435334861278534,0.4982413351535797,0.005822308361530304,0.25698351860046387,0.4603205621242523,0.0043541500344872475,0.2742418050765991,0.4421544671058655,-0.00024205738736782223,0.29506075382232666,0.44466787576675415,-0.0061261835508048534,0.2372712939977646,0.4112742245197296,-0.0032804058864712715,0.2664691209793091,0.39471668004989624,-0.017721159383654594,0.2898164987564087,0.3841862976551056,-0.028828438371419907,0.3103143870830536,0.37591031193733215,-0.037472452968358994,0.22559726238250732,0.4121703505516052,-0.01609882153570652,0.2625943422317505,0.3905983865261078,-0.03234821557998657,0.2889198064804077,0.3801099359989166,-0.04325499385595322,0.3127443194389343,0.3681374788284302,-0.050941985100507736,0.21442930400371552,0.42472872138023376,-0.02931366302073002,0.25014039874076843,0.40229105949401855,-0.04653381183743477,0.2749606668949127,0.3920873701572418,-0.05572182685136795,0.2962213158607483,0.380689799785614,-0.06135258451104164,0.20322531461715698,0.44652628898620605,-0.041883695870637894,0.22818952798843384,0.4298199415206909,-0.057255566120147705,0.2474229335784912,0.41864365339279175,-0.06519550830125809,0.26560547947883606,0.4073030948638916,-0.0708046704530716,0
0.5112581253051758,0.3788122832775116,-0.3953593373298645,0.5294130444526672,0.35413113236427307,-0.3604028820991516,0.538774847984314,0.3540112376213074,-0.3601851761341095,0.5479840040206909,0.3512909710407257,-0.3599432110786438,0.5038924217224121,0.35391631722450256,-0.35454022884368896,0.4944881796836853,0.3545943796634674,-0.35479453206062317,0.4869467318058014,0.3551439940929413,-0.35458511114120483,0.5610855221748352,0.36147168278694153,-0.13013286888599396,0.47811466455459595,0.3690131604671478,-0.1119559034705162,0.5311706066131592,0.41044530272483826,-0.30759724974632263,0.4997529983520508,0.4097979664802551,-0.30239465832710266,0.659291684627533,0.5060145854949951,-0.023913633078336716,0.4110984206199646,0.48708871006965637,0.025521228089928627,0.7109567523002625,0.6996400356292725,-0.035749517381191254,0.2152635157108307,0.4638109505176544,-0.27644574642181396,0.7230913043022156,0.8645854592323303,-0.23595400154590607,0.3509353697299957,0.37291085720062256,-0.6034384965896606,0.7313063144683838,0.91327303647995,-0.2887112498283386,0.38522857427597046,0.3507426381111145,-0.697152316570282,0.7117824554443359,0.9045470952987671,-0.3261605501174927,0.40492886304855347,0.35016509890556335,-0.6324560642242432,0.7052794098854065,0.8862108588218689,-0.25924891233444214,0.38978129625320435,0.3616817593574524,-0.5979741811752319,0.6182228326797485,0.9318290948867798,-0.0043113818392157555,0.473172664642334,0.9453157186508179,0.0077286288142204285,0.6377097368240356,1.2771133184432983,-0.07639707624912262,0.4855896532535553,1.2933614253997803,-0.07322420179843903,0.6406890153884888,1.5787081718444824,0.20000791549682617,0.49927133321762085,1.5984834432601929,0.04761519283056259,0.6455378532409668,1.6210323572158813,0.22970417141914368,0.5043329000473022,1.6394295692443848,0.05601810663938522,0.6397913694381714,1.678808331489563,0.07049230486154556,0.518613874912262,1.7012653350830078,-0.1594773679971695,0.730485200881958,0.8607058525085449,4.20234620435167e-08,0.7137796878814697,0.881169319152832,-0.011443772353231907,0.7066841721534729,0.9098303318023682,-0.01512426882982254,0.6999130249023438,0.9320258498191833,-0.016282232478260994,0.6933490633964539,0.9433410167694092,-0.015271157957613468,0.7487788200378418,0.9270732402801514,-0.0069208769127726555,0.7301190495491028,0.9507720470428467,-0.010383578017354012,0.7185961008071899,0.9392776489257812,-0.013479840010404587,0.7180230021476746,0.927070140838623,-0.015068385750055313,0.7571055293083191,0.9258260726928711,-0.0013492489233613014,0.7364588975906372,0.9478280544281006,-0.005154286045581102,0.7243616580963135,0.9360843896865845,-0.007643414661288261,0.723364531993866,0.9237101674079895,-0.008539797738194466,0.7591549754142761,0.9226929545402527,0.0034062399063259363,0.7391583919525146,0.94361811876297,-0.00013807479990646243,0.7281590700149536,0.933830201625824,-0.0006644182140007615,0.7270209193229675,0.9224594235420227,5.450924618344288e-06,0.7576015591621399,0.91925448179245,0.007372848689556122,0.7413992881774902,0.9369381666183472,0.004039686173200607,0.7339155077934265,0.9297982454299927,0.003727063536643982,0.733456015586853,0.9205470085144043,0.0046399678103625774,0.31532034277915955,0.3688433766365051,3.1327650162893406e-07,0.3357453942298889,0.3872709572315216,-0.02084624581038952,0.3661963641643524,0.387175977230072,-0.029079759493470192,0.39379021525382996,0.38533082604408264,-0.035100799053907394,0.41931694746017456,0.38584792613983154,-0.04084319621324539,0.3929401934146881,0.3635530173778534,-0.011506309732794762,0.42454466223716736,0.35425466299057007,-0.01951322704553604,0.4451141953468323,0.3462126553058624,-0.026626508682966232,0.4620502293109894,0.3389042913913727,-0.03224178031086922,0.3884649872779846,0.34579381346702576,-0.008113342337310314,0.42084208130836487,0.3382076621055603,-0.014479799196124077,0.44389355182647705,0.33120056986808777,-0.02226816490292549,0.4629254937171936,0.327372282743454,-0.02810492366552353,0.37666964530944824,0.3319935202598572,-0.007429817691445351,0.40613964200019836,0.3193854093551636,-0.015144032426178455,0.4238404333591461,0.310951828956604,-0.022572234272956848,0.4398697316646576,0.30603906512260437,-0.027980031445622444,0.35958001017570496,0.32189109921455383,-0.008740043267607689,0.3756408393383026,0.3081361651420593,-0.017871372401714325,0.3878469467163086,0.2991098463535309,-0.02344360761344433,0.4009907841682434,0.29233941435813904,-0.0272445660084486,0
0.5245157480239868,0.38376712799072266,-1.605619192123413,0.541983962059021,0.34912681579589844,-1.570112943649292,0.5518168807029724,0.3466430604457855,-1.5702646970748901,0.5602325201034546,0.34412604570388794,-1.5699630975723267,0.5033079385757446,0.354158878326416,-1.5683118104934692,0.49016228318214417,0.3553330600261688,-1.5686628818511963,0.4812210202217102,0.3561252951622009,-1.5685513019561768,0.5690187215805054,0.3511875569820404,-1.2211523056030273,0.46824580430984497,0.36746084690093994,-1.218644618988037,0.5495127439498901,0.4182419180870056,-1.4646741151809692,0.5063141584396362,0.4230676591396332,-1.4649072885513306,0.6846824884414673,0.5072190165519714,-0.8689526319503784,0.37837639451026917,0.5263269543647766,-0.870289146900177,0.8414269685745239,0.6621567606925964,-0.8932984471321106,0.14962075650691986,0.6221746206283569,-1.276219129562378,0.9251658320426941,0.8382388353347778,-1.191803216934204,0.30043160915374756,0.4469008445739746,-1.7427352666854858,0.9678173065185547,0.8953554630279541,-1.2620218992233276,0.34346461296081543,0.386520117521286,-1.8362144231796265,0.94163978099823,0.902949333190918,-1.2836897373199463,0.3658028244972229,0.37519651651382446,-1.7767140865325928,0.917933464050293,0.8870323896408081,-1.2101061344146729,0.3628632128238678,0.3917936682701111,-1.7345012426376343,0.6391724944114685,0.9085028171539307,0.034196652472019196,0.4470192790031433,0.9443004727363586,-0.030334312468767166,0.6974080801010132,1.2088205814361572,-0.5510170459747314,0.5232483148574829,1.2355940341949463,-0.5160282254219055,0.7044062614440918,1.5752753019332886,-0.29283636808395386,0.5488706231117249,1.6007498502731323,-0.29569917917251587,0.6882188320159912,1.6399997472763062,-0.2687004506587982,0.5448452234268188,1.658927321434021,-0.2775953412055969,0.7353307008743286,1.682565450668335,-0.5703495144844055,0.6056193113327026,1.7162705659866333,-0.6192494630813599,0.927481472492218,0.8213716745376587,4.2353602225375653e-07,0.9010984897613525,0.8550329804420471,-0.0274026058614254,0.8946958184242249,0.8949701189994812,-0.045973580330610275,0.9072825908660889,0.9372313022613525,-0.05812078341841698,0.9146425724029541,0.9766600131988525,-0.06933571398258209,0.9499333500862122,0.901285707950592,-0.05269545316696167,0.9607546329498291,0.9707893133163452,-0.07073047757148743,0.9625022411346436,1.0102096796035767,-0.07834844291210175,0.962788999080658,1.0368473529815674,-0.08150122314691544,0.978958785533905,0.8926700353622437,-0.04319057613611221,0.9916821718215942,0.9635121822357178,-0.05944787710905075,0.991552472114563,1.0023231506347656,-0.06279295682907104,0.9881560802459717,1.027069091796875,-0.06381520628929138,0.9977516531944275,0.8848419785499573,-0.03374224528670311,1.010038137435913,0.9461144208908081,-0.04546775668859482,1.0077970027923584,0.9810442924499512,-0.04665661230683327,1.0029621124267578,1.0054229497909546,-0.04660075157880783,1.008436918258667,0.8787787556648254,-0.02586534060537815,1.0206652879714966,0.9252405762672424,-0.034298062324523926,1.0191336870193481,0.9552230834960938,-0.035367202013731,1.0144739151000977,0.9763044118881226,-0.03465617075562477,0.30375826358795166,0.4417990446090698,1.0563046970446521e-07,0.3345162272453308,0.44663405418395996,-0.010599405504763126,0.36749374866485596,0.43429791927337646,-0.014475742354989052,0.39202994108200073,0.4166477918624878,-0.018022948876023293,0.40876856446266174,0.3959011435508728,-0.021662971004843712,0.381570965051651,0.401720255613327,-0.010368823073804379,0.41285908222198486,0.37967559695243835,-0.020760023966431618,0.4303874969482422,0.3638494908809662,-0.028777258470654488,0.4452814757823944,0.35054540634155273,-0.03456282615661621,0.37068548798561096,0.38636356592178345,-0.01252069417387247,0.401814728975296,0.36204415559768677,-0.021817835047841072,0.4213755428791046,0.3464248776435852,-0.029671747237443924,0.4372631013393402,0.33392333984375,-0.035494036972522736,0.35406655073165894,0.3763701319694519,-0.016193827614188194,0.3784438371658325,0.3520197868347168,-0.02545241452753544,0.39608028531074524,0.339625746011734,-0.031351372599601746,0.41184839606285095,0.3303660452365875,-0.03565065562725067,0.3330605924129486,0.3695125877857208,-0.020993029698729515,0.3486053943634033,0.35055267810821533,-0.030131680890917778,0.3611806035041809,0.3396374583244324,-0.0340971015393734,0.37322840094566345,0.32962170243263245,-0.03678499162197113,0
0.5154921412467957,0.3811211884021759,-1.5381070375442505,0.5320186018943787,0.3473513722419739,-1.5102993249893188,0.5438078045845032,0.34521356225013733,-1.5105150938034058,0.552746593952179,0.3429192900657654,-1.510634183883667,0.49589505791664124,0.352802574634552,-1.5155842304229736,0.48570650815963745,0.35344016551971436,-1.5159801244735718,0.477759450674057,0.3543146252632141,-1.51602303981781,0.5617464780807495,0.3501613736152649,-1.1808761358261108,0.4657870829105377,0.36204954981803894,-1.214028239250183,0.5389956831932068,0.408346027135849,-1.3985064029693604,0.4983893036842346,0.4144013822078705,-1.4072372913360596,0.6302236318588257,0.4878915250301361,-0.8385769128799438,0.3803134560585022,0.46290159225463867,-0.9144803881645203,0.7174388766288757,0.6523321270942688,-0.7810627818107605,0.17542724311351776,0.49849826097488403,-1.198419451713562,0.8197290301322937,0.7626043558120728,-0.9858088493347168,0.30740684270858765,0.3995375633239746,-1.5476410388946533,0.8540061116218567,0.7860273122787476,-1.05586838722229,0.35155540704727173,0.3784652054309845,-1.644815444946289,0.8415936231613159,0.7892221808433533,-1.1222424507141113,0.3677493631839752,0.36714017391204834,-1.6400582790374756,0.8265059590339661,0.7869032621383667,-1.020034670829773,0.3612101376056671,0.3721972107887268,-1.5532108545303345,0.5827828049659729,0.8070217370986938,0.03848671540617943,0.4207671284675598,0.8123794794082642,-0.035993970930576324,0.6978722810745239,1.0749232769012451,-0.44736552238464355,0.48028793931007385,1.0913106203079224,-0.5327401757240295,0.6503186225891113,1.3776930570602417,-0.20972123742103577,0.499485582113266,1.389699101448059,-0.34042680263519287,0.6297289133071899,1.4076697826385498,-0.18020150065422058,0.4945153295993805,1.4160778522491455,-0.31594234704971313,0.6595596671104431,1.4991008043289185,-0.3777444064617157,0.5339453816413879,1.5114151239395142,-0.5772653222084045,0.8133025169372559,0.7464497685432434,1.3804582010834565e-07,0.8037866950035095,0.7668941020965576,-0.014022249728441238,0.8056491017341614,0.7926426529884338,-0.027047280222177505,0.8102819919586182,0.8169505596160889,-0.03710945323109627,0.8130691647529602,0.8354257345199585,-0.04694664105772972,0.8189183473587036,0.7743735313415527,-0.04078582301735878,0.8261188268661499,0.8080921769142151,-0.05544272065162659,0.8243058323860168,0.8311158418655396,-0.0609101727604866,0.8214526176452637,0.8489672541618347,-0.06267333775758743,0.8372544646263123,0.7649232745170593,-0.03758353739976883,0.8487493991851807,0.8067939877510071,-0.05046343058347702,0.8465948700904846,0.8308480381965637,-0.05151185393333435,0.8401966094970703,0.8454200029373169,-0.05118503049015999,0.8513069748878479,0.7599120140075684,-0.03385552018880844,0.8680758476257324,0.7971171736717224,-0.04385756328701973,0.8660297393798828,0.820886492729187,-0.04422251507639885,0.8593916893005371,0.835479736328125,-0.04312310740351677,0.8614650964736938,0.7580519914627075,-0.0307391956448555,0.8835046291351318,0.7778201699256897,-0.03845546022057533,0.8874025344848633,0.7979336380958557,-0.04000817611813545,0.8837264776229858,0.8145995140075684,-0.03985738381743431,0.2812322676181793,0.38785380125045776,1.9318916599786462e-07,0.31160756945610046,0.40516722202301025,-0.01039211731404066,0.3463791012763977,0.4013471305370331,-0.01271086186170578,0.3734600245952606,0.38898763060569763,-0.01486287359148264,0.3958287239074707,0.3802323043346405,-0.017213694751262665,0.3680097758769989,0.37305334210395813,0.0003772537165787071,0.39831721782684326,0.35877248644828796,-0.006618572399020195,0.4162268042564392,0.34805548191070557,-0.01373552717268467,0.43150800466537476,0.33868783712387085,-0.019126448780298233,0.36221110820770264,0.3566853404045105,-0.00048238137969747186,0.3957715928554535,0.3413621187210083,-0.00630133505910635,0.41520243883132935,0.3304051160812378,-0.014006038196384907,0.4330090284347534,0.3214484453201294,-0.01999698206782341,0.35078343749046326,0.34434935450553894,-0.00360891199670732,0.38341647386550903,0.329780250787735,-0.010727686807513237,0.4027312397956848,0.31887879967689514,-0.017163380980491638,0.41967248916625977,0.31122684478759766,-0.021873565390706062,0.3339401185512543,0.333385169506073,-0.007912813685834408,0.3564217686653137,0.32067298889160156,-0.014858548529446125,0.3714805841445923,0.3139488399028778,-0.018580393865704536,0.38595396280288696,0.30804258584976196,-0.021278344094753265,0
0.6041470766067505,0.31088802218437195,-1.041742205619812,0.6238539814949036,0.2866836190223694,-0.999306857585907,0.6355862021446228,0.2877638638019562,-0.9991463422775269,0.6467601656913757,0.2889160215854645,-0.9987492561340332,0.5893121957778931,0.286321759223938,-0.9921539425849915,0.5797351002693176,0.28742849826812744,-0.992277979850769,0.569518506526947,0.2893860638141632,-0.9920473098754883,0.6658971309661865,0.3100791871547699,-0.6842694878578186,0.5601441264152527,0.3141392469406128,-0.6641736030578613,0.6299139857292175,0.3496093153953552,-0.9216486811637878,0.5847299695014954,0.348941832780838,-0.9170114398002625,0.7534829378128052,0.5163047313690186,-0.4453977644443512,0.4624399244785309,0.47305870056152344,-0.390158087015152,0.8181598782539368,0.7584006786346436,-0.4530474543571472,0.2391127049922943,0.5552101135253906,-0.7110315561294556,0.8339613676071167,0.9785799384117126,-0.7562209367752075,0.3367350697517395,0.37921378016471863,-1.1697850227355957,0.8571040034294128,1.0943564176559448,-0.8087562322616577,0.33531856536865234,0.3421862721443176,-1.2669662237167358,0.8353589773178101,1.0921095609664917,-0.8567716479301453,0.37872642278671265,0.32368364930152893,-1.2210090160369873,0.8168166875839233,1.0348681211471558,-0.7841259837150574,0.3616405725479126,0.36764565110206604,-1.1705949306488037,0.6588582396507263,0.9244537949562073,0.0045824660919606686,0.4785328805446625,0.921698808670044,-0.00035486547858454287,0.6491679549217224,1.324289321899414,-0.21791879832744598,0.47676268219947815,1.3142774105072021,-0.21010927855968475,0.6381089687347412,1.6397349834442139,0.16376850008964539,0.4728615880012512,1.6419638395309448,0.0740562379360199,0.6316772103309631,1.6898000240325928,0.1979246884584427,0.47126513719558716,1.6869499683380127,0.09318748861551285,0.6168065667152405,1.7493665218353271,-0.06043727323412895,0.4878668785095215,1.7673665285110474,-0.2163982391357422,0.0,0.0,0.0,0.0,0.0,0.0,0.0,0.0,0.0,0.0,0.0,0.0,0.0,0.0,0.0,0.0,0.0,0.0,0.0,0.0,0.0,0.0,0.0,0.0,0.0,0.0,0.0,0.0,0.0,0.0,0.0,0.0,0.0,0.0,0.0,0.0,0.0,0.0,0.0,0.0,0.0,0.0,0.0,0.0,0.0,0.0,0.0,0.0,0.0,0.0,0.0,0.0,0.0,0.0,0.0,0.0,0.0,0.0,0.0,0.0,0.0,0.0,0.0,0.3425428867340088,0.36872437596321106,2.9238853471724724e-07,0.3677822947502136,0.38203784823417664,-0.010624735616147518,0.40766435861587524,0.36724621057510376,-0.012233784422278404,0.4326243996620178,0.3455410599708557,-0.013894038274884224,0.44979017972946167,0.3309815227985382,-0.015636492520570755,0.428546667098999,0.34521520137786865,-0.0018920210422948003,0.4602046012878418,0.33672332763671875,-0.011983398348093033,0.4819786548614502,0.33094456791877747,-0.020757129415869713,0.49980247020721436,0.3289485573768616,-0.02675098553299904,0.4232947528362274,0.32319140434265137,-0.003923103213310242,0.4600289762020111,0.3076913058757782,-0.01261336263269186,0.48483070731163025,0.2945365607738495,-0.020691003650426865,0.505938708782196,0.28537580370903015,-0.025876745581626892,0.4109680950641632,0.30777010321617126,-0.008342075161635876,0.44491279125213623,0.28746289014816284,-0.01831609569489956,0.4671565294265747,0.27322739362716675,-0.024630354717373848,0.4867227375507355,0.2622418999671936,-0.02831059880554676,0.391534686088562,0.29506099224090576,-0.014012937434017658,0.4173332452774048,0.28022632002830505,-0.023283660411834717,0.4354178309440613,0.2706044018268585,-0.026640569791197777,0.45353037118911743,0.2625783383846283,-0.028405090793967247,0
0.5897140502929688,0.31123626232147217,-1.0433143377304077,0.6142057180404663,0.2803894579410553,-1.0080194473266602,0.6320351362228394,0.2802979052066803,-1.0080735683441162,0.6422257423400879,0.27924686670303345,-1.0077617168426514,0.5704465508460999,0.281313955783844,-1.0016181468963623,0.5608647465705872,0.2817438244819641,-1.002061128616333,0.5501759648323059,0.2825184166431427,-1.0019524097442627,0.664930522441864,0.29087722301483154,-0.7185982465744019,0.5330908894538879,0.2949993908405304,-0.6941992044448853,0.6231635808944702,0.351863831281662,-0.9290529489517212,0.5695970058441162,0.3507803678512573,-0.9232257008552551,0.7742764949798584,0.47057533264160156,-0.48306888341903687,0.46024733781814575,0.4638969600200653,-0.4354887008666992,0.9126998782157898,0.7195126414299011,-0.6299214959144592,0.2141454666852951,0.5241543054580688,-0.7983273267745972,0.9149762988090515,0.7536967396736145,-0.983514130115509,0.35792332887649536,0.3535536229610443,-1.2307829856872559,0.930644690990448,0.772396981716156,-1.0532076358795166,0.3898976445198059,0.2875725328922272,-1.340137243270874,0.902328372001648,0.754231870174408,-1.0534793138504028,0.4263478219509125,0.2775189280509949,-1.2373406887054443,0.886273205280304,0.7582943439483643,-0.9953821897506714,0.4234423041343689,0.2994316816329956,-1.2198387384414673,0.6819100975990295,0.9315800070762634,0.006668849848210812,0.49708038568496704,0.9070093631744385,-0.002637462690472603,0.6498030424118042,1.323477864265442,0.038813695311546326,0.48292356729507446,1.3276151418685913,0.013038767501711845,0.6216369867324829,1.6479166746139526,0.4537091851234436,0.46069759130477905,1.6447463035583496,0.3581363260746002,0.6164460182189941,1.700092077255249,0.49486732482910156,0.4566188454627991,1.6872204542160034,0.38751524686813354,0.5984829664230347,1.7631603479385376,0.24956417083740234,0.4734672009944916,1.7763324975967407,0.10723725706338882,0.0,0.0,0.0,0.0,0.0,0.0,0.0,0.0,0.0,0.0,0.0,0.0,0.0,0.0,0.0,0.0,0.0,0.0,0.0,0.0,0.0,0.0,0.0,0.0,0.0,0.0,0.0,0.0,0.0,0.0,0.0,0.0,0.0,0.0,0.0,0.0,0.0,0.0,0.0,0.0,0.0,0.0,0.0,0.0,0.0,0.0,0.0,0.0,0.0,0.0,0.0,0.0,0.0,0.0,0.0,0.0,0.0,0.0,0.0,0.0,0.0,0.0,0.0,0.35211047530174255,0.349820077419281,1.255049397741459e-07,0.3886469006538391,0.36024385690689087,-0.012205946259200573,0.42632731795310974,0.34639936685562134,-0.017372693866491318,0.4545721709728241,0.3266294598579407,-0.021893372759222984,0.4723913073539734,0.30071762204170227,-0.026808595284819603,0.4433201253414154,0.3053893744945526,-0.01312217116355896,0.4810671806335449,0.27763956785202026,-0.02588016167283058,0.49968454241752625,0.2604183852672577,-0.035395387560129166,0.5152393579483032,0.24416950345039368,-0.04171525314450264,0.4315853714942932,0.2876110076904297,-0.015539453364908695,0.4719480872154236,0.2556837201118469,-0.025990920141339302,0.4942711889743805,0.23417611420154572,-0.034613028168678284,0.5127466917037964,0.21664682030677795,-0.04098278656601906,0.41280046105384827,0.2762739062309265,-0.01961081475019455,0.44782882928848267,0.24644193053245544,-0.029727300629019737,0.4689209461212158,0.23028869926929474,-0.035815559327602386,0.48755115270614624,0.21776656806468964,-0.04026343300938606,0.38814684748649597,0.2694512605667114,-0.024873115122318268,0.40909308195114136,0.2497432380914688,-0.034409429877996445,0.42667439579963684,0.2378232181072235,-0.03776588663458824,0.4435601234436035,0.22743766009807587,-0.03995852544903755,0
0.600409209728241,0.3283891975879669,-0.5074821710586548,0.6205588579177856,0.29982954263687134,-0.4730042517185211,0.6333514451980591,0.300905704498291,-0.4730415344238281,0.6438378691673279,0.30165669322013855,-0.47290149331092834,0.588005542755127,0.2969313859939575,-0.4596180319786072,0.5758825540542603,0.29652541875839233,-0.45987606048583984,0.5676743984222412,0.2965945601463318,-0.45992493629455566,0.6641610264778137,0.31792065501213074,-0.23961499333381653,0.5602560639381409,0.3120718002319336,-0.1900016963481903,0.6250888705253601,0.36852484941482544,-0.41782379150390625,0.5816249251365662,0.36641761660575867,-0.40411901473999023,0.7546812295913696,0.4966190457344055,-0.17666980624198914,0.4920329451560974,0.45667293667793274,-0.005251311231404543,0.7734165787696838,0.7174314856529236,-0.38535529375076294,0.2821737825870514,0.4740224778652191,-0.3294311463832855,0.5998997092247009,0.7250156998634338,-0.625710129737854,0.42832279205322266,0.3596326410770416,-0.6736536026000977,0.530448317527771,0.7357286810874939,-0.6985834240913391,0.4640577435493469,0.3368130326271057,-0.7705050706863403,0.5045002102851868,0.6983814239501953,-0.6562597751617432,0.4824513792991638,0.33607006072998047,-0.6878993511199951,0.5435654520988464,0.7004685997962952,-0.6133971214294434,0.4813472330570221,0.342642605304718,-0.6589957475662231,0.6726163625717163,0.91254723072052,-0.020930439233779907,0.5097907185554504,0.9002861380577087,0.024050569161772728,0.6468757390975952,1.2561593055725098,-0.2188999354839325,0.5064358115196228,1.24375581741333,-0.2314070463180542,0.6470617055892944,1.6180955171585083,-0.05524887517094612,0.5209528207778931,1.5998289585113525,-0.08176641166210175,0.6491168141365051,1.6697441339492798,-0.04125487431883812,0.5288753509521484,1.6468183994293213,-0.0722179263830185,0.6199274659156799,1.7350407838821411,-0.28275611996650696,0.512991189956665,1.721199631690979,-0.3239402174949646,0.0,0.0,0.0,0.0,0.0,0.0,0.0,0.0,0.0,0.0,0.0,0.0,0.0,0.0,0.0,0.0,0.0,0.0,0.0,0.0,0.0,0.0,0.0,0.0,0.0,0.0,0.0,0.0,0.0,0.0,0.0,0.0,0.0,0.0,0.0,0.0,0.0,0.0,0.0,0.0,0.0,0.0,0.0,0.0,0.0,0.0,0.0,0.0,0.0,0.0,0.0,0.0,0.0,0.0,0.0,0.0,0.0,0.0,0.0,0.0,0.0,0.0,0.0,0.35795465111732483,0.33933183550834656,1.996155418737544e-07,0.3785416781902313,0.3656787872314453,-0.018248820677399635,0.4093950092792511,0.3697713017463684,-0.02716252952814102,0.4395506978034973,0.3673863112926483,-0.03389982879161835,0.4647054970264435,0.36357635259628296,-0.04048996418714523,0.44262564182281494,0.33265602588653564,-0.021393951028585434,0.48261868953704834,0.31398871541023254,-0.03454858064651489,0.5053523182868958,0.3014885187149048,-0.04318777099251747,0.5241785645484924,0.29003944993019104,-0.04898488149046898,0.4376879930496216,0.314508855342865,-0.020277999341487885,0.47927695512771606,0.29676735401153564,-0.03346109762787819,0.5049452185630798,0.2849816679954529,-0.043075475841760635,0.526256263256073,0.27601006627082825,-0.049355398863554,0.4257563054561615,0.30166664719581604,-0.02073707804083824,0.4635079801082611,0.28505855798721313,-0.03283753991127014,0.48655685782432556,0.27576184272766113,-0.040394045412540436,0.5064482092857361,0.2706049084663391,-0.04499384015798569,0.40864646434783936,0.2921280264854431,-0.02262146957218647,0.43299928307533264,0.2791861593723297,-0.034066684544086456,0.45032280683517456,0.2751864790916443,-0.03960367664694786,0.4665566086769104,0.2733268141746521,-0.042638201266527176,0
0.5900139212608337,0.30276113748550415,-1.3795276880264282,0.6201797723770142,0.27255886793136597,-1.325645923614502,0.635818362236023,0.27340954542160034,-1.3258767127990723,0.6515874862670898,0.2744677662849426,-1.325857162475586,0.56723552942276,0.2725733816623688,-1.3235889673233032,0.5506752133369446,0.2730265259742737,-1.323999285697937,0.5331125855445862,0.2725541293621063,-1.323786735534668,0.6749616861343384,0.2993320822715759,-0.9824110269546509,0.4994487762451172,0.29467353224754333,-0.9749537706375122,0.623473048210144,0.35277050733566284,-1.2498013973236084,0.5614700317382812,0.3563208281993866,-1.2482644319534302,0.7600563168525696,0.5256158113479614,-0.7383583784103394,0.42456284165382385,0.5043175220489502,-0.716870903968811,0.9049345850944519,0.785525918006897,-0.7668973207473755,0.15030834078788757,0.6026883721351624,-1.1775586605072021,0.7517929673194885,0.9692817330360413,-0.9697749018669128,0.23996886610984802,0.3850061595439911,-1.636901617050171,0.7622272372245789,1.0449261665344238,-1.0176520347595215,0.2587115466594696,0.3481089770793915,-1.7314554452896118,0.716555118560791,1.0234359502792358,-1.0077497959136963,0.3074841797351837,0.3220260739326477,-1.6604583263397217,0.6985933184623718,0.9690351486206055,-0.9686495661735535,0.29928818345069885,0.3472285270690918,-1.6256539821624756,0.6590585112571716,0.9747293591499329,0.019935453310608864,0.47477883100509644,0.9705607295036316,-0.016851801425218582,0.6831687092781067,1.2324655055999756,-0.27569711208343506,0.47860175371170044,1.268605351448059,-0.27235543727874756,0.6586127877235413,1.5277127027511597,0.2361869513988495,0.4914379119873047,1.6041908264160156,0.11571192741394043,0.6487367749214172,1.5738130807876587,0.2899569571018219,0.4961053729057312,1.6550482511520386,0.15093550086021423,0.6589471697807312,1.655556082725525,0.05096553638577461,0.5073457360267639,1.7358723878860474,-0.15904565155506134,0.0,0.0,0.0,0.0,0.0,0.0,0.0,0.0,0.0,0.0,0.0,0.0,0.0,0.0,0.0,0.0,0.0,0.0,0.0,0.0,0.0,0.0,0.0,0.0,0.0,0.0,0.0,0.0,0.0,0.0,0.0,0.0,0.0,0.0,0.0,0.0,0.0,0.0,0.0,0.0,0.0,0.0,0.0,0.0,0.0,0.0,0.0,0.0,0.0,0.0,0.0,0.0,0.0,0.0,0.0,0.0,0.0,0.0,0.0,0.0,0.0,0.0,0.0,0.2557050287723541,0.36942172050476074,3.7509406070057594e-07,0.30530160665512085,0.3819635808467865,-0.0180008877068758,0.3598942756652832,0.3685480058193207,-0.023948129266500473,0.40050387382507324,0.34576237201690674,-0.028914185240864754,0.42941147089004517,0.31255635619163513,-0.03486289829015732,0.37444671988487244,0.31204351782798767,-0.020224247127771378,0.42376452684402466,0.28211313486099243,-0.03696088492870331,0.45397117733955383,0.26034659147262573,-0.04914011433720589,0.48067405819892883,0.24222716689109802,-0.058094508945941925,0.35457608103752136,0.2840881943702698,-0.023279288783669472,0.39673441648483276,0.24543601274490356,-0.04038591682910919,0.42678987979888916,0.2216852754354477,-0.05433988943696022,0.45243531465530396,0.20408505201339722,-0.06442956626415253,0.32643458247184753,0.2690412402153015,-0.02850394882261753,0.3602277338504791,0.22705519199371338,-0.04645034670829773,0.3858179748058319,0.20207485556602478,-0.0576428584754467,0.4102114737033844,0.1836991310119629,-0.06542980670928955,0.29213643074035645,0.26256677508354187,-0.035268642008304596,0.3121134340763092,0.23174749314785004,-0.05358166992664337,0.32982584834098816,0.21307185292243958,-0.06219802796840668,0.34884706139564514,0.1974485218524933,-0.06756728142499924,0
0.46254682540893555,0.42119482159614563,-1.604994773864746,0.4700598120689392,0.37290123105049133,-1.575872778892517,0.4835440516471863,0.3683076798915863,-1.5760505199432373,0.49719685316085815,0.3610135316848755,-1.576050877571106,0.4315811097621918,0.3893575668334961,-1.5758590698242188,0.41311249136924744,0.3954384922981262,-1.5762336254119873,0.39401277899742126,0.3995477557182312,-1.5758869647979736,0.5216786861419678,0.376066118478775,-1.239193081855774,0.36953240633010864,0.41096511483192444,-1.2390772104263306,0.4905757009983063,0.4537251889705658,-1.463969349861145,0.44196733832359314,0.47557884454727173,-1.4642775058746338,0.6530089974403381,0.5417730212211609,-0.9121099710464478,0.2890225052833557,0.5383592247962952,-0.9186083674430847,0.8273491859436035,0.747715950012207,-1.0072906017303467,0.029726555570960045,0.652248740196228,-1.441096305847168,0.7297462224960327,0.9566128849983215,-1.3208609819412231,0.14144040644168854,0.47647717595100403,-1.9954808950424194,0.7474812865257263,1.0318082571029663,-1.3911805152893066,0.17487525939941406,0.43300071358680725,-2.1132843494415283,0.6818252801895142,1.0036978721618652,-1.380875825881958,0.21373263001441956,0.41980668902397156,-2.0408880710601807,0.6817086935043335,0.9693309664726257,-1.3221373558044434,0.20887938141822815,0.4377022683620453,-1.9836580753326416,0.5620142221450806,0.960590660572052,0.028772130608558655,0.37035226821899414,0.9794183969497681,-0.02544836327433586,0.6224676966667175,1.2740622758865356,-0.23139354586601257,0.43028250336647034,1.3602615594863892,-0.2495768964290619,0.6424302458763123,1.6153572797775269,0.18798518180847168,0.45904111862182617,1.7298539876937866,0.07640863955020905,0.6310430765151978,1.6656707525253296,0.22794099152088165,0.4597245752811432,1.7795453071594238,0.1021217480301857,0.6673349738121033,1.7479362487792969,-0.05864977091550827,0.5045124292373657,1.8679128885269165,-0.2541784644126892,0.0,0.0,0.0,0.0,0.0,0.0,0.0,0.0,0.0,0.0,0.0,0.0,0.0,0.0,0.0,0.0,0.0,0.0,0.0,0.0,0.0,0.0,0.0,0.0,0.0,0.0,0.0,0.0,0.0,0.0,0.0,0.0,0.0,0.0,0.0,0.0,0.0,0.0,0.0,0.0,0.0,0.0,0.0,0.0,0.0,0.0,0.0,0.0,0.0,0.0,0.0,0.0,0.0,0.0,0.0,0.0,0.0,0.0,0.0,0.0,0.0,0.0,0.0,0.14641056954860687,0.4745821952819824,1.9555790231606807e-07,0.18335148692131042,0.49148494005203247,-0.013743716292083263,0.23140351474285126,0.47567594051361084,-0.01866954192519188,0.2684139907360077,0.4583926498889923,-0.02247733436524868,0.2990347146987915,0.44742146134376526,-0.02678845450282097,0.24914152920246124,0.44242939352989197,-0.017845017835497856,0.28967154026031494,0.4168020486831665,-0.032358087599277496,0.313364177942276,0.3971923589706421,-0.042244844138622284,0.3326340913772583,0.3790915906429291,-0.04911357909440994,0.23660509288311005,0.4240143895149231,-0.02088225446641445,0.2793944478034973,0.39716556668281555,-0.034218207001686096,0.3060305118560791,0.3754962384700775,-0.043317217379808426,0.3278428316116333,0.3566704988479614,-0.04957430064678192,0.2156105935573578,0.4122451841831207,-0.025721020996570587,0.255163311958313,0.38483840227127075,-0.03969787433743477,0.28049236536026,0.36850351095199585,-0.046707432717084885,0.3029790222644806,0.3558158576488495,-0.051160380244255066,0.18840810656547546,0.40379783511161804,-0.031654320657253265,0.21361425518989563,0.3821515142917633,-0.04582371190190315,0.23331674933433533,0.36914142966270447,-0.05132664740085602,0.25313130021095276,0.35789692401885986,-0.05440998822450638,0
0.628821611404419,0.34751179814338684,-0.22761568427085876,0.6427005529403687,0.3254578709602356,-0.17604784667491913,0.6567599177360535,0.3231338560581207,-0.17565342783927917,0.6680654287338257,0.31983041763305664,-0.17514170706272125,0.6125640273094177,0.3349124491214752,-0.17338354885578156,0.5997979640960693,0.3391900360584259,-0.1738717257976532,0.5916475653648376,0.34263142943382263,-0.1739518940448761,0.6924146413803101,0.3366036117076874,0.05284420773386955,0.5850698947906494,0.3549279570579529,0.0650499239563942,0.6619246602058411,0.3729493021965027,-0.14915987849235535,0.6197289228439331,0.38613423705101013,-0.14778773486614227,0.8022087812423706,0.5288728475570679,0.10094720125198364,0.4887157380580902,0.5138006806373596,0.14968061447143555,0.9228140711784363,0.6556256413459778,-0.06812844425439835,0.2537660002708435,0.5335510969161987,-0.12883304059505463,0.7774621844291687,0.4708479642868042,-0.2650209963321686,0.3918629288673401,0.39615991711616516,-0.3753868043422699,0.7457076907157898,0.42850300669670105,-0.2994355261325836,0.41777023673057556,0.33942490816116333,-0.427713543176651,0.7218065857887268,0.40333160758018494,-0.23842008411884308,0.4413486123085022,0.3320901691913605,-0.34026437997817993,0.7141398191452026,0.38973453640937805,-0.2482489049434662,0.43428531289100647,0.352774441242218,-0.35409480333328247,0.7151968479156494,0.9466769695281982,0.011137329041957855,0.5379460453987122,0.9205844402313232,-0.007666772697120905,0.6577221155166626,1.3201748132705688,-0.1689605861902237,0.4875625669956207,1.3416862487792969,-0.17394152283668518,0.5985845327377319,1.6334590911865234,0.0410926453769207,0.4333595335483551,1.6947627067565918,-0.14598043262958527,0.5886813402175903,1.6769546270370483,0.06414992362260818,0.4240601658821106,1.74046790599823,-0.14743873476982117,0.5743952393531799,1.7571653127670288,-0.08271254599094391,0.43904075026512146,1.832703709602356,-0.3663206696510315,0.0,0.0,0.0,0.0,0.0,0.0,0.0,0.0,0.0,0.0,0.0,0.0,0.0,0.0,0.0,0.0,0.0,0.0,0.0,0.0,0.0,0.0,0.0,0.0,0.0,0.0,0.0,0.0,0.0,0.0,0.0,0.0,0.0,0.0,0.0,0.0,0.0,0.0,0.0,0.0,0.0,0.0,0.0,0.0,0.0,0.0,0.0,0.0,0.0,0.0,0.0,0.0,0.0,0.0,0.0,0.0,0.0,0.0,0.0,0.0,0.0,0.0,0.0,0.3880223035812378,0.383039653301239,2.7907969979423797e-07,0.4225924611091614,0.39135706424713135,-0.01191421877592802,0.46005672216415405,0.3758693337440491,-0.018700523301959038,0.48595237731933594,0.3545696437358856,-0.0250922292470932,0.5051515102386475,0.3270692825317383,-0.032019421458244324,0.48219960927963257,0.3313123285770416,-0.017100106924772263,0.5210071206092834,0.30324867367744446,-0.03216111287474632,0.5442405939102173,0.2853001058101654,-0.04245303198695183,0.5647968053817749,0.2697398066520691,-0.04943777248263359,0.4696020185947418,0.3155294358730316,-0.021613793447613716,0.5115503668785095,0.28598976135253906,-0.03544642776250839,0.5392178297042847,0.26775678992271423,-0.045155301690101624,0.562415599822998,0.2527197301387787,-0.05182397738099098,0.4494536817073822,0.30686241388320923,-0.027769461274147034,0.48638471961021423,0.2750645875930786,-0.04215405508875847,0.5103721618652344,0.2582373023033142,-0.04986003413796425,0.5317283272743225,0.2452017068862915,-0.05468301475048065,0.42368876934051514,0.3030829131603241,-0.03484336659312248,0.4487742483615875,0.28044071793556213,-0.049341995269060135,0.46877992153167725,0.2665974199771881,-0.0554836243391037,0.4881061315536499,0.2541811466217041,-0.059033557772636414,0
0.4965432584285736,0.31231650710105896,-1.4621820449829102,0.5166438221931458,0.2510298490524292,-1.4357000589370728,0.5348951816558838,0.24693123996257782,-1.4357036352157593,0.5501310229301453,0.24482522904872894,-1.4359304904937744,0.4677709639072418,0.2567956745624542,-1.4265207052230835,0.4515937864780426,0.25737661123275757,-1.4270565509796143,0.4360538423061371,0.2575528621673584,-1.4265410900115967,0.5736390948295593,0.25746577978134155,-1.129485845565796,0.4200139045715332,0.2745800316333771,-1.0852785110473633,0.5262466669082642,0.3633712828159332,-1.3332452774047852,0.4749622941017151,0.36395159363746643,-1.3212220668792725,0.7091048955917358,0.4557892382144928,-0.796150803565979,0.34714359045028687,0.4955272674560547,-0.8052226901054382,0.7878713607788086,0.779475748538971,-0.612963080406189,0.231403186917305,0.7218148112297058,-1.195546269416809,0.8227009773254395,0.9556524157524109,-0.6848916411399841,0.39466872811317444,0.5111881494522095,-1.6657358407974243,0.8722139596939087,1.0678343772888184,-0.7178969383239746,0.43846529722213745,0.4481092095375061,-1.7734569311141968,0.8421769142150879,1.0579149723052979,-0.7681569457054138,0.45088911056518555,0.41791120171546936,-1.7062530517578125,0.817054271697998,1.0375678539276123,-0.7047450542449951,0.4527580738067627,0.4430157542228699,-1.652706503868103,0.653830349445343,1.0329313278198242,-0.015277531929314137,0.4354373514652252,1.053386926651001,0.019543103873729706,0.6648324728012085,1.5099544525146484,0.2175712287425995,0.47232961654663086,1.5231246948242188,0.31176528334617615,0.6849138140678406,1.8120616674423218,1.0004481077194214,0.49052876234054565,1.8730806112289429,0.9157921075820923,0.6904579401016235,1.8527870178222656,1.0828911066055298,0.4961915612220764,1.9197999238967896,0.9732105135917664,0.6561976075172424,1.9746514558792114,0.8534051775932312,0.5157381892204285,2.0364768505096436,0.6953126192092896,0.0,0.0,0.0,0.0,0.0,0.0,0.0,0.0,0.0,0.0,0.0,0.0,0.0,0.0,0.0,0.0,0.0,0.0,0.0,0.0,0.0,0.0,0.0,0.0,0.0,0.0,0.0,0.0,0.0,0.0,0.0,0.0,0.0,0.0,0.0,0.0,0.0,0.0,0.0,0.0,0.0,0.0,0.0,0.0,0.0,0.0,0.0,0.0,0.0,0.0,0.0,0.0,0.0,0.0,0.0,0.0,0.0,0.0,0.0,0.0,0.0,0.0,0.0,0.4689311683177948,0.5297520756721497,-8.65359268686916e-08,0.4373628795146942,0.4882279336452484,-0.0017009872244670987,0.415736585855484,0.449021577835083,-0.0074633266776800156,0.4086499810218811,0.42458391189575195,-0.014258361421525478,0.4094003140926361,0.4200715720653534,-0.021946312859654427,0.4451691210269928,0.4343155026435852,-0.013480286113917828,0.46080562472343445,0.38739556074142456,-0.01970941200852394,0.46818140149116516,0.36356621980667114,-0.022262517362833023,0.47397109866142273,0.34385058283805847,-0.02421056106686592,0.4755479097366333,0.440639853477478,-0.017771167680621147,0.48691391944885254,0.3822268545627594,-0.02235640026628971,0.49229535460472107,0.35279446840286255,-0.024014044553041458,0.49679940938949585,0.33039623498916626,-0.026347242295742035,0.5026398301124573,0.4487189054489136,-0.021623671054840088,0.5116360783576965,0.3901253938674927,-0.02633667178452015,0.5143533945083618,0.36043551564216614,-0.02632424607872963,0.5150026679039001,0.33740290999412537,-0.02644984982907772,0.5258482098579407,0.4590168595314026,-0.025466252118349075,0.5341054201126099,0.4123835265636444,-0.028078991919755936,0.5352135300636292,0.38588979840278625,-0.02536657452583313,0.5343741774559021,0.3636469841003418,-0.02322961576282978,0
0.5169082880020142,0.45300358533859253,-0.44826555252075195,0.5243863463401794,0.43784603476524353,-0.37813520431518555,0.5365122556686401,0.4387607276439667,-0.377590149641037,0.5445361733436584,0.43851444125175476,-0.37691444158554077,0.5025829076766968,0.4367864429950714,-0.3947314918041229,0.4910433888435364,0.43743574619293213,-0.39501863718032837,0.4829707145690918,0.43699973821640015,-0.3946802318096161,0.5454680919647217,0.4571264982223511,-0.03542471304535866,0.4636605679988861,0.46105465292930603,-0.11878975480794907,0.5308657884597778,0.4867403209209442,-0.3295067250728607,0.49635809659957886,0.4881896674633026,-0.355238676071167,0.6521406173706055,0.6548097133636475,0.09508194029331207,0.35137420892715454,0.637730062007904,0.00420807721093297,0.8454152345657349,0.691654622554779,-0.07281523197889328,0.13512207567691803,0.6606706380844116,-0.40412408113479614,0.9643921852111816,0.481822669506073,-0.43895936012268066,0.326408714056015,0.5075385570526123,-0.7088759541511536,1.0167959928512573,0.4275842010974884,-0.515984296798706,0.3773965537548065,0.44543275237083435,-0.8085161447525024,1.0149227380752563,0.4255126118659973,-0.5222526788711548,0.40315261483192444,0.465848833322525,-0.726859986782074,0.9902348518371582,0.4466792643070221,-0.4681186079978943,0.38807329535484314,0.480876088142395,-0.705427348613739,0.6150137186050415,1.1617472171783447,0.03262718766927719,0.4188250005245209,1.1721943616867065,-0.02628684975206852,0.6259422302246094,1.595076084136963,-0.12328380346298218,0.4422343373298645,1.605665683746338,-0.19056347012519836,0.6343821287155151,2.0063350200653076,0.24783167243003845,0.4563294053077698,2.015784740447998,0.011932464316487312,0.6388257145881653,2.067274808883667,0.2877044677734375,0.45337074995040894,2.0728681087493896,0.024540213868021965,0.6249650120735168,2.125455141067505,0.0659804493188858,0.4838869571685791,2.139167547225952,-0.2829369604587555,0.0,0.0,0.0,0.0,0.0,0.0,0.0,0.0,0.0,0.0,0.0,0.0,0.0,0.0,0.0,0.0,0.0,0.0,0.0,0.0,0.0,0.0,0.0,0.0,0.0,0.0,0.0,0.0,0.0,0.0,0.0,0.0,0.0,0.0,0.0,0.0,0.0,0.0,0.0,0.0,0.0,0.0,0.0,0.0,0.0,0.0,0.0,0.0,0.0,0.0,0.0,0.0,0.0,0.0,0.0,0.0,0.0,0.0,0.0,0.0,0.0,0.0,0.0,0.31074970960617065,0.507452666759491,-5.855667950527277e-08,0.3439498543739319,0.519611120223999,-0.0045052566565573215,0.3745518922805786,0.5161312818527222,-0.0075931367464363575,0.3943891227245331,0.5083687901496887,-0.011929460801184177,0.4055769741535187,0.49193480610847473,-0.017017250880599022,0.4000151753425598,0.4768424332141876,-0.00133789936080575,0.4282991290092468,0.45402026176452637,-0.010186704806983471,0.4384458065032959,0.44454970955848694,-0.01903209090232849,0.4482991099357605,0.43754100799560547,-0.025756968185305595,0.38986244797706604,0.4664430022239685,-0.006608282215893269,0.42065393924713135,0.44328439235687256,-0.01407563779503107,0.4338502883911133,0.43283095955848694,-0.02224375121295452,0.44561833143234253,0.42506611347198486,-0.029361577704548836,0.37490424513816833,0.45891666412353516,-0.013409093022346497,0.4007786810398102,0.4380885362625122,-0.020981527864933014,0.4148983061313629,0.42795103788375854,-0.02663409896194935,0.42812293767929077,0.4200824201107025,-0.031638987362384796,0.35602569580078125,0.4539937973022461,-0.02093258872628212,0.3740770220756531,0.43778881430625916,-0.02748674340546131,0.38710859417915344,0.4291574954986572,-0.030325284227728844,0.400165855884552,0.4218774139881134,-0.03318977355957031,0
0.5177477598190308,0.2983820140361786,-0.9478062391281128,0.5353925228118896,0.2682381868362427,-0.9076603055000305,0.546449601650238,0.26951637864112854,-0.9076927304267883,0.5567663908004761,0.2704359292984009,-0.9074479341506958,0.5080854296684265,0.2635386288166046,-0.9128392934799194,0.4987049698829651,0.26123711466789246,-0.9132615923881531,0.49012312293052673,0.2591436505317688,-0.913204550743103,0.5693687200546265,0.27748745679855347,-0.5812686681747437,0.47774767875671387,0.2615632116794586,-0.6153505444526672,0.5359910130500793,0.330167293548584,-0.8161208033561707,0.5015069246292114,0.3210964500904083,-0.8257637023925781,0.6578933000564575,0.4256054162979126,-0.3673354685306549,0.3842870891094208,0.34474340081214905,-0.35300883650779724,0.7156694531440735,0.6104823350906372,-0.38863542675971985,0.1458326280117035,0.35782238841056824,-0.8264859318733215,0.7493900060653687,0.7843201756477356,-0.6209221482276917,0.3111926317214966,0.27289915084838867,-1.2696378231048584,0.7636246681213379,0.8431777358055115,-0.6751900911331177,0.35271909832954407,0.23323796689510345,-1.3893767595291138,0.7481496334075928,0.8402635455131531,-0.719305157661438,0.3710479140281677,0.23233594000339508,-1.3022550344467163,0.7363526821136475,0.8183842301368713,-0.6450012922286987,0.36645445227622986,0.24857601523399353,-1.2563679218292236,0.5750346779823303,0.8267034292221069,-0.004850824363529682,0.41486066579818726,0.8099427819252014,0.00820507574826479,0.570386528968811,1.1259350776672363,-0.5253742933273315,0.3973085284233093,1.0776023864746094,-0.4255029261112213,0.5822092294692993,1.5601598024368286,-0.3590816259384155,0.40026775002479553,1.4868584871292114,-0.3163371980190277,0.5831957459449768,1.6088321208953857,-0.34057772159576416,0.40152186155319214,1.538907527923584,-0.31001198291778564,0.5618213415145874,1.7214927673339844,-0.6240019798278809,0.41715461015701294,1.6255460977554321,-0.627920925617218,0.7510300278663635,0.7961600422859192,8.620015989890817e-08,0.7373809814453125,0.8209160566329956,-0.01721983030438423,0.7322196960449219,0.8503400087356567,-0.02164853923022747,0.7300925850868225,0.875721275806427,-0.022865768522024155,0.7296329140663147,0.8945963382720947,-0.021267130970954895,0.7683508396148682,0.8730656504631042,-0.006067867856472731,0.750113844871521,0.8999054431915283,-0.0098238131031394,0.7371664643287659,0.8960757851600647,-0.011678209528326988,0.7363355159759521,0.8858928680419922,-0.011360942386090755,0.770171046257019,0.8713986873626709,0.002676627365872264,0.7466518878936768,0.8925822377204895,-0.0008558601257391274,0.7346006631851196,0.8806664347648621,-0.00322037935256958,0.7369490265846252,0.8689603209495544,-0.0034631455782800913,0.7670956254005432,0.8667230010032654,0.009436010383069515,0.7450675964355469,0.8830083012580872,0.004670910537242889,0.7363727688789368,0.8698083162307739,0.002546734642237425,0.7397779822349548,0.8591135740280151,0.0028716432861983776,0.7635756134986877,0.8615372180938721,0.01500026322901249,0.7455103993415833,0.8741140961647034,0.011550810188055038,0.7389695048332214,0.8647826910018921,0.010369149036705494,0.7417671084403992,0.8550649285316467,0.011046157218515873,0.29456251859664917,0.27627336978912354,2.21082487428248e-07,0.32256636023521423,0.28962063789367676,-0.015354814939200878,0.35662001371383667,0.2904590666294098,-0.02123209461569786,0.3871374726295471,0.29102516174316406,-0.025870587676763535,0.4125750660896301,0.292613685131073,-0.030438551679253578,0.3779152035713196,0.25661635398864746,-0.01255316473543644,0.411957710981369,0.24363695085048676,-0.022886550053954124,0.4327556788921356,0.2338229864835739,-0.03077603690326214,0.4505966901779175,0.22635076940059662,-0.036436475813388824,0.36910244822502136,0.2380920797586441,-0.012257209047675133,0.4002189636230469,0.22042685747146606,-0.020714035257697105,0.4208237826824188,0.20819589495658875,-0.027923397719860077,0.4385356605052948,0.1997690200805664,-0.03320304676890373,0.35356825590133667,0.2263271063566208,-0.01409051101654768,0.37992990016937256,0.20645366609096527,-0.023396722972393036,0.39682242274284363,0.19324833154678345,-0.029714956879615784,0.4135063588619232,0.18425026535987854,-0.03431836888194084,0.33335167169570923,0.21951624751091003,-0.017476525157690048,0.34354260563850403,0.20016589760780334,-0.027792396023869514,0.35291212797164917,0.18681198358535767,-0.03274072706699371,0.3640574514865875,0.17544451355934143,-0.03572029992938042,0
0.540012001991272,0.2813292145729065,-0.8588789105415344,0.5574616193771362,0.261011004447937,-0.8236210942268372,0.5673434734344482,0.26213276386260986,-0.8237096667289734,0.577448844909668,0.26277604699134827,-0.8237317204475403,0.5347283482551575,0.25836414098739624,-0.8214907646179199,0.5283913612365723,0.2582434117794037,-0.8217848539352417,0.5225165486335754,0.25771206617355347,-0.8215813636779785,0.5974259972572327,0.277217835187912,-0.5560022592544556,0.5181559920310974,0.2698425054550171,-0.5493017435073853,0.560294508934021,0.3151329457759857,-0.7542030811309814,0.5320277810096741,0.3120291531085968,-0.7495673894882202,0.6934199333190918,0.4344945251941681,-0.35272911190986633,0.43636423349380493,0.4255821406841278,-0.3776164650917053,0.769870936870575,0.6295999884605408,-0.30359169840812683,0.3530069589614868,0.6226307153701782,-0.7250823378562927,0.7320448756217957,0.8107404112815857,-0.4643849730491638,0.37818998098373413,0.3000931739807129,-1.080291748046875,0.723767101764679,0.8736544847488403,-0.5023972392082214,0.40801113843917847,0.2678355872631073,-1.171079397201538,0.7086964249610901,0.8602836728096008,-0.5403399467468262,0.415081262588501,0.26816707849502563,-1.1211073398590088,0.7056883573532104,0.8387576341629028,-0.4833444058895111,0.4091983437538147,0.2822175920009613,-1.0720627307891846,0.6279906034469604,0.8532119989395142,-0.007990376092493534,0.49055495858192444,0.8723902106285095,0.011099271476268768,0.6420373320579529,1.159460186958313,-0.20727694034576416,0.4924376904964447,1.1987578868865967,0.037711724638938904,0.6256381869316101,1.4699628353118896,0.1663142740726471,0.49900490045547485,1.491746187210083,0.30204254388809204,0.6250418424606323,1.5043131113052368,0.20558150112628937,0.49662265181541443,1.5265432596206665,0.32463687658309937,0.6121190786361694,1.5911017656326294,-4.247725155437365e-05,0.5198723673820496,1.6097064018249512,0.0886647030711174,0.7332900762557983,0.8088194131851196,1.7451054645789554e-07,0.7068290114402771,0.82186359167099,-0.006365160457789898,0.6915199160575867,0.8469057083129883,-0.008509626612067223,0.6860292553901672,0.8705312013626099,-0.00902777910232544,0.6886502504348755,0.8875263929367065,-0.008967064321041107,0.7189356088638306,0.8702896237373352,-0.009351075626909733,0.7064089179039001,0.901685893535614,-0.01280525978654623,0.6940959692001343,0.9053976535797119,-0.01471040677279234,0.6851046681404114,0.9019055366516113,-0.015047052875161171,0.7343322038650513,0.8724475502967834,-0.006179410964250565,0.7188581824302673,0.9031542539596558,-0.007836970500648022,0.7065348625183105,0.9050646424293518,-0.008021404966711998,0.6983407735824585,0.8988751769065857,-0.00815500970929861,0.7442352771759033,0.8697485327720642,-0.0030708296690136194,0.7292047142982483,0.8961371779441833,-0.0030812020413577557,0.7179393172264099,0.8984420299530029,-0.002197758061811328,0.7108235955238342,0.8923066854476929,-0.0019096697214990854,0.7488937377929688,0.8647163510322571,-0.0004945229738950729,0.7375242114067078,0.8854779601097107,5.3723238124803174e-06,0.7273740768432617,0.8892104029655457,0.0015427195467054844,0.7206904888153076,0.885635495185852,0.002830096520483494,0.3752768635749817,0.27094095945358276,1.5642905282220454e-07,0.3890172839164734,0.28917381167411804,-0.009398218244314194,0.4153820872306824,0.2958448827266693,-0.012607845477759838,0.43759503960609436,0.29324018955230713,-0.01500395406037569,0.45543715357780457,0.28688010573387146,-0.017178066074848175,0.44061753153800964,0.2763593792915344,-0.008845603093504906,0.4692561626434326,0.2691972255706787,-0.01698210835456848,0.4874546527862549,0.26482418179512024,-0.022755032405257225,0.5024171471595764,0.2613573372364044,-0.02642698585987091,0.4398767054080963,0.2631374001502991,-0.009422355331480503,0.47066187858581543,0.25594061613082886,-0.017105359584093094,0.49152839183807373,0.2518253028392792,-0.022734446451067924,0.508529007434845,0.24927359819412231,-0.026026451960206032,0.43445560336112976,0.2518845796585083,-0.011264926753938198,0.46404924988746643,0.24361354112625122,-0.018848231062293053,0.48326408863067627,0.23904040455818176,-0.023309186100959778,0.49947142601013184,0.2363436073064804,-0.02557208202779293,0.4248381555080414,0.24163506925106049,-0.01397191546857357,0.4465620517730713,0.23379482328891754,-0.02130749635398388,0.4618602991104126,0.22935175895690918,-0.024446317926049232,0.475832998752594,0.22594845294952393,-0.025710012763738632,0
0.5147454142570496,0.3381180465221405,-1.0630192756652832,0.5323839783668518,0.30077725648880005,-1.0236475467681885,0.5468127727508545,0.2993580996990204,-1.0233006477355957,0.5579326748847961,0.29778000712394714,-1.0232428312301636,0.49911433458328247,0.30161193013191223,-1.0203320980072021,0.48643144965171814,0.3005627989768982,-1.020700216293335,0.4715910851955414,0.2991105318069458,-1.020315408706665,0.5678972005844116,0.30794164538383484,-0.7042176127433777,0.4516584873199463,0.30482569336891174,-0.7020300626754761,0.5378745794296265,0.37092533707618713,-0.9375056028366089,0.4964604377746582,0.3734295964241028,-0.937656044960022,0.6718222498893738,0.47305962443351746,-0.4362778663635254,0.3694363236427307,0.4615575969219208,-0.4281887412071228,0.7548161745071411,0.6757045984268188,-0.2916390895843506,0.1711711436510086,0.57864910364151,-0.8440138101577759,0.7146719694137573,0.8847732543945312,-0.3299725353717804,0.2965204119682312,0.3714042603969574,-1.2692201137542725,0.7226301431655884,0.9470517635345459,-0.3417264223098755,0.3309975564479828,0.31537026166915894,-1.3594605922698975,0.6969326734542847,0.9379638433456421,-0.38087278604507446,0.35083961486816406,0.3160732388496399,-1.2907383441925049,0.6898597478866577,0.9197984337806702,-0.34435445070266724,0.3455621302127838,0.33619463443756104,-1.257369875907898,0.5800420045852661,0.945046603679657,-0.0013327940832823515,0.3994334042072296,0.9224414229393005,0.004372247029095888,0.5547076463699341,1.3238751888275146,-0.15122486650943756,0.3777094781398773,1.3254272937774658,-0.10455790907144547,0.5369563102722168,1.631970763206482,0.28854167461395264,0.36675751209259033,1.639977216720581,0.2290438413619995,0.5362347364425659,1.6792045831680298,0.33164045214653015,0.3644751012325287,1.6798642873764038,0.2600719630718231,0.5050244331359863,1.7633932828903198,0.08090608566999435,0.3900976777076721,1.7834150791168213,-0.06726052612066269,0.7125082015991211,0.8883324265480042,6.746067526819388e-08,0.6797345876693726,0.9133418202400208,-0.009682540781795979,0.668901264667511,0.9453363418579102,-0.014593187719583511,0.6702417135238647,0.9795292019844055,-0.017042003571987152,0.6712703704833984,1.0051212310791016,-0.01785045862197876,0.7106608748435974,0.9694284200668335,-0.0189606212079525,0.7035058736801147,1.016684651374817,-0.02353980764746666,0.6877952218055725,1.0120086669921875,-0.023628031834959984,0.6808418035507202,0.9961676001548767,-0.0219169482588768,0.7320258617401123,0.9706094264984131,-0.013519365340471268,0.7175417542457581,1.013066291809082,-0.013795966282486916,0.7023779153823853,1.0068235397338867,-0.011888865381479263,0.6964905858039856,0.9930097460746765,-0.011546832509338856,0.7457505464553833,0.9663115739822388,-0.00783613882958889,0.7305230498313904,1.0037089586257935,-0.005859485827386379,0.7169797420501709,0.9980473518371582,-0.0024853383656591177,0.7110316157341003,0.9832538366317749,-0.0019781256560236216,0.7549091577529907,0.9595136642456055,-0.0027946794871240854,0.7451239228248596,0.986339271068573,-0.0011019211960956454,0.7330822944641113,0.9856545925140381,0.0014685018686577678,0.7262906432151794,0.974725604057312,0.0029602807480841875,0.28222835063934326,0.3779025375843048,1.133068607828136e-07,0.3179968297481537,0.37617170810699463,-0.009260584600269794,0.3491246700286865,0.3629269003868103,-0.010958675295114517,0.37489283084869385,0.34903475642204285,-0.012932362966239452,0.3962682783603668,0.3379276692867279,-0.01495835930109024,0.35543179512023926,0.3336445093154907,0.004336735233664513,0.3788796663284302,0.3110719919204712,-0.0016125449910759926,0.390491247177124,0.295162171125412,-0.008858483284711838,0.40152257680892944,0.2801472842693329,-0.014623799361288548,0.34437036514282227,0.3216365873813629,0.003396399552002549,0.3684277832508087,0.29726728796958923,-0.0016449547838419676,0.3825328052043915,0.27972322702407837,-0.009646325372159481,0.39558878540992737,0.26429033279418945,-0.016111105680465698,0.329074889421463,0.31364497542381287,0.00014003936666995287,0.35080915689468384,0.2906959056854248,-0.006127600558102131,0.3652697205543518,0.2752764821052551,-0.012045399285852909,0.3792100250720978,0.26239362359046936,-0.01662546396255493,0.3103942275047302,0.3087005317211151,-0.00431595416739583,0.3230520784854889,0.29171043634414673,-0.010443947277963161,0.3339223861694336,0.2806845009326935,-0.013544961810112,0.34568390250205994,0.27072760462760925,-0.01594567485153675,0
0.4800625443458557,0.35913392901420593,-1.75857412815094,0.4997805655002594,0.3199195861816406,-1.744576096534729,0.513435959815979,0.3200731873512268,-1.7449312210083008,0.5271934270858765,0.31998884677886963,-1.745074987411499,0.46797236800193787,0.3155765235424042,-1.750567078590393,0.45948973298072815,0.312583327293396,-1.7510524988174438,0.45052570104599,0.3092392385005951,-1.7512651681900024,0.5459391474723816,0.3207072615623474,-1.4381308555603027,0.4395417273044586,0.3024185597896576,-1.4730703830718994,0.4979119300842285,0.3851185441017151,-1.62054443359375,0.46363797783851624,0.37711238861083984,-1.6310551166534424,0.6113778948783875,0.4632570147514343,-1.0995995998382568,0.3452780842781067,0.3250788450241089,-1.1345915794372559,0.6064510941505432,0.6591692566871643,-1.2962892055511475,0.1408425271511078,0.40085354447364807,-1.4845694303512573,0.5102329850196838,0.7167311906814575,-1.6607141494750977,0.26140275597572327,0.3412908613681793,-1.859598159790039,0.4701917767524719,0.7598903775215149,-1.7635765075683594,0.299306184053421,0.3241692781448364,-1.9748197793960571,0.4651574194431305,0.7219222187995911,-1.7589069604873657,0.32773157954216003,0.3141934275627136,-1.9256742000579834,0.4711802005767822,0.7128551602363586,-1.6656110286712646,0.32261255383491516,0.31989672780036926,-1.848981499671936,0.5187047719955444,0.6910403370857239,0.013738848268985748,0.3693535327911377,0.6927078366279602,-0.01309244055300951,0.6220914125442505,0.9263983368873596,-0.5107969641685486,0.2575553357601166,0.8517785668373108,-0.5915788412094116,0.6230093240737915,1.2030799388885498,-0.08588071912527084,0.24067866802215576,1.2037408351898193,-0.26477593183517456,0.6263004541397095,1.2748816013336182,-0.04750081151723862,0.25340181589126587,1.2533202171325684,-0.23873917758464813,0.6589382290840149,1.3902122974395752,-0.3245779871940613,0.20771941542625427,1.3347117900848389,-0.5651192665100098,0.4872381389141083,0.7350181937217712,2.595765238311287e-07,0.4664868116378784,0.7351997494697571,-0.015439769253134727,0.4469512701034546,0.7555230259895325,-0.01867203414440155,0.4320131242275238,0.7758461833000183,-0.018626460805535316,0.4190323054790497,0.7875915765762329,-0.01706276275217533,0.4606669843196869,0.7872381806373596,-0.012481466867029667,0.4383859634399414,0.8069795370101929,-0.018968643620610237,0.42060771584510803,0.8058040142059326,-0.02281075529754162,0.4065616726875305,0.7998527884483337,-0.023971080780029297,0.46171778440475464,0.7909647226333618,-0.004345027729868889,0.4360191822052002,0.8045792579650879,-0.010755693539977074,0.41696012020111084,0.7977739572525024,-0.01504390500485897,0.4029412865638733,0.7861951589584351,-0.016853872686624527,0.4605506360530853,0.7897037863731384,0.0025883738417178392,0.43676623702049255,0.800673246383667,-0.003127130214124918,0.4195252060890198,0.7949573397636414,-0.008141876198351383,0.4081166684627533,0.784591794013977,-0.010171767324209213,0.4589996933937073,0.7873778343200684,0.008392097428441048,0.44051653146743774,0.7955830693244934,0.003894957946613431,0.4269750714302063,0.7918599843978882,1.8166907466365956e-05,0.4176345765590668,0.7843067049980164,-0.0015534104313701391,0.25870975852012634,0.32912367582321167,1.802743980761079e-07,0.28393566608428955,0.34574514627456665,-0.006838454864919186,0.3137957751750946,0.3433685600757599,-0.009239904582500458,0.33476951718330383,0.3356360197067261,-0.011680260300636292,0.3471953868865967,0.3217364251613617,-0.014048530720174313,0.34049704670906067,0.3183562457561493,-0.003813145449385047,0.3709631860256195,0.3044758439064026,-0.011348862200975418,0.3890795111656189,0.29639551043510437,-0.017556417733430862,0.4039549231529236,0.289284884929657,-0.021610083058476448,0.336271733045578,0.30536842346191406,-0.005975204519927502,0.36957117915153503,0.29181623458862305,-0.011955715715885162,0.38949617743492126,0.28332507610321045,-0.016905754804611206,0.405930757522583,0.2762375771999359,-0.02035307139158249,0.32739779353141785,0.2953844666481018,-0.009647201746702194,0.35864633321762085,0.2817034125328064,-0.015462690964341164,0.37764909863471985,0.2735353410243988,-0.018730634823441505,0.3942522704601288,0.2670527696609497,-0.020987747237086296,0.3137650191783905,0.2870912551879883,-0.014294317923486233,0.33485135436058044,0.2751278877258301,-0.019538478925824165,0.3492758572101593,0.26840004324913025,-0.021175295114517212,0.36297136545181274,0.2623984217643738,-0.022111307829618454,0
0.4647485613822937,0.2559282183647156,-1.048653483390808,0.4910293519496918,0.22576546669006348,-1.0151728391647339,0.5056954622268677,0.22867974638938904,-1.0153071880340576,0.5190415382385254,0.23136836290359497,-1.0154722929000854,0.4544561803340912,0.2205546498298645,-1.0081183910369873,0.4448185861110687,0.22011682391166687,-1.008519172668457,0.4371201992034912,0.2201697677373886,-1.0084171295166016,0.5381883382797241,0.24980130791664124,-0.7429347634315491,0.4216288924217224,0.23577475547790527,-0.7168880701065063,0.4903523921966553,0.29672470688819885,-0.9420247077941895,0.44620031118392944,0.2901196777820587,-0.9337269067764282,0.6231276392936707,0.4024478793144226,-0.5379602909088135,0.3529844880104065,0.38190147280693054,-0.4956228733062744,0.7148854732513428,0.56654953956604,-0.4318915903568268,0.14224915206432343,0.4176636040210724,-0.8832906484603882,0.7142688035964966,0.755299985408783,-0.4898572564125061,0.29423630237579346,0.3069261610507965,-1.2024271488189697,0.716102659702301,0.8148014545440674,-0.5144842863082886,0.34297674894332886,0.2654256224632263,-1.2656638622283936,0.6928235292434692,0.8063908219337463,-0.5392414927482605,0.3613971471786499,0.259289026260376,-1.2036809921264648,0.6888372898101807,0.7890101075172424,-0.4979802668094635,0.35376816987991333,0.27553698420524597,-1.1892564296722412,0.5558022260665894,0.8279241919517517,-0.017030145972967148,0.38775569200515747,0.8352839946746826,0.018198203295469284,0.566506564617157,1.074648141860962,-0.3330605626106262,0.38986220955848694,1.094665288925171,-0.23506566882133484,0.5646950006484985,1.3246827125549316,0.09420175105333328,0.391720712184906,1.3329367637634277,0.07133238762617111,0.5604375600814819,1.3449126482009888,0.14330455660820007,0.39472606778144836,1.358474850654602,0.10582269728183746,0.5480821132659912,1.4482667446136475,-0.001404015114530921,0.40483635663986206,1.467447280883789,-0.0715988352894783,0.717063307762146,0.7634950280189514,2.0902997732719086e-07,0.6879973411560059,0.7775098085403442,-0.007331740111112595,0.6706869602203369,0.8011369705200195,-0.010610363446176052,0.6664661765098572,0.8274030685424805,-0.012474383227527142,0.6609901785850525,0.8483424186706543,-0.013987163081765175,0.6965887546539307,0.8290082216262817,-0.006616996601223946,0.6922092437744141,0.8598108291625977,-0.009127957746386528,0.6870548129081726,0.8734554648399353,-0.010695386677980423,0.6818918585777283,0.8808060884475708,-0.011393170803785324,0.7146878838539124,0.8303622603416443,-0.004272759892046452,0.7062353491783142,0.863240659236908,-0.005230790004134178,0.698363721370697,0.8774023652076721,-0.005419004708528519,0.6909502148628235,0.8843567967414856,-0.005826106760650873,0.7280070185661316,0.8273856043815613,-0.002539799315854907,0.7181622982025146,0.8572582006454468,-0.003904919372871518,0.7094715237617493,0.8704193830490112,-0.0039407904259860516,0.7012567520141602,0.8769636750221252,-0.004251741338521242,0.7371838092803955,0.8221344947814941,-0.001365751028060913,0.7276816964149475,0.8441830277442932,-0.002966623054817319,0.7191026210784912,0.8535900712013245,-0.0025827784556895494,0.7113674283027649,0.8583246469497681,-0.002015424659475684,0.2961680591106415,0.2904449701309204,1.92843092605699e-08,0.3264763057231903,0.2959443926811218,-0.009538264945149422,0.35442230105400085,0.29426518082618713,-0.014103278517723083,0.3752327859401703,0.28357288241386414,-0.019071459770202637,0.3853010833263397,0.26232782006263733,-0.024165747687220573,0.37681499123573303,0.25195741653442383,-0.004105715546756983,0.4032523036003113,0.2298206090927124,-0.01171229686588049,0.41279688477516174,0.21806970238685608,-0.01929997280240059,0.421975314617157,0.20701964199543,-0.02477140724658966,0.36544933915138245,0.23720890283584595,-0.0063417283818125725,0.3915763795375824,0.21161866188049316,-0.011038549244403839,0.4052208364009857,0.1972540318965912,-0.01792658306658268,0.4167881906032562,0.18492576479911804,-0.024110564962029457,0.34891629219055176,0.22834084928035736,-0.010341876186430454,0.36824867129325867,0.20528151094913483,-0.014800585806369781,0.37919163703918457,0.19148707389831543,-0.019849669188261032,0.38944533467292786,0.17955681681632996,-0.024832408875226974,0.32818925380706787,0.22410689294338226,-0.015775330364704132,0.3354403078556061,0.20630192756652832,-0.019949136301875114,0.3417321443557739,0.19571703672409058,-0.021894650533795357,0.3480832874774933,0.18602868914604187,-0.024077795445919037,0
0.4608617424964905,0.312619686126709,-0.502905011177063,0.47319167852401733,0.28162479400634766,-0.4672088623046875,0.4825096130371094,0.28201964497566223,-0.46736854314804077,0.4911031126976013,0.282585471868515,-0.4673128128051758,0.4483943581581116,0.2789496183395386,-0.47332650423049927,0.4404386878013611,0.2774025499820709,-0.47351065278053284,0.4319535195827484,0.2758465111255646,-0.4736194610595703,0.4982454776763916,0.29330065846443176,-0.24288468062877655,0.4172636568546295,0.28297847509384155,-0.2680007815361023,0.4710397720336914,0.34129613637924194,-0.41123300790786743,0.4427809715270996,0.3378433287143707,-0.4192017912864685,0.555463969707489,0.41778427362442017,-0.14770446717739105,0.3327205777168274,0.41673505306243896,-0.21357321739196777,0.706121563911438,0.436723530292511,-0.4285968840122223,0.29184094071388245,0.5979468822479248,-0.41236361861228943,0.573477566242218,0.3011138141155243,-0.7594479918479919,0.4293963313102722,0.6590077877044678,-0.6324623227119446,0.552713930606842,0.28760212659835815,-0.8746687769889832,0.461174339056015,0.68940669298172,-0.6967906355857849,0.5408864617347717,0.2860036790370941,-0.80108642578125,0.4811747670173645,0.6641532182693481,-0.6991698741912842,0.5413722395896912,0.289984792470932,-0.7414911985397339,0.4759278893470764,0.6548494100570679,-0.6353684663772583,0.5074281692504883,0.7371217012405396,0.01890973374247551,0.3716000020503998,0.7597194314002991,-0.01814354583621025,0.6703231334686279,0.7597120404243469,-0.6220256090164185,0.36257433891296387,0.7373263239860535,-0.6653249859809875,0.674606442451477,1.101378083229065,-0.5685292482376099,0.3905649185180664,1.1187845468521118,-0.6397194266319275,0.651558518409729,1.145207166671753,-0.5649241209030151,0.3951234221458435,1.1622172594070435,-0.6333427429199219,0.7119617462158203,1.2623541355133057,-0.7886580228805542,0.40815749764442444,1.2685047388076782,-0.8593772649765015,0.0,0.0,0.0,0.0,0.0,0.0,0.0,0.0,0.0,0.0,0.0,0.0,0.0,0.0,0.0,0.0,0.0,0.0,0.0,0.0,0.0,0.0,0.0,0.0,0.0,0.0,0.0,0.0,0.0,0.0,0.0,0.0,0.0,0.0,0.0,0.0,0.0,0.0,0.0,0.0,0.0,0.0,0.0,0.0,0.0,0.0,0.0,0.0,0.0,0.0,0.0,0.0,0.0,0.0,0.0,0.0,0.0,0.0,0.0,0.0,0.0,0.0,0.0,0.4384140968322754,0.6721705794334412,-4.7193594809868955e-08,0.4622972011566162,0.6689907312393188,0.00024175483849830925,0.49013277888298035,0.6832914352416992,-0.0019353326642885804,0.5126264095306396,0.6980383396148682,-0.004307340364903212,0.5321898460388184,0.7022056579589844,-0.006069095339626074,0.48937758803367615,0.6821930408477783,-0.011241616681218147,0.5151351094245911,0.7098295092582703,-0.017688196152448654,0.5183481574058533,0.7157795429229736,-0.018708616495132446,0.5167808532714844,0.7147910594940186,-0.0179042536765337,0.4781675636768341,0.6920458078384399,-0.014418493025004864,0.5018390417098999,0.7209299802780151,-0.01934117078781128,0.49733221530914307,0.7150705456733704,-0.01670188643038273,0.4913873076438904,0.7048462629318237,-0.014145673252642155,0.46526631712913513,0.7021602392196655,-0.017191249877214432,0.48705577850341797,0.7266963124275208,-0.01973784528672695,0.48130327463150024,0.7190065979957581,-0.01322080660611391,0.47508224844932556,0.7095544934272766,-0.008724375627934933,0.45271629095077515,0.7114017605781555,-0.019983327016234398,0.469135046005249,0.7286233901977539,-0.019412415102124214,0.4656828045845032,0.7213361263275146,-0.01372330728918314,0.4608430862426758,0.7130149602890015,-0.0097898468375206,0
0.4691925644874573,0.38117584586143494,-1.1880100965499878,0.4898264408111572,0.34536176919937134,-1.1642086505889893,0.5029552578926086,0.34457293152809143,-1.1643750667572021,0.5149096250534058,0.3435671031475067,-1.164443016052246,0.4592188894748688,0.3474964201450348,-1.157759666442871,0.4495975971221924,0.3473808467388153,-1.158099889755249,0.4431224465370178,0.34681183099746704,-1.1580390930175781,0.5350775122642517,0.34931573271751404,-0.8981579542160034,0.43565648794174194,0.3530954420566559,-0.8728195428848267,0.4898627698421478,0.41106802225112915,-1.078385591506958,0.4568638205528259,0.41187483072280884,-1.0708788633346558,0.64018714427948,0.49626535177230835,-0.647793173789978,0.3555683195590973,0.4955836832523346,-0.6313012838363647,0.7131054401397705,0.6692866086959839,-0.5577641725540161,0.17233651876449585,0.5670462250709534,-1.042044997215271,0.7291535139083862,0.8524697422981262,-0.6391658782958984,0.29151469469070435,0.3871752917766571,-1.418558120727539,0.7338660955429077,0.9078338146209717,-0.6690108180046082,0.32800522446632385,0.3498627245426178,-1.4904735088348389,0.7122400999069214,0.8955205082893372,-0.7007922530174255,0.3528878390789032,0.35760077834129333,-1.4373867511749268,0.703942596912384,0.882856011390686,-0.6517736911773682,0.3485960066318512,0.37115222215652466,-1.4101786613464355,0.5815989971160889,0.9029743671417236,0.0028286778833717108,0.4103623926639557,0.9165188074111938,-0.0008492972701787949,0.6227439641952515,1.1664718389511108,-0.34771937131881714,0.46083134412765503,1.2122395038604736,-0.29675692319869995,0.617275595664978,1.4198510646820068,0.057632096111774445,0.4555182456970215,1.483855962753296,-0.019186915829777718,0.6097889542579651,1.4494866132736206,0.10197661817073822,0.45135703682899475,1.511972188949585,0.00982116349041462,0.6142590641975403,1.5450224876403809,-0.05942131206393242,0.48495760560035706,1.6184717416763306,-0.20033638179302216,0.7441607713699341,0.8368582129478455,2.538741057378502e-07,0.7188281416893005,0.8550236225128174,-0.01472032256424427,0.7052303552627563,0.8838649988174438,-0.017028814181685448,0.6955285668373108,0.9085419178009033,-0.01516952645033598,0.687222957611084,0.9257814288139343,-0.011781852692365646,0.73819500207901,0.9071473479270935,-0.009455661289393902,0.7220176458358765,0.9408628940582275,-0.007507732603698969,0.707001268863678,0.948180615901947,-0.005823661107569933,0.6956575512886047,0.9503514766693115,-0.004010147415101528,0.7490711212158203,0.9063453674316406,0.0014367568073794246,0.7304951548576355,0.9358872175216675,0.0046665784902870655,0.7138949036598206,0.9400871992111206,0.005888126324862242,0.7004867792129517,0.9390393495559692,0.006538053043186665,0.7534728050231934,0.901740550994873,0.011659217067062855,0.7367873787879944,0.9255078434944153,0.014885850250720978,0.722013533115387,0.930203914642334,0.014004184864461422,0.7099371552467346,0.9281970262527466,0.012981793843209743,0.7538390755653381,0.8962504863739014,0.020779665559530258,0.7414422631263733,0.9152417778968811,0.023077301681041718,0.729060709476471,0.9194430708885193,0.022671887651085854,0.7187965512275696,0.9178252816200256,0.022639790549874306,0.2655291259288788,0.3849532902240753,1.1272113908944448e-07,0.2895086407661438,0.4008616805076599,-0.01368233934044838,0.3160386085510254,0.4027894139289856,-0.019861537963151932,0.33676400780677795,0.3982178866863251,-0.02514398843050003,0.3510698676109314,0.3853548765182495,-0.030651602894067764,0.34590938687324524,0.368522047996521,-0.013070469722151756,0.3762112557888031,0.35305121541023254,-0.022886868566274643,0.3927711546421051,0.3436236083507538,-0.031014656648039818,0.4073505699634552,0.3359105885028839,-0.036916036158800125,0.3384688198566437,0.35306107997894287,-0.0138762341812253,0.3710600733757019,0.3357030749320984,-0.021510284394025803,0.3900218605995178,0.32498466968536377,-0.02961866371333599,0.40626558661460876,0.31684625148773193,-0.036074139177799225,0.32458266615867615,0.3424064815044403,-0.016328316181898117,0.3511735796928406,0.3257073760032654,-0.02410930022597313,0.36750197410583496,0.31536394357681274,-0.03137246146798134,0.38260406255722046,0.3081570863723755,-0.03720429912209511,0.3056125342845917,0.33534637093544006,-0.020130343735218048,0.3182218074798584,0.32058337330818176,-0.027942338958382607,0.3289110064506531,0.3128446638584137,-0.032257694751024246,0.339839369058609,0.307065486907959,-0.0356912799179554,0
0.5449745655059814,0.2890312075614929,-1.8497343063354492,0.5851987600326538,0.24395886063575745,-1.8332210779190063,0.6037431359291077,0.24580822885036469,-1.8334827423095703,0.6182994842529297,0.24761360883712769,-1.8337371349334717,0.5340946912765503,0.23801098763942719,-1.8307905197143555,0.5220233201980591,0.23494793474674225,-1.8316261768341064,0.5138200521469116,0.2317030131816864,-1.8317703008651733,0.6481114625930786,0.2688286602497101,-1.5326974391937256,0.4987257421016693,0.23934002220630646,-1.527750015258789,0.5734153985977173,0.33989498019218445,-1.7165607213974,0.5280038118362427,0.32768669724464417,-1.7155802249908447,0.7361406087875366,0.4736253619194031,-1.1647473573684692,0.4187390208244324,0.39918819069862366,-1.1951193809509277,0.8202477693557739,0.7085406184196472,-1.0421929359436035,0.16272267699241638,0.43874841928482056,-1.4304279088974,0.7927342653274536,0.9682419300079346,-1.151522159576416,0.18972846865653992,0.37978866696357727,-1.7832000255584717,0.8128334879875183,1.0256832838058472,-1.1988179683685303,0.182368203997612,0.35779160261154175,-1.8814055919647217,0.7845147252082825,1.017781376838684,-1.246507167816162,0.2203683853149414,0.3542987108230591,-1.863112211227417,0.7725380063056946,0.9925007224082947,-1.171242356300354,0.23503537476062775,0.3716527819633484,-1.7849655151367188,0.634785532951355,0.8475885987281799,0.0135197713971138,0.4670788645744324,0.81944739818573,-0.012573182582855225,0.6293705701828003,1.1044871807098389,0.44844967126846313,0.4699696898460388,1.0481088161468506,0.40683919191360474,0.5871703028678894,1.2610783576965332,1.2492507696151733,0.4654504656791687,1.2325148582458496,1.1099328994750977,0.5754312872886658,1.2723853588104248,1.3325941562652588,0.4729909896850586,1.2519100904464722,1.1808173656463623,0.5602039694786072,1.4097105264663696,1.1410845518112183,0.47424450516700745,1.3717364072799683,0.9522917866706848,0.0,0.0,0.0,0.0,0.0,0.0,0.0,0.0,0.0,0.0,0.0,0.0,0.0,0.0,0.0,0.0,0.0,0.0,0.0,0.0,0.0,0.0,0.0,0.0,0.0,0.0,0.0,0.0,0.0,0.0,0.0,0.0,0.0,0.0,0.0,0.0,0.0,0.0,0.0,0.0,0.0,0.0,0.0,0.0,0.0,0.0,0.0,0.0,0.0,0.0,0.0,0.0,0.0,0.0,0.0,0.0,0.0,0.0,0.0,0.0,0.0,0.0,0.0,0.0,0.0,0.0,0.0,0.0,0.0,0.0,0.0,0.0,0.0,0.0,0.0,0.0,0.0,0.0,0.0,0.0,0.0,0.0,0.0,0.0,0.0,0.0,0.0,0.0,0.0,0.0,0.0,0.0,0.0,0.0,0.0,0.0,0.0,0.0,0.0,0.0,0.0,0.0,0.0,0.0,0.0,0.0,0.0,0.0,0.0,0.0,0.0,0.0,0.0,0.0,0.0,0.0,0.0,0.0,0.0,0.0,0.0,0.0,0.0,0.0,0.0,0.0,0
0.5328649282455444,0.40217286348342896,-0.7867387533187866,0.5487656593322754,0.36372342705726624,-0.7570079565048218,0.5586358904838562,0.3620494604110718,-0.7571479082107544,0.5653880834579468,0.3591209053993225,-0.7571791410446167,0.5255190134048462,0.36283883452415466,-0.7577164769172668,0.5135526657104492,0.3610397279262543,-0.7581079602241516,0.5073884129524231,0.35786813497543335,-0.7580521106719971,0.5748036503791809,0.35738909244537354,-0.4978874623775482,0.49678468704223633,0.3579862415790558,-0.5089449882507324,0.5546495914459229,0.4092457890510559,-0.6797610521316528,0.5253583788871765,0.41114404797554016,-0.682684063911438,0.6758266687393188,0.4750763475894928,-0.308234840631485,0.40628042817115784,0.4333842396736145,-0.28329354524612427,0.7351381182670593,0.632405161857605,-0.22960443794727325,0.16803193092346191,0.4777016341686249,-0.6938249468803406,0.743506133556366,0.8392754197120667,-0.32488811016082764,0.3238851726055145,0.3564850687980652,-1.0780961513519287,0.7524370551109314,0.9019218683242798,-0.34843605756759644,0.36293962597846985,0.33658501505851746,-1.1628482341766357,0.7351492643356323,0.9009253978729248,-0.3873850703239441,0.38909095525741577,0.33738818764686584,-1.0907987356185913,0.7259911894798279,0.878562867641449,-0.3401913046836853,0.383786141872406,0.3486025929450989,-1.0642285346984863,0.612747073173523,0.8767994046211243,-0.02007894217967987,0.4516417980194092,0.8731235265731812,0.022382738068699837,0.6016167402267456,1.1557118892669678,-0.39833563566207886,0.45835620164871216,1.1855829954147339,-0.23791444301605225,0.5979715585708618,1.4913932085037231,-0.22433233261108398,0.464236319065094,1.5142897367477417,-0.12934425473213196,0.5977914929389954,1.5308538675308228,-0.2071833312511444,0.46608489751815796,1.5474460124969482,-0.12314267456531525,0.5750254392623901,1.6219799518585205,-0.45059648156166077,0.4803321361541748,1.6521410942077637,-0.39868512749671936,0.7434780597686768,0.8388617634773254,2.3910129698379023e-07,0.7241154313087463,0.8555566668510437,-0.017504891380667686,0.717751681804657,0.8842580318450928,-0.02348569966852665,0.7146559357643127,0.9109068512916565,-0.025362130254507065,0.7087926268577576,0.9303584098815918,-0.025520775467157364,0.7551878094673157,0.9016323685646057,-0.017597002908587456,0.7427555322647095,0.9388400316238403,-0.022648150101304054,0.7271908521652222,0.9509009122848511,-0.02540896274149418,0.7140758633613586,0.9563592076301575,-0.026455432176589966,0.7629542350769043,0.9024567008018494,-0.008561435155570507,0.7463995218276978,0.9387601017951965,-0.012979420833289623,0.7290307879447937,0.9495084285736084,-0.014700767584145069,0.7146589756011963,0.9544073939323425,-0.015331690199673176,0.7640770673751831,0.9023803472518921,-0.0005005397251807153,0.7475076913833618,0.9337760806083679,-0.004616342484951019,0.7320802211761475,0.9437567591667175,-0.006641404703259468,0.7192447185516357,0.9478512406349182,-0.007399993482977152,0.7607748508453369,0.9022715091705322,0.006250243633985519,0.7479826211929321,0.9268221259117126,0.0024701592046767473,0.7364500761032104,0.9357972741127014,0.0005156252882443368,0.7265306711196899,0.9397541284561157,9.957767906598747e-05,0.3282086253166199,0.36991044878959656,2.0632847963497625e-07,0.3482840657234192,0.3873744606971741,-0.01113117951899767,0.382512629032135,0.38986364006996155,-0.01570144295692444,0.4105950593948364,0.39359232783317566,-0.019472984597086906,0.4333420395851135,0.39889058470726013,-0.023608263581991196,0.4017550051212311,0.358236700296402,-0.013011007569730282,0.4342740476131439,0.3481692969799042,-0.02311628684401512,0.4547930359840393,0.34060487151145935,-0.03017618879675865,0.47225552797317505,0.3340766727924347,-0.03537077456712723,0.3969971537590027,0.3428262770175934,-0.014775220304727554,0.43000510334968567,0.33062121272087097,-0.024642864242196083,0.45312169194221497,0.32265040278434753,-0.032135508954524994,0.47257861495018005,0.3161885440349579,-0.037370406091213226,0.38548922538757324,0.33103737235069275,-0.01794024556875229,0.41533270478248596,0.316462904214859,-0.028361333534121513,0.4354020953178406,0.3090295195579529,-0.034757569432258606,0.45367372035980225,0.3040909171104431,-0.03892549127340317,0.36892789602279663,0.32150769233703613,-0.02199406921863556,0.3873061537742615,0.30655136704444885,-0.03289314731955528,0.40161168575286865,0.29976940155029297,-0.03805822134017944,0.41618043184280396,0.29483985900878906,-0.04108221456408501,0
0.49209460616111755,0.4045441746711731,-0.6782113909721375,0.4991362988948822,0.3733585774898529,-0.6510279178619385,0.5064417123794556,0.371029257774353,-0.6510301232337952,0.514460563659668,0.3684544265270233,-0.6507113575935364,0.47736749053001404,0.37966182827949524,-0.6463685631752014,0.4693076014518738,0.38150554895401,-0.6465452909469604,0.459778368473053,0.3831864595413208,-0.6465547680854797,0.5291925072669983,0.3748413324356079,-0.4275682866573334,0.44742050766944885,0.3928632140159607,-0.3954227566719055,0.5098586678504944,0.43121159076690674,-0.5822240710258484,0.481572687625885,0.4389321208000183,-0.5747796893119812,0.620029866695404,0.49799689650535583,-0.3052169978618622,0.37561851739883423,0.5320804119110107,-0.22929374873638153,0.8148096203804016,0.4691392183303833,-0.5697005987167358,0.29452818632125854,0.6936224102973938,-0.263213187456131,0.6379834413528442,0.3500538468360901,-0.9799011945724487,0.31368619203567505,0.8762893676757812,-0.48746901750564575,0.5998364686965942,0.32881253957748413,-1.1039676666259766,0.306167334318161,0.9275911450386047,-0.5527642369270325,0.5896729230880737,0.3361909091472626,-1.0475332736968994,0.3345317840576172,0.9270133376121521,-0.5960593819618225,0.5943034887313843,0.34794795513153076,-0.9715105891227722,0.3456614017486572,0.9141919612884521,-0.5121496915817261,0.5943139791488647,0.8962728977203369,-0.022893592715263367,0.4512941837310791,0.920141875743866,0.025952786207199097,0.5960176587104797,1.2023217678070068,-0.4810544550418854,0.4571332037448883,1.2076455354690552,-0.42947807908058167,0.5907604694366455,1.5248301029205322,-0.3546941876411438,0.4636046886444092,1.5691369771957397,-0.4501248300075531,0.5908831357955933,1.562519907951355,-0.34147268533706665,0.4635358452796936,1.6108818054199219,-0.45550185441970825,0.5738776922225952,1.6464275121688843,-0.584089994430542,0.48265767097473145,1.6993600130081177,-0.7316189408302307,0.6323833465576172,0.33102092146873474,1.752230218698969e-07,0.6194186210632324,0.3456897437572479,-0.012143815867602825,0.5982063412666321,0.35102415084838867,-0.019903525710105896,0.5810078382492065,0.3434625267982483,-0.02617122419178486,0.5653654932975769,0.33604133129119873,-0.031994227319955826,0.5684363842010498,0.3357669711112976,-0.01673661544919014,0.5370585322380066,0.331185519695282,-0.02751040831208229,0.5177389979362488,0.32788315415382385,-0.03505590558052063,0.5023090839385986,0.32460886240005493,-0.03990951180458069,0.5705706477165222,0.32159143686294556,-0.016960039734840393,0.5378497242927551,0.31343841552734375,-0.02620057389140129,0.5164124965667725,0.30756914615631104,-0.03293769434094429,0.4990435242652893,0.30223578214645386,-0.037174683064222336,0.5784884095191956,0.30905503034591675,-0.018231114372611046,0.5487135648727417,0.3002329170703888,-0.026207877323031425,0.5297093987464905,0.2946951985359192,-0.031226936727762222,0.514523446559906,0.28977298736572266,-0.034401752054691315,0.5914115309715271,0.2972203195095062,-0.020516835153102875,0.5717426538467407,0.28789931535720825,-0.027626050636172295,0.5581220984458923,0.2832884192466736,-0.030390087515115738,0.546363353729248,0.27952420711517334,-0.03172087296843529,0.3098961114883423,0.8776129484176636,-2.4359856354294607e-08,0.33921921253204346,0.8926526308059692,-0.004134723916649818,0.35546648502349854,0.9145047068595886,-0.007027880754321814,0.36218371987342834,0.9395824670791626,-0.009066998027265072,0.3695458769798279,0.9585806727409363,-0.010322119109332561,0.33485621213912964,0.944598376750946,-0.005323400720953941,0.3462623953819275,0.9727297425270081,-0.007155925035476685,0.353849858045578,0.9834058284759521,-0.008193067274987698,0.3600039482116699,0.9893121123313904,-0.008397966623306274,0.3181787133216858,0.9485142827033997,-0.004380560480058193,0.33280253410339355,0.9774676561355591,-0.005223458167165518,0.342661589384079,0.9861096739768982,-0.0045202807523310184,0.3490106165409088,0.9892243146896362,-0.0038169454783201218,0.30623874068260193,0.9472407102584839,-0.0035431545693427324,0.3200393319129944,0.9751052856445312,-0.0038317283615469933,0.3298005759716034,0.9851951003074646,-0.0007588313892483711,0.3364349603652954,0.988864541053772,0.0017209439538419247,0.2977128028869629,0.9431277513504028,-0.003118975553661585,0.30817487835884094,0.9671016931533813,-0.002739143557846546,0.31723645329475403,0.9781206250190735,0.0004871742567047477,0.32461756467819214,0.9837862849235535,0.003497118828818202,0
0.5542948842048645,0.342983216047287,-1.0277156829833984,0.5716344714164734,0.31303372979164124,-1.0130879878997803,0.5833445191383362,0.3120051622390747,-1.0132383108139038,0.5952501893043518,0.31100985407829285,-1.0132195949554443,0.5488773584365845,0.3120764493942261,-0.9972028732299805,0.5437606573104858,0.3108595609664917,-0.9976698160171509,0.5382630228996277,0.3097030818462372,-0.9979783296585083,0.6216630935668945,0.3152506649494171,-0.7995724081993103,0.5395040512084961,0.3098127543926239,-0.7363033294677734,0.5756275653839111,0.36876389384269714,-0.9341776967048645,0.5478159189224243,0.366913378238678,-0.9157900810241699,0.7129641175270081,0.4719544053077698,-0.6491883993148804,0.47887635231018066,0.3914414644241333,-0.4812532961368561,0.682140588760376,0.6806502938270569,-0.8335033655166626,0.2773078382015228,0.42821887135505676,-0.84870845079422,0.561956524848938,0.7627906203269958,-1.0160914659500122,0.38568422198295593,0.34932997822761536,-1.2248847484588623,0.520971417427063,0.797541618347168,-1.0807703733444214,0.4190548360347748,0.32705846428871155,-1.3197811841964722,0.5009692907333374,0.7822353839874268,-1.061108112335205,0.4372774064540863,0.31567564606666565,-1.24714994430542,0.5162160396575928,0.7594817280769348,-1.0079885721206665,0.440613329410553,0.3269058167934418,-1.2081478834152222,0.6401556730270386,0.7478199601173401,-0.05001339316368103,0.5094537138938904,0.7394859790802002,0.050701431930065155,0.6667248010635376,0.7866895198822021,-0.69318687915802,0.3371742367744446,0.8219195008277893,-0.6356686353683472,0.6703177690505981,1.1654208898544312,-0.5495542883872986,0.31644877791404724,1.1565285921096802,-0.517498254776001,0.6634915471076965,1.2114039659500122,-0.5373004078865051,0.33332210779190063,1.2023279666900635,-0.5095862746238708,0.6463919878005981,1.310689926147461,-0.7891857028007507,0.2615824341773987,1.2880403995513916,-0.7679692506790161,0.5720125436782837,0.7748621702194214,1.9953218099999503e-07,0.5403847694396973,0.7694584131240845,-0.005996641702950001,0.5126420259475708,0.7833760976791382,-0.009360593743622303,0.48836472630500793,0.796302318572998,-0.01092704851180315,0.46816286444664,0.805255115032196,-0.011488611809909344,0.5277325510978699,0.8176290392875671,-0.009952650405466557,0.5005462765693665,0.8457584381103516,-0.011420139111578465,0.4856393337249756,0.8474972248077393,-0.010639604181051254,0.4765241742134094,0.8450995683670044,-0.008829480037093163,0.5398690104484558,0.8294408321380615,-0.006243452895432711,0.5089350938796997,0.8509101867675781,-0.005520039238035679,0.4927474856376648,0.8475043773651123,-0.0040061259642243385,0.4850960373878479,0.8386963605880737,-0.0028978693298995495,0.5478995442390442,0.8337883949279785,-0.0022530928254127502,0.5191609859466553,0.8465452194213867,0.0010451675625517964,0.5054365992546082,0.843205451965332,0.004334517754614353,0.4981509745121002,0.8354530334472656,0.0060427747666835785,0.5510884523391724,0.8322819471359253,0.0011603828752413392,0.5281180143356323,0.8432486057281494,0.0055875699035823345,0.5147596001625061,0.8416378498077393,0.009640430100262165,0.5074535012245178,0.8372072577476501,0.01252505648881197,0.3877820670604706,0.3448024392127991,1.3123627695676987e-07,0.4082238972187042,0.3580780029296875,-0.0052628531120717525,0.4297039806842804,0.3608722686767578,-0.008994907140731812,0.4448179304599762,0.36134833097457886,-0.012885728850960732,0.45789748430252075,0.35644394159317017,-0.01720903255045414,0.4567829966545105,0.33198684453964233,-0.008914019912481308,0.4837130308151245,0.3233632743358612,-0.01780559867620468,0.4997240900993347,0.31873154640197754,-0.024349749088287354,0.5133897662162781,0.31468722224235535,-0.028746401891112328,0.45171377062797546,0.32077091932296753,-0.013034678064286709,0.48060405254364014,0.31021958589553833,-0.02094266563653946,0.4992072582244873,0.3043942153453827,-0.0274144746363163,0.5148622989654541,0.3000255525112152,-0.03192196041345596,0.4404579699039459,0.31261882185935974,-0.017898136749863625,0.46458306908607483,0.30061689019203186,-0.025818008929491043,0.48023292422294617,0.29620158672332764,-0.030903516337275505,0.49453604221343994,0.29414668679237366,-0.03436353802680969,0.4244135022163391,0.3063296973705292,-0.023213086649775505,0.43868085741996765,0.2949135899543762,-0.031239455565810204,0.44943496584892273,0.2920403480529785,-0.03422519564628601,0.4603912830352783,0.2913476824760437,-0.03583048656582832,0
0.5061286687850952,0.4120953381061554,-0.7766765356063843,0.5242730379104614,0.39334723353385925,-0.7414483428001404,0.5337259769439697,0.3950519263744354,-0.7417234182357788,0.5430461168289185,0.3967706263065338,-0.7414774894714355,0.503923237323761,0.39138224720954895,-0.7300759553909302,0.496992290019989,0.3914042115211487,-0.7302556037902832,0.4917900562286377,0.39154350757598877,-0.7300825715065002,0.5715845823287964,0.4153878390789032,-0.49780821800231934,0.4831527769565582,0.40569570660591125,-0.4601760506629944,0.5221649408340454,0.44373100996017456,-0.6882742643356323,0.49558204412460327,0.44250714778900146,-0.6780401468276978,0.6697722673416138,0.5864644646644592,-0.3602830469608307,0.3996579945087433,0.5700273513793945,-0.2504783570766449,0.7579220533370972,0.8077577352523804,-0.4063403010368347,0.18661682307720184,0.5904749631881714,-0.5904533863067627,0.7133985161781311,0.9988288283348083,-0.6096933484077454,0.3329622149467468,0.43574416637420654,-0.8795174360275269,0.7197045087814331,1.0889009237289429,-0.6543451547622681,0.37148332595825195,0.3908054232597351,-0.946855366230011,0.6867988109588623,1.0850751399993896,-0.6598758101463318,0.3854401111602783,0.3982158899307251,-0.8705273866653442,0.679538369178772,1.036086082458496,-0.6180845499038696,0.3810569643974304,0.4128260910511017,-0.8654233813285828,0.5949645042419434,0.9949413537979126,-0.021907059475779533,0.43795403838157654,0.9846150279045105,0.02535277232527733,0.5966983437538147,1.332292079925537,-0.2090853452682495,0.4321413040161133,1.330271601676941,-0.13924984633922577,0.602570116519928,1.593736171722412,0.1829734891653061,0.44062837958335876,1.6149193048477173,0.12276675552129745,0.6049834489822388,1.6318639516830444,0.2226790189743042,0.4418533444404602,1.6499481201171875,0.14447477459907532,0.5837137699127197,1.6985188722610474,0.03715725988149643,0.4511125087738037,1.735398769378662,-0.09362184256315231,0.0,0.0,0.0,0.0,0.0,0.0,0.0,0.0,0.0,0.0,0.0,0.0,0.0,0.0,0.0,0.0,0.0,0.0,0.0,0.0,0.0,0.0,0.0,0.0,0.0,0.0,0.0,0.0,0.0,0.0,0.0,0.0,0.0,0.0,0.0,0.0,0.0,0.0,0.0,0.0,0.0,0.0,0.0,0.0,0.0,0.0,0.0,0.0,0.0,0.0,0.0,0.0,0.0,0.0,0.0,0.0,0.0,0.0,0.0,0.0,0.0,0.0,0.0,0.3313947319984436,0.4487030506134033,1.3591771619303472e-07,0.36008089780807495,0.45939335227012634,-0.0063382480293512344,0.3883986473083496,0.45569416880607605,-0.010279161855578423,0.41023653745651245,0.4512788653373718,-0.014237621799111366,0.4286055862903595,0.445570707321167,-0.018783656880259514,0.39989805221557617,0.4246048331260681,-0.009973173029720783,0.42641597986221313,0.40807145833969116,-0.01974458247423172,0.4417242109775543,0.3970041573047638,-0.02703704871237278,0.4546512961387634,0.3862093687057495,-0.03204839676618576,0.3918219804763794,0.41436412930488586,-0.013387570157647133,0.41949549317359924,0.39821457862854004,-0.022375430911779404,0.4362412095069885,0.38646093010902405,-0.02908727154135704,0.4509636163711548,0.3755893111228943,-0.033804479986429214,0.3788610100746155,0.40717676281929016,-0.017724161967635155,0.4046010971069336,0.3904263377189636,-0.026531178504228592,0.42078712582588196,0.38033318519592285,-0.031157635152339935,0.4354636073112488,0.3718145787715912,-0.0342586450278759,0.362035870552063,0.40242159366607666,-0.022596411406993866,0.3789990544319153,0.38823455572128296,-0.03101295791566372,0.3921366333961487,0.38011622428894043,-0.034003887325525284,0.4049930274486542,0.37325364351272583,-0.035696618258953094,0
0.603122353553772,0.28930962085723877,-0.6812567710876465,0.6147646903991699,0.2763255536556244,-0.658397912979126,0.6214834451675415,0.27665215730667114,-0.658521831035614,0.6282809972763062,0.27641671895980835,-0.6584494113922119,0.5996019840240479,0.2758851647377014,-0.6576827764511108,0.5947781801223755,0.27586057782173157,-0.6578894853591919,0.5906219482421875,0.2754208743572235,-0.6578975915908813,0.6429130434989929,0.27929455041885376,-0.456136554479599,0.5906189680099487,0.27913782000541687,-0.45357412099838257,0.6158648133277893,0.3074229955673218,-0.5991230607032776,0.5955729484558105,0.3060796558856964,-0.5979212522506714,0.7167827486991882,0.37913453578948975,-0.3108147978782654,0.5133115649223328,0.3383704721927643,-0.30577221512794495,0.7567210793495178,0.5511682033538818,-0.33543407917022705,0.3499164581298828,0.36467111110687256,-0.6081323027610779,0.732239842414856,0.7273769974708557,-0.494161456823349,0.4714898467063904,0.2798837423324585,-0.8933372497558594,0.7242782115936279,0.7734635472297668,-0.5337830781936646,0.5002300143241882,0.2577413022518158,-0.9744485020637512,0.6999461650848389,0.7675701379776001,-0.5680163502693176,0.505804717540741,0.2514844238758087,-0.9208818674087524,0.6985962986946106,0.7582421898841858,-0.5107642412185669,0.5015093088150024,0.2650282084941864,-0.8797588348388672,0.6472997665405273,0.7100256085395813,0.0072472780011594296,0.5468543767929077,0.6949806213378906,-0.006190846674144268,0.6394720077514648,0.9177348017692566,-0.1490820348262787,0.550538182258606,0.9054279923439026,-0.23655948042869568,0.6322869658470154,1.1665786504745483,0.1289631426334381,0.5606732368469238,1.1640366315841675,-0.10707747936248779,0.6263917684555054,1.1917102336883545,0.17082229256629944,0.5622180700302124,1.1930006742477417,-0.09980751574039459,0.6376336812973022,1.2738451957702637,0.0021335738711059093,0.581298828125,1.2662043571472168,-0.3090692162513733,0.7471727132797241,0.7177624106407166,1.391607042933174e-07,0.7257052063941956,0.7201336026191711,-0.006470448337495327,0.7104231119155884,0.7361068725585938,-0.006263022311031818,0.7004414796829224,0.7522850632667542,-0.004411166999489069,0.6930160522460938,0.7649756073951721,-0.0016643094131723046,0.7231879830360413,0.7664482593536377,0.0009525645873509347,0.7085340023040771,0.7835347056388855,0.004394843243062496,0.6999107599258423,0.7894261479377747,0.006232404615730047,0.6938278079032898,0.7943823337554932,0.0073599317111074924,0.7325133085250854,0.7693941593170166,0.005630727391690016,0.7179845571517944,0.7823488116264343,0.009724636562168598,0.7088209390640259,0.7858628630638123,0.011061656288802624,0.7018193602561951,0.7878444194793701,0.011571916751563549,0.7384881973266602,0.7673336267471313,0.00981463398784399,0.724801242351532,0.7792463302612305,0.01365040522068739,0.7158036828041077,0.7833276987075806,0.01511375978589058,0.7087382078170776,0.7855090498924255,0.015728380531072617,0.7414106130599976,0.7635974287986755,0.013290618546307087,0.7296488285064697,0.7760613560676575,0.01702157035470009,0.7206084728240967,0.7807801365852356,0.01944595016539097,0.7139045596122742,0.7820168137550354,0.02113470993936062,0.4510812759399414,0.27396446466445923,1.0677322848096082e-07,0.4653531312942505,0.2845032215118408,-0.007131707854568958,0.4836067259311676,0.2848677933216095,-0.010833916254341602,0.49697166681289673,0.2767418622970581,-0.014136689715087414,0.5081062912940979,0.2691624164581299,-0.0175093412399292,0.5043507218360901,0.2687217891216278,-0.009316456504166126,0.5283867716789246,0.26148051023483276,-0.01684185117483139,0.5429809093475342,0.25747624039649963,-0.022191448137164116,0.5551526546478271,0.2542547285556793,-0.02560032531619072,0.5016371607780457,0.25902634859085083,-0.010596904903650284,0.5272955298423767,0.25092050433158875,-0.01768425665795803,0.5438543558120728,0.24576334655284882,-0.02287054806947708,0.5576618909835815,0.24207833409309387,-0.026225274428725243,0.4954051673412323,0.251566618680954,-0.012677726335823536,0.5191609263420105,0.24323377013206482,-0.019318904727697372,0.5338537693023682,0.2376660406589508,-0.023034175857901573,0.5460130572319031,0.23380617797374725,-0.025130948051810265,0.48615095019340515,0.2448476254940033,-0.01538979634642601,0.5027746558189392,0.23675069212913513,-0.02154463529586792,0.5144050121307373,0.2322598397731781,-0.023892907425761223,0.5249050855636597,0.22831884026527405,-0.024955224245786667,0
0.43922725319862366,0.38240042328834534,-0.9433631896972656,0.4664953351020813,0.3539540469646454,-0.923365592956543,0.47640714049339294,0.35573023557662964,-0.9235574007034302,0.49011945724487305,0.35789141058921814,-0.9238371849060059,0.4392174184322357,0.34903526306152344,-0.9157142639160156,0.4314764142036438,0.3477271497249603,-0.9160548448562622,0.42812877893447876,0.3464391827583313,-0.9160845875740051,0.5126265287399292,0.3731643855571747,-0.6977964639663696,0.4237678050994873,0.3578013777732849,-0.6691223382949829,0.46205592155456543,0.422933429479599,-0.850652813911438,0.42849716544151306,0.4130115211009979,-0.8425928950309753,0.5944620370864868,0.5236054062843323,-0.5173517465591431,0.3394725024700165,0.4876956045627594,-0.4343167245388031,0.6768882274627686,0.6814262270927429,-0.3561971187591553,0.11827930063009262,0.4951682984828949,-0.7829582095146179,0.5920126438140869,0.7308232188224792,-0.2643786370754242,0.24062709510326385,0.3787758946418762,-1.099604845046997,0.5796036124229431,0.7740783095359802,-0.2736569941043854,0.2615010142326355,0.3684304356575012,-1.1539033651351929,0.5622124671936035,0.7526314854621887,-0.2692161202430725,0.2938317358493805,0.3539251983165741,-1.1109832525253296,0.5649745464324951,0.7493066787719727,-0.2560957372188568,0.2891010642051697,0.3659689128398895,-1.0951869487762451,0.5048991441726685,0.905913770198822,-0.017821427434682846,0.3636680245399475,0.8850905895233154,0.018839770928025246,0.5007943511009216,1.142974853515625,0.05539702624082565,0.3607325553894043,1.1542466878890991,0.12056269496679306,0.48364967107772827,1.3353182077407837,0.5160046815872192,0.3589593470096588,1.3845036029815674,0.41655197739601135,0.4816000461578369,1.3607043027877808,0.5647892951965332,0.36178845167160034,1.4145256280899048,0.4458063542842865,0.45816031098365784,1.433929681777954,0.4189089834690094,0.36238497495651245,1.4883143901824951,0.24687668681144714,0.0,0.0,0.0,0.0,0.0,0.0,0.0,0.0,0.0,0.0,0.0,0.0,0.0,0.0,0.0,0.0,0.0,0.0,0.0,0.0,0.0,0.0,0.0,0.0,0.0,0.0,0.0,0.0,0.0,0.0,0.0,0.0,0.0,0.0,0.0,0.0,0.0,0.0,0.0,0.0,0.0,0.0,0.0,0.0,0.0,0.0,0.0,0.0,0.0,0.0,0.0,0.0,0.0,0.0,0.0,0.0,0.0,0.0,0.0,0.0,0.0,0.0,0.0,0.2623336911201477,0.37018102407455444,2.179626079623631e-07,0.2932431101799011,0.3813495934009552,0.0030440068803727627,0.32375407218933105,0.37197428941726685,0.004274514503777027,0.3455542027950287,0.3652274012565613,0.003054310567677021,0.36343708634376526,0.361035019159317,0.0005096005043014884,0.33772751688957214,0.3530639111995697,0.002674691379070282,0.36432021856307983,0.34130018949508667,-0.004265971947461367,0.3831571936607361,0.332894504070282,-0.010705729946494102,0.399311900138855,0.3250892758369446,-0.015804702416062355,0.3324597477912903,0.34131819009780884,-0.005668764002621174,0.3631359040737152,0.3301488757133484,-0.012155708856880665,0.38503584265708923,0.32160910964012146,-0.019515516236424446,0.4032670557498932,0.31517907977104187,-0.025006713345646858,0.32061895728111267,0.33264583349227905,-0.01450688298791647,0.349612295627594,0.31822898983955383,-0.022238831967115402,0.3690868616104126,0.309270441532135,-0.0288077499717474,0.38595297932624817,0.3037712574005127,-0.033768512308597565,0.303109347820282,0.3266860842704773,-0.023059746250510216,0.3210281431674957,0.3159593343734741,-0.03158622980117798,0.3346518874168396,0.3111169636249542,-0.03561112657189369,0.3477678894996643,0.30917003750801086,-0.0384187251329422,0
0.5116705894470215,0.38785940408706665,-0.9416672587394714,0.5269312262535095,0.3624653220176697,-0.9093760251998901,0.5358349680900574,0.36459067463874817,-0.909203827381134,0.5451040863990784,0.36638888716697693,-0.9090784788131714,0.5008314847946167,0.35542264580726624,-0.9144513010978699,0.491833359003067,0.3529239296913147,-0.9145037531852722,0.4816942811012268,0.35049670934677124,-0.9141669273376465,0.5556514263153076,0.37735578417778015,-0.6301027536392212,0.46242600679397583,0.3585437536239624,-0.6669078469276428,0.5223622918128967,0.42095184326171875,-0.8345431089401245,0.4919542670249939,0.4173094928264618,-0.8435618281364441,0.6240532398223877,0.5312007665634155,-0.40639862418174744,0.3543029725551605,0.5004517436027527,-0.45768752694129944,0.6873635649681091,0.7023071646690369,-0.41695094108581543,0.149149551987648,0.4952163100242615,-0.8082043528556824,0.6941400766372681,0.8747987151145935,-0.6491117477416992,0.3078731894493103,0.3761637508869171,-1.0859215259552002,0.691135585308075,0.9309709072113037,-0.7010512351989746,0.3585004210472107,0.3542434871196747,-1.1587045192718506,0.6700201630592346,0.9264314770698547,-0.7162982225418091,0.37988030910491943,0.3509244918823242,-1.0973091125488281,0.6682480573654175,0.9117929935455322,-0.6642638444900513,0.36520737409591675,0.36297428607940674,-1.0809451341629028,0.5404347777366638,0.9137548804283142,0.028879592195153236,0.3940349221229553,0.9088701009750366,-0.026524504646658897,0.5373138189315796,1.227201223373413,0.04041339084506035,0.388855516910553,1.2406177520751953,-0.01642123982310295,0.5132691860198975,1.461279034614563,0.4656854569911957,0.37248197197914124,1.5124872922897339,0.2636249363422394,0.5004030466079712,1.4990636110305786,0.5048917531967163,0.36602526903152466,1.5538697242736816,0.2848224341869354,0.5227686166763306,1.5629692077636719,0.34479913115501404,0.4096599221229553,1.6222436428070068,0.053323786705732346,0.7066490650177002,0.8725644946098328,1.8796555423250538e-07,0.684101402759552,0.8789606094360352,-0.0127521101385355,0.6673186421394348,0.9028772711753845,-0.016099607571959496,0.6579259037971497,0.9268516898155212,-0.016659297049045563,0.6496561765670776,0.9431102871894836,-0.015691885724663734,0.6954240202903748,0.9298519492149353,-0.01342968363314867,0.6733064651489258,0.9570056200027466,-0.016195055097341537,0.6596378087997437,0.9698399305343628,-0.016430698335170746,0.6496968269348145,0.9788430333137512,-0.016276564449071884,0.7037731409072876,0.9345881938934326,-0.006887162569910288,0.6775307655334473,0.949062168598175,-0.01062884833663702,0.6661490201950073,0.9445182681083679,-0.010626259259879589,0.6604869365692139,0.9386563301086426,-0.009980631060898304,0.7059162855148315,0.9335233569145203,-0.0009547797963023186,0.6811113357543945,0.944223940372467,-0.004361800849437714,0.6725324392318726,0.9377651214599609,-0.0040258863009512424,0.6686191558837891,0.9306963682174683,-0.0030295539181679487,0.7043563723564148,0.9313706755638123,0.004003016743808985,0.6842318773269653,0.9391874670982361,0.0013929117703810334,0.6757169365882874,0.9341906309127808,0.0008056372171267867,0.6719323992729187,0.9277830719947815,0.001176633290015161,0.32370883226394653,0.3649613559246063,2.0563356883940287e-07,0.3416496813297272,0.38034459948539734,-0.018198907375335693,0.36488625407218933,0.38613781332969666,-0.026167336851358414,0.38499775528907776,0.3874666392803192,-0.032112665474414825,0.4036402404308319,0.38412168622016907,-0.03781995549798012,0.4005320072174072,0.3587014079093933,-0.015179337002336979,0.42962342500686646,0.3482612073421478,-0.024193530902266502,0.4473510980606079,0.3416203558444977,-0.03213876485824585,0.46236109733581543,0.33687517046928406,-0.03795767202973366,0.3962150514125824,0.34363865852355957,-0.012731943279504776,0.42737218737602234,0.3339395523071289,-0.01958371140062809,0.4471263587474823,0.32864221930503845,-0.027543844655156136,0.4643208086490631,0.3259580731391907,-0.033722929656505585,0.3853321075439453,0.3320879340171814,-0.012340984307229519,0.41341447830200195,0.32271048426628113,-0.019906364381313324,0.43073737621307373,0.31605198979377747,-0.02830403298139572,0.44532275199890137,0.3130842447280884,-0.03463240712881088,0.3692927360534668,0.3228802978992462,-0.013594213873147964,0.38359498977661133,0.31070858240127563,-0.022021837532520294,0.394756942987442,0.30344319343566895,-0.028062449768185616,0.4050455093383789,0.2985481321811676,-0.032402779906988144,0
0.4869002401828766,0.4609163999557495,-0.22255456447601318,0.5033681988716125,0.43729668855667114,-0.19354639947414398,0.5111223459243774,0.4375705122947693,-0.19367817044258118,0.5181792974472046,0.4378577470779419,-0.19380919635295868,0.478649765253067,0.4358729422092438,-0.19386731088161469,0.4695984423160553,0.43447211384773254,-0.194006085395813,0.46171075105667114,0.43286722898483276,-0.1940145492553711,0.5220669507980347,0.4453517198562622,-0.03872434049844742,0.45228275656700134,0.43516042828559875,-0.04598268121480942,0.4996369481086731,0.48401278257369995,-0.1667303889989853,0.4685848653316498,0.48008787631988525,-0.16853389143943787,0.5482128262519836,0.566886305809021,0.040762219578027725,0.3716483414173126,0.504589855670929,-0.04272281378507614,0.5885347127914429,0.6852431893348694,-0.023680154234170914,0.20833441615104675,0.5589929819107056,-0.1985461264848709,0.6722439527511597,0.711974561214447,-0.21836331486701965,0.34058091044425964,0.45913201570510864,-0.390644371509552,0.691778838634491,0.7343801259994507,-0.26897960901260376,0.3761492669582367,0.44628891348838806,-0.42629799246788025,0.6861263513565063,0.7117748260498047,-0.2832779288291931,0.38668566942214966,0.43790334463119507,-0.41600552201271057,0.6707846522331238,0.7084938883781433,-0.23099693655967712,0.38359108567237854,0.44786104559898376,-0.3893923759460449,0.4830339848995209,0.7947937846183777,0.0731494277715683,0.38058915734291077,0.7968024015426636,-0.07375965267419815,0.6167505979537964,0.8702118396759033,-0.05173806473612785,0.5587406158447266,0.7724701166152954,-0.16943396627902985,0.7748889923095703,0.9621182084083557,-0.3001473844051361,0.7535578012466431,0.8903293609619141,-0.3092142343521118,0.7797636389732361,0.9890360236167908,-0.32948532700538635,0.7677149176597595,0.9167878031730652,-0.3183354437351227,0.8570250272750854,0.9568893313407898,-0.41921496391296387,0.8460680246353149,0.8941057324409485,-0.3903105854988098,0.0,0.0,0.0,0.0,0.0,0.0,0.0,0.0,0.0,0.0,0.0,0.0,0.0,0.0,0.0,0.0,0.0,0.0,0.0,0.0,0.0,0.0,0.0,0.0,0.0,0.0,0.0,0.0,0.0,0.0,0.0,0.0,0.0,0.0,0.0,0.0,0.0,0.0,0.0,0.0,0.0,0.0,0.0,0.0,0.0,0.0,0.0,0.0,0.0,0.0,0.0,0.0,0.0,0.0,0.0,0.0,0.0,0.0,0.0,0.0,0.0,0.0,0.0,0.31294339895248413,0.4700945019721985,6.244109584940816e-08,0.3334823250770569,0.4820277988910675,-0.006760783959180117,0.355653315782547,0.4835231900215149,-0.010769105516374111,0.3734551668167114,0.48309871554374695,-0.01464009564369917,0.38639602065086365,0.4812493920326233,-0.018924836069345474,0.37365099787712097,0.4541793763637543,-0.010526654310524464,0.3986651301383972,0.4428448975086212,-0.018643824383616447,0.412057489156723,0.43596208095550537,-0.024649571627378464,0.42315924167633057,0.429178386926651,-0.02893129363656044,0.3681967556476593,0.44388994574546814,-0.01339732576161623,0.3951699733734131,0.4302009642124176,-0.020729368552565575,0.410631000995636,0.42281195521354675,-0.026406150311231613,0.42344552278518677,0.41621777415275574,-0.03065977245569229,0.3574499487876892,0.43717432022094727,-0.017055688425898552,0.38053956627845764,0.42380738258361816,-0.024388769641518593,0.39378681778907776,0.41719362139701843,-0.02920342981815338,0.40530750155448914,0.41213279962539673,-0.03278663754463196,0.34278929233551025,0.4329879879951477,-0.02130182832479477,0.3535553514957428,0.4197829067707062,-0.028510238975286484,0.36225104331970215,0.41138955950737,-0.031611572951078415,0.37062740325927734,0.40394821763038635,-0.033730410039424896,0
0.4558807909488678,0.3782225251197815,-0.7047801613807678,0.469123899936676,0.35960298776626587,-0.6737845540046692,0.4773436486721039,0.3613355755805969,-0.6738545298576355,0.4839853346347809,0.36176952719688416,-0.673834502696991,0.4457554817199707,0.35201704502105713,-0.678856372833252,0.4357967972755432,0.3486523926258087,-0.6791660785675049,0.43030157685279846,0.3462929129600525,-0.6791280508041382,0.4874924123287201,0.3615950047969818,-0.4426964819431305,0.4195142686367035,0.34874191880226135,-0.47530698776245117,0.4659956991672516,0.40124085545539856,-0.6130807995796204,0.43819132447242737,0.3925967812538147,-0.6220375299453735,0.5381766557693481,0.47459617257118225,-0.27693384885787964,0.3437872529029846,0.43561747670173645,-0.3187427520751953,0.5660872459411621,0.627446174621582,-0.20787756145000458,0.18466167151927948,0.4908454120159149,-0.6024807095527649,0.5788425207138062,0.759346067905426,-0.3058856129646301,0.31557947397232056,0.38679131865501404,-0.8479477763175964,0.5850757360458374,0.7989341020584106,-0.33336740732192993,0.35658612847328186,0.38919588923454285,-0.91203773021698,0.5695589780807495,0.7904478907585144,-0.3658234775066376,0.37360456585884094,0.36612167954444885,-0.8626673817634583,0.5623120665550232,0.7744843363761902,-0.3207913935184479,0.36275261640548706,0.38243138790130615,-0.8364431262016296,0.4825078547000885,0.7973387837409973,0.009214218705892563,0.3758227229118347,0.8013010621070862,-0.007889606058597565,0.48666757345199585,0.9859972596168518,-0.21328265964984894,0.3673717975616455,1.0504010915756226,-0.052583713084459305,0.4699639678001404,1.2440568208694458,0.005774025339633226,0.35464873909950256,1.283408761024475,0.10414097458124161,0.46314185857772827,1.267500400543213,0.028690367937088013,0.3543524742126465,1.308415174484253,0.11547398567199707,0.4611636996269226,1.3556567430496216,-0.14131660759449005,0.3633560538291931,1.3959347009658813,-0.0879928469657898,0.5904225707054138,0.7660371661186218,1.0226897018128511e-07,0.5736448168754578,0.7679653167724609,-0.004498794674873352,0.5630918145179749,0.7830766439437866,-0.004436734598129988,0.5593376755714417,0.7996867299079895,-0.0032710235100239515,0.558156430721283,0.8128734827041626,-0.0015545382630079985,0.5772634148597717,0.8027066588401794,-0.001644778880290687,0.5692101120948792,0.8199133276939392,-0.001484140520915389,0.5629395246505737,0.8246442079544067,-0.0012792982161045074,0.558363676071167,0.8255980610847473,-0.0009781995322555304,0.5855430364608765,0.8046945929527283,0.0011431690072640777,0.5766128301620483,0.8202792406082153,0.0015674654860049486,0.5698596239089966,0.823664128780365,0.0015342639526352286,0.564656674861908,0.8237786889076233,0.001482960069552064,0.5906450748443604,0.8033502697944641,0.0035798423923552036,0.5826396346092224,0.8172464370727539,0.003654126776382327,0.5759276151657104,0.8217654228210449,0.0032357415184378624,0.5706738829612732,0.8229867219924927,0.0029303659684956074,0.5933751463890076,0.8007774353027344,0.005686711985617876,0.5867055654525757,0.8134169578552246,0.005545385181903839,0.5810537338256836,0.818902850151062,0.0053760455921292305,0.5761655569076538,0.820907473564148,0.005475068464875221,0.31166669726371765,0.36639872193336487,2.6679307651988893e-08,0.3352043628692627,0.3784544765949249,-0.0035964911803603172,0.3605622947216034,0.3795037865638733,-0.004356691613793373,0.3805207312107086,0.3773472309112549,-0.005797030869871378,0.3965948224067688,0.37136349081993103,-0.007296754978597164,0.37661534547805786,0.357509583234787,0.0014977462124079466,0.3997323513031006,0.34905287623405457,-0.0034270472824573517,0.41210120916366577,0.3440519869327545,-0.00836038775742054,0.42309969663619995,0.3390236794948578,-0.011985821649432182,0.37299612164497375,0.3461555242538452,-0.0013256785459816456,0.3983498513698578,0.3373733460903168,-0.005509292706847191,0.41220957040786743,0.3319527804851532,-0.010159848257899284,0.42443427443504333,0.32692018151283264,-0.013800465501844883,0.36596038937568665,0.3363655209541321,-0.005341503769159317,0.3903842866420746,0.3286571204662323,-0.009723369032144547,0.4045001268386841,0.3243662714958191,-0.012413451448082924,0.41688206791877747,0.3212152123451233,-0.014555317349731922,0.355732262134552,0.32754218578338623,-0.010024379007518291,0.3735179007053375,0.32038894295692444,-0.013897044584155083,0.3857130706310272,0.31828346848487854,-0.01487992238253355,0.39690282940864563,0.3172416090965271,-0.015650570392608643,0
0.4383728504180908,0.2986302077770233,-0.5620168447494507,0.45656657218933105,0.273650586605072,-0.5380423069000244,0.46651116013526917,0.27475258708000183,-0.5382174253463745,0.4752800464630127,0.27585744857788086,-0.5383212566375732,0.4300663471221924,0.27032411098480225,-0.5449904799461365,0.4227045178413391,0.2687910497188568,-0.5452831387519836,0.4162558913230896,0.2673144042491913,-0.5452975034713745,0.4861335754394531,0.2844095528125763,-0.33193403482437134,0.40797725319862366,0.2686694860458374,-0.3696444630622864,0.4554746747016907,0.32499945163726807,-0.4781573414802551,0.422842413187027,0.32216519117355347,-0.4886570870876312,0.5431698560714722,0.39465048909187317,-0.17857636511325836,0.3311799168586731,0.33877474069595337,-0.26926326751708984,0.5927796959877014,0.559686541557312,-0.23951086401939392,0.1589861512184143,0.3848167061805725,-0.5246038436889648,0.49236875772476196,0.6371980905532837,-0.47061687707901,0.2815036177635193,0.2860961854457855,-0.6912756562232971,0.4678119122982025,0.670346200466156,-0.5310918092727661,0.3160010874271393,0.26982027292251587,-0.736662745475769,0.44985002279281616,0.6404736042022705,-0.4983576834201813,0.33132413029670715,0.26962122321128845,-0.6995981335639954,0.45270591974258423,0.6326513290405273,-0.46141260862350464,0.32950788736343384,0.2746182978153229,-0.6806716322898865,0.4739309251308441,0.6808750629425049,0.07872062176465988,0.3471834063529968,0.6861483454704285,-0.07883081585168839,0.642135500907898,0.8239816427230835,-0.11450383812189102,0.44749751687049866,0.8254706263542175,-0.2868089973926544,0.6318567395210266,1.0479052066802979,-0.08371393382549286,0.5208209156990051,1.066275715827942,-0.24057838320732117,0.6037017703056335,1.0690953731536865,-0.08296384662389755,0.5162328481674194,1.0886595249176025,-0.22971436381340027,0.6936697363853455,1.178650140762329,-0.20634570717811584,0.5965573191642761,1.1828532218933105,-0.35926783084869385,0.5063347816467285,0.653165876865387,1.8076811159062345e-07,0.48642879724502563,0.6412423849105835,-0.007242860272526741,0.46502092480659485,0.647369384765625,-0.012245111167430878,0.4473079442977905,0.6612033843994141,-0.015289705246686935,0.4354781210422516,0.6750247478485107,-0.017618125304579735,0.4735882878303528,0.6723362803459167,-0.01809607446193695,0.4452663064002991,0.6920040845870972,-0.023972854018211365,0.43099308013916016,0.6878464818000793,-0.024419108405709267,0.4240892827510834,0.6803958415985107,-0.02287743054330349,0.48081788420677185,0.6855058670043945,-0.015114694833755493,0.44873854517936707,0.7000192999839783,-0.01919136755168438,0.43616676330566406,0.6919292211532593,-0.017131341621279716,0.432445228099823,0.681694507598877,-0.014641165733337402,0.4857507348060608,0.692610502243042,-0.011870705522596836,0.4563194811344147,0.7043232917785645,-0.013612501323223114,0.44435277581214905,0.6960176229476929,-0.010484281927347183,0.4407709836959839,0.6858729124069214,-0.007818110287189484,0.48861607909202576,0.6957111954689026,-0.009108779020607471,0.46655547618865967,0.7061547636985779,-0.010409101843833923,0.45480361580848694,0.7013741731643677,-0.009022971615195274,0.4494384527206421,0.6945063471794128,-0.007317261770367622,0.2654211223125458,0.2878552973270416,1.3085067962492758e-07,0.2824628949165344,0.30625995993614197,-0.010298428125679493,0.3072597086429596,0.30845215916633606,-0.015174925327301025,0.32944419980049133,0.30454206466674805,-0.01883380115032196,0.3474791944026947,0.30327242612838745,-0.022750459611415863,0.323171466588974,0.280242383480072,-0.013884649612009525,0.3498474061489105,0.27067118883132935,-0.022234654054045677,0.36431145668029785,0.2645963430404663,-0.027524476870894432,0.37641048431396484,0.2586529552936554,-0.031130995601415634,0.31815341114997864,0.26701509952545166,-0.014472189359366894,0.3469720184803009,0.25664520263671875,-0.02223753184080124,0.3646465837955475,0.24990923702716827,-0.027913305908441544,0.3790022134780884,0.2443021833896637,-0.031847190111875534,0.30785518884658813,0.25762513279914856,-0.01596762426197529,0.3328135907649994,0.24707086384296417,-0.023989973589777946,0.3484867215156555,0.24165497720241547,-0.029054654762148857,0.36246922612190247,0.23818184435367584,-0.032368335872888565,0.29359808564186096,0.25049901008605957,-0.01811397634446621,0.30732840299606323,0.23904715478420258,-0.02633841335773468,0.31729376316070557,0.23329265415668488,-0.029843956232070923,0.3268740475177765,0.22860188782215118,-0.03178507462143898,0
0.38585197925567627,0.30964788794517517,-1.0994619131088257,0.40058308839797974,0.27763399481773376,-1.071179986000061,0.4100893437862396,0.2783576548099518,-1.0712940692901611,0.4198938310146332,0.27880042791366577,-1.0714470148086548,0.3742585778236389,0.27421313524246216,-1.064910888671875,0.3656464219093323,0.2750684320926666,-1.0651836395263672,0.3565899133682251,0.2756618559360504,-1.065161108970642,0.43718957901000977,0.2879253923892975,-0.8228036165237427,0.3449659049510956,0.28327542543411255,-0.7994999289512634,0.40084108710289,0.34103044867515564,-1.0006903409957886,0.3712080419063568,0.343401700258255,-0.9934180378913879,0.5168992280960083,0.4366251826286316,-0.611923336982727,0.27269330620765686,0.4115045964717865,-0.5973773002624512,0.546927809715271,0.6020066738128662,-0.4557362496852875,0.07641153037548065,0.4177055060863495,-0.8989982604980469,0.5545113682746887,0.7627758383750916,-0.40202075242996216,0.19854220747947693,0.30140191316604614,-1.2484115362167358,0.5576236844062805,0.8112808465957642,-0.4289163649082184,0.23182585835456848,0.27591055631637573,-1.323073387145996,0.5430022478103638,0.806700587272644,-0.4794892370700836,0.2505199611186981,0.274240106344223,-1.3060500621795654,0.534763753414154,0.7887604236602783,-0.41995757818222046,0.2456112802028656,0.28186312317848206,-1.2537486553192139,0.43966230750083923,0.7461569309234619,-0.010366108268499374,0.3071933090686798,0.7318271398544312,0.01111541222780943,0.48185795545578003,0.898407518863678,-0.5398871302604675,0.30794626474380493,0.873627781867981,-0.24018359184265137,0.4483860433101654,1.1196343898773193,-0.3678649067878723,0.2937389016151428,1.0153188705444336,0.09463468194007874,0.4362945556640625,1.1530394554138184,-0.34866270422935486,0.29424870014190674,1.0316253900527954,0.1332988291978836,0.43992453813552856,1.2040122747421265,-0.5349105596542358,0.28793689608573914,1.0996687412261963,0.011480743065476418,0.559017539024353,0.7578489780426025,2.0127062327901513e-07,0.537385880947113,0.7711710929870605,-0.010050513781607151,0.5269003510475159,0.7920041680335999,-0.014608453959226608,0.5246385931968689,0.8166878819465637,-0.016988586634397507,0.5245099067687988,0.8362424969673157,-0.01862265169620514,0.5547841191291809,0.8178813457489014,-0.009257241152226925,0.5443790555000305,0.8473712801933289,-0.010593060404062271,0.5338800549507141,0.8552916646003723,-0.011265043169260025,0.5254836082458496,0.857265830039978,-0.011076530441641808,0.5665797591209412,0.8178121447563171,-0.003525412641465664,0.5517177581787109,0.843104362487793,-0.002534915693104267,0.5400294065475464,0.8458250164985657,-0.0017145322635769844,0.5313685536384583,0.8451002836227417,-0.0013514715246856213,0.5725106000900269,0.8141369819641113,0.0018686304101720452,0.5577654838562012,0.8347724080085754,0.0037656172644346952,0.5471605658531189,0.8378201723098755,0.005379417445510626,0.5390984416007996,0.8365423083305359,0.00578078581020236,0.5742747187614441,0.8086901903152466,0.006370349787175655,0.5626540780067444,0.8251031041145325,0.00807812437415123,0.5535436272621155,0.8286461234092712,0.00988276582211256,0.5466431379318237,0.8271300792694092,0.011329214088618755,0.20434033870697021,0.3010176718235016,1.4935974945728958e-07,0.2228626161813736,0.31506383419036865,-0.005712092388421297,0.24989646673202515,0.31349244713783264,-0.00764501141384244,0.2697976529598236,0.30898892879486084,-0.009462821297347546,0.2852616012096405,0.3081844747066498,-0.011401127092540264,0.2678880989551544,0.2886320650577545,-0.005717318970710039,0.2935878336429596,0.2771129906177521,-0.012544246390461922,0.3094971477985382,0.27034953236579895,-0.01742476411163807,0.3222602903842926,0.26477962732315063,-0.020565934479236603,0.26493847370147705,0.27758660912513733,-0.007805760949850082,0.29436811804771423,0.26645874977111816,-0.014241310767829418,0.31297534704208374,0.2602636516094208,-0.01882767491042614,0.32824018597602844,0.2552333474159241,-0.021483371034264565,0.2574853003025055,0.2689247727394104,-0.010827886871993542,0.2854321002960205,0.25586169958114624,-0.017313212156295776,0.3025400936603546,0.24934369325637817,-0.020439859479665756,0.31678807735443115,0.24476583302021027,-0.02202683873474598,0.24593576788902283,0.2612077295780182,-0.014413739554584026,0.2654489576816559,0.24985650181770325,-0.020282484591007233,0.2789499759674072,0.24436718225479126,-0.02184782736003399,0.29094547033309937,0.24022379517555237,-0.02228914201259613,0
0.4945966601371765,0.4348583519458771,-0.1500803679227829,0.5059768557548523,0.4196633994579315,-0.10727085918188095,0.5134919285774231,0.4201495349407196,-0.10725389420986176,0.5222845673561096,0.4201071560382843,-0.10721386969089508,0.48736023902893066,0.41868242621421814,-0.10755456984043121,0.482366144657135,0.41781583428382874,-0.10780289024114609,0.47677716612815857,0.41668999195098877,-0.10773149877786636,0.5315773487091064,0.4273402988910675,0.09048154205083847,0.4743526577949524,0.4211147427558899,0.08157052844762802,0.5069937109947205,0.454246461391449,-0.07699008285999298,0.48448890447616577,0.45115774869918823,-0.07956303656101227,0.5912312269210815,0.5478053689002991,0.15525563061237335,0.41308942437171936,0.5131381750106812,0.15461423993110657,0.6044084429740906,0.6969164609909058,0.1726725995540619,0.30265697836875916,0.5418398380279541,-0.09610603749752045,0.6297950744628906,0.8283292651176453,0.04859334975481033,0.3926241993904114,0.4516361653804779,-0.39133942127227783,0.6356726884841919,0.8701308369636536,0.03018445335328579,0.42443910241127014,0.422341912984848,-0.4553240239620209,0.6262047290802002,0.8668848276138306,-0.01566438190639019,0.4332520365715027,0.4168430268764496,-0.4076429009437561,0.6208609342575073,0.8538367748260498,0.02919139340519905,0.4256981909275055,0.4280199706554413,-0.3815900385379791,0.5468190908432007,0.8180427551269531,-0.014270784333348274,0.4350779056549072,0.8042963147163391,0.015614144504070282,0.5424787402153015,0.9761922359466553,-0.6450133919715881,0.44456949830055237,1.0095183849334717,-0.3653225302696228,0.5259982347488403,1.2808555364608765,-0.6219900846481323,0.4217938482761383,1.2921321392059326,-0.4234764575958252,0.5237225890159607,1.3147679567337036,-0.6177506446838379,0.4228673577308655,1.3253095149993896,-0.43372994661331177,0.5055039525032043,1.3995795249938965,-0.8071100115776062,0.4234878122806549,1.4028514623641968,-0.656334400177002,0.6391340494155884,0.8234072923660278,1.2437480734206474e-07,0.6255313158035278,0.83702152967453,-0.00663959002122283,0.6198285222053528,0.8553293943405151,-0.009566807188093662,0.6183503270149231,0.8724450469017029,-0.011289773508906364,0.6166824102401733,0.8863455057144165,-0.012373018078505993,0.6427484154701233,0.8706751465797424,-0.005246846936643124,0.6369718313217163,0.8925315737724304,-0.007575687021017075,0.6300601959228516,0.9016830921173096,-0.009506047703325748,0.6244497299194336,0.9070449471473694,-0.010669405572116375,0.6509963274002075,0.8706896901130676,-0.002711332170292735,0.6451116800308228,0.8933412432670593,-0.004791328217834234,0.6367238163948059,0.8996739387512207,-0.005875696893781424,0.6298002004623413,0.9008855223655701,-0.006381051614880562,0.6550297737121582,0.868635356426239,-0.0005967157776467502,0.6500031352043152,0.8886968493461609,-0.002179642440751195,0.6424563527107239,0.8944029211997986,-0.0022435192950069904,0.6362059712409973,0.8959267139434814,-0.002107310574501753,0.6558088064193726,0.8660966753959656,0.0009127350640483201,0.6516199111938477,0.8827484250068665,-0.0003039972798433155,0.6459925174713135,0.8889596462249756,0.00010204868885921314,0.6410223245620728,0.8911486864089966,0.0008702016202732921,0.3896405100822449,0.44307371973991394,3.0054689403868906e-08,0.40799206495285034,0.44749441742897034,-0.0025117434561252594,0.4241155683994293,0.44406232237815857,-0.004997435957193375,0.4350578188896179,0.4401584565639496,-0.008135919459164143,0.43998390436172485,0.43639981746673584,-0.011672110296785831,0.43597984313964844,0.42077916860580444,-0.004137531388550997,0.4532676637172699,0.4058132469654083,-0.00925768818706274,0.46171998977661133,0.3973883092403412,-0.013590850867331028,0.4689244031906128,0.38949817419052124,-0.016749704256653786,0.4309215843677521,0.41386449337005615,-0.007114925887435675,0.4492150843143463,0.3993924856185913,-0.011718543246388435,0.4593798816204071,0.39104244112968445,-0.015492899343371391,0.46819204092025757,0.3838121294975281,-0.018406907096505165,0.4231434166431427,0.4089049994945526,-0.010590270161628723,0.43989211320877075,0.39573076367378235,-0.014672821387648582,0.4497886002063751,0.38800644874572754,-0.01715237833559513,0.4584899842739105,0.3816756010055542,-0.019181717187166214,0.41349542140960693,0.40591973066329956,-0.014471804723143578,0.42373812198638916,0.39612025022506714,-0.017635872587561607,0.4311472773551941,0.3895290493965149,-0.01832033134996891,0.4380282759666443,0.3836565911769867,-0.018980976194143295,0
0.49846014380455017,0.3903396725654602,-0.36112093925476074,0.5184286832809448,0.37221208214759827,-0.33934372663497925,0.527361273765564,0.37523043155670166,-0.33927568793296814,0.537170946598053,0.3757988512516022,-0.33943822979927063,0.49362125992774963,0.3659760355949402,-0.3228030204772949,0.48809632658958435,0.3644178509712219,-0.3229498565196991,0.4827952980995178,0.3629094958305359,-0.3229750692844391,0.5536417961120605,0.39291462302207947,-0.17273327708244324,0.47829970717430115,0.36988919973373413,-0.09834226220846176,0.5135856866836548,0.4254932403564453,-0.29455992579460144,0.4834168553352356,0.41556575894355774,-0.2739165425300598,0.6117129325866699,0.5209182500839233,-0.11700093746185303,0.42105260491371155,0.48112669587135315,0.024036582559347153,0.6636319160461426,0.6436634659767151,-0.17080068588256836,0.2973966598510742,0.48444071412086487,0.030932864174246788,0.6261903047561646,0.7603193521499634,-0.36464881896972656,0.1912909895181656,0.4990413784980774,-0.1544531285762787,0.6271670460700989,0.806013822555542,-0.4126330316066742,0.14833606779575348,0.503490149974823,-0.18913178145885468,0.6051433682441711,0.7867813110351562,-0.43256187438964844,0.15005835890769958,0.5049509406089783,-0.23895907402038574,0.6021462678909302,0.7732244729995728,-0.37836021184921265,0.16220512986183167,0.5056187510490417,-0.18637831509113312,0.5406517386436462,0.8573243618011475,-0.014025375247001648,0.4284098148345947,0.8520404100418091,0.015500652603805065,0.5303584933280945,1.1215262413024902,-0.1319301277399063,0.4145185947418213,1.1205660104751587,-0.12044063955545425,0.5251618027687073,1.3114426136016846,0.09668118506669998,0.4159739017486572,1.3130154609680176,0.08661448955535889,0.5255354642868042,1.342107892036438,0.1247137039899826,0.41898149251937866,1.335504412651062,0.11186792701482773,0.510928213596344,1.386314868927002,0.020618312060832977,0.42577308416366577,1.400410771369934,0.013218490406870842,0.6211985945701599,0.7723718285560608,6.522630968675003e-08,0.5997386574745178,0.7756214737892151,-0.00946961622685194,0.5808535814285278,0.7885839939117432,-0.015171803534030914,0.5712774991989136,0.8054032921791077,-0.018773939460515976,0.5672133564949036,0.8206202387809753,-0.022443542256951332,0.600864589214325,0.8000785112380981,-0.02216801978647709,0.5966632962226868,0.822083055973053,-0.02933470532298088,0.593479573726654,0.8369173407554626,-0.03267410770058632,0.5902794599533081,0.8505028486251831,-0.03479776903986931,0.6174588799476624,0.8065018057823181,-0.02030949294567108,0.6162646412849426,0.8339061737060547,-0.027451826259493828,0.6140028238296509,0.8525377511978149,-0.02989695779979229,0.6112877130508423,0.8679483532905579,-0.03208252415060997,0.6303839087486267,0.8115507364273071,-0.0182512030005455,0.629301130771637,0.8372195959091187,-0.024266928434371948,0.6262909173965454,0.8541768789291382,-0.025929167866706848,0.6225172877311707,0.8674312233924866,-0.027124376967549324,0.6398394107818604,0.8142311573028564,-0.016717636957764626,0.6396710276603699,0.8372823596000671,-0.021302618086338043,0.6364893913269043,0.8510355949401855,-0.022859051823616028,0.6317343711853027,0.8613919615745544,-0.02394697815179825,0.0,0.0,0.0,0.0,0.0,0.0,0.0,0.0,0.0,0.0,0.0,0.0,0.0,0.0,0.0,0.0,0.0,0.0,0.0,0.0,0.0,0.0,0.0,0.0,0.0,0.0,0.0,0.0,0.0,0.0,0.0,0.0,0.0,0.0,0.0,0.0,0.0,0.0,0.0,0.0,0.0,0.0,0.0,0.0,0.0,0.0,0.0,0.0,0.0,0.0,0.0,0.0,0.0,0.0,0.0,0.0,0.0,0.0,0.0,0.0,0.0,0.0,0.0,0
0.4319402277469635,0.3035668134689331,0.1538371741771698,0.45514458417892456,0.27666348218917847,0.2079445868730545,0.46543532609939575,0.27842453122138977,0.2076805830001831,0.476032018661499,0.27995765209198,0.20752198994159698,0.4261740744113922,0.2733367681503296,0.2270430326461792,0.4192019999027252,0.27216440439224243,0.22676649689674377,0.4119921624660492,0.27129536867141724,0.227024108171463,0.494733989238739,0.29491540789604187,0.39459866285324097,0.4088919162750244,0.28231433033943176,0.47057780623435974,0.4494105279445648,0.3352488577365875,0.20931169390678406,0.4150342345237732,0.33255264163017273,0.2311924248933792,0.5739558935165405,0.4584173560142517,0.3338678181171417,0.3265911340713501,0.42707106471061707,0.4729951322078705,0.6572524905204773,0.6365728974342346,0.24875624477863312,0.14597462117671967,0.4884128272533417,0.14797917008399963,0.7269163727760315,0.8332405090332031,0.08574389666318893,0.1923484355211258,0.3169079124927521,-0.22678807377815247,0.7537823915481567,0.8923720121383667,0.07114562392234802,0.21853585541248322,0.28040066361427307,-0.2773275375366211,0.7318708300590515,0.8985213041305542,0.03141108155250549,0.2368413656949997,0.26948463916778564,-0.24420925974845886,0.7186368107795715,0.8860085010528564,0.07019484043121338,0.20958521962165833,0.3063269257545471,-0.20077304542064667,0.46811509132385254,0.8006391525268555,-0.05310308188199997,0.3383399546146393,0.8027216792106628,0.05294450372457504,0.42979907989501953,1.0092345476150513,-0.3211132884025574,0.30723118782043457,1.015601396560669,-0.18131956458091736,0.44904279708862305,1.1489334106445312,-0.07693423330783844,0.3305465877056122,1.166902780532837,0.013612302020192146,0.4521809220314026,1.1611419916152954,-0.056243568658828735,0.34044507145881653,1.1750277280807495,0.021648531779646873,0.4369071125984192,1.2557252645492554,-0.1366175413131714,0.3251173496246338,1.2891557216644287,-0.057385921478271484,0.7445912957191467,0.8540681004524231,-2.4585165903090456e-08,0.7538577318191528,0.8668696880340576,-0.024618156254291534,0.7574396133422852,0.8956063389778137,-0.03502471372485161,0.7541224360466003,0.9244890809059143,-0.038657303899526596,0.7485313415527344,0.9433830976486206,-0.03959022834897041,0.7715251445770264,0.9096205830574036,-0.03781449422240257,0.7409593462944031,0.9168888330459595,-0.047313105314970016,0.7356540560722351,0.9110678434371948,-0.04836013540625572,0.7386435270309448,0.9057930707931519,-0.04845937713980675,0.7615531086921692,0.9187039732933044,-0.027253003790974617,0.7319072484970093,0.9295094609260559,-0.03735613077878952,0.73009192943573,0.91981440782547,-0.037507008761167526,0.7352256774902344,0.9122847318649292,-0.03712336719036102,0.7507838010787964,0.9248274564743042,-0.017353469505906105,0.7257646322250366,0.9331379532814026,-0.028581032529473305,0.7234359979629517,0.922075629234314,-0.029195014387369156,0.726368248462677,0.9150524735450745,-0.028244322165846825,0.7414429783821106,0.9254107475280762,-0.008830619975924492,0.7229510545730591,0.9303427934646606,-0.01993481069803238,0.7137812972068787,0.924140453338623,-0.023255545645952225,0.7097342014312744,0.9198952317237854,-0.023842137306928635,0.19473811984062195,0.2955620586872101,1.9690624242230115e-07,0.22571402788162231,0.3017207682132721,-0.011126923374831676,0.25582435727119446,0.2948820888996124,-0.014490289613604546,0.28097406029701233,0.28409305214881897,-0.01721321791410446,0.30203601717948914,0.27529269456863403,-0.020025087520480156,0.2642691135406494,0.2628685235977173,-0.003978564869612455,0.28624749183654785,0.24288320541381836,-0.010143563151359558,0.2983076274394989,0.22953735291957855,-0.016256188973784447,0.3094056248664856,0.21696777641773224,-0.02087496966123581,0.25249677896499634,0.25013017654418945,-0.003796137636527419,0.27414512634277344,0.2311161905527115,-0.00790674053132534,0.28761035203933716,0.2181982845067978,-0.013462338596582413,0.2997124493122101,0.2069331258535385,-0.018028339371085167,0.23617546260356903,0.24301467835903168,-0.005453578662127256,0.2536999583244324,0.2243078500032425,-0.010099520906805992,0.26453104615211487,0.21248534321784973,-0.013202955946326256,0.27512842416763306,0.20282137393951416,-0.015858858823776245,0.2165582925081253,0.23998628556728363,-0.00850753765553236,0.22543932497501373,0.2253301441669464,-0.01310172863304615,0.23330269753932953,0.21553915739059448,-0.014200775884091854,0.2419302612543106,0.2062959223985672,-0.014928036369383335,0
0.5169876217842102,0.44609352946281433,-0.5551954507827759,0.527446985244751,0.4248258173465729,-0.5173478126525879,0.5339895486831665,0.4253605306148529,-0.5172162055969238,0.5406955480575562,0.42559880018234253,-0.5171476602554321,0.5071989297866821,0.42271384596824646,-0.521228015422821,0.5015706419944763,0.4223767817020416,-0.5216531753540039,0.49525779485702515,0.4232403337955475,-0.5214346051216125,0.5479751825332642,0.4390406310558319,-0.27019765973091125,0.4840546250343323,0.43570631742477417,-0.2948664724826813,0.5288925766944885,0.47213223576545715,-0.461601197719574,0.5048992037773132,0.4718185365200043,-0.4689415395259857,0.6210724711418152,0.5703731179237366,-0.12668654322624207,0.411016047000885,0.5480075478553772,-0.12823650240898132,0.6872938275337219,0.7119499444961548,-0.08555728197097778,0.22875487804412842,0.5432183146476746,-0.4252315163612366,0.6665055751800537,0.8441607356071472,-0.24496205151081085,0.34816887974739075,0.4458020329475403,-0.7026665210723877,0.6554447412490845,0.8831375241279602,-0.2765868902206421,0.39749112725257874,0.4188147187232971,-0.7764090299606323,0.6398822069168091,0.8664194941520691,-0.30561092495918274,0.40459340810775757,0.4169546663761139,-0.7297446131706238,0.6420534253120422,0.8534318208694458,-0.25908181071281433,0.3997669816017151,0.4276329278945923,-0.6978320479393005,0.5553730726242065,0.9250767827033997,-0.002193872118368745,0.4296916425228119,0.924312174320221,0.004134650342166424,0.5472177267074585,1.228139042854309,-0.17319157719612122,0.4270210266113281,1.215337872505188,-0.16658124327659607,0.5457974672317505,1.4929450750350952,0.042561862617731094,0.4379473626613617,1.4726033210754395,-0.00915556401014328,0.5450788736343384,1.5306410789489746,0.06098660081624985,0.43909507989883423,1.5035322904586792,-0.0015027235494926572,0.5371578931808472,1.5832951068878174,-0.13493795692920685,0.4519680440425873,1.5711089372634888,-0.22920319437980652,0.0,0.0,0.0,0.0,0.0,0.0,0.0,0.0,0.0,0.0,0.0,0.0,0.0,0.0,0.0,0.0,0.0,0.0,0.0,0.0,0.0,0.0,0.0,0.0,0.0,0.0,0.0,0.0,0.0,0.0,0.0,0.0,0.0,0.0,0.0,0.0,0.0,0.0,0.0,0.0,0.0,0.0,0.0,0.0,0.0,0.0,0.0,0.0,0.0,0.0,0.0,0.0,0.0,0.0,0.0,0.0,0.0,0.0,0.0,0.0,0.0,0.0,0.0,0.34611648321151733,0.44874054193496704,2.700677192990497e-08,0.3669736087322235,0.4588100016117096,-0.004899932071566582,0.38980215787887573,0.4579385817050934,-0.007382011041045189,0.40805763006210327,0.4553103744983673,-0.010033974424004555,0.42350491881370544,0.4557008743286133,-0.013162517920136452,0.4044436812400818,0.4372324049472809,-0.005829396191984415,0.42668622732162476,0.42623600363731384,-0.012481658719480038,0.4395027160644531,0.4187082052230835,-0.018023302778601646,0.45066559314727783,0.41189199686050415,-0.0222184918820858,0.3998800218105316,0.4271707832813263,-0.008145840838551521,0.4230257272720337,0.4146183133125305,-0.014251269400119781,0.4368995130062103,0.40649980306625366,-0.020180726423859596,0.4493837356567383,0.39965495467185974,-0.024872953072190285,0.3918949067592621,0.41978511214256287,-0.011166884563863277,0.41311782598495483,0.40798014402389526,-0.01731010153889656,0.4264099895954132,0.4011648893356323,-0.02201814390718937,0.4380601644515991,0.395995557308197,-0.025619249790906906,0.38084807991981506,0.4141915440559387,-0.014647177420556545,0.39555081725120544,0.4044176936149597,-0.020687973126769066,0.4064018726348877,0.40029773116111755,-0.023838305845856667,0.4163767695426941,0.39734572172164917,-0.026118887588381767,0
0.44926294684410095,0.41765716671943665,-0.8075239062309265,0.4642067849636078,0.39326420426368713,-0.7789174318313599,0.4730059504508972,0.39327380061149597,-0.7790385484695435,0.4821990430355072,0.39292600750923157,-0.7794209718704224,0.44155916571617126,0.39307257533073425,-0.7744001746177673,0.4338006377220154,0.3927769362926483,-0.7749247550964355,0.42699748277664185,0.392135888338089,-0.7749906182289124,0.5064433813095093,0.4001299738883972,-0.5412207841873169,0.4180285930633545,0.3966163694858551,-0.5305603742599487,0.46541786193847656,0.44602152705192566,-0.7130168676376343,0.43983030319213867,0.44638341665267944,-0.709708571434021,0.5822420120239258,0.5413925647735596,-0.3732803165912628,0.35169413685798645,0.49866098165512085,-0.3433595299720764,0.6474246978759766,0.671661913394928,-0.3079259395599365,0.16059158742427826,0.49430665373802185,-0.6583552956581116,0.6004634499549866,0.8483377695083618,-0.4024633765220642,0.2923116385936737,0.40610894560813904,-0.9258309602737427,0.5900419354438782,0.8989943265914917,-0.44006308913230896,0.3316281735897064,0.3787979185581207,-0.9995133280754089,0.5751539468765259,0.8877938985824585,-0.4690242409706116,0.34712105989456177,0.3793873190879822,-0.9433755874633789,0.5755007266998291,0.8685764670372009,-0.41642969846725464,0.34043338894844055,0.3883332908153534,-0.9171463251113892,0.5082666873931885,0.9196344614028931,0.00012618274195119739,0.37418168783187866,0.9114549160003662,0.0018685637041926384,0.5108562707901001,1.2103569507598877,-0.09895572811365128,0.37877416610717773,1.1960805654525757,-0.07231300324201584,0.5044471025466919,1.4697400331497192,0.20976340770721436,0.3834039270877838,1.4679242372512817,0.12580904364585876,0.5025862455368042,1.5076171159744263,0.24419669806957245,0.3803747296333313,1.5047211647033691,0.14573751389980316,0.49175629019737244,1.570959448814392,0.07762903720140457,0.4054214358329773,1.574672818183899,-0.07107970118522644,0.6004441380500793,0.8560518026351929,1.6635154054256418e-07,0.5746228694915771,0.8576686382293701,-0.006400831509381533,0.5560320615768433,0.8723533749580383,-0.009120888076722622,0.5489574670791626,0.8924176096916199,-0.01026993989944458,0.545352041721344,0.9100744724273682,-0.01141585223376751,0.5738713145256042,0.8898101449012756,-0.011004332453012466,0.5654343366622925,0.91539466381073,-0.01405305601656437,0.5591971278190613,0.9265703558921814,-0.014908194541931152,0.5541029572486877,0.9324303269386292,-0.015019981190562248,0.5887726545333862,0.8964054584503174,-0.009042411111295223,0.5776688456535339,0.9218547940254211,-0.011059585958719254,0.5688074231147766,0.9318726062774658,-0.011460889130830765,0.5615084171295166,0.9353034496307373,-0.011900206096470356,0.6007236838340759,0.8986542224884033,-0.007209024857729673,0.5892528295516968,0.921684741973877,-0.008756883442401886,0.5802846550941467,0.9310646057128906,-0.009308231063187122,0.5729135274887085,0.9342966079711914,-0.009961321018636227,0.6097036004066467,0.8983310461044312,-0.005711357109248638,0.5998854041099548,0.916813850402832,-0.007495713885873556,0.5915113091468811,0.9247036576271057,-0.007969873957335949,0.5841490626335144,0.9278790354728699,-0.00814687181264162,0.28771644830703735,0.399812251329422,1.1252836884523276e-07,0.307555228471756,0.4103604555130005,-0.0056849075481295586,0.327976793050766,0.41242533922195435,-0.00916106067597866,0.344332218170166,0.41091984510421753,-0.012699699029326439,0.3525775372982025,0.4013919234275818,-0.016465403139591217,0.35065826773643494,0.39072781801223755,-0.005136765539646149,0.37411734461784363,0.3808439373970032,-0.011923610232770443,0.38748621940612793,0.37428948283195496,-0.017652299255132675,0.3990249037742615,0.3690771460533142,-0.021497711539268494,0.3464282751083374,0.3803516626358032,-0.007444479037076235,0.3712693750858307,0.37072962522506714,-0.012556253001093864,0.38580459356307983,0.3643702268600464,-0.017359139397740364,0.3987423777580261,0.3595815896987915,-0.02091015875339508,0.33768582344055176,0.3720742464065552,-0.010709594003856182,0.36006036400794983,0.36184263229370117,-0.015625014901161194,0.3733002841472626,0.3559272885322571,-0.01882508583366871,0.38582056760787964,0.3523339629173279,-0.02132219634950161,0.3247402608394623,0.3650802671909332,-0.014684347435832024,0.33745843172073364,0.35464367270469666,-0.0192352756857872,0.3467063903808594,0.3505685329437256,-0.020396757870912552,0.3560837209224701,0.34843918681144714,-0.021118909120559692,0
0.44194427132606506,0.39159923791885376,-0.6881866455078125,0.4515274167060852,0.3523644208908081,-0.6955389976501465,0.46205902099609375,0.34839221835136414,-0.6957013607025146,0.4670141637325287,0.3446340262889862,-0.6957777738571167,0.4342099726200104,0.35682356357574463,-0.6653982400894165,0.4314005970954895,0.35597509145736694,-0.6655863523483276,0.4214863181114197,0.3706653416156769,-0.6654321551322937,0.49814701080322266,0.3380148112773895,-0.5641545057296753,0.43011674284935,0.3496352732181549,-0.4341324269771576,0.4669243395328522,0.4062524735927582,-0.6293696165084839,0.4397153854370117,0.417625367641449,-0.589922308921814,0.6211355924606323,0.47443774342536926,-0.447596937417984,0.36854466795921326,0.4719657599925995,-0.215224951505661,0.7098837494850159,0.6480591893196106,-0.5166572332382202,0.17518717050552368,0.564329206943512,-0.41659873723983765,0.7278384566307068,0.8545736074447632,-0.7366257905960083,0.23759205639362335,0.38598740100860596,-0.8173802495002747,0.7377787232398987,0.9065443277359009,-0.7933757305145264,0.2520919442176819,0.3439100384712219,-0.8910311460494995,0.7083861827850342,0.9025622010231018,-0.8107175827026367,0.27654585242271423,0.32650744915008545,-0.8660818338394165,0.6996284127235413,0.886115312576294,-0.7482788562774658,0.27499791979789734,0.3421158194541931,-0.8219987154006958,0.5349843502044678,0.8888011574745178,-0.067204549908638,0.39091941714286804,0.868475615978241,0.0699458047747612,0.4946371018886566,1.209342122077942,0.017490189522504807,0.35291722416877747,1.1927918195724487,0.1873115748167038,0.4658176898956299,1.4339944124221802,0.5214467644691467,0.3240877389907837,1.457988977432251,0.5527874231338501,0.46890172362327576,1.4636260271072388,0.5737326145172119,0.32534554600715637,1.4937682151794434,0.5870612263679504,0.42465394735336304,1.5314995050430298,0.42458105087280273,0.3017560839653015,1.5670875310897827,0.4077931344509125,0.0,0.0,0.0,0.0,0.0,0.0,0.0,0.0,0.0,0.0,0.0,0.0,0.0,0.0,0.0,0.0,0.0,0.0,0.0,0.0,0.0,0.0,0.0,0.0,0.0,0.0,0.0,0.0,0.0,0.0,0.0,0.0,0.0,0.0,0.0,0.0,0.0,0.0,0.0,0.0,0.0,0.0,0.0,0.0,0.0,0.0,0.0,0.0,0.0,0.0,0.0,0.0,0.0,0.0,0.0,0.0,0.0,0.0,0.0,0.0,0.0,0.0,0.0,0.24319212138652802,0.38113632798194885,2.1301809738361044e-07,0.2797901928424835,0.3781721889972687,-0.007409313227981329,0.31018784642219543,0.3726659417152405,-0.008289008401334286,0.33369559049606323,0.3601595163345337,-0.00978043768554926,0.3439568877220154,0.3369724750518799,-0.011662348173558712,0.3066798448562622,0.33492618799209595,0.006056289188563824,0.32698917388916016,0.3115517795085907,0.0025922812055796385,0.3367486000061035,0.2965008318424225,-0.003589123021811247,0.34620988368988037,0.2820388674736023,-0.00868671853095293,0.29084405303001404,0.32355889678001404,0.004385780543088913,0.307637482881546,0.29843854904174805,0.0019319381099194288,0.31886371970176697,0.28054332733154297,-0.006346204783767462,0.329463392496109,0.2660320997238159,-0.013644678518176079,0.27243268489837646,0.31724709272384644,0.0009268766734749079,0.2853293716907501,0.2951611876487732,-0.002053668722510338,0.29486513137817383,0.2797536253929138,-0.007157526910305023,0.3046360909938812,0.26791810989379883,-0.011905834078788757,0.2511976659297943,0.3150482177734375,-0.0037990445271134377,0.25657331943511963,0.29661181569099426,-0.007345115765929222,0.26212018728256226,0.2826748490333557,-0.009004248306155205,0.26905450224876404,0.2706507444381714,-0.010686798021197319,0
0.46033915877342224,0.5126764178276062,-0.5635604858398438,0.47819066047668457,0.4915426969528198,-0.5426958203315735,0.4877954125404358,0.4926830232143402,-0.5427430868148804,0.4968920648097992,0.49343904852867126,-0.5427236557006836,0.4544895589351654,0.4870886504650116,-0.5343175530433655,0.44744983315467834,0.48501384258270264,-0.5345314741134644,0.4419005811214447,0.4830210506916046,-0.5345117449760437,0.5080282092094421,0.5008872151374817,-0.36572882533073425,0.43918853998184204,0.48571670055389404,-0.3312965929508209,0.477395623922348,0.5387640595436096,-0.4884927272796631,0.44546693563461304,0.532243013381958,-0.4785779118537903,0.5686742663383484,0.5925484895706177,-0.25652092695236206,0.377975195646286,0.5360326766967773,-0.1749410331249237,0.594943642616272,0.7066314220428467,-0.31062763929367065,0.2292565107345581,0.5857372283935547,-0.45012879371643066,0.6146924495697021,0.834445595741272,-0.41847729682922363,0.32140305638313293,0.5142663717269897,-0.7904702425003052,0.6249035000801086,0.8696987628936768,-0.4408302903175354,0.3354277014732361,0.49068787693977356,-0.8605327606201172,0.6157247424125671,0.8675919771194458,-0.46562209725379944,0.35064131021499634,0.4875483512878418,-0.8180817365646362,0.6047437787055969,0.857775866985321,-0.42858338356018066,0.3484365940093994,0.4923752248287201,-0.7855685949325562,0.5017273426055908,0.8193039298057556,-0.031401626765728,0.39186719059944153,0.8167210221290588,0.03312841057777405,0.49413853883743286,0.9473456144332886,-0.6094802021980286,0.3811313509941101,1.0019668340682983,-0.47679582238197327,0.4758550226688385,1.290632963180542,-0.6261795163154602,0.37102076411247253,1.3332805633544922,-0.5790072083473206,0.4720836579799652,1.3284764289855957,-0.6251527070999146,0.37291979789733887,1.371180772781372,-0.592047929763794,0.454054594039917,1.4197431802749634,-0.8225647807121277,0.38272684812545776,1.4572890996932983,-0.8236793279647827,0.6194590330123901,0.8309445381164551,1.2827294426642766e-07,0.6112395524978638,0.8454877138137817,-0.008732776157557964,0.6055739521980286,0.8643332719802856,-0.01039111614227295,0.5981075167655945,0.8770992159843445,-0.010451734997332096,0.5913248658180237,0.8848390579223633,-0.009572924114763737,0.6277335286140442,0.8760854601860046,-0.0006352203781716526,0.628129243850708,0.8974201679229736,-0.0009777754312381148,0.6206098198890686,0.9038494229316711,-0.00222677830606699,0.6135152578353882,0.9022765755653381,-0.0024491020012646914,0.6301317811012268,0.8733285665512085,0.0045066289603710175,0.6289229393005371,0.8941587209701538,0.005575208459049463,0.6212978959083557,0.9000123739242554,0.00390133005566895,0.6135252714157104,0.8992093801498413,0.002876793500036001,0.6295685768127441,0.8705685138702393,0.008670204319059849,0.6284877061843872,0.8888888955116272,0.009608553722500801,0.6225781440734863,0.895963191986084,0.0073059904389083385,0.616020917892456,0.8974480032920837,0.005764733534306288,0.626873791217804,0.8683100938796997,0.011998756788671017,0.625997006893158,0.8843450546264648,0.012274239212274551,0.6220393180847168,0.890813946723938,0.011387882754206657,0.6175482869148254,0.8928235769271851,0.011113450862467289,0.33471763134002686,0.5012686252593994,9.247224141972765e-08,0.34772464632987976,0.5106995105743408,-0.00261683133430779,0.3640172481536865,0.5111404657363892,-0.0043332818895578384,0.3756376802921295,0.5093735456466675,-0.006340761203318834,0.3847103714942932,0.5040969848632812,-0.008713346906006336,0.3804440498352051,0.49633142352104187,-0.004244802985340357,0.39870548248291016,0.48817628622055054,-0.00960669293999672,0.41023972630500793,0.4827254116535187,-0.013741389848291874,0.4195215702056885,0.4775640070438385,-0.01644682139158249,0.3782002925872803,0.4886977970600128,-0.006877617444843054,0.39853349328041077,0.4800998270511627,-0.011868350207805634,0.4119247496128082,0.4734487533569336,-0.016032665967941284,0.4231415092945099,0.4671822786331177,-0.01877523772418499,0.3727840781211853,0.4823349118232727,-0.009946689009666443,0.39249855279922485,0.473321795463562,-0.014560498297214508,0.40496277809143066,0.4673123359680176,-0.01755501888692379,0.4155976474285126,0.4620904326438904,-0.01945418491959572,0.36450937390327454,0.47660139203071594,-0.013274348340928555,0.3788047432899475,0.4696115553379059,-0.017630992457270622,0.38862162828445435,0.4654637277126312,-0.019212469458580017,0.3974890410900116,0.4620437026023865,-0.019950808957219124,0
0.4232139587402344,0.4006458818912506,-0.702734112739563,0.43959516286849976,0.38380178809165955,-0.6648290753364563,0.448559433221817,0.3854348957538605,-0.6649960875511169,0.4587724208831787,0.38674595952033997,-0.6651579141616821,0.41808590292930603,0.37871554493904114,-0.6652103662490845,0.4112117886543274,0.3771335184574127,-0.6654728651046753,0.4055725634098053,0.3756566047668457,-0.665429413318634,0.47120800614356995,0.3972705602645874,-0.4140040874481201,0.3955046236515045,0.382119357585907,-0.423924058675766,0.43620505928993225,0.4300127625465393,-0.6066740155220032,0.4086247980594635,0.42170199751853943,-0.6085802316665649,0.5274473428726196,0.5365079641342163,-0.25317078828811646,0.3161659836769104,0.4950557351112366,-0.27493321895599365,0.576392650604248,0.6718130111694336,-0.19354449212551117,0.13972756266593933,0.5026741623878479,-0.5221880674362183,0.5668922066688538,0.8275113701820374,-0.3542659282684326,0.27499398589134216,0.40234529972076416,-0.7840653657913208,0.581523060798645,0.8740053772926331,-0.4030429422855377,0.3118240237236023,0.3871331214904785,-0.8620849847793579,0.5617586374282837,0.8658015131950378,-0.45468682050704956,0.3227762281894684,0.38649865984916687,-0.8270770907402039,0.5499505400657654,0.849291205406189,-0.3815290331840515,0.3181966543197632,0.3953952193260193,-0.7839006781578064,0.4484580159187317,0.8759552240371704,0.003425654023885727,0.3222079873085022,0.857648491859436,-0.0015007380861788988,0.4329651892185211,1.1041185855865479,-0.31519240140914917,0.3174320161342621,1.0864578485488892,-0.29033583402633667,0.41925686597824097,1.372469425201416,-0.09248390048742294,0.3060140013694763,1.36887788772583,-0.18147669732570648,0.41366854310035706,1.407968521118164,-0.06786930561065674,0.300530344247818,1.4029276371002197,-0.17203892767429352,0.4109830856323242,1.4667195081710815,-0.25579822063446045,0.3274937570095062,1.4717310667037964,-0.41537413001060486,0.5622840523719788,0.822315514087677,1.6822178849906777e-07,0.5426210761070251,0.8274027109146118,-0.007348199374973774,0.5294746160507202,0.8433071970939636,-0.010706218890845776,0.5201573371887207,0.8605435490608215,-0.012782125733792782,0.5135073065757751,0.8765119910240173,-0.01415838673710823,0.548811674118042,0.8658888936042786,-0.00746934162452817,0.5334713459014893,0.8881478309631348,-0.011293762363493443,0.5214012265205383,0.8902462124824524,-0.013432891108095646,0.5125104784965515,0.8878849148750305,-0.014150434173643589,0.5581638216972351,0.8702066540718079,-0.004482774063944817,0.5405517220497131,0.8906841278076172,-0.0072303940542042255,0.5281686186790466,0.8910251259803772,-0.008375690318644047,0.5193009376525879,0.8868904113769531,-0.008922761306166649,0.5638231039047241,0.8704572916030884,-0.0019440458854660392,0.547252893447876,0.8880240321159363,-0.00407891720533371,0.5357866883277893,0.8882684111595154,-0.004141324665397406,0.5278542041778564,0.8839218020439148,-0.003970717545598745,0.5661763548851013,0.8690230250358582,-1.4798637494095601e-05,0.5532263517379761,0.8840197324752808,-0.002015156438574195,0.5433750152587891,0.8860059976577759,-0.0018150343094021082,0.5363341569900513,0.8833158612251282,-0.001007494400255382,0.27742964029312134,0.399551123380661,1.2592707321346097e-07,0.2939184308052063,0.4115928113460541,-0.006024795584380627,0.31351402401924133,0.41514527797698975,-0.009608447551727295,0.3300859332084656,0.417068213224411,-0.01304952334612608,0.34466060996055603,0.4161059260368347,-0.01668654941022396,0.33218637108802795,0.39119669795036316,-0.00821199081838131,0.35627537965774536,0.38542303442955017,-0.01602741703391075,0.37104034423828125,0.3827395737171173,-0.02170335315167904,0.3833801746368408,0.3799727261066437,-0.025345461443066597,0.3296201229095459,0.3828955292701721,-0.010579034686088562,0.3551788926124573,0.37739548087120056,-0.017156021669507027,0.3717932105064392,0.37361064553260803,-0.021975820884108543,0.38599634170532227,0.3701540231704712,-0.025197189301252365,0.32232433557510376,0.37578660249710083,-0.013803998939692974,0.34620028734207153,0.3687960207462311,-0.019949473440647125,0.3604794144630432,0.36502277851104736,-0.023351116105914116,0.37343624234199524,0.3628986179828644,-0.025663061067461967,0.31110331416130066,0.3691442012786865,-0.017610913142561913,0.3253032863140106,0.35996201634407043,-0.02363687939941883,0.3352603018283844,0.35572701692581177,-0.025616982951760292,0.34480956196784973,0.35308772325515747,-0.026598691940307617,0
0.48541316390037537,0.38416364789009094,-0.959710419178009,0.4942914843559265,0.3602539002895355,-0.9358114004135132,0.5015178918838501,0.36070486903190613,-0.9360146522521973,0.5087458491325378,0.36085885763168335,-0.936127781867981,0.4714941382408142,0.3593747913837433,-0.9364789724349976,0.4639607071876526,0.35937392711639404,-0.9368159174919128,0.4552035331726074,0.3601747751235962,-0.9368089437484741,0.518241286277771,0.3711259663105011,-0.6972693204879761,0.4441271722316742,0.37114864587783813,-0.7022911310195923,0.49864402413368225,0.40751034021377563,-0.8619872331619263,0.4700402617454529,0.4146055281162262,-0.8632465600967407,0.6001843810081482,0.48150232434272766,-0.5069506168365479,0.37678438425064087,0.467519074678421,-0.5062917470932007,0.6515673398971558,0.6285531520843506,-0.41777411103248596,0.20008054375648499,0.46883830428123474,-0.8901034593582153,0.6503013372421265,0.8052740097045898,-0.46624794602394104,0.29471150040626526,0.3861127197742462,-1.2559971809387207,0.6495064496994019,0.8499612808227539,-0.49777525663375854,0.32718804478645325,0.36463913321495056,-1.3391687870025635,0.6355047225952148,0.8436920642852783,-0.5319241285324097,0.3469054698944092,0.36166685819625854,-1.2939794063568115,0.6323421597480774,0.8320782780647278,-0.48067325353622437,0.3418894112110138,0.3733929991722107,-1.2530499696731567,0.5372815728187561,0.8534982800483704,-0.012194670736789703,0.4199318289756775,0.8501347303390503,0.013316726312041283,0.5394947528839111,1.0607430934906006,-0.12338890135288239,0.4149622321128845,1.0786622762680054,0.12550881505012512,0.5307513475418091,1.2613664865493774,0.34642893075942993,0.4324212670326233,1.238466501235962,0.5929137468338013,0.5325369834899902,1.279845118522644,0.3943414092063904,0.43776631355285645,1.2522436380386353,0.6380913853645325,0.5105629563331604,1.3586432933807373,0.22151413559913635,0.4374088644981384,1.3355860710144043,0.4715985655784607,0.6594060063362122,0.8020651340484619,1.3088339301248197e-07,0.6335219740867615,0.8134005665779114,-0.0015162068884819746,0.6186546683311462,0.8354926705360413,-0.002314481418579817,0.6171653270721436,0.8576152920722961,-0.0024440987035632133,0.6248751878738403,0.8659383058547974,-0.0026870479341596365,0.6406678557395935,0.8543010354042053,-0.00630534952506423,0.635486364364624,0.8816290497779846,-0.0072544533759355545,0.6271651387214661,0.8890378475189209,-0.008011232130229473,0.6209167242050171,0.8908487558364868,-0.008503051474690437,0.6544693112373352,0.8571275472640991,-0.00590885616838932,0.6447669863700867,0.8817412257194519,-0.005289975553750992,0.635616660118103,0.8790764212608337,-0.004274217877537012,0.6315978169441223,0.8706271648406982,-0.004222904797643423,0.6646872758865356,0.8549132347106934,-0.004923081491142511,0.6546048521995544,0.8763957619667053,-0.0028824673499912024,0.646280825138092,0.8742902278900146,-0.001071491395123303,0.6432844400405884,0.865483283996582,-0.0008701153565198183,0.6721403002738953,0.8500583171844482,-0.004081138875335455,0.6639580130577087,0.867662250995636,-0.0020312434062361717,0.6565753221511841,0.8657733798027039,0.0003313205670565367,0.6537878513336182,0.8581449389457703,0.001521388883702457,0.30352815985679626,0.37209805846214294,1.567849921002562e-07,0.31890442967414856,0.3835184872150421,-0.008718276396393776,0.3383736312389374,0.38437506556510925,-0.012807346880435944,0.3528446853160858,0.37723779678344727,-0.01625492051243782,0.36157578229904175,0.3637353181838989,-0.01977904513478279,0.3616252541542053,0.36617395281791687,-0.009378090500831604,0.38555416464805603,0.3597065210342407,-0.01730598509311676,0.40046051144599915,0.35436418652534485,-0.023465288802981377,0.4130465090274811,0.34951701760292053,-0.027489013969898224,0.3587413430213928,0.3539533317089081,-0.01018351037055254,0.38416364789009094,0.34563419222831726,-0.016583522781729698,0.4003956913948059,0.3388107419013977,-0.02185550518333912,0.41393500566482544,0.3333026170730591,-0.025408122688531876,0.3510318994522095,0.34528258442878723,-0.01203493494540453,0.37400728464126587,0.33596426248550415,-0.018050553277134895,0.388335257768631,0.32971176505088806,-0.021907810121774673,0.400762677192688,0.32530954480171204,-0.02442331239581108,0.3389912247657776,0.3387916684150696,-0.014764287509024143,0.3530207872390747,0.3293353021144867,-0.020422285422682762,0.36347657442092896,0.3239169418811798,-0.02249014563858509,0.373532235622406,0.31952205300331116,-0.02351532317698002,0
0.46972203254699707,0.37521567940711975,-0.050720930099487305,0.49092817306518555,0.34993547201156616,-0.014308926649391651,0.5000000596046448,0.3510577380657196,-0.014198711141943932,0.508416473865509,0.3522558808326721,-0.01407910417765379,0.4671419560909271,0.3464336395263672,-0.015217460691928864,0.45987018942832947,0.34480592608451843,-0.01577816903591156,0.45378416776657104,0.3431537449359894,-0.015670448541641235,0.5283474922180176,0.36453506350517273,0.15431484580039978,0.4454357624053955,0.35057058930397034,0.13519549369812012,0.4879809319972992,0.4042375981807709,0.008706042543053627,0.45884042978286743,0.40117916464805603,0.003686466719955206,0.6004854440689087,0.4989100694656372,0.18026402592658997,0.3624047040939331,0.49544045329093933,0.16886767745018005,0.7092857360839844,0.6458028554916382,0.20451799035072327,0.13698233664035797,0.4712896943092346,-0.13109607994556427,0.7148312330245972,0.8587948083877563,0.2145446538925171,0.28163841366767883,0.3868938684463501,-0.3854968249797821,0.7284259796142578,0.908765435218811,0.24822819232940674,0.30695268511772156,0.37243086099624634,-0.39930856227874756,0.7025643587112427,0.9091969132423401,0.22363927960395813,0.33582520484924316,0.36422252655029297,-0.3361351490020752,0.6895648837089539,0.8921465277671814,0.2124709188938141,0.3252832293510437,0.37398529052734375,-0.3633454442024231,0.561852753162384,0.8818421959877014,-0.012046686373651028,0.387760192155838,0.836860716342926,0.012149175629019737,0.6064633131027222,0.8377164006233215,-0.29063108563423157,0.2691531479358673,0.5330143570899963,-0.18285846710205078,0.5053223967552185,0.9216770529747009,-0.18652454018592834,0.2712560296058655,0.3880363702774048,-0.20703783631324768,0.47677016258239746,0.9143715500831604,-0.16801385581493378,0.29731714725494385,0.37104931473731995,-0.21435406804084778,0.4634550213813782,1.0628167390823364,-0.22929319739341736,0.23386521637439728,0.41650786995887756,-0.3705851137638092,0.718364953994751,0.868322491645813,-7.596162809875295e-09,0.6958181858062744,0.8816333413124084,0.0008719922625459731,0.6820361614227295,0.8986214995384216,-0.0003407411277294159,0.6823201179504395,0.913084864616394,-0.002459045732393861,0.690798819065094,0.9222411513328552,-0.005193689372390509,0.6956197023391724,0.9287427663803101,-0.0025742240250110626,0.6869125962257385,0.9387450814247131,-0.005710208788514137,0.6841171383857727,0.9316033720970154,-0.008668269030749798,0.6837165355682373,0.9240163564682007,-0.01061895303428173,0.7133588790893555,0.9360464811325073,-0.0046193767338991165,0.7065014839172363,0.9430181384086609,-0.004056231584399939,0.7035713791847229,0.9328651428222656,-0.004003603011369705,0.7027590274810791,0.9230215549468994,-0.0053098443895578384,0.7305898070335388,0.9331583380699158,-0.006457484792917967,0.7254135608673096,0.9413701891899109,-0.006495153531432152,0.7212174534797668,0.9309747815132141,-0.005195400677621365,0.7192323207855225,0.9201456904411316,-0.005581543315201998,0.7456709742546082,0.9254204630851746,-0.00804606731981039,0.7444553375244141,0.9301809072494507,-0.007461192552000284,0.7400346994400024,0.9219613075256348,-0.004220299422740936,0.7371497750282288,0.9113724231719971,-0.0021570217795670033,0.2879874110221863,0.37176513671875,2.0240531739545986e-07,0.30140426754951477,0.385348916053772,-0.011923699639737606,0.3210061490535736,0.39171820878982544,-0.019832925871014595,0.3348526954650879,0.38767626881599426,-0.026788515970110893,0.3388068377971649,0.36899566650390625,-0.03411327674984932,0.35393381118774414,0.3624423146247864,-0.015773287042975426,0.38062310218811035,0.35182827711105347,-0.026289669796824455,0.39764392375946045,0.34390881657600403,-0.0345597080886364,0.41201266646385193,0.3365616798400879,-0.040274690836668015,0.34844669699668884,0.3493380844593048,-0.017424559220671654,0.3770422041416168,0.33758702874183655,-0.026531364768743515,0.3966280519962311,0.3289416432380676,-0.034385986626148224,0.41353321075439453,0.32232651114463806,-0.03992164134979248,0.33759182691574097,0.33963441848754883,-0.020077068358659744,0.36476925015449524,0.3282366693019867,-0.02840704470872879,0.3818654417991638,0.32141250371932983,-0.03408881649374962,0.3969370722770691,0.31689316034317017,-0.03790817782282829,0.3221112787723541,0.33174434304237366,-0.023789580911397934,0.3398597240447998,0.32232731580734253,-0.031748924404382706,0.3518053889274597,0.3167148232460022,-0.03487743064761162,0.36323511600494385,0.3118009567260742,-0.03660815954208374,0
0.5311118364334106,0.4172168970108032,-0.722464919090271,0.5442254543304443,0.3946913182735443,-0.6853867769241333,0.5534237623214722,0.39551323652267456,-0.6854990124702454,0.5620111227035522,0.39616644382476807,-0.6853904128074646,0.5205589532852173,0.3906687796115875,-0.6909844875335693,0.5137733817100525,0.38881558179855347,-0.6913326382637024,0.5069816708564758,0.3868408501148224,-0.6913754940032959,0.570469319820404,0.4035397171974182,-0.4416676461696625,0.49154987931251526,0.3932569921016693,-0.47819286584854126,0.5423222780227661,0.4441536068916321,-0.6290925145149231,0.5182588696479797,0.4413338601589203,-0.6390634775161743,0.6224980354309082,0.5361079573631287,-0.3012339472770691,0.40950602293014526,0.5048338770866394,-0.3120245337486267,0.6866694092750549,0.6760051846504211,-0.37459057569503784,0.23064318299293518,0.47619977593421936,-0.7328318357467651,0.6872280240058899,0.8042506575584412,-0.5284022092819214,0.37415796518325806,0.4074190855026245,-1.0079232454299927,0.6865631341934204,0.8498623967170715,-0.5662261247634888,0.41145190596580505,0.38952842354774475,-1.073807954788208,0.6733549237251282,0.8404887914657593,-0.5695834755897522,0.42354121804237366,0.38854652643203735,-1.0074212551116943,0.671596884727478,0.827595591545105,-0.5323477983474731,0.4163355231285095,0.3977825343608856,-0.9930356740951538,0.5620116591453552,0.8380596041679382,-0.003811141476035118,0.4402956962585449,0.8290978074073792,0.004653601907193661,0.5766371488571167,0.821826159954071,-0.6559770703315735,0.40703845024108887,0.8449640274047852,-0.6317700743675232,0.5524188280105591,1.1308693885803223,-0.7162845134735107,0.4190135598182678,1.1235072612762451,-0.7444499135017395,0.5412017107009888,1.1803569793701172,-0.723325788974762,0.42896437644958496,1.1704728603363037,-0.7590259313583374,0.5460664629936218,1.2189801931381226,-0.9274572134017944,0.42155885696411133,1.2038426399230957,-1.0043824911117554,0.6930292248725891,0.7892559766769409,1.9017916486063768e-07,0.6746665835380554,0.7944130301475525,-0.010571739636361599,0.6650519967079163,0.816020667552948,-0.013460378162562847,0.6612530946731567,0.8362829685211182,-0.014128124341368675,0.6570873260498047,0.8510981798171997,-0.01390514150261879,0.6892480850219727,0.83297199010849,-0.012406852096319199,0.6772969365119934,0.8596752285957336,-0.017720770090818405,0.6651260256767273,0.8711880445480347,-0.020196255296468735,0.6549213528633118,0.8772172331809998,-0.02095850370824337,0.69554203748703,0.8363094925880432,-0.007628041785210371,0.6800783276557922,0.8604232668876648,-0.012628206051886082,0.6663633584976196,0.86988365650177,-0.014429922215640545,0.6545012593269348,0.8738387227058411,-0.015016862191259861,0.69676673412323,0.8367326855659485,-0.0034872775431722403,0.68135005235672,0.8567752242088318,-0.008069354109466076,0.6691088080406189,0.8649322986602783,-0.009861023165285587,0.6588461995124817,0.8680755496025085,-0.010147363878786564,0.6952177882194519,0.8358736038208008,-0.00011144395830342546,0.6828519701957703,0.8524682521820068,-0.0040159644559025764,0.6726158857345581,0.8606274127960205,-0.0058763339184224606,0.6639310121536255,0.864677906036377,-0.006334677338600159,0.3835420310497284,0.4068562388420105,1.4717507212935743e-07,0.4003215432167053,0.42117762565612793,-0.006250596139580011,0.4207984209060669,0.4244184195995331,-0.010036085732281208,0.43734341859817505,0.42176926136016846,-0.013505356386303902,0.44841325283050537,0.41108790040016174,-0.017307156696915627,0.4400424361228943,0.40347206592559814,-0.009250507690012455,0.46387770771980286,0.3928239643573761,-0.016845352947711945,0.47896990180015564,0.38669490814208984,-0.022301940247416496,0.4914282262325287,0.38185957074165344,-0.0257366094738245,0.43643277883529663,0.3928191661834717,-0.010860205627977848,0.46222788095474243,0.3821885287761688,-0.01759638451039791,0.4795072376728058,0.37547653913497925,-0.022775176912546158,0.4939236342906952,0.3701121211051941,-0.02617553621530533,0.42899614572525024,0.3842366337776184,-0.01307440735399723,0.45286643505096436,0.3736855387687683,-0.019287152215838432,0.4685588479042053,0.3671969771385193,-0.02311296947300434,0.48204538226127625,0.3624476194381714,-0.025424381718039513,0.41868165135383606,0.3773745596408844,-0.015778258442878723,0.4355345368385315,0.3687298893928528,-0.021727565675973892,0.44762900471687317,0.36379173398017883,-0.02407335676252842,0.4585895240306854,0.35955727100372314,-0.0251294132322073,0
0.0,0.0,0.0,0.0,0.0,0.0,0.0,0.0,0.0,0.0,0.0,0.0,0.0,0.0,0.0,0.0,0.0,0.0,0.0,0.0,0.0,0.0,0.0,0.0,0.0,0.0,0.0,0.0,0.0,0.0,0.0,0.0,0.0,0.0,0.0,0.0,0.0,0.0,0.0,0.0,0.0,0.0,0.0,0.0,0.0,0.0,0.0,0.0,0.0,0.0,0.0,0.0,0.0,0.0,0.0,0.0,0.0,0.0,0.0,0.0,0.0,0.0,0.0,0.0,0.0,0.0,0.0,0.0,0.0,0.0,0.0,0.0,0.0,0.0,0.0,0.0,0.0,0.0,0.0,0.0,0.0,0.0,0.0,0.0,0.0,0.0,0.0,0.0,0.0,0.0,0.0,0.0,0.0,0.0,0.0,0.0,0.0,0.0,0.0,0.0,0.0,0.0,0.0,0.0,0.0,0.0,0.0,0.0,0.0,0.0,0.0,0.0,0.0,0.0,0.0,0.0,0.0,0.0,0.0,0.0,0.0,0.0,0.0,0.0,0.0,0.0,0.0,0.0,0.0,0.0,0.0,0.0,0.0,0.0,0.0,0.0,0.0,0.0,0.0,0.0,0.0,0.0,0.0,0.0,0.0,0.0,0.0,0.0,0.0,0.0,0.0,0.0,0.0,0.0,0.0,0.0,0.0,0.0,0.0,0.0,0.0,0.0,0.0,0.0,0.0,0.0,0.0,0.0,0.0,0.0,0.0,0.0,0.0,0.0,0.0,0.0,0.0,0.0,0.0,0.0,0.0,0.0,0.0,0.0,0.0,0.0,0.0,0.0,0.0,0.0,0.0,0.0,0.0,0.0,0.0,0.0,0.0,0.0,0.0,0.0,0.0,0.0,0.0,0.0,0.0,0.0,0.0,0.0,0.0,0.0,0.0,0.0,0.0,0.0,0.0,0.0,0.0,0.0,0.0,0.0,0.0,0.0,0.0,0.0,0.0,0
0.5809321403503418,0.4872889518737793,-1.2561863660812378,0.6036150455474854,0.45900875329971313,-1.2088404893875122,0.6172540783882141,0.4600977897644043,-1.2084120512008667,0.6293917894363403,0.4611048698425293,-1.2080389261245728,0.5660097599029541,0.45332419872283936,-1.2128522396087646,0.5555820465087891,0.4519570469856262,-1.2133474349975586,0.5455419421195984,0.45088088512420654,-1.213207483291626,0.6501593589782715,0.469981849193573,-0.8231314420700073,0.5399617552757263,0.4532355070114136,-0.8512343168258667,0.6096113920211792,0.5280866622924805,-1.1043418645858765,0.5641130208969116,0.5183421969413757,-1.114036202430725,0.7526264786720276,0.6077255606651306,-0.48243075609207153,0.46583661437034607,0.5618122220039368,-0.5004739165306091,0.8513458371162415,0.7649912238121033,-0.3050095736980438,0.24308231472969055,0.5756560564041138,-0.8905539512634277,0.8298391103744507,0.9310790300369263,-0.3915770649909973,0.42207521200180054,0.45051348209381104,-1.2822052240371704,0.8305007219314575,0.9881798624992371,-0.41104382276535034,0.4650525152683258,0.4284319281578064,-1.3713594675064087,0.8077481985092163,0.9703437685966492,-0.45142707228660583,0.4874952435493469,0.427362322807312,-1.3111369609832764,0.7940142154693604,0.9575770497322083,-0.4098582863807678,0.472891628742218,0.43599194288253784,-1.2780561447143555,0.6664978861808777,1.0469188690185547,0.031199345365166664,0.4624020457267761,1.028334379196167,-0.02526984177529812,0.6312180161476135,1.4627009630203247,-0.3743186891078949,0.4427393078804016,1.4284471273422241,-0.387472540140152,0.6026418805122375,1.8797608613967896,-0.0703924298286438,0.4233968257904053,1.811615228652954,-0.20786137878894806,0.6001133322715759,1.9445762634277344,-0.04249797761440277,0.41470250487327576,1.8600780963897705,-0.19732791185379028,0.5735911130905151,1.9951274394989014,-0.3704756498336792,0.45848146080970764,1.9447803497314453,-0.58298259973526,0.8381340503692627,0.9180522561073303,1.6562823645926983e-07,0.7967358827590942,0.9265940189361572,-0.006128001492470503,0.7643195390701294,0.9586617946624756,-0.009730003774166107,0.7470703721046448,0.995020866394043,-0.011846905574202538,0.7434567809104919,1.0275503396987915,-0.014633900485932827,0.7795512676239014,0.9852659702301025,-0.0166607853025198,0.7647660970687866,1.03307044506073,-0.02461150847375393,0.7574595212936401,1.0616073608398438,-0.029190383851528168,0.752798318862915,1.0817018747329712,-0.03184496983885765,0.802720308303833,0.9966880083084106,-0.016833698377013206,0.7861045002937317,1.0443838834762573,-0.02319280244410038,0.7779014706611633,1.072471022605896,-0.02702917717397213,0.7714819312095642,1.0931447744369507,-0.030267639085650444,0.8236660957336426,1.0042788982391357,-0.016708044335246086,0.80805504322052,1.0481740236282349,-0.021477432921528816,0.8001783490180969,1.0743770599365234,-0.02222386933863163,0.793987512588501,1.093814730644226,-0.023225044831633568,0.8425765633583069,1.0086619853973389,-0.016787607222795486,0.8304513096809387,1.046106219291687,-0.020761877298355103,0.8233962655067444,1.0676888227462769,-0.02048449218273163,0.8182997703552246,1.084871530532837,-0.019933592528104782,0.4014286398887634,0.4664960205554962,1.3290963352119434e-07,0.42729443311691284,0.4827743470668793,-0.009547369554638863,0.4576456844806671,0.4803234934806824,-0.012699616141617298,0.4810866415500641,0.4674634635448456,-0.015377302654087543,0.4985181391239166,0.45623576641082764,-0.017909744754433632,0.47873759269714355,0.45782577991485596,-0.007099144626408815,0.5101315379142761,0.44450119137763977,-0.01583103835582733,0.5284134149551392,0.43667322397232056,-0.022427905350923538,0.5444421172142029,0.430691659450531,-0.02690105512738228,0.4746159315109253,0.4417573809623718,-0.00839348416775465,0.5086702108383179,0.42888498306274414,-0.01583530195057392,0.5298991203308105,0.42103010416030884,-0.021592408418655396,0.5482658743858337,0.41572338342666626,-0.02545914426445961,0.46520283818244934,0.4299458861351013,-0.011293787509202957,0.4968135952949524,0.4164777100086212,-0.018940618261694908,0.5166537165641785,0.40910375118255615,-0.023337023332715034,0.5345650911331177,0.4040428400039673,-0.026157690212130547,0.45079371333122253,0.4200965464115143,-0.015228638425469398,0.4706893265247345,0.40769368410110474,-0.022524649277329445,0.4851464331150055,0.40072405338287354,-0.025237463414669037,0.4989685118198395,0.3948977589607239,-0.02674860507249832,0
0.4529089033603668,0.3132437467575073,-1.2541543245315552,0.47965121269226074,0.2749074101448059,-1.2280423641204834,0.495851993560791,0.27570149302482605,-1.2283382415771484,0.5113996267318726,0.2759474217891693,-1.228502631187439,0.44611620903015137,0.27642542123794556,-1.2117066383361816,0.4376293122768402,0.2774202227592468,-1.2123664617538452,0.4310592710971832,0.27817100286483765,-1.212342619895935,0.555309534072876,0.2876172661781311,-0.9568909406661987,0.4340898096561432,0.2886313796043396,-0.8681467175483704,0.4861834645271301,0.3587261736392975,-1.1358312368392944,0.44562163949012756,0.3579486012458801,-1.1140472888946533,0.7120733857154846,0.5015949010848999,-0.7151433229446411,0.38920995593070984,0.461328387260437,-0.5680977702140808,0.7703436017036438,0.7741538882255554,-0.7358165979385376,0.12948839366436005,0.4571554958820343,-0.9185948371887207,0.7070049047470093,0.6531206965446472,-0.7849189043045044,0.24045881628990173,0.3187336325645447,-1.3045119047164917,0.6955031156539917,0.6388786435127258,-0.8217464685440063,0.2719149589538574,0.2796986699104309,-1.3879753351211548,0.6933590769767761,0.6129274368286133,-0.8218461275100708,0.30717307329177856,0.2769370377063751,-1.3235626220703125,0.6885399222373962,0.6213945746421814,-0.7872066497802734,0.3050087094306946,0.2895199656486511,-1.2956533432006836,0.6102892756462097,0.9980723261833191,-0.0326380580663681,0.41789746284484863,0.9875208735466003,0.0358075313270092,0.6147682666778564,1.3963674306869507,0.02718215063214302,0.43553900718688965,1.4281049966812134,0.08898784220218658,0.611052930355072,1.7120879888534546,0.5502587556838989,0.42865777015686035,1.7972465753555298,0.46986880898475647,0.6159060597419739,1.7566732168197632,0.6025415062904358,0.4340168535709381,1.8486559391021729,0.5029819011688232,0.5734302401542664,1.852877140045166,0.3543334901332855,0.4296342432498932,1.9406564235687256,0.21071958541870117,0.0,0.0,0.0,0.0,0.0,0.0,0.0,0.0,0.0,0.0,0.0,0.0,0.0,0.0,0.0,0.0,0.0,0.0,0.0,0.0,0.0,0.0,0.0,0.0,0.0,0.0,0.0,0.0,0.0,0.0,0.0,0.0,0.0,0.0,0.0,0.0,0.0,0.0,0.0,0.0,0.0,0.0,0.0,0.0,0.0,0.0,0.0,0.0,0.0,0.0,0.0,0.0,0.0,0.0,0.0,0.0,0.0,0.0,0.0,0.0,0.0,0.0,0.0,0.20794400572776794,0.2979259192943573,2.873845801332209e-07,0.2213573008775711,0.31633806228637695,-0.023152217268943787,0.2390052080154419,0.3172864019870758,-0.037023432552814484,0.251960813999176,0.2976856231689453,-0.048169344663619995,0.2638970911502838,0.275858610868454,-0.05927528813481331,0.2925855815410614,0.30054154992103577,-0.029606837779283524,0.3304140567779541,0.28771787881851196,-0.045654863119125366,0.35485702753067017,0.2760043740272522,-0.05751211941242218,0.37493422627449036,0.26548656821250916,-0.0656014084815979,0.2900391221046448,0.2796415388584137,-0.02858112007379532,0.3303057849407196,0.2660733163356781,-0.04335889220237732,0.35853081941604614,0.2534586489200592,-0.055953919887542725,0.38246262073516846,0.24433770775794983,-0.06428340077400208,0.2775127589702606,0.263327032327652,-0.029185984283685684,0.31551438570022583,0.24898989498615265,-0.04257330670952797,0.34025904536247253,0.23603840172290802,-0.05358709767460823,0.36230647563934326,0.22805042564868927,-0.06079520657658577,0.25759267807006836,0.24961836636066437,-0.03156907483935356,0.27599063515663147,0.23308902978897095,-0.0452016144990921,0.28954872488975525,0.22201669216156006,-0.0524660125374794,0.3029137849807739,0.2141772210597992,-0.056485045701265335,0
0.5565427541732788,0.19383743405342102,-0.842531681060791,0.5720731019973755,0.169873908162117,-0.8083359599113464,0.5823718905448914,0.17207740247249603,-0.8083969950675964,0.5913602709770203,0.17391811311244965,-0.8082166910171509,0.5394418239593506,0.16432428359985352,-0.8134328126907349,0.5281115770339966,0.16281838715076447,-0.8138189315795898,0.5182361006736755,0.16177965700626373,-0.8138011693954468,0.5978679656982422,0.18313837051391602,-0.5401461124420166,0.5022028088569641,0.1730126291513443,-0.5626015663146973,0.5741491317749023,0.22656330466270447,-0.7324047088623047,0.5304532051086426,0.22275511920452118,-0.7384775280952454,0.6711799502372742,0.33134815096855164,-0.34730827808380127,0.4077676236629486,0.2957116961479187,-0.37324032187461853,0.7131878733634949,0.5074772834777832,-0.39011213183403015,0.1871388554573059,0.3718161880970001,-0.7989097833633423,0.680059552192688,0.6943972110748291,-0.5516037344932556,0.3222757875919342,0.22700686752796173,-1.0950379371643066,0.674858808517456,0.7621219158172607,-0.5898951292037964,0.3566433787345886,0.1882980465888977,-1.1788772344589233,0.6559292674064636,0.7528448700904846,-0.6073735356330872,0.37781816720962524,0.18369945883750916,-1.10014808177948,0.6529091596603394,0.7303524613380432,-0.560845673084259,0.37484830617904663,0.1967637687921524,-1.0761454105377197,0.5732395648956299,0.724673330783844,-0.02706051990389824,0.4185543656349182,0.7051951885223389,0.029187330976128578,0.5590955018997192,0.9040167331695557,-0.5310066342353821,0.3760121166706085,0.8520700335502625,-0.4117182791233063,0.5736147165298462,1.3326778411865234,-0.3667251765727997,0.3569229245185852,1.2471187114715576,-0.28710129857063293,0.5772095918655396,1.3781322240829468,-0.3525550365447998,0.36314713954925537,1.2963858842849731,-0.28066855669021606,0.5411656498908997,1.5005202293395996,-0.625311017036438,0.3523978292942047,1.404327392578125,-0.5585936307907104,0.6948960423469543,0.7157076597213745,2.540506898185413e-07,0.6642621159553528,0.7345011830329895,-0.003677060129120946,0.6481536030769348,0.7574677467346191,-0.0051291813142597675,0.6419675946235657,0.7803181409835815,-0.006301524583250284,0.6360238194465637,0.7995449304580688,-0.00708456477150321,0.6757109761238098,0.7862144112586975,0.0012884949101135135,0.660519540309906,0.8103193640708923,0.0019365416374057531,0.6507183909416199,0.8184425830841064,0.001274891896173358,0.6437374353408813,0.8234850764274597,0.0006297386717051268,0.691872239112854,0.7863219976425171,0.002346083289012313,0.6738150119781494,0.8098033666610718,0.004514083731919527,0.6623510122299194,0.8157790303230286,0.004521260503679514,0.654026448726654,0.8172906637191772,0.003692234866321087,0.7028377652168274,0.7811076045036316,0.0030468772165477276,0.6849601864814758,0.8030180335044861,0.005612466484308243,0.6744308471679688,0.809219241142273,0.0076935309916734695,0.6674739718437195,0.8102380633354187,0.008090307004749775,0.7096462845802307,0.7730652093887329,0.003162702312693,0.6953765749931335,0.7913389801979065,0.005638157948851585,0.6848269701004028,0.7983071208000183,0.008697595447301865,0.677604615688324,0.8001722693443298,0.010709661059081554,0.31940943002700806,0.22554916143417358,1.6936577651449625e-07,0.34715718030929565,0.22711531817913055,-0.006387408822774887,0.37085282802581787,0.21817192435264587,-0.010348055511713028,0.3870253264904022,0.2056838423013687,-0.014673808589577675,0.3929336965084076,0.18593859672546387,-0.019340410828590393,0.38383209705352783,0.19131863117218018,-0.00725559750571847,0.41019031405448914,0.1756809800863266,-0.01704075187444687,0.4253844916820526,0.16603907942771912,-0.02459014765918255,0.4395754337310791,0.15731218457221985,-0.029602492228150368,0.3763914704322815,0.18012742698192596,-0.010387121699750423,0.40370234847068787,0.1622825711965561,-0.018174458295106888,0.42106491327285767,0.1516329050064087,-0.02440555766224861,0.43708816170692444,0.14266976714134216,-0.02905907854437828,0.36370590329170227,0.1732325702905655,-0.014756780117750168,0.3855086863040924,0.15484996140003204,-0.022317973896861076,0.39998090267181396,0.14516174793243408,-0.026670554652810097,0.4140946865081787,0.13763894140720367,-0.029840171337127686,0.346638560295105,0.16986526548862457,-0.019901946187019348,0.3581838309764862,0.1537076085805893,-0.02657594531774521,0.3680606484413147,0.1429595798254013,-0.029057513922452927,0.378469318151474,0.13259904086589813,-0.030865222215652466,0
0.427517831325531,0.39271730184555054,-0.5256590843200684,0.4425341486930847,0.3632482588291168,-0.48780351877212524,0.45227664709091187,0.36213067173957825,-0.48782315850257874,0.4619557857513428,0.36025992035865784,-0.48774081468582153,0.4205302298069,0.36547812819480896,-0.4832232892513275,0.4142085611820221,0.36566537618637085,-0.48349255323410034,0.4085024297237396,0.36559876799583435,-0.48336702585220337,0.48577484488487244,0.36993420124053955,-0.23766592144966125,0.41116729378700256,0.37287774682044983,-0.2251017838716507,0.450725793838501,0.4246214032173157,-0.42971673607826233,0.4222606122493744,0.42679518461227417,-0.4264480173587799,0.593949019908905,0.5135308504104614,-0.11367043107748032,0.35397106409072876,0.5078269839286804,-0.05153130739927292,0.6960780024528503,0.6987063884735107,-0.1008470207452774,0.13462980091571808,0.49184274673461914,-0.34112125635147095,0.6282368302345276,0.7927605509757996,-0.22957560420036316,0.2835884094238281,0.3769591450691223,-0.5706880688667297,0.619570255279541,0.8442109823226929,-0.26926177740097046,0.3245643079280853,0.34203973412513733,-0.6482384204864502,0.5991075038909912,0.816966712474823,-0.2839571535587311,0.340207040309906,0.34587162733078003,-0.5776604413986206,0.5994470715522766,0.7893579602241516,-0.24126036465168,0.33432191610336304,0.3575405180454254,-0.561385452747345,0.5321325063705444,0.9591860175132751,-0.0035922727547585964,0.38853758573532104,0.9611215591430664,0.007300996221601963,0.5404852628707886,1.3177119493484497,-0.06687844544649124,0.3853410482406616,1.314062476158142,-0.06976612657308578,0.5408850908279419,1.6248444318771362,0.23357684910297394,0.3985002338886261,1.6112278699874878,0.1370771825313568,0.5431736707687378,1.6667847633361816,0.2639044523239136,0.40053755044937134,1.6441749334335327,0.152418315410614,0.5257955193519592,1.7344214916229248,0.06295417249202728,0.4114765226840973,1.731235146522522,-0.08571255207061768,0.6514889001846313,0.8214419484138489,1.7111928229951445e-07,0.6256737112998962,0.8341054320335388,-0.004667349625378847,0.6136249899864197,0.8595130443572998,-0.004146885592490435,0.610226035118103,0.8833227157592773,-0.0024602089542895555,0.60568767786026,0.8992516994476318,-0.0004185530706308782,0.632300853729248,0.8835518956184387,0.0029993068892508745,0.6281195282936096,0.907869279384613,0.007155675441026688,0.6246712803840637,0.9202733039855957,0.009125440381467342,0.6219418048858643,0.928858757019043,0.009880298748612404,0.6474039554595947,0.8848650455474854,0.006168580614030361,0.6417555212974548,0.9088913798332214,0.011562067084014416,0.6355497241020203,0.918561577796936,0.013254835270345211,0.6315495371818542,0.9228957891464233,0.013687408529222012,0.6583326458930969,0.880890965461731,0.00885521899908781,0.6535758376121521,0.9047822952270508,0.012818397022783756,0.647026538848877,0.9148964285850525,0.014178765006363392,0.6425849199295044,0.9196503162384033,0.014493044465780258,0.66478031873703,0.873897910118103,0.01102037075906992,0.6610202789306641,0.8941860198974609,0.01326944399625063,0.6560657620429993,0.9039996862411499,0.014855616725981236,0.6524593830108643,0.909863293170929,0.016054190695285797,0.26989760994911194,0.40116962790489197,1.46858241123482e-07,0.2960391044616699,0.4044351577758789,-0.004692861810326576,0.3188256025314331,0.39803841710090637,-0.008021984249353409,0.3338152766227722,0.3887740969657898,-0.01187764760106802,0.340817391872406,0.37330612540245056,-0.0159208495169878,0.33308061957359314,0.37073248624801636,-0.006534895393997431,0.35819798707962036,0.35846781730651855,-0.014765212312340736,0.372516930103302,0.35164675116539,-0.020730402320623398,0.3857731819152832,0.34646013379096985,-0.02485674060881138,0.3267482817173004,0.3600345551967621,-0.010144670493900776,0.3524022698402405,0.34607407450675964,-0.017062639817595482,0.3686165511608124,0.3397555649280548,-0.02219535782933235,0.3831236958503723,0.3348879814147949,-0.02584950253367424,0.314718097448349,0.3542954921722412,-0.014716214500367641,0.3321501314640045,0.33432114124298096,-0.022044263780117035,0.3430265188217163,0.32307738065719604,-0.026564618572592735,0.354306161403656,0.3143059015274048,-0.029835477471351624,0.29886096715927124,0.353985995054245,-0.019786620512604713,0.3058391809463501,0.339290589094162,-0.02677157148718834,0.3118123412132263,0.32937538623809814,-0.029637278988957405,0.31865885853767395,0.3202158510684967,-0.031655024737119675,0
0.47250086069107056,0.2341022789478302,-0.9400266408920288,0.4889398515224457,0.20292235910892487,-0.8997767567634583,0.5019562244415283,0.20397643744945526,-0.8999167680740356,0.5102757215499878,0.205092191696167,-0.900160014629364,0.4606510102748871,0.203254833817482,-0.9004696607589722,0.4486543536186218,0.20528776943683624,-0.9009410738945007,0.44074568152427673,0.20664450526237488,-0.9008913040161133,0.5238454341888428,0.21298696100711823,-0.6084184050559998,0.4296024739742279,0.2191879153251648,-0.624532163143158,0.499967098236084,0.26508888602256775,-0.8257241249084473,0.4541509747505188,0.26992547512054443,-0.8298488855361938,0.6262918710708618,0.36143630743026733,-0.43417835235595703,0.3581995368003845,0.3445844352245331,-0.40894073247909546,0.6913522481918335,0.5565308928489685,-0.4005698263645172,0.1644214540719986,0.43739959597587585,-0.8015427589416504,0.687285304069519,0.7652115225791931,-0.5426377058029175,0.2919252812862396,0.2833040654659271,-1.136437177658081,0.6890829801559448,0.8423340916633606,-0.5801905393600464,0.34173908829689026,0.25484466552734375,-1.209699034690857,0.6729977130889893,0.8199375867843628,-0.6146039366722107,0.3633653223514557,0.24910512566566467,-1.1468979120254517,0.6617053747177124,0.8030998706817627,-0.5585078001022339,0.34927839040756226,0.2567879259586334,-1.1225574016571045,0.5519031286239624,0.8045132160186768,-0.03441811352968216,0.3841688334941864,0.7865108847618103,0.037034131586551666,0.5430455803871155,1.0183860063552856,-0.5023784637451172,0.3695436120033264,1.0332541465759277,-0.0686369314789772,0.5415555238723755,1.3598819971084595,-0.14087693393230438,0.37428492307662964,1.2935243844985962,0.34681448340415955,0.5462778210639954,1.395471215248108,-0.09750612825155258,0.37887126207351685,1.328860878944397,0.3912908732891083,0.504956066608429,1.4898604154586792,-0.3197733759880066,0.3685086965560913,1.4102715253829956,0.19437521696090698,0.6945992112159729,0.7737728953361511,2.3017599914965103e-07,0.667015790939331,0.7843090295791626,-0.00820879079401493,0.6489667892456055,0.8033493161201477,-0.012699251063168049,0.6421201825141907,0.8278282880783081,-0.015957744792103767,0.6425483226776123,0.8502134680747986,-0.019254783168435097,0.6749436259269714,0.8298227787017822,-0.00990389846265316,0.665328860282898,0.8619145750999451,-0.014150949195027351,0.653807520866394,0.8710187077522278,-0.0167120061814785,0.6446552276611328,0.8715938925743103,-0.017621612176299095,0.6938180923461914,0.8312704563140869,-0.007877458818256855,0.6845117807388306,0.8648583889007568,-0.010188519954681396,0.6723349690437317,0.8716023564338684,-0.011206178925931454,0.6627589464187622,0.8679096698760986,-0.012134550139307976,0.7083032131195068,0.8274335861206055,-0.006335963495075703,0.7012594938278198,0.85920649766922,-0.007761097978800535,0.6897631883621216,0.8661020398139954,-0.007297992240637541,0.6805604100227356,0.8616336584091187,-0.0073202624917030334,0.7185511589050293,0.8213827013969421,-0.005505864042788744,0.7145635485649109,0.8467878103256226,-0.006526782177388668,0.7047684192657471,0.8528276085853577,-0.005242087412625551,0.6961807012557983,0.8499612808227539,-0.004155958071351051,0.28375542163848877,0.2748756408691406,4.020054333864209e-08,0.3171387314796448,0.2838403880596161,-0.007807326037436724,0.34993940591812134,0.2847920060157776,-0.011059435084462166,0.37758398056030273,0.2817784547805786,-0.014507775194942951,0.3998321294784546,0.2723982334136963,-0.018225234001874924,0.36462390422821045,0.24221055209636688,-0.003815038362517953,0.39444097876548767,0.22496534883975983,-0.012671190313994884,0.4093307554721832,0.2154058814048767,-0.020845001563429832,0.42264148592948914,0.20623278617858887,-0.026561105623841286,0.35513168573379517,0.23070591688156128,-0.0068365540355443954,0.3878924250602722,0.21259303390979767,-0.014091147109866142,0.40498870611190796,0.20033344626426697,-0.021122457459568977,0.4197317361831665,0.18925383687019348,-0.026645585894584656,0.34128206968307495,0.22231702506542206,-0.011524331755936146,0.36979660391807556,0.20418429374694824,-0.01882660761475563,0.3859401047229767,0.19437503814697266,-0.02283504605293274,0.4003652036190033,0.18687018752098083,-0.026080043986439705,0.3236507177352905,0.2150236815214157,-0.01726642996072769,0.34229299426078796,0.201966792345047,-0.02356671169400215,0.3556637167930603,0.19639822840690613,-0.02503630891442299,0.36825913190841675,0.1918797343969345,-0.02618112787604332,0
0.5195068120956421,0.20928393304347992,-1.2292778491973877,0.5414984822273254,0.17403365671634674,-1.2005373239517212,0.5551041960716248,0.17712824046611786,-1.200765609741211,0.5690963864326477,0.1804865449666977,-1.2013276815414429,0.5096689462661743,0.16796737909317017,-1.1995328664779663,0.4992852210998535,0.16647998988628387,-1.2001392841339111,0.4877762794494629,0.16585758328437805,-1.200442910194397,0.5932517051696777,0.2018701434135437,-0.9248577952384949,0.46775779128074646,0.18047945201396942,-0.9250324368476868,0.5359944701194763,0.25014904141426086,-1.1153755187988281,0.4989705979824066,0.244603231549263,-1.1154530048370361,0.6616803407669067,0.3664809763431549,-0.720751166343689,0.3752261996269226,0.31757470965385437,-0.705231785774231,0.7341831922531128,0.547659158706665,-0.8077951669692993,0.17717821896076202,0.3679472506046295,-1.0796692371368408,0.6364556550979614,0.5736294984817505,-1.0312440395355225,0.2895786464214325,0.28482285141944885,-1.4035698175430298,0.6100873351097107,0.6079765558242798,-1.101420283317566,0.31564798951148987,0.2665376365184784,-1.4818352460861206,0.5951360464096069,0.5818150639533997,-1.0886636972427368,0.35252541303634644,0.23788191378116608,-1.4381414651870728,0.5874502658843994,0.5669201612472534,-1.0320103168487549,0.33677464723587036,0.2705271542072296,-1.397803783416748,0.564848780632019,0.8109316229820251,-0.001765756867825985,0.3894738554954529,0.8005145192146301,0.0024413333740085363,0.5716887712478638,1.096798062324524,-0.15926989912986755,0.3923618495464325,1.106725811958313,-0.1612459421157837,0.550965428352356,1.331881046295166,0.3650906980037689,0.38487327098846436,1.3661261796951294,0.25374549627304077,0.5439838767051697,1.3584530353546143,0.4232366681098938,0.38346198201179504,1.3966503143310547,0.29994887113571167,0.5399879813194275,1.4736019372940063,0.2797377407550812,0.4010526239871979,1.5132476091384888,0.11092069000005722,0.0,0.0,0.0,0.0,0.0,0.0,0.0,0.0,0.0,0.0,0.0,0.0,0.0,0.0,0.0,0.0,0.0,0.0,0.0,0.0,0.0,0.0,0.0,0.0,0.0,0.0,0.0,0.0,0.0,0.0,0.0,0.0,0.0,0.0,0.0,0.0,0.0,0.0,0.0,0.0,0.0,0.0,0.0,0.0,0.0,0.0,0.0,0.0,0.0,0.0,0.0,0.0,0.0,0.0,0.0,0.0,0.0,0.0,0.0,0.0,0.0,0.0,0.0,0.3090042173862457,0.22434450685977936,1.6367376076686924e-07,0.33298102021217346,0.23718790709972382,-0.008554784581065178,0.3656993508338928,0.22963528335094452,-0.011410152539610863,0.3896433115005493,0.2200784683227539,-0.014195476658642292,0.40883782505989075,0.21001003682613373,-0.017252886667847633,0.3880952000617981,0.1996181160211563,-0.007313909009099007,0.419066846370697,0.18373632431030273,-0.01701529696583748,0.4383105933666229,0.1735064536333084,-0.024677177891135216,0.45429882407188416,0.16403691470623016,-0.030002111569046974,0.3829180598258972,0.18657788634300232,-0.010315566323697567,0.4180017113685608,0.1694517880678177,-0.019636616110801697,0.44077640771865845,0.15797358751296997,-0.02739591710269451,0.4608727693557739,0.14736542105674744,-0.032603975385427475,0.37191078066825867,0.1770690232515335,-0.014842350035905838,0.40591588616371155,0.15999823808670044,-0.024210968986153603,0.42743349075317383,0.15125323832035065,-0.030057456344366074,0.4468175172805786,0.1439441740512848,-0.033728089183568954,0.35559967160224915,0.16906636953353882,-0.020268134772777557,0.3795619606971741,0.15521766245365143,-0.02927987463772297,0.39712339639663696,0.1477459818124771,-0.03318238630890846,0.4141223728656769,0.14184123277664185,-0.03544999659061432,0
0.4514385759830475,0.28866612911224365,-0.1595502346754074,0.4694567620754242,0.2665920853614807,-0.14540259540081024,0.47927847504615784,0.2630924582481384,-0.14502528309822083,0.4946168065071106,0.2595398724079132,-0.14537134766578674,0.44224029779434204,0.27210208773612976,-0.12599001824855804,0.4367918074131012,0.27352485060691833,-0.12636154890060425,0.4260163903236389,0.2735357880592346,-0.12632650136947632,0.5166584849357605,0.26610517501831055,-0.013031880371272564,0.43611201643943787,0.2828720808029175,0.0792820081114769,0.49078208208084106,0.3121533691883087,-0.10342618077993393,0.4480581283569336,0.3146190345287323,-0.07743160426616669,0.6320357918739319,0.42205989360809326,0.01765974424779415,0.393501341342926,0.4105277955532074,0.1609739363193512,0.6491422057151794,0.6273812651634216,-0.05492624640464783,0.2763203978538513,0.48725080490112305,-0.03003746271133423,0.6159907579421997,0.771009087562561,-0.26065319776535034,0.28272244334220886,0.32874447107315063,-0.40236058831214905,0.6109934449195862,0.8356726765632629,-0.31064850091934204,0.312700092792511,0.2944369316101074,-0.48803868889808655,0.5915948748588562,0.8140982985496521,-0.33774667978286743,0.32352426648139954,0.28579187393188477,-0.46065235137939453,0.5868072509765625,0.8037292957305908,-0.27813461422920227,0.3264276385307312,0.29117947816848755,-0.4106326103210449,0.559876024723053,0.9148922562599182,-0.027459662407636642,0.4082180857658386,0.8903998732566833,0.02974032424390316,0.5295273065567017,1.2536345720291138,0.015972644090652466,0.37935367226600647,1.25321626663208,0.05719112232327461,0.489098459482193,1.5383855104446411,0.34823960065841675,0.3394433856010437,1.59100341796875,0.19164922833442688,0.49050432443618774,1.5744786262512207,0.39041799306869507,0.33610910177230835,1.6413406133651733,0.20712070167064667,0.4552590250968933,1.6502865552902222,0.2541399300098419,0.3225262463092804,1.6985838413238525,0.026111220940947533,0.6252834796905518,0.7695148587226868,2.43104700814456e-08,0.6045885682106018,0.7845754027366638,-0.006595885846763849,0.5904396176338196,0.8019484281539917,-0.011074929498136044,0.5784979462623596,0.8148112297058105,-0.014987681992352009,0.5686110854148865,0.8241989016532898,-0.0189660731703043,0.6210163235664368,0.828004777431488,-0.009940080344676971,0.6328482031822205,0.8556519746780396,-0.015119394287467003,0.633116602897644,0.8608092665672302,-0.019342541694641113,0.6307047009468079,0.8568224906921387,-0.021744392812252045,0.6385962963104248,0.8236064314842224,-0.00915423035621643,0.6511394381523132,0.8497677445411682,-0.012489230372011662,0.6510517001152039,0.8498311042785645,-0.014476591721177101,0.6476635932922363,0.842201828956604,-0.016331331804394722,0.6516366004943848,0.8149901628494263,-0.008742461912333965,0.6634021997451782,0.8368649482727051,-0.011521018110215664,0.6644133925437927,0.8391071557998657,-0.011638866737484932,0.6614720225334167,0.8339734077453613,-0.012015484273433685,0.6609665751457214,0.8046949505805969,-0.008929016068577766,0.6708434224128723,0.8208906054496765,-0.010867985896766186,0.6730988025665283,0.8244319558143616,-0.010075063444674015,0.6716366410255432,0.8230010271072388,-0.009321937337517738,0.2748671770095825,0.3074350655078888,1.665462718847266e-07,0.2957260310649872,0.31824952363967896,-0.008442343212664127,0.3223966062068939,0.31564950942993164,-0.01253550872206688,0.3460177183151245,0.3132893443107605,-0.016032112762331963,0.36552807688713074,0.31336063146591187,-0.01985151506960392,0.3358277678489685,0.29114216566085815,-0.012321543879806995,0.3617744445800781,0.2793034613132477,-0.021401507779955864,0.3776557445526123,0.27088382840156555,-0.0273026991635561,0.3913073241710663,0.26339831948280334,-0.03141658008098602,0.32980531454086304,0.278856486082077,-0.01442644651979208,0.3561003804206848,0.2668488025665283,-0.022980714216828346,0.3741649091243744,0.2580921947956085,-0.02900564670562744,0.38930755853652954,0.25084835290908813,-0.033189330250024796,0.31776735186576843,0.27036988735198975,-0.017412062734365463,0.33912578225135803,0.25536641478538513,-0.026265153661370277,0.3531459867954254,0.2461390197277069,-0.03133599832653999,0.36608317494392395,0.23983842134475708,-0.03471726179122925,0.30120861530303955,0.26435309648513794,-0.021007325500249863,0.31135356426239014,0.25015348196029663,-0.030359894037246704,0.3197786509990692,0.24246713519096375,-0.03433656692504883,0.328833669424057,0.23590883612632751,-0.03654450178146362,0
0.5598562955856323,0.20197872817516327,-0.8817014694213867,0.5757756233215332,0.17109237611293793,-0.8437824249267578,0.5870140194892883,0.17207635939121246,-0.8436509966850281,0.598750650882721,0.1731320470571518,-0.8442118763923645,0.5461406111717224,0.16877512633800507,-0.8388540148735046,0.5360164046287537,0.16850592195987701,-0.8395746946334839,0.5250062942504883,0.16890834271907806,-0.8395859003067017,0.6202134490013123,0.18859921395778656,-0.554625391960144,0.5141276717185974,0.18577508628368378,-0.5409139394760132,0.578883945941925,0.24478347599506378,-0.768596887588501,0.5429506897926331,0.2441985309123993,-0.7651016116142273,0.722240686416626,0.3874925971031189,-0.3328137993812561,0.43068593740463257,0.34769585728645325,-0.33887919783592224,0.7504593133926392,0.6250271201133728,-0.17771494388580322,0.23631291091442108,0.37309280037879944,-0.6654700040817261,0.749003529548645,0.8423712253570557,-0.3103330135345459,0.3372214734554291,0.25689780712127686,-1.076112151145935,0.7581081986427307,0.9221604466438293,-0.3401731848716736,0.36270421743392944,0.22273679077625275,-1.1667603254318237,0.7384880781173706,0.9134059548377991,-0.3978252708911896,0.4128652513027191,0.19463053345680237,-1.1239368915557861,0.7344478368759155,0.8869335055351257,-0.33447930216789246,0.40800753235816956,0.21489691734313965,-1.075195074081421,0.6188077926635742,0.8804779648780823,0.020445331931114197,0.4340122640132904,0.8693308234214783,-0.017643405124545097,0.605734646320343,1.2633849382400513,-0.06529603898525238,0.43152540922164917,1.2482134103775024,-0.07264983654022217,0.5726608633995056,1.5949140787124634,0.3346320688724518,0.406024694442749,1.5955431461334229,0.16149312257766724,0.5647799372673035,1.6472396850585938,0.3794214427471161,0.39423030614852905,1.6453938484191895,0.18482466042041779,0.563399076461792,1.7242481708526611,0.18860922753810883,0.4392131268978119,1.7313916683197021,-0.07143539190292358,0.7624465823173523,0.8426337242126465,2.8418003239494283e-07,0.735368013381958,0.8584701418876648,-0.015624507330358028,0.7244011163711548,0.8927879929542542,-0.02005103975534439,0.7205514311790466,0.9249183535575867,-0.020769339054822922,0.7138886451721191,0.947852373123169,-0.020079540088772774,0.7612976431846619,0.9196250438690186,-0.014913232997059822,0.7444337010383606,0.9595849514007568,-0.018897201865911484,0.7290917038917542,0.9743574261665344,-0.0208758357912302,0.7170153260231018,0.9829733967781067,-0.02139490842819214,0.7754650712013245,0.9206628203392029,-0.006560672540217638,0.7564245462417603,0.9572525024414062,-0.010432427749037743,0.7398302555084229,0.9673442244529724,-0.011143658310174942,0.7266671657562256,0.9713884592056274,-0.010835203342139721,0.7819023132324219,0.9182093739509583,0.0009405252058058977,0.7635068297386169,0.9506689310073853,-0.0025577552150934935,0.7480239868164062,0.9595731496810913,-0.003130189375951886,0.7353708148002625,0.9622949957847595,-0.002742279088124633,0.7824192643165588,0.9150351285934448,0.007210456766188145,0.7674214839935303,0.9413793087005615,0.0036957217380404472,0.7546029090881348,0.9500939249992371,0.0027170630637556314,0.743710994720459,0.953894317150116,0.0032165611628443003,0.3038685619831085,0.2524566948413849,9.046440396787148e-08,0.3328632414340973,0.26566946506500244,-0.009130720049142838,0.36534321308135986,0.25833162665367126,-0.013227167539298534,0.3889610469341278,0.24564580619335175,-0.017196306958794594,0.4070647358894348,0.2306186854839325,-0.021466007456183434,0.38814258575439453,0.22108657658100128,-0.010678322985768318,0.4239465296268463,0.20030812919139862,-0.02134779468178749,0.4439922273159027,0.18838413059711456,-0.02931915782392025,0.4608815312385559,0.17785540223121643,-0.03502649813890457,0.38196322321891785,0.20801827311515808,-0.01387451495975256,0.42071765661239624,0.18485517799854279,-0.02380846068263054,0.4427528381347656,0.17217160761356354,-0.03215734288096428,0.46215417981147766,0.1611204594373703,-0.038373760879039764,0.3696150481700897,0.1987971067428589,-0.01844749227166176,0.405095636844635,0.1750943958759308,-0.028515003621578217,0.42664530873298645,0.16334594786167145,-0.035662341862916946,0.44536739587783813,0.15409329533576965,-0.04073476791381836,0.35243991017341614,0.1917102038860321,-0.023849641904234886,0.37642234563827515,0.17344875633716583,-0.033724408596754074,0.3939090073108673,0.16258998215198517,-0.038897983729839325,0.4104953110218048,0.15303939580917358,-0.04250562563538551,0
0.5851298570632935,0.19650863111019135,-0.8662878274917603,0.603899359703064,0.16758660972118378,-0.8205311894416809,0.6143025159835815,0.16849319636821747,-0.8205747604370117,0.6250879764556885,0.16898341476917267,-0.8207800984382629,0.5743569135665894,0.166313037276268,-0.8159079551696777,0.566318690776825,0.1661420464515686,-0.8164598345756531,0.5579760670661926,0.16608478128910065,-0.8164451718330383,0.647081732749939,0.184207484126091,-0.524176299571991,0.5466026663780212,0.18203115463256836,-0.5038434267044067,0.6046537160873413,0.230836421251297,-0.7465312480926514,0.572904109954834,0.2320515215396881,-0.7448986768722534,0.7525187134742737,0.3536142110824585,-0.2931045889854431,0.4745989441871643,0.327981173992157,-0.2509090304374695,0.7999616265296936,0.5793551206588745,-0.09152571111917496,0.2621832489967346,0.3743595778942108,-0.6369699239730835,0.7941955327987671,0.7504510283470154,-0.07747350633144379,0.40037861466407776,0.2559604048728943,-1.0156973600387573,0.7953790426254272,0.8254626393318176,-0.07646701484918594,0.44148844480514526,0.21312478184700012,-1.078161597251892,0.7748796343803406,0.8037813901901245,-0.13500717282295227,0.4636569917201996,0.20370535552501678,-1.017313838005066,0.7730765342712402,0.7856467366218567,-0.09610423445701599,0.4595601558685303,0.21671798825263977,-0.9990872144699097,0.6645371913909912,0.8076373338699341,-0.017708122730255127,0.4835498332977295,0.8086040616035461,0.02121901325881481,0.6716092824935913,1.074537754058838,-0.6680675745010376,0.49894553422927856,1.1845570802688599,-0.40643271803855896,0.6760473847389221,1.528032660484314,-0.6944843530654907,0.49244675040245056,1.569390058517456,-0.5943737030029297,0.6737746596336365,1.6046661138534546,-0.6904222369194031,0.4922698438167572,1.6378226280212402,-0.6154486536979675,0.6638054251670837,1.630092740058899,-0.9083318710327148,0.515011191368103,1.676747441291809,-0.9070417284965515,0.8069716691970825,0.7859808206558228,2.3373162605366815e-07,0.7770417928695679,0.7964915633201599,-0.00617878045886755,0.7598949670791626,0.8204261064529419,-0.011218118481338024,0.7530823945999146,0.8454025387763977,-0.014542585238814354,0.7537888884544373,0.8676074147224426,-0.01835688017308712,0.7836416363716125,0.8371161818504333,-0.019676851108670235,0.7722071409225464,0.8735832571983337,-0.02462947741150856,0.7626087665557861,0.8839729428291321,-0.024606427177786827,0.7557269930839539,0.8837421536445618,-0.023085245862603188,0.8032710552215576,0.8407425880432129,-0.018352527171373367,0.7919148206710815,0.8795159459114075,-0.020801668986678123,0.7800580263137817,0.8886531591415405,-0.01845410093665123,0.7714945673942566,0.886539876461029,-0.01672167144715786,0.8195644021034241,0.8396914601325989,-0.016590287908911705,0.810012698173523,0.8755886554718018,-0.017411954700946808,0.7980120182037354,0.8834152817726135,-0.014418558217585087,0.7894878387451172,0.8802180290222168,-0.012694365344941616,0.8318708539009094,0.8359096050262451,-0.015056869015097618,0.8263648748397827,0.8654339909553528,-0.01549409981817007,0.8163602352142334,0.8729644417762756,-0.012963738292455673,0.8084511160850525,0.8713488578796387,-0.010878900066018105,0.3759889304637909,0.2578238546848297,3.768877121501646e-08,0.4101253151893616,0.2654531002044678,-0.005281767807900906,0.44302526116371155,0.25970178842544556,-0.005761240608990192,0.4700819253921509,0.2529999911785126,-0.00666869105771184,0.48955705761909485,0.2423824667930603,-0.007496444508433342,0.4599297046661377,0.229513019323349,0.004362888168543577,0.4889691472053528,0.20972862839698792,4.286680996301584e-05,0.5021784901618958,0.1975971907377243,-0.005496875382959843,0.5132773518562317,0.18713253736495972,-0.00941785890609026,0.45039236545562744,0.21517811715602875,0.003035689005628228,0.47938433289527893,0.19597969949245453,0.0010851614642888308,0.49400636553764343,0.18352369964122772,-0.00375964492559433,0.506384015083313,0.17391516268253326,-0.007923710159957409,0.43658357858657837,0.2048896849155426,0.0001980174711206928,0.4617839455604553,0.18675357103347778,-0.0012133370619267225,0.47534462809562683,0.17691108584403992,-0.0028440067544579506,0.4875333905220032,0.1703099012374878,-0.005066227167844772,0.4189944565296173,0.1973484605550766,-0.0036713629961013794,0.4349818229675293,0.1842096447944641,-0.00432933121919632,0.4466668665409088,0.17764349281787872,-0.003137681633234024,0.4578467905521393,0.1728922724723816,-0.002712961984798312,0
0.6540049314498901,0.2934955954551697,-0.391414999961853,0.6759896278381348,0.2738451659679413,-0.353831022977829,0.6867148876190186,0.27836573123931885,-0.35367676615715027,0.6969125270843506,0.2819797694683075,-0.3535829782485962,0.6478661298751831,0.26262566447257996,-0.353908509016037,0.6393227577209473,0.2591070830821991,-0.35414814949035645,0.6321614980697632,0.25575101375579834,-0.35408109426498413,0.707425057888031,0.29943811893463135,-0.1102866381406784,0.6222257614135742,0.2649734914302826,-0.12307669222354889,0.6666326522827148,0.33261850476264954,-0.29766610264778137,0.631898045539856,0.3194514811038971,-0.3024411201477051,0.7635496854782104,0.479765921831131,-0.011111699044704437,0.5190014243125916,0.3961322009563446,0.0047599682584404945,0.8036913871765137,0.7181433439254761,0.03483470529317856,0.34202292561531067,0.4263981282711029,-0.1833883821964264,0.8193233609199524,0.8893550038337708,-0.15025469660758972,0.2649185061454773,0.42735952138900757,-0.6117196679115295,0.8385124206542969,0.9549726843833923,-0.18732933700084686,0.22375591099262238,0.44235527515411377,-0.6933530569076538,0.8248003721237183,0.9355341196060181,-0.2584764361381531,0.2344284951686859,0.4468640685081482,-0.7153395414352417,0.8191280364990234,0.923370361328125,-0.18839403986930847,0.24431869387626648,0.4439655542373657,-0.6383094191551208,0.6897815465927124,0.9352107644081116,0.02285507693886757,0.5232329368591309,0.9180085062980652,-0.019290687516331673,0.6803911924362183,1.3255869150161743,-0.08565051853656769,0.5173274874687195,1.3365164995193481,-0.14005404710769653,0.6588627099990845,1.647335410118103,0.10135813057422638,0.5001703500747681,1.6697050333023071,-0.040364038199186325,0.6497043371200562,1.6928343772888184,0.11927284300327301,0.4973142743110657,1.7125755548477173,-0.037130217999219894,0.649836540222168,1.762536644935608,-0.07510057836771011,0.5121714472770691,1.7934207916259766,-0.28626173734664917,0.8253805637359619,0.8973374366760254,1.2210649913413363e-07,0.8134321570396423,0.9288733005523682,-0.01312991976737976,0.8152271509170532,0.962548553943634,-0.014815553091466427,0.8156461715698242,0.9901245832443237,-0.013924517668783665,0.8134924173355103,1.009783387184143,-0.010865050368010998,0.8472760915756226,0.9689577221870422,-0.0037966957315802574,0.8331422805786133,1.0058974027633667,-0.006427826825529337,0.817009687423706,1.0078508853912354,-0.008732294663786888,0.8089192509651184,1.001847505569458,-0.009098351933062077,0.8513426184654236,0.965409517288208,0.0040900525636971,0.836773693561554,0.9996484518051147,0.003006391692906618,0.8205069899559021,0.9998764991760254,0.0004116985364817083,0.8119177222251892,0.9934768676757812,-0.0012082954635843635,0.8496360778808594,0.961280107498169,0.010553517378866673,0.8357471823692322,0.9918070435523987,0.009250684641301632,0.821585476398468,0.992414116859436,0.006360936909914017,0.8144734501838684,0.986790657043457,0.004664394073188305,0.8459195494651794,0.9582621455192566,0.01603236421942711,0.8346196413040161,0.9835327863693237,0.015059716068208218,0.823200523853302,0.9853230118751526,0.01370729599148035,0.8171513676643372,0.9798105955123901,0.013311595655977726,0.0,0.0,0.0,0.0,0.0,0.0,0.0,0.0,0.0,0.0,0.0,0.0,0.0,0.0,0.0,0.0,0.0,0.0,0.0,0.0,0.0,0.0,0.0,0.0,0.0,0.0,0.0,0.0,0.0,0.0,0.0,0.0,0.0,0.0,0.0,0.0,0.0,0.0,0.0,0.0,0.0,0.0,0.0,0.0,0.0,0.0,0.0,0.0,0.0,0.0,0.0,0.0,0.0,0.0,0.0,0.0,0.0,0.0,0.0,0.0,0.0,0.0,0.0,0
