0,1,2,3,4,5,6,7,8,9,10,11,12,13,14,15,16,17,18,19,20,21,22,23,24,25,26,27,28,29,30,31,32,33,34,35,36,37,38,39,40,41,42,43,44,45,46,47,48,49,50,51,52,53,54,55,56,57,58,59,60,61,62,63,64,65,66,67,68,69,70,71,72,73,74,75,76,77,78,79,80,81,82,83,84,85,86,87,88,89,90,91,92,93,94,95,96,97,98,99,100,101,102,103,104,105,106,107,108,109,110,111,112,113,114,115,116,117,118,119,120,121,122,123,124,125,126,127,128,129,130,131,132,133,134,135,136,137,138,139,140,141,142,143,144,145,146,147,148,149,150,151,152,153,154,155,156,157,158,159,160,161,162,163,164,165,166,167,168,169,170,171,172,173,174,175,176,177,178,179,180,181,182,183,184,185,186,187,188,189,190,191,192,193,194,195,196,197,198,199,200,201,202,203,204,205,206,207,208,209,210,211,212,213,214,215,216,217,218,219,220,221,222,223,224,225
0.5563418865203857,0.264711856842041,-1.1484252214431763,0.5784357190132141,0.2094200700521469,-1.0756338834762573,0.5945499539375305,0.20433153212070465,-1.0756356716156006,0.609767496585846,0.19948066771030426,-1.075421690940857,0.5317129492759705,0.22117066383361816,-1.079469084739685,0.5174052119255066,0.22361885011196136,-1.079805850982666,0.5037577152252197,0.22519898414611816,-1.079601526260376,0.6320918798446655,0.2166794389486313,-0.614636242389679,0.48710641264915466,0.24403156340122223,-0.6366217732429504,0.5930708646774292,0.3031724691390991,-0.9704888463020325,0.5365946292877197,0.31200361251831055,-0.977255642414093,0.7758678793907166,0.4845573306083679,-0.2548481225967407,0.3879833221435547,0.4706055819988251,-0.3830774426460266,0.8389069437980652,0.8415215015411377,-0.026397254317998886,0.2172829657793045,0.8057355880737305,-0.8450177907943726,0.8881328701972961,1.1705327033996582,-0.28600674867630005,0.46746349334716797,0.6706586480140686,-1.589687466621399,0.9106405973434448,1.320312738418579,-0.33854880928993225,0.5124414563179016,0.6425854563713074,-1.766538381576538,0.887090802192688,1.3134890794754028,-0.4554670453071594,0.5357224345207214,0.6012749075889587,-1.7195861339569092,0.8722400665283203,1.2730790376663208,-0.3387852907180786,0.5273836255073547,0.6068102717399597,-1.5942041873931885,0.6848224997520447,1.1715641021728516,0.04995030164718628,0.44706496596336365,1.1438568830490112,-0.04190755635499954,0.6945728063583374,1.7856144905090332,-0.30825406312942505,0.4409385323524475,1.7889461517333984,-0.36009731888771057,0.6947084665298462,2.3099515438079834,0.39989233016967773,0.4531189799308777,2.344066619873047,0.06121314689517021,0.6990833282470703,2.389498233795166,0.46863991022109985,0.45154666900634766,2.4283368587493896,0.08979532122612,0.6704199910163879,2.462573289871216,0.10367707908153534,0.4890063405036926,2.5006887912750244,-0.38800156116485596,0.0,0.0,0.0,0.0,0.0,0.0,0.0,0.0,0.0,0.0,0.0,0.0,0.0,0.0,0.0,0.0,0.0,0.0,0.0,0.0,0.0,0.0,0.0,0.0,0.0,0.0,0.0,0.0,0.0,0.0,0.0,0.0,0.0,0.0,0.0,0.0,0.0,0.0,0.0,0.0,0.0,0.0,0.0,0.0,0.0,0.0,0.0,0.0,0.0,0.0,0.0,0.0,0.0,0.0,0.0,0.0,0.0,0.0,0.0,0.0,0.0,0.0,0.0,0.4670431613922119,0.663194477558136,-2.897330091400363e-07,0.4774326980113983,0.6049415469169617,0.005273984745144844,0.5075151324272156,0.5653064250946045,0.004811318125575781,0.5412623882293701,0.5543435215950012,0.0014286256628111005,0.5669220685958862,0.560335636138916,-0.00031449797097593546,0.5368854999542236,0.5656604170799255,0.004234609194099903,0.5812745690345764,0.5597197413444519,-0.002768697217106819,0.5707065463066101,0.5683482885360718,-0.006705696228891611,0.5534799098968506,0.5748199224472046,-0.007321765646338463,0.5477492213249207,0.5958966016769409,-0.00238787685520947,0.5877919793128967,0.5876361727714539,-0.005592851433902979,0.5761483907699585,0.5948140621185303,-0.006208334118127823,0.5580570101737976,0.6008984446525574,-0.0056276763789355755,0.5550933480262756,0.627070963382721,-0.00912031065672636,0.5891638994216919,0.6171302199363708,-0.010100007057189941,0.5780201554298401,0.62127685546875,-0.005191668402403593,0.5611166954040527,0.6260170340538025,-0.0014757553581148386,0.5582950711250305,0.6564384698867798,-0.015710437670350075,0.5876076817512512,0.6440111398696899,-0.012657735496759415,0.5787410140037537,0.643316924571991,-0.004644386470317841,0.5640576481819153,0.6456038951873779,0.0014957975363358855,2
0.55650395154953,0.24998648464679718,-1.5071693658828735,0.5783339738845825,0.2005295306444168,-1.4115264415740967,0.594551146030426,0.19723959267139435,-1.411677598953247,0.609769880771637,0.194783017039299,-1.4116160869598389,0.5288487672805786,0.2119712382555008,-1.4331949949264526,0.5121650695800781,0.21553386747837067,-1.4338222742080688,0.49616867303848267,0.21864810585975647,-1.433611273765564,0.6294481158256531,0.21568985283374786,-0.8439997434616089,0.46865740418434143,0.24221467971801758,-0.9582116007804871,0.5928550958633423,0.29791733622550964,-1.2955389022827148,0.5326409339904785,0.3120056092739105,-1.3296573162078857,0.7760473489761353,0.5335997939109802,-0.37765738368034363,0.31439000368118286,0.5107631683349609,-0.6287445425987244,0.873795211315155,0.9041814208030701,-0.2843323349952698,0.14003075659275055,0.9051100611686707,-1.1839475631713867,0.9008352160453796,1.2140425443649292,-0.8974169492721558,0.4081639349460602,0.7704585194587708,-2.0819742679595947,0.9190624952316284,1.3213884830474854,-1.0073695182800293,0.48077887296676636,0.7397294640541077,-2.2997331619262695,0.8962308764457703,1.3129802942276,-1.1114145517349243,0.5059161186218262,0.6668857336044312,-2.2319817543029785,0.8781183362007141,1.277097463607788,-0.9578961133956909,0.49452948570251465,0.6764622926712036,-2.0813705921173096,0.678345799446106,1.3124433755874634,0.06035734340548515,0.39665329456329346,1.309449315071106,-0.05164323002099991,0.6697964072227478,1.915795087814331,-0.11291982233524323,0.39884236454963684,1.9077478647232056,-0.18867069482803345,0.6589928865432739,2.479726552963257,0.9695020914077759,0.4037310481071472,2.4309659004211426,0.6861259341239929,0.6568921208381653,2.5724453926086426,1.0685124397277832,0.4009837210178375,2.5090644359588623,0.7516719102859497,0.6399053335189819,2.6382787227630615,0.6374019980430603,0.44070854783058167,2.6064867973327637,0.2216411530971527,0.0,0.0,0.0,0.0,0.0,0.0,0.0,0.0,0.0,0.0,0.0,0.0,0.0,0.0,0.0,0.0,0.0,0.0,0.0,0.0,0.0,0.0,0.0,0.0,0.0,0.0,0.0,0.0,0.0,0.0,0.0,0.0,0.0,0.0,0.0,0.0,0.0,0.0,0.0,0.0,0.0,0.0,0.0,0.0,0.0,0.0,0.0,0.0,0.0,0.0,0.0,0.0,0.0,0.0,0.0,0.0,0.0,0.0,0.0,0.0,0.0,0.0,0.0,0.0,0.0,0.0,0.0,0.0,0.0,0.0,0.0,0.0,0.0,0.0,0.0,0.0,0.0,0.0,0.0,0.0,0.0,0.0,0.0,0.0,0.0,0.0,0.0,0.0,0.0,0.0,0.0,0.0,0.0,0.0,0.0,0.0,0.0,0.0,0.0,0.0,0.0,0.0,0.0,0.0,0.0,0.0,0.0,0.0,0.0,0.0,0.0,0.0,0.0,0.0,0.0,0.0,0.0,0.0,0.0,0.0,0.0,0.0,0.0,0.0,0.0,0.0,2
0.4869472086429596,0.28158101439476013,-1.3643683195114136,0.5118643045425415,0.21990010142326355,-1.2967021465301514,0.5314592123031616,0.21694748103618622,-1.2970596551895142,0.5522102117538452,0.2146458774805069,-1.2968661785125732,0.45710498094558716,0.23096053302288055,-1.2958816289901733,0.43466225266456604,0.23555704951286316,-1.2963969707489014,0.411923348903656,0.24030175805091858,-1.2962801456451416,0.595456063747406,0.23562665283679962,-0.8339356184005737,0.3835194706916809,0.26393774151802063,-0.8395554423332214,0.5226066708564758,0.34635069966316223,-1.1861217021942139,0.46232718229293823,0.36420097947120667,-1.189344048500061,0.7363201379776001,0.5850947499275208,-0.47472038865089417,0.2919265031814575,0.5215789675712585,-0.6052421927452087,0.7945445775985718,0.9421624541282654,-0.4424425959587097,0.19227562844753265,0.8431627750396729,-1.1563698053359985,0.7379173636436462,1.2039463520050049,-0.7197542786598206,0.529819905757904,0.7284825444221497,-1.802259087562561,0.7374891638755798,1.2973763942718506,-0.7877560257911682,0.60576331615448,0.6967207193374634,-1.9807713031768799,0.7230812311172485,1.2824795246124268,-0.8635393381118774,0.6141371130943298,0.6511691808700562,-1.901824712753296,0.7121809124946594,1.2536323070526123,-0.7608691453933716,0.600784182548523,0.6558580994606018,-1.793081521987915,0.6374480128288269,1.3125877380371094,0.049943678081035614,0.3525052070617676,1.2930492162704468,-0.0400070883333683,0.6299029588699341,1.9007508754730225,-0.180935338139534,0.368597149848938,1.869051218032837,-0.2827579379081726,0.6417815685272217,2.4819703102111816,0.6669508218765259,0.3879709839820862,2.410430669784546,0.33385929465293884,0.6494002342224121,2.574190855026245,0.7587073445320129,0.3884575068950653,2.4858815670013428,0.38439780473709106,0.607603132724762,2.652646541595459,0.20011171698570251,0.41788044571876526,2.601911783218384,-0.10245166718959808,0.0,0.0,0.0,0.0,0.0,0.0,0.0,0.0,0.0,0.0,0.0,0.0,0.0,0.0,0.0,0.0,0.0,0.0,0.0,0.0,0.0,0.0,0.0,0.0,0.0,0.0,0.0,0.0,0.0,0.0,0.0,0.0,0.0,0.0,0.0,0.0,0.0,0.0,0.0,0.0,0.0,0.0,0.0,0.0,0.0,0.0,0.0,0.0,0.0,0.0,0.0,0.0,0.0,0.0,0.0,0.0,0.0,0.0,0.0,0.0,0.0,0.0,0.0,0.0,0.0,0.0,0.0,0.0,0.0,0.0,0.0,0.0,0.0,0.0,0.0,0.0,0.0,0.0,0.0,0.0,0.0,0.0,0.0,0.0,0.0,0.0,0.0,0.0,0.0,0.0,0.0,0.0,0.0,0.0,0.0,0.0,0.0,0.0,0.0,0.0,0.0,0.0,0.0,0.0,0.0,0.0,0.0,0.0,0.0,0.0,0.0,0.0,0.0,0.0,0.0,0.0,0.0,0.0,0.0,0.0,0.0,0.0,0.0,0.0,0.0,0.0,2
0.534461498260498,0.15976160764694214,-0.22979207336902618,0.5567958354949951,0.14421683549880981,-0.14613135159015656,0.5730087161064148,0.14716516435146332,-0.14547304809093475,0.5889217853546143,0.14890313148498535,-0.1449417769908905,0.517913818359375,0.14346496760845184,-0.14826186001300812,0.5061334371566772,0.14493784308433533,-0.14910291135311127,0.49466997385025024,0.14599286019802094,-0.14886975288391113,0.6162580251693726,0.1883264034986496,0.25668466091156006,0.48285841941833496,0.18066026270389557,0.248225599527359,0.5649158954620361,0.20407375693321228,-0.0811237320303917,0.5087109804153442,0.1997528225183487,-0.08528454601764679,0.7340115308761597,0.4380338788032532,0.34541040658950806,0.37987810373306274,0.44727975130081177,0.3165486454963684,0.7343575358390808,0.7638082504272461,0.11612182855606079,0.18505319952964783,0.7005426287651062,-0.23647868633270264,0.6036975383758545,0.739933967590332,-0.2777365744113922,0.47212710976600647,0.6116770505905151,-0.9207665324211121,0.5735605955123901,0.7634049654006958,-0.3733806908130646,0.5269875526428223,0.6169062852859497,-1.0926271677017212,0.5706968903541565,0.7300301790237427,-0.3792623281478882,0.5572205781936646,0.5762419104576111,-1.002427339553833,0.5770841836929321,0.7300745248794556,-0.2909562885761261,0.5238536596298218,0.5731818079948425,-0.9065448045730591,0.6651216745376587,1.0723388195037842,-4.4559305933944415e-06,0.4031810760498047,1.0584079027175903,0.006138072349131107,0.6571325659751892,1.5932618379592896,-0.4339490532875061,0.4175179600715637,1.5940696001052856,-0.4433419704437256,0.655497670173645,2.1717493534088135,-0.1449326127767563,0.42878037691116333,2.155898332595825,-0.31717896461486816,0.6644477844238281,2.261606454849243,-0.11873622983694077,0.42327961325645447,2.2410318851470947,-0.3141170144081116,0.6208564043045044,2.3120455741882324,-0.48545289039611816,0.4599789083003998,2.2970635890960693,-0.7429338693618774,0.0,0.0,0.0,0.0,0.0,0.0,0.0,0.0,0.0,0.0,0.0,0.0,0.0,0.0,0.0,0.0,0.0,0.0,0.0,0.0,0.0,0.0,0.0,0.0,0.0,0.0,0.0,0.0,0.0,0.0,0.0,0.0,0.0,0.0,0.0,0.0,0.0,0.0,0.0,0.0,0.0,0.0,0.0,0.0,0.0,0.0,0.0,0.0,0.0,0.0,0.0,0.0,0.0,0.0,0.0,0.0,0.0,0.0,0.0,0.0,0.0,0.0,0.0,0.477253794670105,0.5739263296127319,2.1222560064870777e-07,0.5070288777351379,0.539321780204773,0.0062511689029634,0.5440861582756042,0.5237928032875061,0.0069025130942463875,0.5692369937896729,0.5312618613243103,0.0036185141652822495,0.5837143063545227,0.5451802015304565,0.0010607570875436068,0.5692371726036072,0.5123156309127808,0.00886798556894064,0.6085595488548279,0.509653627872467,0.003795324359089136,0.6297510862350464,0.509279191493988,0.0005811891751363873,0.6453825235366821,0.5078312158584595,-0.0009714677580632269,0.5742365121841431,0.5349470376968384,7.022450881777331e-05,0.6112319827079773,0.5437061190605164,-0.004854725673794746,0.632862389087677,0.549649178981781,-0.009270498529076576,0.6492467522621155,0.5524753332138062,-0.011462784372270107,0.5735195279121399,0.5599849224090576,-0.008973399177193642,0.5891311168670654,0.5795385241508484,-0.01422120165079832,0.5741575360298157,0.5828539133071899,-0.014121701940894127,0.5604147911071777,0.5800477862358093,-0.011819166131317616,0.5684909820556641,0.5867907404899597,-0.01810748502612114,0.5764402151107788,0.6032953858375549,-0.01783057674765587,0.5643678903579712,0.6022146344184875,-0.013696619309484959,0.5526766180992126,0.5982765555381775,-0.009431781247258186,2
0.5447982549667358,0.28390011191368103,-1.8363583087921143,0.5610381364822388,0.21120598912239075,-1.7794195413589478,0.5779730081558228,0.20631831884384155,-1.7791084051132202,0.594818651676178,0.20080150663852692,-1.7788797616958618,0.507522702217102,0.22911898791790009,-1.784605622291565,0.488308846950531,0.23668532073497772,-1.7852356433868408,0.46704086661338806,0.24562151730060577,-1.784926176071167,0.6151089072227478,0.22183364629745483,-1.2889397144317627,0.43801194429397583,0.27389612793922424,-1.3142740726470947,0.581889271736145,0.3373642563819885,-1.6383562088012695,0.5140721797943115,0.35687094926834106,-1.6474504470825195,0.7648404836654663,0.5127261281013489,-0.7971276044845581,0.31190139055252075,0.49773210287094116,-0.9046832919120789,0.847649097442627,0.8747462034225464,-0.587988018989563,0.09721443802118301,0.7785546183586121,-1.3922100067138672,0.8414106369018555,1.194932222366333,-0.8318687677383423,0.40026384592056274,0.7652568221092224,-2.0852303504943848,0.8544563055038452,1.2897361516952515,-0.9025324583053589,0.4925940930843353,0.7642049789428711,-2.2657923698425293,0.8157979249954224,1.286791443824768,-0.9830445051193237,0.5230259299278259,0.7167949080467224,-2.1946637630462646,0.8004358410835266,1.2600514888763428,-0.871261715888977,0.5068882703781128,0.710307240486145,-2.082613468170166,0.6658733487129211,1.2337173223495483,0.039888639003038406,0.3669518828392029,1.1925820112228394,-0.03121788427233696,0.6463990211486816,1.8444085121154785,-0.03289204463362694,0.3865700662136078,1.8272186517715454,-0.10280607640743256,0.6452714800834656,2.4057581424713135,0.6579892635345459,0.3917587399482727,2.3270926475524902,0.4979094862937927,0.6522567272186279,2.502147912979126,0.7223814725875854,0.3859713673591614,2.394824504852295,0.5445888042449951,0.6060141324996948,2.5646555423736572,0.29308122396469116,0.43977394700050354,2.513918399810791,0.06921554356813431,0.0,0.0,0.0,0.0,0.0,0.0,0.0,0.0,0.0,0.0,0.0,0.0,0.0,0.0,0.0,0.0,0.0,0.0,0.0,0.0,0.0,0.0,0.0,0.0,0.0,0.0,0.0,0.0,0.0,0.0,0.0,0.0,0.0,0.0,0.0,0.0,0.0,0.0,0.0,0.0,0.0,0.0,0.0,0.0,0.0,0.0,0.0,0.0,0.0,0.0,0.0,0.0,0.0,0.0,0.0,0.0,0.0,0.0,0.0,0.0,0.0,0.0,0.0,0.4216093420982361,0.7525953650474548,-2.48857020324067e-07,0.4682088792324066,0.6992624402046204,0.028751632198691368,0.5112607479095459,0.6861824989318848,0.043315690010786057,0.5460370779037476,0.6891446113586426,0.05758357420563698,0.5706464052200317,0.6977908611297607,0.07435799390077591,0.5425103306770325,0.7028009295463562,-0.0006585530936717987,0.598388135433197,0.7093385457992554,0.01913789100944996,0.6030845642089844,0.7138029932975769,0.049484457820653915,0.5978743433952332,0.7152267098426819,0.0728726014494896,0.5395649671554565,0.7372811436653137,-0.004637513775378466,0.6013171076774597,0.7408360242843628,0.008820109069347382,0.597646951675415,0.7403832077980042,0.036066263914108276,0.5885261297225952,0.7377150058746338,0.05765581503510475,0.5320385694503784,0.7692204713821411,-0.0026941008400171995,0.5864596962928772,0.7690130472183228,0.014826565980911255,0.5830159783363342,0.7625957727432251,0.04168881103396416,0.5715142488479614,0.7571384906768799,0.0598645843565464,0.5196405053138733,0.7953585982322693,0.0022950752172619104,0.562759518623352,0.7927122712135315,0.022587932646274567,0.5643283724784851,0.7828157544136047,0.0431072935461998,0.5548019409179688,0.7767201066017151,0.05847558379173279,2
0.597771942615509,0.1846425086259842,-0.2821449041366577,0.612177312374115,0.1535913646221161,-0.21156299114227295,0.6223227381706238,0.15299229323863983,-0.21133951842784882,0.6327372789382935,0.15202121436595917,-0.2109994888305664,0.5808378458023071,0.15656842291355133,-0.2243163287639618,0.5691167116165161,0.15798354148864746,-0.2245481312274933,0.5560430288314819,0.15963415801525116,-0.22426588833332062,0.6449885368347168,0.16815213859081268,0.15730009973049164,0.5356663465499878,0.17683951556682587,0.10196833312511444,0.614854097366333,0.21475309133529663,-0.1385686695575714,0.5775371193885803,0.21972554922103882,-0.1548987329006195,0.7461228966712952,0.3634684681892395,0.26006850600242615,0.4506670832633972,0.33884507417678833,0.19900622963905334,0.8101862668991089,0.5889224410057068,0.13869896531105042,0.3162703514099121,0.5728346109390259,-0.2852267622947693,0.7765078544616699,0.8297910690307617,-0.2913305163383484,0.4750356078147888,0.4589090645313263,-0.9925295114517212,0.7663326263427734,0.8934928178787231,-0.39380142092704773,0.5246673822402954,0.45549246668815613,-1.1876959800720215,0.7525673508644104,0.8780860900878906,-0.4429100453853607,0.5428102016448975,0.42239707708358765,-1.130959391593933,0.7537291646003723,0.8677956461906433,-0.3239455223083496,0.5321328043937683,0.41985175013542175,-0.994036853313446,0.6847020983695984,0.9442806839942932,0.011161072179675102,0.4893361032009125,0.9584004282951355,-0.006292892154306173,0.6783527135848999,1.48917818069458,-0.1980772167444229,0.46953409910202026,1.4954965114593506,-0.29120132327079773,0.6667277812957764,1.9931819438934326,-0.02895480766892433,0.49186912178993225,1.9915870428085327,-0.23364385962486267,0.6709226369857788,2.0612573623657227,-0.010856492444872856,0.4924244284629822,2.055467367172241,-0.23465697467327118,0.6378304958343506,2.1200733184814453,-0.2839498221874237,0.5128177404403687,2.1222610473632812,-0.5543166399002075,0.7711319923400879,0.7989908456802368,1.609894439980053e-07,0.7511299848556519,0.8142605423927307,-0.013281398452818394,0.7420645952224731,0.8457391858100891,-0.017802976071834564,0.7376018166542053,0.8762323260307312,-0.01960062049329281,0.7305374145507812,0.899112343788147,-0.019706355407834053,0.776049017906189,0.8682887554168701,-0.011894031427800655,0.762988805770874,0.9037056565284729,-0.017231296747922897,0.7476176619529724,0.9098490476608276,-0.020108548924326897,0.7359578013420105,0.908094048500061,-0.02102690376341343,0.7857663631439209,0.8703011870384216,-0.00562076224014163,0.7702426910400391,0.9051212668418884,-0.009836952202022076,0.7544873356819153,0.910032331943512,-0.011311297304928303,0.7421277761459351,0.9083513021469116,-0.011704151518642902,0.7885956764221191,0.8698537945747375,-0.0003239714715164155,0.7737131714820862,0.9009957909584045,-0.0040804981254041195,0.7589438557624817,0.9061222076416016,-0.004758995957672596,0.7472720742225647,0.9049592018127441,-0.004566146060824394,0.7861877679824829,0.8686301112174988,0.0039026313461363316,0.7740857005119324,0.8945418000221252,0.0005754615413025022,0.7620678544044495,0.9015439748764038,1.7497561202617362e-05,0.7520601749420166,0.9027144312858582,0.0006557712913490832,0.5273073315620422,0.4938472509384155,3.561954997621797e-08,0.5404472351074219,0.45749086141586304,0.005247542634606361,0.5594016909599304,0.44402360916137695,0.007661233656108379,0.5781574249267578,0.44403818249702454,0.009467940777540207,0.5896228551864624,0.4481804072856903,0.011856341734528542,0.5887309312820435,0.4565100371837616,0.004313519690185785,0.6223487854003906,0.45850446820259094,0.0064442274160683155,0.6311883926391602,0.4587542712688446,0.009400143288075924,0.6328844428062439,0.4592311978340149,0.012342145666480064,0.592053234577179,0.4769454598426819,0.0025373082607984543,0.6251874566078186,0.4750017523765564,0.005489802919328213,0.6359456181526184,0.47314223647117615,0.008306151255965233,0.6406376957893372,0.47116562724113464,0.010479050688445568,0.5909260511398315,0.49465206265449524,0.0012449735077098012,0.6186404228210449,0.4908616840839386,0.0051348088309168816,0.629892885684967,0.48811715841293335,0.00820165779441595,0.6348973512649536,0.4849332571029663,0.009891388937830925,0.586672306060791,0.5087910294532776,0.0003077241126447916,0.6063281297683716,0.5062417984008789,0.005343559663742781,0.616642951965332,0.5026886463165283,0.009570512920618057,0.6221835613250732,0.498776912689209,0.01261228509247303,2
0.4510294497013092,0.2545204758644104,-1.524674654006958,0.4751470685005188,0.19985328614711761,-1.4509190320968628,0.49072137475013733,0.2009284645318985,-1.4507678747177124,0.5042321681976318,0.20243073999881744,-1.4497568607330322,0.4231394827365875,0.19737617671489716,-1.4578020572662354,0.4043967127799988,0.19652770459651947,-1.4581331014633179,0.386900931596756,0.19636352360248566,-1.4580315351486206,0.5198854804039001,0.2240111529827118,-0.9526857137680054,0.3601536154747009,0.21543626487255096,-0.9817320704460144,0.4776988923549652,0.30760565400123596,-1.333522081375122,0.4106079936027527,0.31161898374557495,-1.34433913230896,0.6311713457107544,0.49689966440200806,-0.7194989919662476,0.18643340468406677,0.5223345160484314,-0.6015044450759888,0.8052404522895813,0.8864291906356812,-1.2556507587432861,0.09102451801300049,0.9242404103279114,-0.8421557545661926,0.5152629017829895,0.7622343897819519,-2.146557331085205,0.06110168248414993,1.244188666343689,-1.5413782596588135,0.44179701805114746,0.7363066077232361,-2.3825125694274902,0.030116450041532516,1.3669021129608154,-1.688894510269165,0.4180370271205902,0.6834120154380798,-2.28916335105896,0.06975999474525452,1.3624013662338257,-1.7640905380249023,0.4420396387577057,0.6811816692352295,-2.142691135406494,0.08781944215297699,1.3196969032287598,-1.596987247467041,0.5756785869598389,1.2197142839431763,0.021510185673832893,0.29095393419265747,1.2212014198303223,-0.013406796380877495,0.5578972101211548,1.7732218503952026,-0.23726603388786316,0.2896312177181244,1.7557851076126099,-0.3100132942199707,0.5343626737594604,2.2809035778045654,0.6292116641998291,0.2744388282299042,2.259704113006592,0.33368414640426636,0.5326815247535706,2.368906259536743,0.71155846118927,0.26718127727508545,2.3378653526306152,0.3873690962791443,0.5024296045303345,2.442852258682251,0.27900388836860657,0.3134062886238098,2.4315526485443115,-0.08172395825386047,0.5466594696044922,0.7846906781196594,3.138166846383683e-07,0.5317847728729248,0.7089340090751648,-0.001910657505504787,0.4939604699611664,0.6552506685256958,-0.0061342474073171616,0.4616281986236572,0.6118184924125671,-0.010178825818002224,0.4472275972366333,0.5701919794082642,-0.014684747904539108,0.4246733486652374,0.6790302991867065,-0.014667049050331116,0.3569650948047638,0.6494652628898621,-0.023670827969908714,0.31705960631370544,0.634486973285675,-0.02883617766201496,0.2856174409389496,0.6258319616317749,-0.032295357435941696,0.40700647234916687,0.7180349230766296,-0.019796939566731453,0.3295448422431946,0.6836916208267212,-0.02829127199947834,0.2833872437477112,0.6673281788825989,-0.033006928861141205,0.2477812021970749,0.6563949584960938,-0.03652941435575485,0.39848756790161133,0.756344735622406,-0.024196207523345947,0.32805097103118896,0.7216778993606567,-0.030746251344680786,0.2862684726715088,0.702994704246521,-0.03637263923883438,0.2561008334159851,0.6894868016242981,-0.04085894301533699,0.3978620767593384,0.7939226627349854,-0.028405705466866493,0.344070166349411,0.7756709456443787,-0.03366727754473686,0.31122443079948425,0.7623752355575562,-0.03568476065993309,0.28516530990600586,0.7503390908241272,-0.03688976913690567,0.0,0.0,0.0,0.0,0.0,0.0,0.0,0.0,0.0,0.0,0.0,0.0,0.0,0.0,0.0,0.0,0.0,0.0,0.0,0.0,0.0,0.0,0.0,0.0,0.0,0.0,0.0,0.0,0.0,0.0,0.0,0.0,0.0,0.0,0.0,0.0,0.0,0.0,0.0,0.0,0.0,0.0,0.0,0.0,0.0,0.0,0.0,0.0,0.0,0.0,0.0,0.0,0.0,0.0,0.0,0.0,0.0,0.0,0.0,0.0,0.0,0.0,0.0,2
0.5220625400543213,0.2901333272457123,-0.7671778798103333,0.5406860709190369,0.25120046734809875,-0.6940579414367676,0.5519611835479736,0.25309255719184875,-0.6940575838088989,0.5628498792648315,0.2548254430294037,-0.6939020156860352,0.5076802372932434,0.24367783963680267,-0.7105585932731628,0.4947928786277771,0.24056968092918396,-0.7111213803291321,0.4819231927394867,0.23783306777477264,-0.7109507322311401,0.5668085217475891,0.2664259374141693,-0.264693021774292,0.4535169005393982,0.25132888555526733,-0.348616361618042,0.5300847291946411,0.33875900506973267,-0.6009169816970825,0.49313122034072876,0.3346234858036041,-0.6253594160079956,0.6607893705368042,0.4969218671321869,-0.028807353228330612,0.3043084740638733,0.4501657485961914,-0.1464146375656128,0.7466524839401245,0.7889059782028198,0.01929423213005066,0.11851204931735992,0.6533671021461487,-0.7322424650192261,0.7254137992858887,0.9942687749862671,-0.3208157420158386,0.3625243604183197,0.5547858476638794,-1.4350180625915527,0.7339857816696167,1.1270782947540283,-0.40078720450401306,0.44191327691078186,0.5331020355224609,-1.6048856973648071,0.7093323469161987,1.1117488145828247,-0.46323704719543457,0.4427780508995056,0.509367048740387,-1.5356030464172363,0.7050634622573853,1.0858749151229858,-0.357094943523407,0.42987337708473206,0.5247525572776794,-1.431750774383545,0.6067772507667542,1.1004277467727661,0.03119679167866707,0.380853533744812,1.088529348373413,-0.023686612024903297,0.6266213655471802,1.6472986936569214,-0.34619179368019104,0.39028000831604004,1.6454545259475708,-0.39300107955932617,0.6446508169174194,2.167595624923706,0.160776287317276,0.4187052845954895,2.181273937225342,-0.12447534501552582,0.6545303463935852,2.238647699356079,0.21153147518634796,0.41883835196495056,2.2567756175994873,-0.10822810232639313,0.6167134642601013,2.312438488006592,-0.11515005677938461,0.44578981399536133,2.3219380378723145,-0.5339057445526123,0.0,0.0,0.0,0.0,0.0,0.0,0.0,0.0,0.0,0.0,0.0,0.0,0.0,0.0,0.0,0.0,0.0,0.0,0.0,0.0,0.0,0.0,0.0,0.0,0.0,0.0,0.0,0.0,0.0,0.0,0.0,0.0,0.0,0.0,0.0,0.0,0.0,0.0,0.0,0.0,0.0,0.0,0.0,0.0,0.0,0.0,0.0,0.0,0.0,0.0,0.0,0.0,0.0,0.0,0.0,0.0,0.0,0.0,0.0,0.0,0.0,0.0,0.0,0.39184945821762085,0.5683392286300659,-4.2174971781605564e-07,0.4169903099536896,0.5111305117607117,-0.003280275734141469,0.45141392946243286,0.48174020648002625,-0.005968363955616951,0.48432958126068115,0.4741452634334564,-0.010188966989517212,0.5075992941856384,0.4742404520511627,-0.012721631675958633,0.5023280382156372,0.5188186764717102,0.007950250059366226,0.5165682435035706,0.48122742772102356,-0.0022147265262901783,0.49628549814224243,0.47568508982658386,-0.012767153792083263,0.4812557101249695,0.4874711036682129,-0.01859915629029274,0.5066636204719543,0.5355275869369507,0.005374770611524582,0.5169093608856201,0.4986000657081604,-0.001745890243910253,0.4983219504356384,0.4932924509048462,-0.008193456567823887,0.48413902521133423,0.5037049651145935,-0.01165490411221981,0.5047870874404907,0.5503436326980591,0.0011677832808345556,0.5145754218101501,0.514396607875824,-0.004843177739530802,0.49759846925735474,0.5086458921432495,-0.003714891616255045,0.48443326354026794,0.5162293910980225,-0.0018003822769969702,0.49948811531066895,0.5625832080841064,-0.0038429314736276865,0.5110347867012024,0.5331383943557739,-0.004968412686139345,0.498386025428772,0.5278006792068481,0.0007131624734029174,0.48723304271698,0.5333150029182434,0.00634061498567462,2
0.4964931011199951,0.2680862843990326,-1.617213487625122,0.523455023765564,0.21308301389217377,-1.5430734157562256,0.5400551557540894,0.21033556759357452,-1.5430338382720947,0.5545700788497925,0.20886372029781342,-1.542533278465271,0.4688985347747803,0.22304995357990265,-1.549919605255127,0.4498363137245178,0.2262400984764099,-1.550362467765808,0.4329010844230652,0.22947224974632263,-1.5499861240386963,0.5814935564994812,0.22987867891788483,-1.0221363306045532,0.41705188155174255,0.24621166288852692,-1.0576245784759521,0.5299655795097351,0.3200072646141052,-1.4170496463775635,0.471627801656723,0.33251211047172546,-1.4288753271102905,0.727495014667511,0.4972986876964569,-0.5568171143531799,0.30832618474960327,0.46702349185943604,-0.7202222943305969,0.8695076704025269,0.8169267773628235,-0.5177274942398071,0.099786676466465,0.7330557703971863,-1.270305871963501,0.8191139101982117,1.1343905925750732,-1.047541856765747,0.3817550241947174,0.6656941771507263,-2.1221399307250977,0.8174903988838196,1.2418867349624634,-1.161480188369751,0.4524803161621094,0.6547752618789673,-2.3379006385803223,0.7744536995887756,1.225563883781433,-1.2416774034500122,0.4794037342071533,0.6289976835250854,-2.274414300918579,0.7675139307975769,1.1949917078018188,-1.0909322500228882,0.46969661116600037,0.6227205991744995,-2.122023105621338,0.6234804391860962,1.1195276975631714,0.053370069712400436,0.369148313999176,1.104865312576294,-0.04605637118220329,0.6753838658332825,1.649975061416626,-0.34135013818740845,0.42982736229896545,1.6612164974212646,-0.4112977087497711,0.6741204261779785,2.1756973266601562,0.3800831437110901,0.42782846093177795,2.1747162342071533,0.1090068370103836,0.6758275032043457,2.26188325881958,0.4435414671897888,0.41861334443092346,2.2501633167266846,0.14507578313350677,0.6602219939231873,2.314894914627075,0.05289071798324585,0.47223415970802307,2.323272705078125,-0.3305622935295105,0.0,0.0,0.0,0.0,0.0,0.0,0.0,0.0,0.0,0.0,0.0,0.0,0.0,0.0,0.0,0.0,0.0,0.0,0.0,0.0,0.0,0.0,0.0,0.0,0.0,0.0,0.0,0.0,0.0,0.0,0.0,0.0,0.0,0.0,0.0,0.0,0.0,0.0,0.0,0.0,0.0,0.0,0.0,0.0,0.0,0.0,0.0,0.0,0.0,0.0,0.0,0.0,0.0,0.0,0.0,0.0,0.0,0.0,0.0,0.0,0.0,0.0,0.0,0.0,0.0,0.0,0.0,0.0,0.0,0.0,0.0,0.0,0.0,0.0,0.0,0.0,0.0,0.0,0.0,0.0,0.0,0.0,0.0,0.0,0.0,0.0,0.0,0.0,0.0,0.0,0.0,0.0,0.0,0.0,0.0,0.0,0.0,0.0,0.0,0.0,0.0,0.0,0.0,0.0,0.0,0.0,0.0,0.0,0.0,0.0,0.0,0.0,0.0,0.0,0.0,0.0,0.0,0.0,0.0,0.0,0.0,0.0,0.0,0.0,0.0,0.0,2
0.5036410093307495,0.3248865008354187,-1.1310832500457764,0.5262866616249084,0.26551252603530884,-1.0607807636260986,0.5434873700141907,0.26464778184890747,-1.0606924295425415,0.5577520132064819,0.2648351490497589,-1.0601378679275513,0.46875399351119995,0.2700490951538086,-1.0509822368621826,0.4491836130619049,0.2737358510494232,-1.0514076948165894,0.43322983384132385,0.27916085720062256,-1.0513134002685547,0.5822941064834595,0.29722750186920166,-0.6341577768325806,0.4166640341281891,0.32633304595947266,-0.590508759021759,0.5403256416320801,0.392568439245224,-0.9705535173416138,0.47620725631713867,0.39849647879600525,-0.9607195854187012,0.7306133508682251,0.6148569583892822,-0.42565640807151794,0.30699509382247925,0.6799848079681396,-0.3697374761104584,0.904053807258606,0.9648205041885376,-0.9307640194892883,0.26072001457214355,1.072863221168518,-0.8157445788383484,0.6380810141563416,0.8602100014686584,-1.7197849750518799,0.4606707990169525,0.9865735769271851,-1.5411583185195923,0.563035786151886,0.8186527490615845,-1.9203389883041382,0.5237730145454407,0.9405043125152588,-1.7145309448242188,0.5429897308349609,0.760861337184906,-1.8195587396621704,0.5269668698310852,0.9205950498580933,-1.6729177236557007,0.5598093271255493,0.7766481637954712,-1.7047817707061768,0.5188001394271851,0.9322044253349304,-1.5452663898468018,0.6593521237373352,1.335330605506897,0.007616852410137653,0.39184150099754333,1.3281816244125366,-0.000975371222011745,0.6502689123153687,1.844363808631897,-0.11363621801137924,0.3885599672794342,1.8490490913391113,-0.09862865507602692,0.6215865612030029,2.326789617538452,0.6238139867782593,0.3714483678340912,2.3195738792419434,0.4348740577697754,0.6183571815490723,2.4042837619781494,0.6935039162635803,0.3649815022945404,2.386690855026245,0.48017483949661255,0.595363438129425,2.480346202850342,0.32774263620376587,0.3883377015590668,2.4898149967193604,0.07980731129646301,0.617393434047699,0.8310883045196533,-2.8550644515235035e-07,0.6034129858016968,0.7549468278884888,0.010828281752765179,0.5697075724601746,0.703594982624054,0.014288476668298244,0.5415170788764954,0.6659649610519409,0.01432629581540823,0.5331176519393921,0.630527675151825,0.01429200079292059,0.5281321406364441,0.6889820694923401,0.01214078813791275,0.4997391104698181,0.6884149312973022,0.010636502876877785,0.5121663212776184,0.7099014520645142,0.006175991613417864,0.5304568409919739,0.7213385105133057,0.0032472924795001745,0.5096408128738403,0.7256229519844055,0.005891810636967421,0.4861750304698944,0.7252169251441956,0.009716368280351162,0.4993734657764435,0.742259681224823,0.01020622719079256,0.5178155899047852,0.7501237392425537,0.009052271954715252,0.49686095118522644,0.7669996023178101,0.0004376867727842182,0.4815053641796112,0.7645897269248962,0.0060761794447898865,0.49490976333618164,0.7764637470245361,0.0101826386526227,0.5132957100868225,0.7836276888847351,0.010509123094379902,0.48841699957847595,0.8092168569564819,-0.004519234877079725,0.47963589429855347,0.8049653172492981,0.0019005356589332223,0.4943881034851074,0.8130491971969604,0.009214849211275578,0.5103931427001953,0.8190321326255798,0.014256498776376247,0.0,0.0,0.0,0.0,0.0,0.0,0.0,0.0,0.0,0.0,0.0,0.0,0.0,0.0,0.0,0.0,0.0,0.0,0.0,0.0,0.0,0.0,0.0,0.0,0.0,0.0,0.0,0.0,0.0,0.0,0.0,0.0,0.0,0.0,0.0,0.0,0.0,0.0,0.0,0.0,0.0,0.0,0.0,0.0,0.0,0.0,0.0,0.0,0.0,0.0,0.0,0.0,0.0,0.0,0.0,0.0,0.0,0.0,0.0,0.0,0.0,0.0,0.0,2
0.5324496030807495,0.21333932876586914,-1.261430025100708,0.5620868802070618,0.18045355379581451,-1.1917736530303955,0.5780583024024963,0.18151946365833282,-1.1918401718139648,0.5938764810562134,0.18251259624958038,-1.1918094158172607,0.5206042528152466,0.18472391366958618,-1.1971757411956787,0.5076805949211121,0.18735483288764954,-1.1977789402008057,0.49757900834083557,0.18989580869674683,-1.1975393295288086,0.6182676553726196,0.2154175192117691,-0.7313116788864136,0.48469406366348267,0.21996566653251648,-0.7583795189857483,0.5686577558517456,0.2630271315574646,-1.0810810327529907,0.5141192078590393,0.2650803029537201,-1.0900249481201172,0.7829239964485168,0.47550126910209656,-0.3991433084011078,0.34878289699554443,0.4919152557849884,-0.45846739411354065,0.9022480845451355,0.8526688814163208,-0.4191644787788391,0.13511976599693298,0.7850098013877869,-0.9693292379379272,0.8042198419570923,1.0571752786636353,-0.9102476835250854,0.4027903079986572,0.7586058378219604,-1.7407680749893188,0.791080117225647,1.1516870260238647,-1.0119893550872803,0.46918028593063354,0.7293999791145325,-1.9279581308364868,0.7576505541801453,1.1314440965652466,-1.0733307600021362,0.4866911470890045,0.6778736114501953,-1.8642765283584595,0.7542629241943359,1.1055430173873901,-0.9458230137825012,0.4800736904144287,0.6984199285507202,-1.7382968664169312,0.7133113145828247,1.1781421899795532,0.014356101863086224,0.4535863399505615,1.2009867429733276,-0.006960107479244471,0.7439228892326355,1.7603163719177246,-0.2636564075946808,0.48959892988204956,1.7708600759506226,-0.2726828455924988,0.7808144092559814,2.270581007003784,0.46105724573135376,0.534200131893158,2.297175645828247,0.2680284380912781,0.7934073209762573,2.346081018447876,0.5281124114990234,0.5371770858764648,2.3704545497894287,0.30573004484176636,0.7564018368721008,2.4343669414520264,0.13815952837467194,0.573949933052063,2.467151165008545,-0.1553303301334381,0.0,0.0,0.0,0.0,0.0,0.0,0.0,0.0,0.0,0.0,0.0,0.0,0.0,0.0,0.0,0.0,0.0,0.0,0.0,0.0,0.0,0.0,0.0,0.0,0.0,0.0,0.0,0.0,0.0,0.0,0.0,0.0,0.0,0.0,0.0,0.0,0.0,0.0,0.0,0.0,0.0,0.0,0.0,0.0,0.0,0.0,0.0,0.0,0.0,0.0,0.0,0.0,0.0,0.0,0.0,0.0,0.0,0.0,0.0,0.0,0.0,0.0,0.0,0.0,0.0,0.0,0.0,0.0,0.0,0.0,0.0,0.0,0.0,0.0,0.0,0.0,0.0,0.0,0.0,0.0,0.0,0.0,0.0,0.0,0.0,0.0,0.0,0.0,0.0,0.0,0.0,0.0,0.0,0.0,0.0,0.0,0.0,0.0,0.0,0.0,0.0,0.0,0.0,0.0,0.0,0.0,0.0,0.0,0.0,0.0,0.0,0.0,0.0,0.0,0.0,0.0,0.0,0.0,0.0,0.0,0.0,0.0,0.0,0.0,0.0,0.0,2
0.4539215564727783,0.2512088418006897,-1.0098005533218384,0.47280025482177734,0.21806782484054565,-0.9344276189804077,0.4859040379524231,0.22341492772102356,-0.9340998530387878,0.4999149441719055,0.228522390127182,-0.9330365061759949,0.43364518880844116,0.2073388397693634,-0.9347673654556274,0.41910091042518616,0.20605477690696716,-0.9350646734237671,0.4030604362487793,0.20579715073108673,-0.9349652528762817,0.5173138380050659,0.2535354197025299,-0.4701231122016907,0.36821091175079346,0.23512548208236694,-0.47858643531799316,0.47377604246139526,0.3083721697330475,-0.8350618481636047,0.420124351978302,0.3021570146083832,-0.8406746983528137,0.6398824453353882,0.552165687084198,-0.2807671129703522,0.2043883502483368,0.511924684047699,-0.1429862678050995,0.7688316702842712,0.9295728802680969,-0.726935625076294,0.0983540341258049,0.9017907381057739,-0.1931411325931549,0.49594563245773315,0.7253817319869995,-1.5519437789916992,0.06900408118963242,1.2317192554473877,-0.7287510633468628,0.4264337420463562,0.6768487095832825,-1.7576907873153687,0.03803260624408722,1.3625167608261108,-0.8297978639602661,0.41779714822769165,0.6289075613021851,-1.6639859676361084,0.08175100386142731,1.3457036018371582,-0.9167593121528625,0.4246618151664734,0.638086199760437,-1.5444022417068481,0.0975063294172287,1.3070635795593262,-0.7820357084274292,0.5407537817955017,1.2760980129241943,0.026874905452132225,0.2843415439128876,1.273659110069275,-0.01743113063275814,0.5593664050102234,1.861979603767395,-0.21663999557495117,0.2871539890766144,1.8557283878326416,-0.23697170615196228,0.5490272045135498,2.4198429584503174,0.3767448961734772,0.2839953601360321,2.399273633956909,0.19725462794303894,0.5487414002418518,2.50860857963562,0.432483971118927,0.2775411605834961,2.4812066555023193,0.2314830720424652,0.5179417729377747,2.5900776386260986,0.01840084418654442,0.32482874393463135,2.5730605125427246,-0.20918819308280945,0.47144752740859985,0.7096830010414124,-2.99377063583961e-07,0.46274957060813904,0.6405365467071533,0.006090449634939432,0.4293030798435211,0.5916072726249695,0.009178634732961655,0.39075225591659546,0.5641559362411499,0.009855683892965317,0.3626496493816376,0.5439576506614685,0.011167160235345364,0.37825533747673035,0.579053521156311,0.012848500162363052,0.3438132405281067,0.5864825248718262,0.009585709311068058,0.35606637597084045,0.6060899496078491,0.004159458447247744,0.37539583444595337,0.6139567494392395,0.0010809070663526654,0.3630930483341217,0.6115755438804626,0.008621547371149063,0.3343198001384735,0.6214361786842346,0.010335111059248447,0.34700697660446167,0.6367364525794983,0.009311624802649021,0.36596542596817017,0.6391437649726868,0.007739679887890816,0.35331952571868896,0.6488131284713745,0.004201231058686972,0.3323104679584503,0.6564980149269104,0.006209570914506912,0.3450146019458771,0.6684964895248413,0.009364679455757141,0.36350977420806885,0.6710965037345886,0.01027415320277214,0.34704387187957764,0.6855817437171936,-0.0001788342633517459,0.3336445093154907,0.6899746060371399,0.002928521716967225,0.34741342067718506,0.6994298696517944,0.008530274033546448,0.36371058225631714,0.7027226090431213,0.0130885299295187,0.0,0.0,0.0,0.0,0.0,0.0,0.0,0.0,0.0,0.0,0.0,0.0,0.0,0.0,0.0,0.0,0.0,0.0,0.0,0.0,0.0,0.0,0.0,0.0,0.0,0.0,0.0,0.0,0.0,0.0,0.0,0.0,0.0,0.0,0.0,0.0,0.0,0.0,0.0,0.0,0.0,0.0,0.0,0.0,0.0,0.0,0.0,0.0,0.0,0.0,0.0,0.0,0.0,0.0,0.0,0.0,0.0,0.0,0.0,0.0,0.0,0.0,0.0,2
0.47173842787742615,0.2275339812040329,-1.0450193881988525,0.47898373007774353,0.19171881675720215,-1.0138521194458008,0.4896407723426819,0.18764623999595642,-1.0142199993133545,0.5026379823684692,0.18226498365402222,-1.0145628452301025,0.4459230899810791,0.20798829197883606,-0.9945022463798523,0.43259698152542114,0.21237581968307495,-0.9950214624404907,0.42381730675697327,0.21746768057346344,-0.9948915243148804,0.5302699208259583,0.1889367699623108,-0.6831451654434204,0.4272247850894928,0.23555023968219757,-0.5992913842201233,0.5123021602630615,0.24844756722450256,-0.9060444831848145,0.4684951901435852,0.2781301438808441,-0.8791096806526184,0.7381165623664856,0.37807801365852356,-0.3934951424598694,0.3487115204334259,0.343458354473114,-0.313346803188324,0.8020944595336914,0.7257806658744812,-0.37983688712120056,0.18204179406166077,0.6775886416435242,-0.7550281286239624,0.8257776498794556,1.1300926208496094,-0.64706951379776,0.4807254672050476,0.5254241824150085,-1.4036387205123901,0.8255060911178589,1.2351614236831665,-0.7007008790969849,0.5434607863426208,0.5005607008934021,-1.56272292137146,0.8028818964958191,1.2385749816894531,-0.808133602142334,0.561447262763977,0.460304319858551,-1.474468469619751,0.7827119827270508,1.2045775651931763,-0.6903523206710815,0.5391433835029602,0.45857441425323486,-1.3858568668365479,0.6790187358856201,1.0000404119491577,-0.044890500605106354,0.43346938490867615,0.987432599067688,0.05073246359825134,0.6317824125289917,1.537217378616333,-0.7190731763839722,0.40632185339927673,1.467392086982727,-0.7319481372833252,0.6214280724525452,2.1024136543273926,-0.10796264559030533,0.4115460515022278,2.1161904335021973,-0.484830379486084,0.6348316073417664,2.1696178913116455,-0.045925140380859375,0.4268221855163574,2.205747365951538,-0.47273343801498413,0.5544533133506775,2.3003697395324707,-0.42124781012535095,0.38345420360565186,2.304901361465454,-0.9742684364318848,0.0,0.0,0.0,0.0,0.0,0.0,0.0,0.0,0.0,0.0,0.0,0.0,0.0,0.0,0.0,0.0,0.0,0.0,0.0,0.0,0.0,0.0,0.0,0.0,0.0,0.0,0.0,0.0,0.0,0.0,0.0,0.0,0.0,0.0,0.0,0.0,0.0,0.0,0.0,0.0,0.0,0.0,0.0,0.0,0.0,0.0,0.0,0.0,0.0,0.0,0.0,0.0,0.0,0.0,0.0,0.0,0.0,0.0,0.0,0.0,0.0,0.0,0.0,0.0,0.0,0.0,0.0,0.0,0.0,0.0,0.0,0.0,0.0,0.0,0.0,0.0,0.0,0.0,0.0,0.0,0.0,0.0,0.0,0.0,0.0,0.0,0.0,0.0,0.0,0.0,0.0,0.0,0.0,0.0,0.0,0.0,0.0,0.0,0.0,0.0,0.0,0.0,0.0,0.0,0.0,0.0,0.0,0.0,0.0,0.0,0.0,0.0,0.0,0.0,0.0,0.0,0.0,0.0,0.0,0.0,0.0,0.0,0.0,0.0,0.0,0.0,2
0.5374824404716492,0.3347291946411133,-1.4202842712402344,0.5725868344306946,0.28931665420532227,-1.3408427238464355,0.5897287726402283,0.2909073531627655,-1.3412352800369263,0.6071611642837524,0.29304516315460205,-1.340765357017517,0.516335129737854,0.2873082160949707,-1.3460893630981445,0.4980069696903229,0.28746646642684937,-1.346688151359558,0.4813864231109619,0.2877752482891083,-1.3469103574752808,0.639106035232544,0.3365022838115692,-0.85926353931427,0.4602040648460388,0.31807416677474976,-0.8840351104736328,0.5729532241821289,0.40578600764274597,-1.2359967231750488,0.5041649341583252,0.3976113200187683,-1.2452586889266968,0.7635366320610046,0.6729915738105774,-0.5434384942054749,0.3237591087818146,0.6902584433555603,-0.6411862373352051,0.818034291267395,1.0836869478225708,-0.886100172996521,0.2067001610994339,1.1080167293548584,-1.2245584726333618,0.6760047674179077,1.1155520677566528,-1.567132592201233,0.48448601365089417,0.9296640157699585,-1.9629192352294922,0.6380752325057983,1.1226383447647095,-1.7249393463134766,0.6017083525657654,0.9341356158256531,-2.1390960216522217,0.62527996301651,1.0757828950881958,-1.6970170736312866,0.5855547189712524,0.8166016340255737,-2.053231954574585,0.6264346241950989,1.0764278173446655,-1.5797566175460815,0.5986357927322388,0.8738741278648376,-1.9481149911880493,0.7050044536590576,1.3965164422988892,0.036521509289741516,0.42674699425697327,1.409971833229065,-0.027507608756422997,0.7263636589050293,1.9850108623504639,-0.1920609027147293,0.45243898034095764,2.0048024654388428,-0.14249375462532043,0.7478722929954529,2.505795955657959,0.7835090160369873,0.47333502769470215,2.532404661178589,0.5204775333404541,0.755908727645874,2.5848207473754883,0.8815199732780457,0.46919435262680054,2.6046738624572754,0.5789769887924194,0.7284048795700073,2.6712639331817627,0.5072565674781799,0.5213049650192261,2.710500478744507,0.12859809398651123,0.0,0.0,0.0,0.0,0.0,0.0,0.0,0.0,0.0,0.0,0.0,0.0,0.0,0.0,0.0,0.0,0.0,0.0,0.0,0.0,0.0,0.0,0.0,0.0,0.0,0.0,0.0,0.0,0.0,0.0,0.0,0.0,0.0,0.0,0.0,0.0,0.0,0.0,0.0,0.0,0.0,0.0,0.0,0.0,0.0,0.0,0.0,0.0,0.0,0.0,0.0,0.0,0.0,0.0,0.0,0.0,0.0,0.0,0.0,0.0,0.0,0.0,0.0,0.5349899530410767,0.8674954175949097,-4.3382991066209797e-07,0.5441597104072571,0.7710995674133301,0.009136945009231567,0.5701580047607422,0.7120550274848938,0.006474078632891178,0.6047504544258118,0.6790652871131897,0.00011839056969620287,0.632927417755127,0.6738792657852173,-0.004883005283772945,0.6265244483947754,0.7058477997779846,0.001173143507912755,0.6649631857872009,0.6677191257476807,-0.0047815521247684956,0.6452469825744629,0.6728463172912598,-0.007927192375063896,0.6262872219085693,0.686877965927124,-0.009028534404933453,0.6473766565322876,0.7416328191757202,-0.007765613496303558,0.6784998774528503,0.6990607380867004,-0.008760746568441391,0.6595293283462524,0.7057117223739624,-0.007525988854467869,0.63980633020401,0.7260748744010925,-0.007497536018490791,0.662517249584198,0.7810540795326233,-0.015642212703824043,0.6856626868247986,0.7390563488006592,-0.012819730676710606,0.6684104204177856,0.7455809116363525,-0.004780276212841272,0.6482460498809814,0.7649329304695129,-0.0014128796756267548,0.6724794507026672,0.8197578191757202,-0.023261792957782745,0.690147340297699,0.7851470708847046,-0.017651747912168503,0.673881471157074,0.7883891463279724,-0.006518330425024033,0.6563635468482971,0.8041725158691406,0.0014696712605655193,2
0.5651360154151917,0.22900280356407166,-1.4888732433319092,0.5953964591026306,0.18041162192821503,-1.412381649017334,0.6131889820098877,0.18298231065273285,-1.4128276109695435,0.6297324895858765,0.18577833473682404,-1.412675142288208,0.544326663017273,0.17513594031333923,-1.4080383777618408,0.5245348215103149,0.1741342693567276,-1.4085266590118408,0.5065344572067261,0.1734047532081604,-1.408306360244751,0.6564546823501587,0.2209625244140625,-0.9025982618331909,0.4816189408302307,0.19716395437717438,-0.8988773226737976,0.5949827432632446,0.3049747347831726,-1.2953816652297974,0.5289823412895203,0.29550430178642273,-1.295623779296875,0.7879197001457214,0.5759751796722412,-0.5127070546150208,0.3506736159324646,0.5533847808837891,-0.5722954869270325,0.8511880040168762,1.0333887338638306,-0.5632017850875854,0.21901051700115204,0.9992872476577759,-1.1128065586090088,0.8482683300971985,1.3632267713546753,-1.188223123550415,0.43242278695106506,0.8124878406524658,-2.087472438812256,0.8528035879135132,1.4646486043930054,-1.3096449375152588,0.47945910692214966,0.7783728241920471,-2.3106210231781006,0.8308776617050171,1.4365203380584717,-1.4026150703430176,0.49151769280433655,0.7118691802024841,-2.24159574508667,0.8138021230697632,1.4039000272750854,-1.2404212951660156,0.48364749550819397,0.7351863980293274,-2.0844674110412598,0.7144415974617004,1.375872254371643,0.01889089122414589,0.4243641495704651,1.3881076574325562,-0.010329021140933037,0.7266260385513306,1.990907907485962,-0.20288053154945374,0.4521871507167816,2.005157232284546,-0.14851950109004974,0.7478007674217224,2.5558183193206787,0.8880949020385742,0.4783353805541992,2.5623319149017334,0.7241600155830383,0.7559034824371338,2.645334482192993,0.989421010017395,0.486468642950058,2.645407199859619,0.7899739146232605,0.7198733687400818,2.743161678314209,0.5602735280990601,0.4972195029258728,2.75761342048645,0.265730619430542,0.0,0.0,0.0,0.0,0.0,0.0,0.0,0.0,0.0,0.0,0.0,0.0,0.0,0.0,0.0,0.0,0.0,0.0,0.0,0.0,0.0,0.0,0.0,0.0,0.0,0.0,0.0,0.0,0.0,0.0,0.0,0.0,0.0,0.0,0.0,0.0,0.0,0.0,0.0,0.0,0.0,0.0,0.0,0.0,0.0,0.0,0.0,0.0,0.0,0.0,0.0,0.0,0.0,0.0,0.0,0.0,0.0,0.0,0.0,0.0,0.0,0.0,0.0,0.0,0.0,0.0,0.0,0.0,0.0,0.0,0.0,0.0,0.0,0.0,0.0,0.0,0.0,0.0,0.0,0.0,0.0,0.0,0.0,0.0,0.0,0.0,0.0,0.0,0.0,0.0,0.0,0.0,0.0,0.0,0.0,0.0,0.0,0.0,0.0,0.0,0.0,0.0,0.0,0.0,0.0,0.0,0.0,0.0,0.0,0.0,0.0,0.0,0.0,0.0,0.0,0.0,0.0,0.0,0.0,0.0,0.0,0.0,0.0,0.0,0.0,0.0,2
0.38926005363464355,0.29687127470970154,-1.224819302558899,0.41838541626930237,0.24939869344234467,-1.1751612424850464,0.43338942527770996,0.2509714961051941,-1.1754597425460815,0.4531824588775635,0.2520703673362732,-1.175336480140686,0.37464654445648193,0.2479972392320633,-1.1627357006072998,0.35590407252311707,0.24851094186306,-1.1626675128936768,0.3425798714160919,0.24763745069503784,-1.1622016429901123,0.4721345901489258,0.2819386124610901,-0.7685039043426514,0.3203866183757782,0.2725476026535034,-0.7167012095451355,0.41988080739974976,0.36134257912635803,-1.059813141822815,0.3569273054599762,0.36391371488571167,-1.0471279621124268,0.574377715587616,0.5386142134666443,-0.571581244468689,0.20075276494026184,0.4898042380809784,-0.39820200204849243,0.8445890545845032,0.7224233746528625,-1.030334711074829,0.1758234202861786,0.6802383065223694,-0.5971144437789917,0.5781939625740051,0.6026883721351624,-1.659091591835022,0.2729035019874573,0.5841130018234253,-1.0013291835784912,0.48477116227149963,0.6036056280136108,-1.8515993356704712,0.29658809304237366,0.5726142525672913,-1.1210452318191528,0.46229618787765503,0.5837113261222839,-1.7532775402069092,0.3065139055252075,0.5354843139648438,-1.1403685808181763,0.4644857347011566,0.5867003202438354,-1.6445772647857666,0.3061598241329193,0.5504859089851379,-1.0289846658706665,0.5000448822975159,1.2326539754867554,-0.012052679434418678,0.25842177867889404,1.2156100273132324,0.019073570147156715,0.5310460925102234,1.575123906135559,-0.37381449341773987,0.30469077825546265,1.595329761505127,-0.3697666525840759,0.4542528986930847,2.147566318511963,0.21357658505439758,0.25434327125549316,2.1612555980682373,-0.015678685158491135,0.44699516892433167,2.212956190109253,0.27990400791168213,0.24624235928058624,2.2390642166137695,0.019139545038342476,0.41423359513282776,2.3580164909362793,-0.055622298270463943,0.24959614872932434,2.346726894378662,-0.37280598282814026,0.5417284965515137,0.6620157957077026,-4.770818691213208e-07,0.5138297080993652,0.5848158597946167,0.014472279697656631,0.47047796845436096,0.5576246380805969,0.022583823651075363,0.4307921826839447,0.558435320854187,0.026859402656555176,0.4127499461174011,0.5803062319755554,0.03133086487650871,0.4297301173210144,0.551800012588501,0.01707756333053112,0.3880395293235779,0.559489905834198,0.016719460487365723,0.4040348529815674,0.5746299624443054,0.01483877096325159,0.4247109591960907,0.5818766355514526,0.013957617804408073,0.41463372111320496,0.5885230898857117,0.009557508863508701,0.38070735335350037,0.5942317843437195,0.01381763257086277,0.39773276448249817,0.6060243844985962,0.014775903895497322,0.41722291707992554,0.6087329983711243,0.014615034684538841,0.4076867699623108,0.6275671720504761,0.002996474737301469,0.38332268595695496,0.6266727447509766,0.009463779628276825,0.39860689640045166,0.633013129234314,0.013014957308769226,0.4160204529762268,0.6359091997146606,0.013089969754219055,0.4059290885925293,0.6658806204795837,-0.0026401213835924864,0.39154624938964844,0.6618555188179016,0.005896416958421469,0.4057826101779938,0.6654672026634216,0.013447931036353111,0.42034849524497986,0.6675628423690796,0.018108708783984184,0.0,0.0,0.0,0.0,0.0,0.0,0.0,0.0,0.0,0.0,0.0,0.0,0.0,0.0,0.0,0.0,0.0,0.0,0.0,0.0,0.0,0.0,0.0,0.0,0.0,0.0,0.0,0.0,0.0,0.0,0.0,0.0,0.0,0.0,0.0,0.0,0.0,0.0,0.0,0.0,0.0,0.0,0.0,0.0,0.0,0.0,0.0,0.0,0.0,0.0,0.0,0.0,0.0,0.0,0.0,0.0,0.0,0.0,0.0,0.0,0.0,0.0,0.0,2
0.5254113078117371,0.2637864053249359,-0.6019228100776672,0.5502440333366394,0.23032286763191223,-0.5160664319992065,0.5668212175369263,0.23226720094680786,-0.5157483816146851,0.5832882523536682,0.23395104706287384,-0.5150153040885925,0.5074375867843628,0.23180736601352692,-0.5244153738021851,0.4932914674282074,0.23415711522102356,-0.5251270532608032,0.4781186580657959,0.2360847443342209,-0.5250574350357056,0.6147786378860474,0.2742341160774231,-0.07874135673046112,0.46123915910720825,0.2638015151023865,-0.11967115104198456,0.5547465085983276,0.3237859308719635,-0.44269832968711853,0.49204564094543457,0.320468932390213,-0.4572393298149109,0.7212023138999939,0.5530597567558289,0.12649038434028625,0.3364212214946747,0.5128160119056702,-0.02482542023062706,0.7660700082778931,0.9046797156333923,-0.3082827031612396,0.29017627239227295,0.8936023116111755,-0.5650758147239685,0.7091747522354126,0.666948139667511,-1.0183873176574707,0.5182552337646484,0.63456791639328,-1.2651293277740479,0.6876461505889893,0.644371747970581,-1.1461387872695923,0.5810943841934204,0.574125349521637,-1.4241294860839844,0.7030442953109741,0.5446627736091614,-1.101622223854065,0.5870612859725952,0.5365408062934875,-1.3306347131729126,0.6644965410232544,0.5538148283958435,-1.0209143161773682,0.5620261430740356,0.5553054213523865,-1.2415220737457275,0.6304923892021179,1.2069331407546997,0.010324329137802124,0.38065987825393677,1.1946258544921875,-0.003742511849850416,0.6310999989509583,1.6872841119766235,-0.4455014765262604,0.3737441301345825,1.758293867111206,-0.45352306962013245,0.6392320394515991,2.174790620803833,0.07583852112293243,0.3812441825866699,2.2935245037078857,-0.17261014878749847,0.6459976434707642,2.264430522918701,0.12572617828845978,0.3785388171672821,2.377692937850952,-0.15455123782157898,0.6110445857048035,2.3343186378479004,-0.21458378434181213,0.3975510597229004,2.437405586242676,-0.5880758166313171,0.0,0.0,0.0,0.0,0.0,0.0,0.0,0.0,0.0,0.0,0.0,0.0,0.0,0.0,0.0,0.0,0.0,0.0,0.0,0.0,0.0,0.0,0.0,0.0,0.0,0.0,0.0,0.0,0.0,0.0,0.0,0.0,0.0,0.0,0.0,0.0,0.0,0.0,0.0,0.0,0.0,0.0,0.0,0.0,0.0,0.0,0.0,0.0,0.0,0.0,0.0,0.0,0.0,0.0,0.0,0.0,0.0,0.0,0.0,0.0,0.0,0.0,0.0,0.0,0.0,0.0,0.0,0.0,0.0,0.0,0.0,0.0,0.0,0.0,0.0,0.0,0.0,0.0,0.0,0.0,0.0,0.0,0.0,0.0,0.0,0.0,0.0,0.0,0.0,0.0,0.0,0.0,0.0,0.0,0.0,0.0,0.0,0.0,0.0,0.0,0.0,0.0,0.0,0.0,0.0,0.0,0.0,0.0,0.0,0.0,0.0,0.0,0.0,0.0,0.0,0.0,0.0,0.0,0.0,0.0,0.0,0.0,0.0,0.0,0.0,0.0,2
0.5043514370918274,0.20352299511432648,-1.6426454782485962,0.5133494138717651,0.15506519377231598,-1.5642682313919067,0.5284052491188049,0.15481975674629211,-1.5637540817260742,0.5418976545333862,0.1542859673500061,-1.5635274648666382,0.46832722425460815,0.15867996215820312,-1.5826467275619507,0.4518774151802063,0.16197209060192108,-1.5833632946014404,0.43591564893722534,0.16622814536094666,-1.5829037427902222,0.5553858876228333,0.18040551245212555,-1.0464805364608765,0.4107028841972351,0.20479649305343628,-1.1394693851470947,0.5373090505599976,0.25922030210494995,-1.4457151889801025,0.47707992792129517,0.2741522490978241,-1.4737548828125,0.6973040699958801,0.4803786277770996,-0.5525981187820435,0.2659758925437927,0.4794312119483948,-0.7991502285003662,0.8843945264816284,0.7758210897445679,-0.23523473739624023,0.0741187185049057,0.8736396431922913,-1.248744249343872,0.9589106440544128,0.9721878170967102,-0.46719083189964294,0.3813827633857727,0.6798585057258606,-1.9268248081207275,0.9846450090408325,1.0371142625808716,-0.5119909048080444,0.4589449465274811,0.6669154763221741,-2.1094517707824707,0.9517678022384644,1.0327730178833008,-0.6076611280441284,0.4823746085166931,0.6379232406616211,-2.04296875,0.9318903088569641,1.022811770439148,-0.5125373601913452,0.46785539388656616,0.6385584473609924,-1.9245027303695679,0.6196718215942383,1.207756757736206,0.06425118446350098,0.3440639078617096,1.2187942266464233,-0.05664021521806717,0.6272611021995544,1.830176830291748,-0.021207530051469803,0.36940693855285645,1.818082571029663,-0.1664142906665802,0.6479777693748474,2.3588900566101074,0.6884193420410156,0.41013091802597046,2.3146674633026123,0.43519777059555054,0.6551860570907593,2.45173978805542,0.7536540627479553,0.40769997239112854,2.3883416652679443,0.4814677834510803,0.6308777332305908,2.506700038909912,0.3394274115562439,0.47033387422561646,2.481426477432251,0.022515524178743362,0.0,0.0,0.0,0.0,0.0,0.0,0.0,0.0,0.0,0.0,0.0,0.0,0.0,0.0,0.0,0.0,0.0,0.0,0.0,0.0,0.0,0.0,0.0,0.0,0.0,0.0,0.0,0.0,0.0,0.0,0.0,0.0,0.0,0.0,0.0,0.0,0.0,0.0,0.0,0.0,0.0,0.0,0.0,0.0,0.0,0.0,0.0,0.0,0.0,0.0,0.0,0.0,0.0,0.0,0.0,0.0,0.0,0.0,0.0,0.0,0.0,0.0,0.0,0.3851246237754822,0.6802055835723877,-3.4881009014497977e-07,0.4225095212459564,0.6250326633453369,0.018281342461705208,0.471254825592041,0.6101211309432983,0.023999851197004318,0.5135618448257446,0.602959930896759,0.026768412441015244,0.5431809425354004,0.5968969464302063,0.030961010605096817,0.5040603280067444,0.6169789433479309,0.006584300193935633,0.5531352162361145,0.6202975511550903,0.011188847944140434,0.5368761420249939,0.6296343803405762,0.019106684252619743,0.5195144414901733,0.6317287087440491,0.02570372074842453,0.5069851875305176,0.6543806791305542,-0.002497492590919137,0.5546078085899353,0.6606936454772949,0.006481970194727182,0.5344709157943726,0.6630445718765259,0.016615984961390495,0.5157020688056946,0.6603127717971802,0.022749517112970352,0.5021880865097046,0.6911771893501282,-0.00908256508409977,0.5445490479469299,0.6952633261680603,0.0020646576303988695,0.5264429450035095,0.6932262182235718,0.014145687222480774,0.5084068775177002,0.6906781792640686,0.019240638241171837,0.49108588695526123,0.7234885692596436,-0.014210953377187252,0.5168247818946838,0.7213157415390015,-0.0006775087094865739,0.5033069849014282,0.7161562442779541,0.012058357708156109,0.49011799693107605,0.7143067717552185,0.019518006592988968,2
0.489449679851532,0.22075878083705902,-2.1080963611602783,0.5125471353530884,0.16255654394626617,-2.0358920097351074,0.5282068252563477,0.16221052408218384,-2.036068916320801,0.5416958332061768,0.16224826872348785,-2.0358428955078125,0.45206204056739807,0.17073370516300201,-2.043882131576538,0.43251150846481323,0.17477202415466309,-2.0446321964263916,0.41446202993392944,0.17899179458618164,-2.044447898864746,0.5586220622062683,0.1902780383825302,-1.469784140586853,0.3912152647972107,0.20578013360500336,-1.5131357908248901,0.5275651216506958,0.27793076634407043,-1.8836301565170288,0.4510043263435364,0.3017421066761017,-1.898362398147583,0.7406602501869202,0.5017510056495667,-0.9372954368591309,0.24229796230793,0.485603928565979,-1.0330135822296143,0.8658138513565063,0.9312517046928406,-0.8183311223983765,0.014502686448395252,0.8136280179023743,-1.6586843729019165,0.789413332939148,1.3180468082427979,-1.1837342977523804,0.3499891459941864,0.7287167310714722,-2.4677343368530273,0.7901583909988403,1.4304749965667725,-1.2637150287628174,0.4260310232639313,0.7053064703941345,-2.665538787841797,0.7486639022827148,1.4263300895690918,-1.33793044090271,0.45370712876319885,0.6533730030059814,-2.5632481575012207,0.7363768815994263,1.3916428089141846,-1.2209720611572266,0.4357675015926361,0.6536185145378113,-2.4519381523132324,0.6344279646873474,1.2578731775283813,0.037647586315870285,0.33277517557144165,1.2149313688278198,-0.028147151693701744,0.6385916471481323,1.8950289487838745,-0.1693333238363266,0.35449397563934326,1.8745882511138916,-0.18383602797985077,0.6571589708328247,2.484898090362549,0.6985881924629211,0.3755280077457428,2.4255948066711426,0.5374829769134521,0.6703980565071106,2.5797853469848633,0.7798072099685669,0.37333178520202637,2.501178741455078,0.5946040153503418,0.61354660987854,2.6580560207366943,0.3101843297481537,0.42345601320266724,2.6203722953796387,0.05464363843202591,0.0,0.0,0.0,0.0,0.0,0.0,0.0,0.0,0.0,0.0,0.0,0.0,0.0,0.0,0.0,0.0,0.0,0.0,0.0,0.0,0.0,0.0,0.0,0.0,0.0,0.0,0.0,0.0,0.0,0.0,0.0,0.0,0.0,0.0,0.0,0.0,0.0,0.0,0.0,0.0,0.0,0.0,0.0,0.0,0.0,0.0,0.0,0.0,0.0,0.0,0.0,0.0,0.0,0.0,0.0,0.0,0.0,0.0,0.0,0.0,0.0,0.0,0.0,0.3635757565498352,0.7511165738105774,4.1122740412902203e-07,0.35630881786346436,0.6849988102912903,-0.026419730857014656,0.3768554925918579,0.6394930481910706,-0.046321310102939606,0.3978399336338043,0.6063621044158936,-0.06313829869031906,0.4018993377685547,0.5721819996833801,-0.08075296133756638,0.4706632196903229,0.6589893102645874,-0.039922021329402924,0.5326500535011292,0.6371454000473022,-0.06211943179368973,0.576574981212616,0.6271638870239258,-0.07951261848211288,0.6111514568328857,0.6210223436355591,-0.09091134369373322,0.4856904149055481,0.694878339767456,-0.04027523100376129,0.5577637553215027,0.6700099110603333,-0.06043759360909462,0.609382688999176,0.6556600332260132,-0.07656913250684738,0.6518957614898682,0.6468456983566284,-0.08743540197610855,0.4918844699859619,0.7271401286125183,-0.04226969555020332,0.5629538297653198,0.7081189155578613,-0.06037024036049843,0.6108219623565674,0.6946520805358887,-0.07524994760751724,0.6493117809295654,0.68648761510849,-0.08410096913576126,0.4916960299015045,0.7567758560180664,-0.04607290402054787,0.5480783581733704,0.7495384216308594,-0.060309406369924545,0.5851356983184814,0.744689404964447,-0.06841491907835007,0.6170855760574341,0.7407169342041016,-0.07293426245450974,2
0.5470104217529297,0.08954086154699326,-1.7212432622909546,0.5533761978149414,0.08546522259712219,-1.630851149559021,0.5675565004348755,0.08928274363279343,-1.630983591079712,0.5800166726112366,0.09258989989757538,-1.6310138702392578,0.5113264918327332,0.0906759575009346,-1.6520341634750366,0.49096575379371643,0.10558828711509705,-1.6529312133789062,0.4751356542110443,0.11611166596412659,-1.6528266668319702,0.6010676622390747,0.1489100456237793,-1.054487943649292,0.4576628804206848,0.1670953333377838,-1.1479542255401611,0.5913068056106567,0.14145974814891815,-1.4973952770233154,0.5149567723274231,0.15746472775936127,-1.5255906581878662,0.8013272285461426,0.47575491666793823,-0.5376406311988831,0.34569406509399414,0.46255603432655334,-0.8308311700820923,0.8646486401557922,0.8846195340156555,-0.4402982294559479,0.1247691735625267,0.7151921391487122,-1.4097920656204224,0.8868139386177063,1.1694475412368774,-0.9318273663520813,0.4139282703399658,0.604192316532135,-2.193356513977051,0.9103360176086426,1.2642321586608887,-1.023766279220581,0.5155860781669617,0.5711905360221863,-2.409485340118408,0.8931341171264648,1.2603002786636353,-1.1546623706817627,0.5436155200004578,0.5360572338104248,-2.3328683376312256,0.8723092079162598,1.2331089973449707,-0.999158501625061,0.5129739046096802,0.5491622686386108,-2.1885900497436523,0.7020323872566223,1.2183196544647217,0.07085458189249039,0.4187380373477936,1.2100636959075928,-0.061984457075595856,0.7006778717041016,1.8270834684371948,-0.10227302461862564,0.42863816022872925,1.8046176433563232,-0.1685652732849121,0.691373348236084,2.4001970291137695,0.9622312784194946,0.43209442496299744,2.3787877559661865,0.6143383383750916,0.6967910528182983,2.482774019241333,1.0621169805526733,0.4279022216796875,2.4581820964813232,0.674569308757782,0.6560243368148804,2.572824716567993,0.6289551258087158,0.47494372725486755,2.560993194580078,0.13110002875328064,0.0,0.0,0.0,0.0,0.0,0.0,0.0,0.0,0.0,0.0,0.0,0.0,0.0,0.0,0.0,0.0,0.0,0.0,0.0,0.0,0.0,0.0,0.0,0.0,0.0,0.0,0.0,0.0,0.0,0.0,0.0,0.0,0.0,0.0,0.0,0.0,0.0,0.0,0.0,0.0,0.0,0.0,0.0,0.0,0.0,0.0,0.0,0.0,0.0,0.0,0.0,0.0,0.0,0.0,0.0,0.0,0.0,0.0,0.0,0.0,0.0,0.0,0.0,0.4610275626182556,0.6380692720413208,-6.29776423011208e-07,0.47949329018592834,0.5563056468963623,0.006367878057062626,0.5200967192649841,0.5079505443572998,0.01096488069742918,0.5574802160263062,0.4829619824886322,0.014238914474844933,0.5792799592018127,0.4773658812046051,0.01904640719294548,0.6123484373092651,0.5392869114875793,0.015956992283463478,0.6386578679084778,0.5063002109527588,0.028363926336169243,0.611453652381897,0.5073292851448059,0.03296848386526108,0.5903205275535583,0.5212517976760864,0.03427661210298538,0.6234838366508484,0.5727910399436951,0.015476015396416187,0.640500009059906,0.5387258529663086,0.03123795986175537,0.6165077090263367,0.535047709941864,0.03139670565724373,0.5953364372253418,0.547368586063385,0.027291767299175262,0.6213074922561646,0.6020346283912659,0.016784224659204483,0.6336294412612915,0.5704106092453003,0.03511253744363785,0.6124798059463501,0.5656942129135132,0.03625202924013138,0.5937229990959167,0.5751568078994751,0.030633922666311264,0.6131067276000977,0.6222272515296936,0.018360614776611328,0.6255655884742737,0.5962599515914917,0.03602560609579086,0.6083523035049438,0.5890552401542664,0.044308848679065704,0.5907809138298035,0.5946668386459351,0.047268375754356384,2
0.4641234278678894,0.19510863721370697,-0.6872268915176392,0.4834372103214264,0.15707005560398102,-0.6242927312850952,0.49809688329696655,0.1589002162218094,-0.6241530179977417,0.5121423602104187,0.1608915776014328,-0.623632550239563,0.4467134475708008,0.15516914427280426,-0.6267488598823547,0.43583017587661743,0.15607790648937225,-0.627306342124939,0.4244624972343445,0.15739478170871735,-0.6269596815109253,0.5358949303627014,0.18021206557750702,-0.22885987162590027,0.41492873430252075,0.18174506723880768,-0.24106165766716003,0.4878928065299988,0.2330632358789444,-0.5331913232803345,0.4422716200351715,0.23985989391803741,-0.5382204055786133,0.668117880821228,0.4102415144443512,-0.0001300888106925413,0.28512850403785706,0.39121904969215393,-0.07711161673069,0.7546749114990234,0.7208136916160583,-0.07499609887599945,0.13670797646045685,0.6566473841667175,-0.6196770668029785,0.6168279051780701,0.9475793242454529,-0.4823647141456604,0.3899058699607849,0.49602508544921875,-1.3211498260498047,0.5892338156700134,1.005360722541809,-0.5584863424301147,0.44970065355300903,0.4528360068798065,-1.4930840730667114,0.557910680770874,0.9742681980133057,-0.5940060615539551,0.4621700644493103,0.4384550154209137,-1.399872064590454,0.5652109980583191,0.9428574442863464,-0.5065451860427856,0.4458463788032532,0.4437935948371887,-1.3059532642364502,0.5763935446739197,1.0541187524795532,0.021059852093458176,0.3345157504081726,1.0450490713119507,-0.012539607472717762,0.557928204536438,1.6549744606018066,-0.45193585753440857,0.3022269606590271,1.6259188652038574,-0.4389573037624359,0.5529055595397949,2.2106387615203857,-0.05330612510442734,0.3066212236881256,2.154996395111084,-0.18381854891777039,0.5594837069511414,2.2937958240509033,-0.013086284510791302,0.3029732406139374,2.227470874786377,-0.1687704473733902,0.5150925517082214,2.3719170093536377,-0.3893704414367676,0.3397136628627777,2.3313076496124268,-0.6084257960319519,0.0,0.0,0.0,0.0,0.0,0.0,0.0,0.0,0.0,0.0,0.0,0.0,0.0,0.0,0.0,0.0,0.0,0.0,0.0,0.0,0.0,0.0,0.0,0.0,0.0,0.0,0.0,0.0,0.0,0.0,0.0,0.0,0.0,0.0,0.0,0.0,0.0,0.0,0.0,0.0,0.0,0.0,0.0,0.0,0.0,0.0,0.0,0.0,0.0,0.0,0.0,0.0,0.0,0.0,0.0,0.0,0.0,0.0,0.0,0.0,0.0,0.0,0.0,0.3764089047908783,0.5015757083892822,-2.2028774537830031e-07,0.3857986032962799,0.45192039012908936,0.006250686943531036,0.41307517886161804,0.4261177182197571,0.00536302849650383,0.44207102060317993,0.4196052849292755,0.00204241881147027,0.4631064534187317,0.42297810316085815,0.00013156989007256925,0.4403092861175537,0.42398521304130554,-0.001074321917258203,0.48715925216674805,0.41637295484542847,-0.008543218486011028,0.4854092001914978,0.42287060618400574,-0.011353976093232632,0.4710617661476135,0.4303942918777466,-0.010569734498858452,0.45091283321380615,0.44917288422584534,-0.007512517273426056,0.4969930052757263,0.44086387753486633,-0.010134627111256123,0.494855135679245,0.44634827971458435,-0.008732490241527557,0.4831835627555847,0.4514920115470886,-0.007319269236177206,0.4565601050853729,0.4759710133075714,-0.013697963207960129,0.4994041323661804,0.4667634069919586,-0.013893665745854378,0.49659252166748047,0.4696187674999237,-0.007952556014060974,0.4853854477405548,0.4725506007671356,-0.004162521567195654,0.45800745487213135,0.5003649592399597,-0.019611967727541924,0.49032163619995117,0.49351590871810913,-0.014891209080815315,0.4903061091899872,0.49375373125076294,-0.0065902541391551495,0.48263347148895264,0.49459338188171387,-0.0008872721227817237,2
0.45268601179122925,0.21143129467964172,-0.9566858410835266,0.4774768352508545,0.16650761663913727,-0.8895176649093628,0.4955783784389496,0.1657315045595169,-0.8895093202590942,0.5124698281288147,0.166057288646698,-0.8892941474914551,0.4355771541595459,0.17169632017612457,-0.8838472366333008,0.42697423696517944,0.17376269400119781,-0.884341835975647,0.4182191789150238,0.1755838692188263,-0.8840433359146118,0.5370572209358215,0.1938779652118683,-0.4628349840641022,0.40924280881881714,0.20936648547649384,-0.43898218870162964,0.4885292053222656,0.2717682421207428,-0.792595624923706,0.4322381615638733,0.2705167531967163,-0.7858391404151917,0.6612623929977417,0.47015124559402466,-0.17396557331085205,0.3139702379703522,0.47080400586128235,-0.19891870021820068,0.7359350919723511,0.839698851108551,-0.1000741720199585,0.17957068979740143,0.732370138168335,-0.7001695036888123,0.7325202226638794,1.1549032926559448,-0.44922247529029846,0.3889772295951843,0.5575529932975769,-1.4601376056671143,0.7426717877388,1.255413293838501,-0.5210195779800415,0.4487524628639221,0.4921901822090149,-1.6271898746490479,0.721921443939209,1.2419545650482178,-0.6096877455711365,0.45429331064224243,0.4655539393424988,-1.5901529788970947,0.7106105089187622,1.2076464891433716,-0.49274200201034546,0.4446800649166107,0.4901386499404907,-1.4693264961242676,0.597833514213562,1.1143659353256226,0.018201913684606552,0.3840756416320801,1.1010587215423584,-0.010411147028207779,0.6295121908187866,1.6817634105682373,-0.279622346162796,0.39326784014701843,1.6757370233535767,-0.29329609870910645,0.6367743015289307,2.2174508571624756,0.3227446675300598,0.4121689796447754,2.2139570713043213,0.10056910663843155,0.6456003785133362,2.3017287254333496,0.37786683440208435,0.41190677881240845,2.2904703617095947,0.1265149563550949,0.6058650612831116,2.3749473094940186,0.0008853152394294739,0.4386008381843567,2.3643453121185303,-0.314240038394928,0.0,0.0,0.0,0.0,0.0,0.0,0.0,0.0,0.0,0.0,0.0,0.0,0.0,0.0,0.0,0.0,0.0,0.0,0.0,0.0,0.0,0.0,0.0,0.0,0.0,0.0,0.0,0.0,0.0,0.0,0.0,0.0,0.0,0.0,0.0,0.0,0.0,0.0,0.0,0.0,0.0,0.0,0.0,0.0,0.0,0.0,0.0,0.0,0.0,0.0,0.0,0.0,0.0,0.0,0.0,0.0,0.0,0.0,0.0,0.0,0.0,0.0,0.0,0.42123204469680786,0.5581341981887817,-1.2188101550236752e-07,0.43746721744537354,0.504133939743042,0.005645663011819124,0.4523022174835205,0.4633796811103821,0.0035777210723608732,0.46498095989227295,0.4423787295818329,-0.002361708553507924,0.474110871553421,0.4367416203022003,-0.006831676233559847,0.48342376947402954,0.44313859939575195,0.012303320690989494,0.5198366045951843,0.4483869969844818,0.005837663076817989,0.5109004974365234,0.46435460448265076,-0.0009484589099884033,0.4949919879436493,0.4695352017879486,-0.004191618412733078,0.4943162798881531,0.4685966670513153,0.004607700277119875,0.5258673429489136,0.47318360209465027,0.0016900592017918825,0.5166800618171692,0.48757845163345337,-0.002793106948956847,0.4996449947357178,0.4927738606929779,-0.005224535241723061,0.5036903023719788,0.49797165393829346,-0.003917231224477291,0.5293407440185547,0.5019453763961792,-0.002448546700179577,0.5199708938598633,0.5114803314208984,-0.0003921797906514257,0.5038596987724304,0.5155091285705566,0.0007153169135563076,0.5104447603225708,0.5266076326370239,-0.012831075116991997,0.5291692018508911,0.5277853012084961,-0.007779306266456842,0.520054280757904,0.5339257121086121,-0.0013552993768826127,0.5067049264907837,0.538288950920105,0.0033750771544873714,2
0.4893481135368347,0.39048683643341064,-1.4221566915512085,0.5152699947357178,0.33154839277267456,-1.3384867906570435,0.5305414199829102,0.33087265491485596,-1.3385940790176392,0.5436151027679443,0.33066943287849426,-1.3386592864990234,0.4591894745826721,0.3321915864944458,-1.3479417562484741,0.44046562910079956,0.3313760757446289,-1.3479784727096558,0.42558392882347107,0.3315764367580414,-1.347622036933899,0.5613116025924683,0.3513740301132202,-0.8040302395820618,0.4079124331474304,0.34738948941230774,-0.8604060411453247,0.5210854411125183,0.4542553722858429,-1.2165937423706055,0.45470547676086426,0.4553762376308441,-1.233873963356018,0.7018803954124451,0.6990016102790833,-0.37827375531196594,0.27259212732315063,0.7002421021461487,-0.5563441514968872,0.7905277609825134,1.1596839427947998,-0.38246408104896545,0.20425164699554443,1.1793495416641235,-0.9453608393669128,0.7752401828765869,1.4431942701339722,-1.0697404146194458,0.40069881081581116,1.0942232608795166,-1.874742865562439,0.7809432744979858,1.5558440685272217,-1.2147445678710938,0.451528936624527,1.102906584739685,-2.0880286693573,0.7585126757621765,1.5287108421325684,-1.3156429529190063,0.46850305795669556,1.0283222198486328,-2.0867927074432373,0.7452247142791748,1.4874130487442017,-1.1316529512405396,0.4625259041786194,1.030649185180664,-1.8972629308700562,0.6457451581954956,1.4501726627349854,0.06901562958955765,0.36245110630989075,1.452404260635376,-0.060562390834093094,0.6670241951942444,2.0008418560028076,-0.06821663677692413,0.39357084035873413,1.9895890951156616,-0.2896532714366913,0.6666659116744995,2.505040168762207,1.1267874240875244,0.40918225049972534,2.501842975616455,0.527990460395813,0.6599574685096741,2.5897505283355713,1.2417120933532715,0.4086812436580658,2.5801870822906494,0.5911792516708374,0.6698409914970398,2.671933650970459,0.8788366317749023,0.45614951848983765,2.685290575027466,0.0812896341085434,0.0,0.0,0.0,0.0,0.0,0.0,0.0,0.0,0.0,0.0,0.0,0.0,0.0,0.0,0.0,0.0,0.0,0.0,0.0,0.0,0.0,0.0,0.0,0.0,0.0,0.0,0.0,0.0,0.0,0.0,0.0,0.0,0.0,0.0,0.0,0.0,0.0,0.0,0.0,0.0,0.0,0.0,0.0,0.0,0.0,0.0,0.0,0.0,0.0,0.0,0.0,0.0,0.0,0.0,0.0,0.0,0.0,0.0,0.0,0.0,0.0,0.0,0.0,0.0,0.0,0.0,0.0,0.0,0.0,0.0,0.0,0.0,0.0,0.0,0.0,0.0,0.0,0.0,0.0,0.0,0.0,0.0,0.0,0.0,0.0,0.0,0.0,0.0,0.0,0.0,0.0,0.0,0.0,0.0,0.0,0.0,0.0,0.0,0.0,0.0,0.0,0.0,0.0,0.0,0.0,0.0,0.0,0.0,0.0,0.0,0.0,0.0,0.0,0.0,0.0,0.0,0.0,0.0,0.0,0.0,0.0,0.0,0.0,0.0,0.0,0.0,2
0.39349305629730225,0.29695332050323486,-1.4220678806304932,0.41873645782470703,0.20951153337955475,-1.3814448118209839,0.44515371322631836,0.19648738205432892,-1.3815422058105469,0.4660150408744812,0.18499252200126648,-1.3815343379974365,0.3363665044307709,0.24462531507015228,-1.3479372262954712,0.3064095675945282,0.2561958134174347,-1.3482717275619507,0.2868784964084625,0.2658623456954956,-1.347898244857788,0.5232667922973633,0.18073157966136932,-1.0134913921356201,0.2665688991546631,0.30895179510116577,-0.8457596898078918,0.4586125314235687,0.3519746959209442,-1.2634118795394897,0.37673819065093994,0.3903794288635254,-1.218313217163086,0.710090160369873,0.48419082164764404,-0.831765353679657,0.28022634983062744,0.547064483165741,-0.5490230917930603,0.9212018251419067,0.7116115689277649,-1.2579628229141235,0.11647011339664459,0.6353980898857117,-0.9930161237716675,0.8127092123031616,0.6999424695968628,-1.9374701976776123,0.09774850308895111,0.5753281116485596,-1.8859310150146484,0.7994137406349182,0.7185513377189636,-2.1365861892700195,0.061941325664520264,0.56038498878479,-2.103717565536499,0.7574073672294617,0.6679303646087646,-2.1245994567871094,0.0945747047662735,0.5145300626754761,-2.0935513973236084,0.7506849765777588,0.6761295199394226,-1.9607725143432617,0.12289396673440933,0.534146249294281,-1.9232218265533447,0.657714307308197,1.259446382522583,-0.05190367251634598,0.4065016806125641,1.2646775245666504,0.05946136638522148,0.6831738352775574,1.6750127077102661,0.05849411338567734,0.43845805525779724,1.6781847476959229,0.20308539271354675,0.7046922445297241,2.1343300342559814,1.0540647506713867,0.4817478656768799,2.1848857402801514,0.9132563471794128,0.7154077291488647,2.2026469707489014,1.1628882884979248,0.5068523287773132,2.2730486392974854,0.9811414480209351,0.6533181071281433,2.3245444297790527,0.89628666639328,0.4571005403995514,2.350980281829834,0.6622927188873291,0.0,0.0,0.0,0.0,0.0,0.0,0.0,0.0,0.0,0.0,0.0,0.0,0.0,0.0,0.0,0.0,0.0,0.0,0.0,0.0,0.0,0.0,0.0,0.0,0.0,0.0,0.0,0.0,0.0,0.0,0.0,0.0,0.0,0.0,0.0,0.0,0.0,0.0,0.0,0.0,0.0,0.0,0.0,0.0,0.0,0.0,0.0,0.0,0.0,0.0,0.0,0.0,0.0,0.0,0.0,0.0,0.0,0.0,0.0,0.0,0.0,0.0,0.0,0.0,0.0,0.0,0.0,0.0,0.0,0.0,0.0,0.0,0.0,0.0,0.0,0.0,0.0,0.0,0.0,0.0,0.0,0.0,0.0,0.0,0.0,0.0,0.0,0.0,0.0,0.0,0.0,0.0,0.0,0.0,0.0,0.0,0.0,0.0,0.0,0.0,0.0,0.0,0.0,0.0,0.0,0.0,0.0,0.0,0.0,0.0,0.0,0.0,0.0,0.0,0.0,0.0,0.0,0.0,0.0,0.0,0.0,0.0,0.0,0.0,0.0,0.0,2
0.4857671856880188,0.29830268025398254,-1.2487446069717407,0.5097464323043823,0.2326892912387848,-1.1658002138137817,0.5288471579551697,0.22798345983028412,-1.1654746532440186,0.5454796552658081,0.22397765517234802,-1.1650334596633911,0.45457738637924194,0.24655824899673462,-1.1776323318481445,0.4376789927482605,0.2544252276420593,-1.178157091140747,0.42353343963623047,0.2590946555137634,-1.177690029144287,0.572698712348938,0.24609526991844177,-0.658105731010437,0.4120057225227356,0.27949339151382446,-0.7127196192741394,0.5267189145088196,0.3510028123855591,-1.056504487991333,0.4620594084262848,0.36660036444664,-1.0733314752578735,0.7274940609931946,0.5407580733299255,-0.27385976910591125,0.3010184168815613,0.5573710203170776,-0.46776047348976135,0.8671572804450989,0.9275141358375549,-0.15112227201461792,0.16263549029827118,0.9402986764907837,-1.0137197971343994,0.7826474905014038,1.1633809804916382,-0.5362061262130737,0.4140473008155823,0.7313945293426514,-1.7576278448104858,0.7708361148834229,1.2526158094406128,-0.6163643598556519,0.4723730683326721,0.6754950284957886,-1.9383440017700195,0.7343270778656006,1.2316651344299316,-0.6757641434669495,0.4905570149421692,0.634781539440155,-1.8666093349456787,0.7302370667457581,1.2077287435531616,-0.5715277194976807,0.47285690903663635,0.6404532194137573,-1.753684401512146,0.6857336759567261,1.2961466312408447,0.05076826736330986,0.40791577100753784,1.2993289232254028,-0.0405450314283371,0.7137060165405273,1.9125645160675049,-0.30593445897102356,0.4326778054237366,1.922051191329956,-0.3536671996116638,0.7460502982139587,2.4615461826324463,0.526582658290863,0.47052472829818726,2.4782910346984863,0.20866329967975616,0.7577260732650757,2.551107168197632,0.6086844205856323,0.46919479966163635,2.5633890628814697,0.25093913078308105,0.7225214838981628,2.6231939792633057,0.21978409588336945,0.5126674771308899,2.6517765522003174,-0.23898079991340637,0.0,0.0,0.0,0.0,0.0,0.0,0.0,0.0,0.0,0.0,0.0,0.0,0.0,0.0,0.0,0.0,0.0,0.0,0.0,0.0,0.0,0.0,0.0,0.0,0.0,0.0,0.0,0.0,0.0,0.0,0.0,0.0,0.0,0.0,0.0,0.0,0.0,0.0,0.0,0.0,0.0,0.0,0.0,0.0,0.0,0.0,0.0,0.0,0.0,0.0,0.0,0.0,0.0,0.0,0.0,0.0,0.0,0.0,0.0,0.0,0.0,0.0,0.0,0.41453465819358826,0.7484534978866577,-4.274262721537525e-07,0.43816739320755005,0.6760208010673523,0.007606566417962313,0.4694872796535492,0.6297046542167664,0.0069146235473454,0.49810799956321716,0.5990520119667053,0.0017738854512572289,0.5136336088180542,0.5787912607192993,-0.0018429042538627982,0.5039241909980774,0.6067231297492981,0.014700149185955524,0.5382396578788757,0.5942094922065735,0.004112423863261938,0.528505802154541,0.6127702593803406,-0.005414923653006554,0.5125734806060791,0.6252819299697876,-0.010454519651830196,0.5183948278427124,0.6332027912139893,0.004726962186396122,0.550746738910675,0.6264879107475281,-0.0006292016478255391,0.5373570322990417,0.6424545049667358,-0.004577163606882095,0.5189686417579651,0.6505929827690125,-0.007091067731380463,0.5292827486991882,0.6668440699577332,-0.006279805209487677,0.5545421838760376,0.6644419431686401,-0.008737800642848015,0.5401862263679504,0.676447868347168,-0.004609211813658476,0.5227712392807007,0.6825534105300903,-0.002218310721218586,0.5356928706169128,0.702917754650116,-0.0176630187779665,0.5546480417251587,0.7010118365287781,-0.013525777496397495,0.5403563380241394,0.7090801000595093,-0.004564759321510792,0.5248011946678162,0.7134278416633606,0.001828127191402018,2
0.36428162455558777,0.3073519766330719,-1.1283365488052368,0.3854445815086365,0.24489827454090118,-1.092373013496399,0.40039968490600586,0.23870232701301575,-1.0923495292663574,0.4172334671020508,0.22949637472629547,-1.0925976037979126,0.3532050549983978,0.2599930167198181,-1.0596576929092407,0.3463665544986725,0.2651011645793915,-1.0599160194396973,0.33999690413475037,0.26991894841194153,-1.0595331192016602,0.49074411392211914,0.2426775097846985,-0.7380018830299377,0.36506447196006775,0.29395073652267456,-0.5874667167663574,0.4118120074272156,0.3596285283565521,-0.9864325523376465,0.3775089979171753,0.3795897662639618,-0.9407128095626831,0.7408450841903687,0.5108727812767029,-0.4472077786922455,0.3308643102645874,0.6091799139976501,-0.2693767249584198,0.8779222369194031,0.9237781763076782,-0.43613988161087036,0.2168334424495697,1.024328589439392,-0.6287662982940674,0.798169732093811,1.195871114730835,-0.7929891347885132,0.3694160282611847,0.9313117265701294,-1.5026687383651733,0.7965397834777832,1.2787020206451416,-0.8883153200149536,0.4217483401298523,0.9012094140052795,-1.698653221130371,0.7607624530792236,1.2661553621292114,-0.9786590337753296,0.4326542913913727,0.8356166481971741,-1.662721872329712,0.7508338689804077,1.2434163093566895,-0.8341296315193176,0.42651891708374023,0.8487139940261841,-1.515165090560913,0.7384334206581116,1.3580378293991089,-0.06285954266786575,0.461336612701416,1.4040528535842896,0.07083863765001297,0.741258442401886,1.9101204872131348,-0.28489401936531067,0.4871397018432617,1.9383838176727295,-0.07615673542022705,0.7761058807373047,2.50541090965271,0.6693718433380127,0.52803635597229,2.535515785217285,0.6191970705986023,0.7964993715286255,2.5947296619415283,0.7606774568557739,0.5461392402648926,2.625633478164673,0.6718181371688843,0.7257343530654907,2.6942319869995117,0.3657463490962982,0.5193634629249573,2.717888593673706,0.22191207110881805,0.0,0.0,0.0,0.0,0.0,0.0,0.0,0.0,0.0,0.0,0.0,0.0,0.0,0.0,0.0,0.0,0.0,0.0,0.0,0.0,0.0,0.0,0.0,0.0,0.0,0.0,0.0,0.0,0.0,0.0,0.0,0.0,0.0,0.0,0.0,0.0,0.0,0.0,0.0,0.0,0.0,0.0,0.0,0.0,0.0,0.0,0.0,0.0,0.0,0.0,0.0,0.0,0.0,0.0,0.0,0.0,0.0,0.0,0.0,0.0,0.0,0.0,0.0,0.3871637284755707,0.9366499185562134,-2.292673428883063e-07,0.39839446544647217,0.8706070184707642,-0.0023634147364646196,0.4338907301425934,0.8208553791046143,-0.011421304196119308,0.47325006127357483,0.7985849380493164,-0.019537050276994705,0.5060144066810608,0.7904703617095947,-0.024444494396448135,0.44761693477630615,0.8385891318321228,-0.03318897634744644,0.5184864401817322,0.8221390843391418,-0.04875364527106285,0.5066202878952026,0.823845386505127,-0.04909711703658104,0.48411014676094055,0.8290031552314758,-0.044280119240283966,0.45751914381980896,0.8842126727104187,-0.03811945021152496,0.5372126698493958,0.8638409972190857,-0.052543628960847855,0.5220568180084229,0.8635432720184326,-0.046959564089775085,0.4961874485015869,0.8704000115394592,-0.03868451714515686,0.4671925902366638,0.9261873364448547,-0.0416102334856987,0.5391576290130615,0.9072876572608948,-0.050050247460603714,0.5238557457923889,0.9041896462440491,-0.036362774670124054,0.5016435384750366,0.9079840779304504,-0.02430557645857334,0.47352057695388794,0.9633023142814636,-0.044753044843673706,0.5314443111419678,0.9428656697273254,-0.04585476592183113,0.5178507566452026,0.9404178261756897,-0.0328308567404747,0.4970532953739166,0.9461009502410889,-0.021917397156357765,2
0.49554985761642456,0.28592708706855774,-0.9454706311225891,0.5149368047714233,0.23590411245822906,-0.8618023991584778,0.5298856496810913,0.23505380749702454,-0.8617724180221558,0.542445719242096,0.23094291985034943,-0.8616429567337036,0.46828407049179077,0.23825670778751373,-0.8924837112426758,0.45311832427978516,0.23912623524665833,-0.8928323984146118,0.43846598267555237,0.24031199514865875,-0.892656683921814,0.5593339800834656,0.2555137276649475,-0.3730011582374573,0.42229804396629333,0.264363169670105,-0.5148402452468872,0.5266892313957214,0.33347654342651367,-0.7541478276252747,0.4702379107475281,0.3418390154838562,-0.7951613664627075,0.6917263269424438,0.5517454147338867,-0.004524546675384045,0.31163492798805237,0.5597867369651794,-0.4308136999607086,0.7641335129737854,0.9416163563728333,0.06928214430809021,0.30676862597465515,0.8962064981460571,-1.0502655506134033,0.7768093347549438,1.1965076923370361,-0.3207499384880066,0.576877772808075,0.6526821255683899,-1.7468732595443726,0.7842625379562378,1.311820149421692,-0.4003133773803711,0.62143874168396,0.6168861389160156,-1.9389547109603882,0.7648614645004272,1.2611916065216064,-0.49439868330955505,0.6289511919021606,0.5888777375221252,-1.8756330013275146,0.7512713074684143,1.2296578884124756,-0.3730044960975647,0.61127108335495,0.5942973494529724,-1.7392463684082031,0.6425320506095886,1.2763476371765137,0.10583994537591934,0.4151681363582611,1.2730484008789062,-0.09765857458114624,0.669776439666748,1.892610788345337,-0.2352936565876007,0.42040640115737915,1.899122953414917,-0.39996203780174255,0.6804030537605286,2.4669620990753174,0.4565345346927643,0.4467036724090576,2.4625306129455566,0.03564046695828438,0.6815112829208374,2.554694652557373,0.5226518511772156,0.4406481683254242,2.544631242752075,0.0658034235239029,0.6773907542228699,2.6238248348236084,0.1499786078929901,0.50970059633255,2.629384756088257,-0.42352956533432007,0.0,0.0,0.0,0.0,0.0,0.0,0.0,0.0,0.0,0.0,0.0,0.0,0.0,0.0,0.0,0.0,0.0,0.0,0.0,0.0,0.0,0.0,0.0,0.0,0.0,0.0,0.0,0.0,0.0,0.0,0.0,0.0,0.0,0.0,0.0,0.0,0.0,0.0,0.0,0.0,0.0,0.0,0.0,0.0,0.0,0.0,0.0,0.0,0.0,0.0,0.0,0.0,0.0,0.0,0.0,0.0,0.0,0.0,0.0,0.0,0.0,0.0,0.0,0.5702603459358215,0.6734548807144165,-3.6699935890283086e-07,0.5527428388595581,0.6117284893989563,0.004793592728674412,0.5580940246582031,0.5720120668411255,0.004788578022271395,0.5805995464324951,0.5639227032661438,0.0034931122791022062,0.5975900888442993,0.5770820379257202,0.0020786093082278967,0.6284675002098083,0.5455893874168396,0.008132602088153362,0.6265920996665955,0.5642699599266052,0.01396635826677084,0.6158233284950256,0.5791459083557129,0.012929355725646019,0.6075344085693359,0.5876920819282532,0.009627707302570343,0.6546755433082581,0.5702582597732544,0.003598038339987397,0.6460649967193604,0.5872704386711121,0.01498858816921711,0.6345236897468567,0.599861204624176,0.014635330997407436,0.6254004240036011,0.6087930202484131,0.010266270488500595,0.6693727970123291,0.6009066104888916,0.00013009682879783213,0.6583943963050842,0.6141061782836914,0.010126497596502304,0.6471189260482788,0.6234036087989807,0.010487682186067104,0.6370967626571655,0.6285352110862732,0.006673916708678007,0.6755644083023071,0.6311936974525452,-0.003663392039015889,0.6669638156890869,0.6412756443023682,0.004000720102339983,0.6554682850837708,0.6485801935195923,0.008153799921274185,0.6442659497261047,0.6511440873146057,0.009833360090851784,2
0.554167628288269,0.30256354808807373,-1.215938925743103,0.5753445625305176,0.23885652422904968,-1.1437056064605713,0.5922800302505493,0.2360401302576065,-1.1435045003890991,0.6068123579025269,0.23172326385974884,-1.1428858041763306,0.5235130190849304,0.24696829915046692,-1.1373023986816406,0.5036911964416504,0.2492731362581253,-1.1381572484970093,0.48626023530960083,0.2510890066623688,-1.1382040977478027,0.6314145922660828,0.25271347165107727,-0.6558365821838379,0.4642682671546936,0.26875269412994385,-0.6379712820053101,0.5868525505065918,0.353037029504776,-1.0277116298675537,0.5293897390365601,0.3692598342895508,-1.0241023302078247,0.7701448798179626,0.5534883737564087,-0.4387870728969574,0.35672545433044434,0.5392258167266846,-0.3230244219303131,0.7683393955230713,0.9611325860023499,-0.8694998621940613,0.11808055639266968,0.8405737280845642,-0.8849560022354126,0.42529934644699097,0.872829258441925,-1.5163601636886597,0.44830554723739624,0.7411190271377563,-1.6301168203353882,0.32913917303085327,0.9026853442192078,-1.7102546691894531,0.5343756079673767,0.7192389369010925,-1.8304040431976318,0.29889848828315735,0.8198813796043396,-1.6389391422271729,0.5582500696182251,0.675122082233429,-1.7202808856964111,0.3369351029396057,0.809387743473053,-1.5076377391815186,0.5387369990348816,0.6858617663383484,-1.6116845607757568,0.7158752083778381,1.2641470432281494,-0.019204407930374146,0.4305267930030823,1.2521709203720093,0.026945048943161964,0.7252515554428101,1.8276365995407104,-0.19743025302886963,0.45818057656288147,1.839206337928772,-0.2531537711620331,0.7517110109329224,2.407872438430786,0.3521028161048889,0.4998329281806946,2.355790376663208,0.2808777987957001,0.7674920558929443,2.5016794204711914,0.40285220742225647,0.50287264585495,2.4303171634674072,0.3256712555885315,0.7032430171966553,2.5618906021118164,-0.01474994607269764,0.5217360258102417,2.515681028366089,-0.11550916731357574,0.0,0.0,0.0,0.0,0.0,0.0,0.0,0.0,0.0,0.0,0.0,0.0,0.0,0.0,0.0,0.0,0.0,0.0,0.0,0.0,0.0,0.0,0.0,0.0,0.0,0.0,0.0,0.0,0.0,0.0,0.0,0.0,0.0,0.0,0.0,0.0,0.0,0.0,0.0,0.0,0.0,0.0,0.0,0.0,0.0,0.0,0.0,0.0,0.0,0.0,0.0,0.0,0.0,0.0,0.0,0.0,0.0,0.0,0.0,0.0,0.0,0.0,0.0,0.0,0.0,0.0,0.0,0.0,0.0,0.0,0.0,0.0,0.0,0.0,0.0,0.0,0.0,0.0,0.0,0.0,0.0,0.0,0.0,0.0,0.0,0.0,0.0,0.0,0.0,0.0,0.0,0.0,0.0,0.0,0.0,0.0,0.0,0.0,0.0,0.0,0.0,0.0,0.0,0.0,0.0,0.0,0.0,0.0,0.0,0.0,0.0,0.0,0.0,0.0,0.0,0.0,0.0,0.0,0.0,0.0,0.0,0.0,0.0,0.0,0.0,0.0,2
0.5309137105941772,0.276143878698349,-1.7096039056777954,0.5518812537193298,0.2123558521270752,-1.6240590810775757,0.5672495365142822,0.20888200402259827,-1.6240215301513672,0.5801657438278198,0.2056436687707901,-1.6236999034881592,0.5014179944992065,0.22217465937137604,-1.6380170583724976,0.4845855236053467,0.22490154206752777,-1.6386642456054688,0.46948257088661194,0.22759948670864105,-1.6386293172836304,0.5997205376625061,0.22219650447368622,-1.0393569469451904,0.45183461904525757,0.24488011002540588,-1.1069180965423584,0.5643991231918335,0.32013049721717834,-1.48036789894104,0.5059373378753662,0.329719215631485,-1.5010257959365845,0.7517023682594299,0.5067133903503418,-0.51679927110672,0.32625624537467957,0.5312683582305908,-0.761825680732727,0.7861412763595581,0.9458200335502625,-0.5336949229240417,0.2787768244743347,0.9639305472373962,-1.2671945095062256,0.6957384943962097,0.9774534106254578,-1.1083433628082275,0.5102089643478394,0.7639228105545044,-2.152226448059082,0.6756197810173035,1.009926199913025,-1.220489740371704,0.5656901597976685,0.7123499512672424,-2.356856346130371,0.6802114248275757,0.9518911242485046,-1.2948113679885864,0.5682981014251709,0.6651701331138611,-2.315248966217041,0.6747545003890991,0.945478618144989,-1.1508275270462036,0.561540961265564,0.6750867366790771,-2.152799367904663,0.703835666179657,1.2170772552490234,0.06290236860513687,0.4303591847419739,1.2298133373260498,-0.05398882180452347,0.7215999960899353,1.8223861455917358,-0.3267199993133545,0.4560631215572357,1.834005355834961,-0.4529179036617279,0.7454579472541809,2.375643253326416,0.5333178639411926,0.4979020655155182,2.369480848312378,0.15820011496543884,0.7516241073608398,2.461940050125122,0.6148866415023804,0.499155193567276,2.443683624267578,0.201284721493721,0.723824679851532,2.5253498554229736,0.1725078523159027,0.5492718815803528,2.5370595455169678,-0.34910523891448975,0.0,0.0,0.0,0.0,0.0,0.0,0.0,0.0,0.0,0.0,0.0,0.0,0.0,0.0,0.0,0.0,0.0,0.0,0.0,0.0,0.0,0.0,0.0,0.0,0.0,0.0,0.0,0.0,0.0,0.0,0.0,0.0,0.0,0.0,0.0,0.0,0.0,0.0,0.0,0.0,0.0,0.0,0.0,0.0,0.0,0.0,0.0,0.0,0.0,0.0,0.0,0.0,0.0,0.0,0.0,0.0,0.0,0.0,0.0,0.0,0.0,0.0,0.0,0.5543850064277649,0.7323848009109497,-2.7753117137763184e-07,0.5312221050262451,0.6783796548843384,-0.008999924175441265,0.5283597707748413,0.6228172779083252,-0.01557932049036026,0.5506446957588196,0.5866600871086121,-0.02044561319053173,0.5753626227378845,0.5830594301223755,-0.022759532555937767,0.5842403173446655,0.6205691695213318,-0.017400097101926804,0.6141425967216492,0.5781522393226624,-0.025119101628661156,0.6012729406356812,0.5904954671859741,-0.02646300196647644,0.5885129570960999,0.6122481822967529,-0.025809921324253082,0.6143437027931213,0.6420627236366272,-0.016254520043730736,0.6358774900436401,0.5971221327781677,-0.021660547703504562,0.6229251623153687,0.6082537770271301,-0.020380008965730667,0.6115286946296692,0.6289671063423157,-0.01819503866136074,0.6360092163085938,0.6628759503364563,-0.015240998938679695,0.6491896510124207,0.6239544153213501,-0.018756942823529243,0.6386714577674866,0.632613480091095,-0.014017155393958092,0.6302908062934875,0.6483683586120605,-0.010262914933264256,0.65032958984375,0.6825295686721802,-0.014727081172168255,0.658741295337677,0.6497023701667786,-0.01725160703063011,0.6485861539840698,0.656373918056488,-0.01256580837070942,0.6419846415519714,0.6700538396835327,-0.007697169668972492,2
0.4505211412906647,0.19609959423542023,-0.5127996802330017,0.46657466888427734,0.15066972374916077,-0.4680251181125641,0.478381872177124,0.14826183021068573,-0.468055784702301,0.4932396411895752,0.14481285214424133,-0.46794360876083374,0.44329923391342163,0.15539950132369995,-0.43311944603919983,0.438343346118927,0.15646018087863922,-0.4332728385925293,0.43359899520874023,0.15703177452087402,-0.43315762281417847,0.5449990034103394,0.15469102561473846,-0.16737361252307892,0.4468287527561188,0.17503592371940613,-0.006478084716945887,0.4847955107688904,0.24331755936145782,-0.3932027220726013,0.45298123359680176,0.24419856071472168,-0.3468717038631439,0.7387706637382507,0.38967761397361755,-0.09762164205312729,0.3686901032924652,0.39438220858573914,0.15729644894599915,0.8283443450927734,0.7334178686141968,-0.5886061191558838,0.1559576839208603,0.5377119779586792,-0.41482096910476685,0.7119756937026978,0.8886528611183167,-1.2828253507614136,0.3740248382091522,0.44611647725105286,-1.226043462753296,0.6815816164016724,0.9256476759910583,-1.4522719383239746,0.4146230220794678,0.43236467242240906,-1.4195657968521118,0.6614263653755188,0.8900120854377747,-1.442925214767456,0.4338439404964447,0.41725584864616394,-1.3487727642059326,0.6621242761611938,0.8777631521224976,-1.2960509061813354,0.4289867877960205,0.41899293661117554,-1.2291576862335205,0.6827675104141235,1.0604588985443115,-0.05458839610219002,0.444831907749176,1.0523017644882202,0.058793336153030396,0.6590831875801086,1.5479201078414917,-0.6492089033126831,0.38393446803092957,1.5327410697937012,-0.6024742126464844,0.6665064692497253,2.1157400608062744,-0.31071341037750244,0.4684378504753113,2.1334593296051025,-0.5413224101066589,0.672792375087738,2.1813414096832275,-0.2769372761249542,0.49179235100746155,2.2081055641174316,-0.5434930324554443,0.6388107538223267,2.311965227127075,-0.6003075838088989,0.46671706438064575,2.320465564727783,-0.9497593641281128,0.0,0.0,0.0,0.0,0.0,0.0,0.0,0.0,0.0,0.0,0.0,0.0,0.0,0.0,0.0,0.0,0.0,0.0,0.0,0.0,0.0,0.0,0.0,0.0,0.0,0.0,0.0,0.0,0.0,0.0,0.0,0.0,0.0,0.0,0.0,0.0,0.0,0.0,0.0,0.0,0.0,0.0,0.0,0.0,0.0,0.0,0.0,0.0,0.0,0.0,0.0,0.0,0.0,0.0,0.0,0.0,0.0,0.0,0.0,0.0,0.0,0.0,0.0,0.37645918130874634,0.4899793565273285,-9.188385519109943e-08,0.37954550981521606,0.44732746481895447,-0.0022389995865523815,0.40779170393943787,0.41991594433784485,-0.006923273671418428,0.443191260099411,0.4081335961818695,-0.00990031473338604,0.47026947140693665,0.40186890959739685,-0.011299926787614822,0.4056336283683777,0.4268912374973297,-0.026273811236023903,0.4594101011753082,0.4111193120479584,-0.03282705694437027,0.46883583068847656,0.4121222198009491,-0.028229396790266037,0.4652214050292969,0.41756168007850647,-0.022107381373643875,0.41620510816574097,0.45334678888320923,-0.026452718302607536,0.4730647802352905,0.43204930424690247,-0.031419191509485245,0.47780168056488037,0.4327925145626068,-0.024417797103524208,0.47124290466308594,0.4375794529914856,-0.018016966059803963,0.4270702302455902,0.4769127070903778,-0.025301817804574966,0.4785324037075043,0.4537268280982971,-0.027102816849946976,0.4813861548900604,0.4509453773498535,-0.018404832109808922,0.47698596119880676,0.452846497297287,-0.011983940377831459,0.4361777901649475,0.4946839511394501,-0.023853609338402748,0.472148597240448,0.47175973653793335,-0.023479199036955833,0.4777635931968689,0.46540018916130066,-0.017976531758904457,0.4780213236808777,0.4635733366012573,-0.013610679656267166,2
0.5309520363807678,0.23923920094966888,-0.28615230321884155,0.5390452146530151,0.19614526629447937,-0.2259746789932251,0.5533300042152405,0.19317597150802612,-0.22590272128582,0.566005289554596,0.1902373731136322,-0.22553494572639465,0.4973640441894531,0.20849953591823578,-0.2145243138074875,0.4835258424282074,0.21444697678089142,-0.21486099064350128,0.4717257618904114,0.2201860100030899,-0.21462371945381165,0.5872446894645691,0.20850259065628052,0.07957595586776733,0.46766120195388794,0.2523249387741089,0.12325829267501831,0.5676433444023132,0.2850819528102875,-0.17316834628582,0.5173238515853882,0.3051868677139282,-0.16081124544143677,0.7355378866195679,0.421634703874588,0.11618232727050781,0.4026264548301697,0.4391724467277527,0.21308675408363342,0.8696308135986328,0.6738337278366089,-0.09471191465854645,0.2515723705291748,0.5866004824638367,-0.31907564401626587,0.8865734338760376,0.937583863735199,-0.45952415466308594,0.5184767842292786,0.5530721545219421,-0.9380594491958618,0.8906938433647156,0.9961245059967041,-0.555285632610321,0.594696044921875,0.5253099203109741,-1.1044508218765259,0.863985538482666,0.9854924082756042,-0.5765365362167358,0.5987673997879028,0.5180433392524719,-1.0164315700531006,0.8619659543037415,0.9531295299530029,-0.48068317770957947,0.5905465483665466,0.5223296284675598,-0.9281140565872192,0.7288983464241028,0.9900428652763367,-0.03743751347064972,0.5109485387802124,1.0522176027297974,0.041940491646528244,0.7329925298690796,1.513493299484253,-0.30211228132247925,0.5102496147155762,1.5638858079910278,-0.2732272446155548,0.761756420135498,1.9924005270004272,-0.0848982036113739,0.5564972162246704,2.08256459236145,-0.24911844730377197,0.7763486504554749,2.0604114532470703,-0.0606064572930336,0.5665850639343262,2.151073455810547,-0.2518343925476074,0.7219456434249878,2.125283718109131,-0.3059559464454651,0.5571411848068237,2.222034215927124,-0.5695298910140991,0.9299623370170593,0.9180418252944946,2.282228876993031e-07,0.9010521769523621,0.9165530204772949,-0.015483097173273563,0.8738489151000977,0.939732015132904,-0.019688408821821213,0.8548371195793152,0.9667119979858398,-0.020405739545822144,0.842772364616394,0.9931710958480835,-0.020540287718176842,0.8955683708190918,0.9759673476219177,-0.012303213588893414,0.8765355348587036,1.0058232545852661,-0.015473372302949429,0.8645117282867432,1.0249015092849731,-0.01799304224550724,0.8564883470535278,1.038627028465271,-0.01983087696135044,0.9129998683929443,0.9850537776947021,-0.004986240062862635,0.8958791494369507,1.0148553848266602,-0.007803517393767834,0.8828657865524292,1.0345090627670288,-0.0115153593942523,0.8723758459091187,1.049881100654602,-0.01501392014324665,0.9253230690956116,0.9891804456710815,0.0015790140023455024,0.9115153551101685,1.0178784132003784,-0.0006839414709247649,0.9006904363632202,1.035418152809143,-0.0015873406082391739,0.8914942145347595,1.048614740371704,-0.002622662577778101,0.9339722394943237,0.9912464022636414,0.006923519540578127,0.9244222044944763,1.0173667669296265,0.004737187642604113,0.9159808158874512,1.0336576700210571,0.004550735466182232,0.9085747599601746,1.0448518991470337,0.004499581642448902,0.5296749472618103,0.5724372863769531,-3.147493146116176e-07,0.5441691875457764,0.5185599327087402,0.00045415712520480156,0.5676447749137878,0.48947376012802124,-0.0015743507537990808,0.5985345244407654,0.47937920689582825,-0.004104609601199627,0.621319055557251,0.48279041051864624,-0.005026131868362427,0.6040595769882202,0.4977116286754608,-0.004117938689887524,0.6346176862716675,0.4928196370601654,-0.004460252821445465,0.623481035232544,0.5015572309494019,-0.002106341766193509,0.6098995804786682,0.5094700455665588,6.222496449481696e-05,0.6162651181221008,0.5248710513114929,-0.005678597372025251,0.6445214748382568,0.5159744024276733,-0.003908963408321142,0.6316719055175781,0.5209159255027771,-0.0014251944376155734,0.6170807480812073,0.5272631645202637,-0.0005023902631364763,0.6220332980155945,0.5506711602210999,-0.006455634720623493,0.6486760973930359,0.5371929407119751,-0.004103122744709253,0.6367053389549255,0.5394821763038635,0.0011777619365602732,0.6224608421325684,0.5441142320632935,0.0035704721231013536,0.6226431131362915,0.5716800093650818,-0.007085429970175028,0.6478652954101562,0.5584828853607178,-0.0023852060548961163,0.6392464637756348,0.5581867694854736,0.005383903160691261,0.6269846558570862,0.5617833137512207,0.01070137694478035,2
0.5394934415817261,0.28522565960884094,-1.2427889108657837,0.5605676174163818,0.22691063582897186,-1.1751199960708618,0.5746091604232788,0.22561798989772797,-1.1751819849014282,0.5855487585067749,0.22489574551582336,-1.174662470817566,0.5139038562774658,0.22716644406318665,-1.1826329231262207,0.49767765402793884,0.2255914956331253,-1.182910442352295,0.48406124114990234,0.22429604828357697,-1.1826714277267456,0.5971812009811401,0.24087174236774445,-0.7143923044204712,0.47076883912086487,0.23876959085464478,-0.764313817024231,0.5672010183334351,0.3270670473575592,-1.0657093524932861,0.5162964463233948,0.3286188840866089,-1.0809266567230225,0.7061904668807983,0.48169881105422974,-0.35607725381851196,0.3404947519302368,0.47801223397254944,-0.47098857164382935,0.7584195137023926,0.878169596195221,-0.24893338978290558,0.21522656083106995,0.885360598564148,-0.8839557766914368,0.8139470815658569,1.1526278257369995,-0.6684073209762573,0.44379130005836487,0.7347671985626221,-1.7090187072753906,0.8389247059822083,1.238248348236084,-0.759335994720459,0.4864576458930969,0.6962122321128845,-1.9019520282745361,0.8219026327133179,1.2158867120742798,-0.8613311648368835,0.49626630544662476,0.645687460899353,-1.857299566268921,0.7989779710769653,1.1909645795822144,-0.7218891978263855,0.4895859360694885,0.6517037749290466,-1.7133089303970337,0.6456235647201538,1.1415733098983765,0.037126123905181885,0.424161434173584,1.1646939516067505,-0.029201194643974304,0.6689213514328003,1.694463849067688,-0.2701963484287262,0.42842286825180054,1.717409372329712,-0.29217761754989624,0.6828514933586121,2.198158025741577,0.4056073725223541,0.4510044455528259,2.2142722606658936,0.14906111359596252,0.6883071064949036,2.279891014099121,0.4738982617855072,0.45178136229515076,2.2892813682556152,0.18344925343990326,0.6642588973045349,2.335444927215576,0.13966147601604462,0.48191124200820923,2.3593356609344482,-0.25090518593788147,0.0,0.0,0.0,0.0,0.0,0.0,0.0,0.0,0.0,0.0,0.0,0.0,0.0,0.0,0.0,0.0,0.0,0.0,0.0,0.0,0.0,0.0,0.0,0.0,0.0,0.0,0.0,0.0,0.0,0.0,0.0,0.0,0.0,0.0,0.0,0.0,0.0,0.0,0.0,0.0,0.0,0.0,0.0,0.0,0.0,0.0,0.0,0.0,0.0,0.0,0.0,0.0,0.0,0.0,0.0,0.0,0.0,0.0,0.0,0.0,0.0,0.0,0.0,0.4587494730949402,0.7426244020462036,-3.7511549066948646e-07,0.45166856050491333,0.6730588674545288,-0.0005359806818887591,0.46895185112953186,0.6172990202903748,-0.0013879615580663085,0.4941025972366333,0.5913559198379517,-0.0021011524368077517,0.5128538608551025,0.6040847301483154,-0.002634609816595912,0.5287230610847473,0.6197630763053894,-0.004886704497039318,0.522495448589325,0.5927733778953552,-0.001278652693144977,0.5050564408302307,0.6072226166725159,-0.0006420441204681993,0.4989107549190521,0.6253193020820618,-0.0019690014887601137,0.5451347231864929,0.6500204205513,-0.005592599511146545,0.5333147048950195,0.625760018825531,6.170175038278103e-05,0.5177772045135498,0.6339076161384583,0.0015316121280193329,0.5091265439987183,0.6507080793380737,-6.244052201509476e-05,0.5509817600250244,0.6820099353790283,-0.004930607043206692,0.5404772162437439,0.6558610200881958,-0.001067252131178975,0.5266516208648682,0.6593989133834839,0.0004506906552705914,0.5176374316215515,0.6743520498275757,-0.0008052646880969405,0.5501818656921387,0.7095960974693298,-0.003978750202804804,0.5409592390060425,0.6858776211738586,-0.000921252416446805,0.5280049443244934,0.6887498497962952,0.0034086862578988075,0.5214369893074036,0.7015159130096436,0.00588741060346365,2
0.5354777574539185,0.2967148721218109,-2.3608627319335938,0.5611584186553955,0.23720036447048187,-2.268007516860962,0.5792490243911743,0.23476025462150574,-2.2686352729797363,0.5937260389328003,0.23276840150356293,-2.268702745437622,0.4904458522796631,0.24600927531719208,-2.2756662368774414,0.4670146405696869,0.24914078414440155,-2.276453971862793,0.4501107633113861,0.25226205587387085,-2.276412010192871,0.6225543022155762,0.2550489008426666,-1.6480472087860107,0.4228712022304535,0.285122811794281,-1.6924470663070679,0.5714243650436401,0.36408984661102295,-2.122805595397949,0.49983319640159607,0.3803090751171112,-2.137925148010254,0.8035389184951782,0.6525139212608337,-1.0938518047332764,0.27238792181015015,0.6284027099609375,-1.2363197803497314,0.8508961796760559,1.1114529371261597,-1.0360543727874756,0.1831769198179245,1.0370270013809204,-1.7863985300064087,0.8009008169174194,1.3865958452224731,-1.452509880065918,0.5166471600532532,0.8382332921028137,-2.5886621475219727,0.7987927198410034,1.4908955097198486,-1.5656962394714355,0.5889886617660522,0.7629404664039612,-2.792616128921509,0.7752569317817688,1.4755897521972656,-1.6449825763702393,0.597472071647644,0.700808584690094,-2.7091002464294434,0.7608218193054199,1.44167160987854,-1.4939782619476318,0.5851103663444519,0.7125267386436462,-2.5707709789276123,0.7025545835494995,1.37897789478302,0.03275611251592636,0.4034706652164459,1.3924806118011475,-0.02445031702518463,0.7308942079544067,1.972075343132019,-0.33629196882247925,0.44409188628196716,1.9623610973358154,-0.1720809042453766,0.7463430166244507,2.483189582824707,1.0601863861083984,0.4734525680541992,2.453965187072754,1.0315967798233032,0.7544171810150146,2.560063600540161,1.1892379522323608,0.47634512186050415,2.5233988761901855,1.1283928155899048,0.7162734866142273,2.684711456298828,0.7015365958213806,0.5098069906234741,2.6553103923797607,0.5559123754501343,0.0,0.0,0.0,0.0,0.0,0.0,0.0,0.0,0.0,0.0,0.0,0.0,0.0,0.0,0.0,0.0,0.0,0.0,0.0,0.0,0.0,0.0,0.0,0.0,0.0,0.0,0.0,0.0,0.0,0.0,0.0,0.0,0.0,0.0,0.0,0.0,0.0,0.0,0.0,0.0,0.0,0.0,0.0,0.0,0.0,0.0,0.0,0.0,0.0,0.0,0.0,0.0,0.0,0.0,0.0,0.0,0.0,0.0,0.0,0.0,0.0,0.0,0.0,0.5701505541801453,0.8129362463951111,-4.590980040575232e-07,0.5490116477012634,0.7353082895278931,-0.0032716162968426943,0.5521586537361145,0.6773079633712769,-0.011000942438840866,0.5789114832878113,0.6486926078796387,-0.01946805976331234,0.6064596772193909,0.6471750140190125,-0.027014005929231644,0.634344756603241,0.6407989263534546,-0.007898369804024696,0.6347623467445374,0.6475567817687988,-0.01201497483998537,0.6211473941802979,0.6725716590881348,-0.017620790749788284,0.6106721758842468,0.6940428614616394,-0.02285154163837433,0.6708580851554871,0.6677905917167664,-0.011726212687790394,0.6673415899276733,0.6729711294174194,-0.009321704506874084,0.6517854332923889,0.6933060884475708,-0.011920425109565258,0.6394595503807068,0.7110062837600708,-0.017305785790085793,0.6935371160507202,0.703330397605896,-0.014930699951946735,0.6883885860443115,0.7029846906661987,-0.013487101532518864,0.6728739738464355,0.7206482887268066,-0.01240966934710741,0.659044086933136,0.7355722188949585,-0.014865221455693245,0.707211971282959,0.7389475703239441,-0.01879972219467163,0.7041282653808594,0.7386049628257751,-0.01639537699520588,0.6873294115066528,0.7513576745986938,-0.010219672694802284,0.6719977855682373,0.7624718546867371,-0.006130760069936514,2
0.5501851439476013,0.30035820603370667,-0.9311070442199707,0.5744584798812866,0.24310261011123657,-0.8602359890937805,0.5905011296272278,0.24184831976890564,-0.860309898853302,0.6048434972763062,0.24153003096580505,-0.8599797487258911,0.524753749370575,0.2519773244857788,-0.8601527214050293,0.5063651204109192,0.25599196553230286,-0.8603799939155579,0.48971548676490784,0.2598981261253357,-0.8602105975151062,0.6325237154960632,0.2700392007827759,-0.4378367066383362,0.4725629389286041,0.2885010838508606,-0.44617629051208496,0.5845059752464294,0.35672619938850403,-0.7716501951217651,0.524612545967102,0.36552825570106506,-0.7750699520111084,0.7715423107147217,0.600407600402832,-0.15366344153881073,0.37807899713516235,0.5555034875869751,-0.26444363594055176,0.8081019520759583,0.9716005921363831,-0.15583054721355438,0.16921520233154297,0.8729055523872375,-0.7649998664855957,0.8315374255180359,1.3523505926132202,-0.5611421465873718,0.4615911841392517,0.7064187526702881,-1.438750147819519,0.8552678823471069,1.4754995107650757,-0.6439753770828247,0.5308414101600647,0.6554216742515564,-1.6188875436782837,0.832976222038269,1.460823655128479,-0.7296721935272217,0.5467272996902466,0.6246919631958008,-1.5320014953613281,0.816183865070343,1.4261850118637085,-0.6122466325759888,0.5358260869979858,0.6438373327255249,-1.4320482015609741,0.662443995475769,1.335629940032959,0.04467588663101196,0.3932722508907318,1.3114211559295654,-0.03514202684164047,0.6697724461555481,1.9228436946868896,-0.22592611610889435,0.41027989983558655,1.8695883750915527,-0.3056125342845917,0.6902165412902832,2.4857325553894043,0.48682722449302673,0.4390047490596771,2.436652898788452,0.21658949553966522,0.6988832950592041,2.573695421218872,0.5564591288566589,0.438865602016449,2.5110957622528076,0.25760599970817566,0.6600890159606934,2.6618869304656982,0.19111500680446625,0.472384512424469,2.603969097137451,-0.18495316803455353,0.0,0.0,0.0,0.0,0.0,0.0,0.0,0.0,0.0,0.0,0.0,0.0,0.0,0.0,0.0,0.0,0.0,0.0,0.0,0.0,0.0,0.0,0.0,0.0,0.0,0.0,0.0,0.0,0.0,0.0,0.0,0.0,0.0,0.0,0.0,0.0,0.0,0.0,0.0,0.0,0.0,0.0,0.0,0.0,0.0,0.0,0.0,0.0,0.0,0.0,0.0,0.0,0.0,0.0,0.0,0.0,0.0,0.0,0.0,0.0,0.0,0.0,0.0,0.4579152464866638,0.6890520453453064,-3.2786340398160974e-07,0.4802403748035431,0.6291255354881287,0.014393973164260387,0.5084159970283508,0.6014988422393799,0.017674488946795464,0.5327712297439575,0.6024935841560364,0.017045844346284866,0.5489487051963806,0.6219079494476318,0.01687776856124401,0.535914957523346,0.5837039351463318,0.009657314978539944,0.5666077733039856,0.5970327854156494,0.0137150464579463,0.5588895678520203,0.6177533268928528,0.018647775053977966,0.5449392795562744,0.6266007423400879,0.021834634244441986,0.5519523024559021,0.6093301177024841,0.0014331371057778597,0.5755394697189331,0.6218202710151672,0.009251372888684273,0.5647971630096436,0.6370317339897156,0.012672185897827148,0.550442099571228,0.6429043412208557,0.012919208034873009,0.5622426271438599,0.6396780610084534,-0.005053340457379818,0.580654501914978,0.6476423740386963,0.005311117507517338,0.5688403844833374,0.6578947305679321,0.010362466797232628,0.5540938973426819,0.6606600880622864,0.010310654528439045,0.5664082169532776,0.6675902605056763,-0.010847118683159351,0.5793172717094421,0.6707563400268555,0.0011850075097754598,0.5692697167396545,0.6776691675186157,0.010073045268654823,0.5565237998962402,0.6799527406692505,0.014863644726574421,2
0.5407421588897705,0.20177586376667023,-0.4028918147087097,0.5482697486877441,0.17629480361938477,-0.3354639708995819,0.5611867904663086,0.17603032290935516,-0.33556124567985535,0.5750219225883484,0.1752500981092453,-0.3355657160282135,0.5168775320053101,0.18266145884990692,-0.3343201279640198,0.5056787729263306,0.1895424872636795,-0.3347940444946289,0.4927947521209717,0.1946428269147873,-0.3346332311630249,0.6060891151428223,0.20971253514289856,0.020968178287148476,0.48768383264541626,0.22976228594779968,0.0252178106456995,0.575783371925354,0.24671252071857452,-0.2670133709907532,0.5254042744636536,0.25746840238571167,-0.2655795216560364,0.7646886706352234,0.4725376069545746,0.13674059510231018,0.4110235273838043,0.4223348796367645,0.09043636173009872,0.7859779596328735,0.7390375137329102,0.036929212510585785,0.31711170077323914,0.5911352038383484,-0.5653899908065796,0.7773780822753906,1.017227292060852,-0.27641263604164124,0.5353409647941589,0.5123210549354553,-1.2906029224395752,0.7922046780586243,1.1041086912155151,-0.3558475375175476,0.6126994490623474,0.46729782223701477,-1.4775842428207397,0.7811928987503052,1.0974746942520142,-0.43166953325271606,0.6182073354721069,0.4572708308696747,-1.3969707489013672,0.7690082788467407,1.0711323022842407,-0.31893303990364075,0.606249988079071,0.4598683714866638,-1.2884002923965454,0.682452917098999,1.1028923988342285,0.007125332951545715,0.4633267819881439,1.120809555053711,0.00028054864378646016,0.702666163444519,1.6403517723083496,-0.43786707520484924,0.4756159782409668,1.6633126735687256,-0.4197913110256195,0.7281274199485779,2.2032134532928467,0.02687130868434906,0.5030444264411926,2.2414770126342773,-0.171432226896286,0.742548942565918,2.2815864086151123,0.0740184485912323,0.5107932686805725,2.323432445526123,-0.1560676395893097,0.6870923638343811,2.354163646697998,-0.2882387936115265,0.5109573602676392,2.39176344871521,-0.6009837985038757,0.0,0.0,0.0,0.0,0.0,0.0,0.0,0.0,0.0,0.0,0.0,0.0,0.0,0.0,0.0,0.0,0.0,0.0,0.0,0.0,0.0,0.0,0.0,0.0,0.0,0.0,0.0,0.0,0.0,0.0,0.0,0.0,0.0,0.0,0.0,0.0,0.0,0.0,0.0,0.0,0.0,0.0,0.0,0.0,0.0,0.0,0.0,0.0,0.0,0.0,0.0,0.0,0.0,0.0,0.0,0.0,0.0,0.0,0.0,0.0,0.0,0.0,0.0,0.0,0.0,0.0,0.0,0.0,0.0,0.0,0.0,0.0,0.0,0.0,0.0,0.0,0.0,0.0,0.0,0.0,0.0,0.0,0.0,0.0,0.0,0.0,0.0,0.0,0.0,0.0,0.0,0.0,0.0,0.0,0.0,0.0,0.0,0.0,0.0,0.0,0.0,0.0,0.0,0.0,0.0,0.0,0.0,0.0,0.0,0.0,0.0,0.0,0.0,0.0,0.0,0.0,0.0,0.0,0.0,0.0,0.0,0.0,0.0,0.0,0.0,0.0,2
0.5479316711425781,0.2448471635580063,-1.0918859243392944,0.5692731738090515,0.20675723254680634,-1.0110665559768677,0.5873433947563171,0.20755437016487122,-1.0112857818603516,0.6019572019577026,0.20810768008232117,-1.0112580060958862,0.5194693803787231,0.20651593804359436,-1.0214662551879883,0.5057682394981384,0.20857183635234833,-1.0221846103668213,0.49297332763671875,0.21158172190189362,-1.0220286846160889,0.624048113822937,0.23747530579566956,-0.5297897458076477,0.4767776429653168,0.24709978699684143,-0.5821194052696228,0.5858403444290161,0.3071790933609009,-0.907298743724823,0.5208845734596252,0.3088223338127136,-0.9226118922233582,0.7668114304542542,0.5549653172492981,-0.1648409366607666,0.37630945444107056,0.5261242389678955,-0.39810770750045776,0.8077019453048706,0.9390740990638733,-0.07765345275402069,0.31767359375953674,0.8690165877342224,-0.9768679738044739,0.7951979637145996,1.2131612300872803,-0.441262811422348,0.6097280383110046,0.6468990445137024,-1.665876030921936,0.7987493276596069,1.3060868978500366,-0.5097547769546509,0.6689345240592957,0.5883871912956238,-1.834355354309082,0.7879300713539124,1.2858378887176514,-0.5988086462020874,0.6748043894767761,0.5643683671951294,-1.7724275588989258,0.7758349180221558,1.254675269126892,-0.4844287037849426,0.6545597314834595,0.5816028714179993,-1.6568727493286133,0.690429151058197,1.192043662071228,0.047097206115722656,0.4578029215335846,1.186308741569519,-0.04026695340871811,0.7064398527145386,1.7808855772018433,-0.17405317723751068,0.46987009048461914,1.76401948928833,-0.2007630616426468,0.7056761384010315,2.297102212905884,0.6196854710578918,0.4840729236602783,2.2599754333496094,0.3547910749912262,0.7095086574554443,2.3713197708129883,0.6924715042114258,0.48448124527931213,2.330806255340576,0.39498597383499146,0.6776977777481079,2.461183786392212,0.31503552198410034,0.5118014216423035,2.4400928020477295,-0.06800855696201324,0.0,0.0,0.0,0.0,0.0,0.0,0.0,0.0,0.0,0.0,0.0,0.0,0.0,0.0,0.0,0.0,0.0,0.0,0.0,0.0,0.0,0.0,0.0,0.0,0.0,0.0,0.0,0.0,0.0,0.0,0.0,0.0,0.0,0.0,0.0,0.0,0.0,0.0,0.0,0.0,0.0,0.0,0.0,0.0,0.0,0.0,0.0,0.0,0.0,0.0,0.0,0.0,0.0,0.0,0.0,0.0,0.0,0.0,0.0,0.0,0.0,0.0,0.0,0.6020462512969971,0.6340943574905396,-3.436043982674164e-07,0.6138847470283508,0.5748355388641357,0.006289639975875616,0.6364056468009949,0.5458266139030457,0.004428001120686531,0.66066575050354,0.5475894808769226,-0.000623778672888875,0.6771827340126038,0.5660701394081116,-0.00548632862046361,0.6736418008804321,0.5319875478744507,0.0029863163363188505,0.69379723072052,0.5457174181938171,-0.00011607088526943699,0.6869030594825745,0.5630589723587036,-0.0030408657621592283,0.6755145788192749,0.5706398487091064,-0.0055313738994300365,0.6905803680419922,0.5613343715667725,-0.004912722390145063,0.7075161933898926,0.5760636329650879,-0.004102523438632488,0.6986681222915649,0.5884222388267517,-0.005447010044008493,0.6849521398544312,0.59291672706604,-0.008228117600083351,0.7003546357154846,0.5938995480537415,-0.012202694080770016,0.7151858806610107,0.6068382859230042,-0.010322175920009613,0.7047340869903564,0.6159363985061646,-0.007501090876758099,0.6902690529823303,0.6178619265556335,-0.007546229287981987,0.7030269503593445,0.6244468688964844,-0.01968800090253353,0.7169522047042847,0.6364245414733887,-0.015436714515089989,0.7069980502128601,0.6424859166145325,-0.008902906440198421,0.6935005187988281,0.6427464485168457,-0.004857861902564764,2
0.4916333258152008,0.23981086909770966,-0.8054282069206238,0.5038634538650513,0.1976436972618103,-0.7381883859634399,0.5157095789909363,0.19844645261764526,-0.7383400201797485,0.5277632474899292,0.19963867962360382,-0.7382906675338745,0.4673711657524109,0.19406011700630188,-0.7546811699867249,0.4536408483982086,0.19276490807533264,-0.7550832033157349,0.4391811788082123,0.19258402287960052,-0.7550052404403687,0.5441993474960327,0.21929927170276642,-0.324398010969162,0.42029649019241333,0.21423007547855377,-0.39118221402168274,0.513100266456604,0.2862851023674011,-0.6415581703186035,0.4670630097389221,0.28933438658714294,-0.6612735986709595,0.6393883228302002,0.5040477514266968,-0.013768233358860016,0.3221626579761505,0.4879079759120941,-0.2978798747062683,0.662690281867981,0.8236795663833618,0.0659356340765953,0.3176761567592621,0.8350997567176819,-0.7901411056518555,0.6585971117019653,0.980915904045105,-0.22536668181419373,0.5104116201400757,0.5783539414405823,-1.4360063076019287,0.669070303440094,1.0284969806671143,-0.28238314390182495,0.5470455288887024,0.5367772579193115,-1.584696888923645,0.674669623374939,0.9998087286949158,-0.36539536714553833,0.5347303152084351,0.5019351243972778,-1.5583910942077637,0.66257643699646,0.9850317239761353,-0.2680746912956238,0.5291250348091125,0.506985604763031,-1.4406836032867432,0.5867646932601929,1.1218141317367554,0.055956482887268066,0.3827863335609436,1.1186938285827637,-0.04818810895085335,0.5925258994102478,1.6713577508926392,-0.26778051257133484,0.3826693892478943,1.6779073476791382,-0.3313977122306824,0.5932045578956604,2.1832540035247803,0.3515641689300537,0.3958030343055725,2.1941323280334473,0.051863837987184525,0.5954093933105469,2.2576191425323486,0.41077470779418945,0.38977888226509094,2.267465114593506,0.07931467145681381,0.5811229348182678,2.3130764961242676,0.07288073748350143,0.4376748204231262,2.3346667289733887,-0.34374693036079407,0.0,0.0,0.0,0.0,0.0,0.0,0.0,0.0,0.0,0.0,0.0,0.0,0.0,0.0,0.0,0.0,0.0,0.0,0.0,0.0,0.0,0.0,0.0,0.0,0.0,0.0,0.0,0.0,0.0,0.0,0.0,0.0,0.0,0.0,0.0,0.0,0.0,0.0,0.0,0.0,0.0,0.0,0.0,0.0,0.0,0.0,0.0,0.0,0.0,0.0,0.0,0.0,0.0,0.0,0.0,0.0,0.0,0.0,0.0,0.0,0.0,0.0,0.0,0.5248722434043884,0.6114556193351746,-3.223043734124076e-07,0.5155472755432129,0.558480441570282,-0.000945335894357413,0.5241258144378662,0.5133986473083496,-0.0024256310425698757,0.5421729683876038,0.4849739074707031,-0.004357350058853626,0.5592330098152161,0.48737576603889465,-0.005442768335342407,0.5666581988334656,0.5014377236366272,0.00021813000785186887,0.5632047057151794,0.4926576614379883,-0.002303887391462922,0.5522837042808533,0.5062600374221802,-0.005503013730049133,0.5458972454071045,0.5208273530006409,-0.007860761135816574,0.584057629108429,0.5216494798660278,-0.0023651071824133396,0.5784375667572021,0.5114316940307617,-0.0036064728628844023,0.5676935911178589,0.52277672290802,-0.005613358691334724,0.5603030920028687,0.5384069085121155,-0.0071424515917897224,0.5960596799850464,0.5459431409835815,-0.004702397156506777,0.5900260210037231,0.5338252782821655,-0.007341940421611071,0.5798139572143555,0.5428929328918457,-0.006373144686222076,0.5717326402664185,0.5566136240959167,-0.005351726897060871,0.6034546494483948,0.5703190565109253,-0.007142937742173672,0.6006081104278564,0.5574763417243958,-0.008957739919424057,0.5911921262741089,0.5637865662574768,-0.005415563005954027,0.5843643546104431,0.5748461484909058,-0.0015630203997716308,2
0.49766987562179565,0.26278525590896606,-1.042026400566101,0.5163437128067017,0.21572430431842804,-0.9781362414360046,0.5299829840660095,0.21329890191555023,-0.9780676960945129,0.5413447022438049,0.2105526626110077,-0.9777117967605591,0.4740944802761078,0.22207030653953552,-0.9827265739440918,0.4610980153083801,0.22393806278705597,-0.9831706881523132,0.4486495554447174,0.22666309773921967,-0.9829939603805542,0.5612186193466187,0.2236509621143341,-0.5685431957244873,0.4354148507118225,0.23932361602783203,-0.5853224992752075,0.5280832052230835,0.3050670027732849,-0.8825360536575317,0.47913289070129395,0.3127809464931488,-0.8871009945869446,0.6849702596664429,0.5088930726051331,-0.2143864631652832,0.3575079143047333,0.49970123171806335,-0.42034587264060974,0.7665977478027344,0.8839737176895142,-0.18447816371917725,0.3239971995353699,0.8394808173179626,-0.8535469174385071,0.8177593946456909,1.1176031827926636,-0.6421064138412476,0.537317156791687,0.7247752547264099,-1.5864264965057373,0.843428909778595,1.1929638385772705,-0.7388632297515869,0.5843719840049744,0.67936110496521,-1.7742983102798462,0.8318542242050171,1.1713539361953735,-0.8422584533691406,0.588128387928009,0.6465631127357483,-1.7379242181777954,0.8111546635627747,1.148220181465149,-0.6971324682235718,0.5801440477371216,0.6539828777313232,-1.5904459953308105,0.6403661370277405,1.128339409828186,0.04933580011129379,0.4357791543006897,1.1218688488006592,-0.04197167605161667,0.676935613155365,1.658206820487976,-0.20976439118385315,0.4585186541080475,1.6477279663085938,-0.25352805852890015,0.6891201734542847,2.1586179733276367,0.449378103017807,0.4886188507080078,2.1371090412139893,0.1829940378665924,0.6965376138687134,2.233492851257324,0.5112888216972351,0.4881501793861389,2.20751953125,0.21375182271003723,0.6729918718338013,2.288738489151001,0.16935928165912628,0.5245923399925232,2.275139808654785,-0.18997593224048615,0.0,0.0,0.0,0.0,0.0,0.0,0.0,0.0,0.0,0.0,0.0,0.0,0.0,0.0,0.0,0.0,0.0,0.0,0.0,0.0,0.0,0.0,0.0,0.0,0.0,0.0,0.0,0.0,0.0,0.0,0.0,0.0,0.0,0.0,0.0,0.0,0.0,0.0,0.0,0.0,0.0,0.0,0.0,0.0,0.0,0.0,0.0,0.0,0.0,0.0,0.0,0.0,0.0,0.0,0.0,0.0,0.0,0.0,0.0,0.0,0.0,0.0,0.0,0.565649688243866,0.723415732383728,-2.9727073069807375e-07,0.5681362748146057,0.6655498743057251,0.0038756728172302246,0.5783216953277588,0.6300497055053711,0.001315984525717795,0.5986315011978149,0.6244304180145264,-0.002456279704347253,0.613412618637085,0.6402096152305603,-0.006014459766447544,0.6238186955451965,0.6228633522987366,-0.004364868625998497,0.6308363080024719,0.6243811249732971,-0.0030233743600547314,0.620560884475708,0.6352164149284363,-0.003101223148405552,0.611193060874939,0.6421036124229431,-0.004614806268364191,0.6391238570213318,0.648260235786438,-0.008931992575526237,0.6394886374473572,0.6504706740379333,-0.0034740453120321035,0.628905177116394,0.6584086418151855,-0.0022312833461910486,0.6177636981010437,0.665431022644043,-0.004203082527965307,0.6463693380355835,0.6769239902496338,-0.012037988752126694,0.6424203515052795,0.6768348813056946,-0.006482710130512714,0.6333941221237183,0.6823229193687439,-0.003870413638651371,0.6227118372917175,0.6876452565193176,-0.004953138995915651,0.6477459669113159,0.7040199041366577,-0.015119846910238266,0.6459262371063232,0.7028517723083496,-0.010737799108028412,0.6363270282745361,0.7063029408454895,-0.005653512664139271,0.6261541247367859,0.7102234959602356,-0.0027169175446033478,2
0.47500890493392944,0.37667831778526306,-1.0471999645233154,0.4996558725833893,0.3219209909439087,-1.00801682472229,0.5142218470573425,0.317087322473526,-1.0082409381866455,0.5344080328941345,0.3100104033946991,-1.0079668760299683,0.46862927079200745,0.3278215527534485,-0.9904182553291321,0.4610005021095276,0.32712364196777344,-0.9908048510551453,0.4495125710964203,0.3261919319629669,-0.9909626841545105,0.5708481669425964,0.3064389228820801,-0.6692875623703003,0.4576994478702545,0.3327294588088989,-0.5884627103805542,0.5098263025283813,0.41593095660209656,-0.9086105227470398,0.4717000424861908,0.4153871536254883,-0.8880687952041626,0.7196263074874878,0.5404203534126282,-0.4320899546146393,0.35691648721694946,0.5410751104354858,-0.31835561990737915,0.7962512969970703,0.8667854070663452,-0.6149470210075378,0.20157471299171448,0.8936338424682617,-0.642281711101532,0.6373097896575928,0.6840010285377502,-1.0254876613616943,0.4476378560066223,0.7160049080848694,-1.3543651103973389,0.5955424904823303,0.6472774147987366,-1.1579253673553467,0.49434328079223633,0.6753004789352417,-1.5286957025527954,0.589526355266571,0.5921352505683899,-1.1526601314544678,0.5080493688583374,0.6324384212493896,-1.4589073657989502,0.5976809859275818,0.6155073046684265,-1.0372198820114136,0.5034441947937012,0.6355124711990356,-1.3469228744506836,0.699276328086853,1.1981242895126343,-0.036937687546014786,0.467522531747818,1.2073267698287964,0.04343731701374054,0.6947352886199951,1.6604957580566406,-0.3423886299133301,0.46873387694358826,1.73685884475708,-0.26364004611968994,0.714411735534668,2.1327154636383057,0.20937927067279816,0.48755431175231934,2.224449872970581,0.09757056087255478,0.7278982400894165,2.211047649383545,0.26604872941970825,0.4915243983268738,2.296605110168457,0.12561319768428802,0.6732238531112671,2.2478671073913574,-0.039136938750743866,0.4881148338317871,2.362644910812378,-0.2589459717273712,0.0,0.0,0.0,0.0,0.0,0.0,0.0,0.0,0.0,0.0,0.0,0.0,0.0,0.0,0.0,0.0,0.0,0.0,0.0,0.0,0.0,0.0,0.0,0.0,0.0,0.0,0.0,0.0,0.0,0.0,0.0,0.0,0.0,0.0,0.0,0.0,0.0,0.0,0.0,0.0,0.0,0.0,0.0,0.0,0.0,0.0,0.0,0.0,0.0,0.0,0.0,0.0,0.0,0.0,0.0,0.0,0.0,0.0,0.0,0.0,0.0,0.0,0.0,0.4252409338951111,0.7197862863540649,-1.2205498478579102e-07,0.41465339064598083,0.6650376915931702,0.002353923162445426,0.425944983959198,0.6212272047996521,0.004507176578044891,0.4361918866634369,0.588731586933136,0.005925527773797512,0.4367601275444031,0.5690388679504395,0.00799137819558382,0.5041598677635193,0.6077976822853088,0.008126252330839634,0.5332077145576477,0.57961505651474,0.011867213994264603,0.5472408533096313,0.5687103867530823,0.014378148131072521,0.5574639439582825,0.5648334622383118,0.01657678931951523,0.5244996547698975,0.6351763606071472,0.008601576089859009,0.5545615553855896,0.6121286153793335,0.01615169830620289,0.5462580323219299,0.6093428730964661,0.024524357169866562,0.5342348217964172,0.6169037222862244,0.03151335567235947,0.5340244770050049,0.6639202833175659,0.00896874163299799,0.5628902912139893,0.6422870755195618,0.015177197754383087,0.5539509654045105,0.6349563598632812,0.02389552816748619,0.5431769490242004,0.6377342939376831,0.030986232683062553,0.5365623831748962,0.6905866861343384,0.009245908819139004,0.5653233528137207,0.6765220165252686,0.016519684344530106,0.5627280473709106,0.6670015454292297,0.025170762091875076,0.5534505248069763,0.665226399898529,0.03288297727704048,2
0.4835864007472992,0.323837012052536,-1.1442387104034424,0.5144566893577576,0.27591145038604736,-1.0645102262496948,0.5342551469802856,0.2792215347290039,-1.0649693012237549,0.5503667593002319,0.28211984038352966,-1.064441442489624,0.45985668897628784,0.2680906355381012,-1.0896198749542236,0.44052162766456604,0.2662746012210846,-1.0898762941360474,0.4239550530910492,0.2655585706233978,-1.0896732807159424,0.571553111076355,0.3048190474510193,-0.5745386481285095,0.3857719898223877,0.28678587079048157,-0.6932122707366943,0.5171924233436584,0.3882919251918793,-0.9552773237228394,0.45440560579299927,0.3862689435482025,-0.9942392110824585,0.609641432762146,0.5760098695755005,-0.2455708235502243,0.2178744375705719,0.5436647534370422,-0.5399666428565979,0.7659872770309448,0.9296273589134216,-0.7021197080612183,0.15876619517803192,0.909774661064148,-0.9807168245315552,0.7501339316368103,0.7362107038497925,-1.6490061283111572,0.5639001727104187,0.8208291530609131,-1.598634958267212,0.7540298104286194,0.6825659275054932,-1.8649742603302002,0.6593693494796753,0.7867766618728638,-1.775856375694275,0.7222038507461548,0.6258017420768738,-1.8290544748306274,0.6610144972801208,0.7289515733718872,-1.7295877933502197,0.7092829942703247,0.6586532592773438,-1.673719048500061,0.6323202848434448,0.7402388453483582,-1.5970938205718994,0.5510104894638062,1.2694051265716553,0.06330396234989166,0.2860814929008484,1.267853021621704,-0.0544963963329792,0.577197253704071,1.814215064048767,-0.13371334969997406,0.3282764256000519,1.7735021114349365,-0.2601170837879181,0.5860379934310913,2.3369572162628174,0.6554857492446899,0.3583369851112366,2.272273302078247,0.37965717911720276,0.5863116383552551,2.421302080154419,0.7341587543487549,0.3495522141456604,2.3503053188323975,0.4369069039821625,0.5819425582885742,2.4834353923797607,0.3999110162258148,0.4117857813835144,2.422628879547119,0.024190129712224007,0.0,0.0,0.0,0.0,0.0,0.0,0.0,0.0,0.0,0.0,0.0,0.0,0.0,0.0,0.0,0.0,0.0,0.0,0.0,0.0,0.0,0.0,0.0,0.0,0.0,0.0,0.0,0.0,0.0,0.0,0.0,0.0,0.0,0.0,0.0,0.0,0.0,0.0,0.0,0.0,0.0,0.0,0.0,0.0,0.0,0.0,0.0,0.0,0.0,0.0,0.0,0.0,0.0,0.0,0.0,0.0,0.0,0.0,0.0,0.0,0.0,0.0,0.0,0.6417691707611084,0.8059608936309814,4.152264665435723e-08,0.6466801762580872,0.7286027669906616,0.00016930910351220518,0.673532247543335,0.6739413142204285,-0.0008627200732007623,0.7108420729637146,0.6510096192359924,-0.002082474995404482,0.7407350540161133,0.6591092348098755,-0.0032939661759883165,0.7230548858642578,0.6941123008728027,9.927665814757347e-06,0.761054515838623,0.6802329421043396,-0.0018353968625888228,0.7814671993255615,0.6800110936164856,-0.005117927212268114,0.7966248989105225,0.6830247640609741,-0.008041609078645706,0.7384184002876282,0.7299524545669556,-0.002745203673839569,0.7768005132675171,0.7151343822479248,-0.0014080061810091138,0.7970864176750183,0.709898054599762,-0.004143133759498596,0.8124648928642273,0.7087358832359314,-0.007763150613754988,0.7459387183189392,0.7651003003120422,-0.005561645608395338,0.7837085723876953,0.7491255402565002,-0.006292015314102173,0.8031975626945496,0.7415951490402222,-0.007619154639542103,0.8179874420166016,0.7363612651824951,-0.009480045177042484,0.7477521896362305,0.7973244786262512,-0.00798726174980402,0.7824337482452393,0.7825130820274353,-0.008536841720342636,0.7994367480278015,0.773378849029541,-0.006711442489176989,0.8118613362312317,0.7645143866539001,-0.0053647481836378574,2
0.5515632629394531,0.22666825354099274,-1.1116276979446411,0.5637329816818237,0.18135897815227509,-1.0151952505111694,0.5779412388801575,0.18393874168395996,-1.0155876874923706,0.591282069683075,0.18664297461509705,-1.015667200088501,0.5168579816818237,0.18029330670833588,-1.0510780811309814,0.49805203080177307,0.1823662966489792,-1.0517750978469849,0.4794228672981262,0.18593695759773254,-1.0516688823699951,0.5984512567520142,0.22104111313819885,-0.48506999015808105,0.43946900963783264,0.22690683603286743,-0.6551632285118103,0.5754862427711487,0.2911625802516937,-0.9098928570747375,0.5192713737487793,0.2955436110496521,-0.960229754447937,0.7081793546676636,0.5435063242912292,-0.0889701396226883,0.2853490710258484,0.5349918603897095,-0.49848708510398865,0.7785851359367371,0.9211065173149109,-0.1575954705476761,0.22165898978710175,0.9159317016601562,-1.0795952081680298,0.7963837385177612,1.1072821617126465,-0.8027592897415161,0.5563856363296509,0.7260292768478394,-1.8292229175567627,0.8087606430053711,1.1746686697006226,-0.9175457954406738,0.6191596984863281,0.6826573014259338,-2.027249336242676,0.8044750094413757,1.1466008424758911,-1.0015932321548462,0.6282178163528442,0.6359356045722961,-1.957010269165039,0.7872007489204407,1.1290919780731201,-0.8568311929702759,0.6087393760681152,0.6402254104614258,-1.8176342248916626,0.6543206572532654,1.2678266763687134,0.08965033292770386,0.38921257853507996,1.2588461637496948,-0.08149737864732742,0.690873384475708,1.8205386400222778,-0.2092880755662918,0.4440319538116455,1.8155157566070557,-0.36480712890625,0.7184046506881714,2.348811388015747,0.7750573754310608,0.48428529500961304,2.3520941734313965,0.3287821412086487,0.7229214310646057,2.4306769371032715,0.8690301775932312,0.48441487550735474,2.4332685470581055,0.3786282241344452,0.717411994934082,2.4965004920959473,0.5109875202178955,0.5350402593612671,2.50555419921875,-0.12430278956890106,0.0,0.0,0.0,0.0,0.0,0.0,0.0,0.0,0.0,0.0,0.0,0.0,0.0,0.0,0.0,0.0,0.0,0.0,0.0,0.0,0.0,0.0,0.0,0.0,0.0,0.0,0.0,0.0,0.0,0.0,0.0,0.0,0.0,0.0,0.0,0.0,0.0,0.0,0.0,0.0,0.0,0.0,0.0,0.0,0.0,0.0,0.0,0.0,0.0,0.0,0.0,0.0,0.0,0.0,0.0,0.0,0.0,0.0,0.0,0.0,0.0,0.0,0.0,0.559477686882019,0.7562477588653564,1.329453027665295e-07,0.5445627570152283,0.6960650682449341,-0.01010570302605629,0.5528712272644043,0.6466562747955322,-0.017855633050203323,0.5674141645431519,0.6095196604728699,-0.02542794682085514,0.5706519484519958,0.5821524262428284,-0.03285650163888931,0.629540205001831,0.6518643498420715,-0.005382702220231295,0.6669231653213501,0.6234725117683411,-0.012680066749453545,0.6904821395874023,0.6104453206062317,-0.020466003566980362,0.7089008688926697,0.6025210618972778,-0.026043621823191643,0.6494216322898865,0.6784094572067261,-0.00770303001627326,0.6910817623138428,0.644991397857666,-0.011758373118937016,0.7167418599128723,0.6271971464157104,-0.01689106784760952,0.7367006540298462,0.6171208024024963,-0.021326029673218727,0.6606292724609375,0.7062861919403076,-0.011922499164938927,0.7014040350914001,0.6751554012298584,-0.0164757389575243,0.7234148979187012,0.658933162689209,-0.020089931786060333,0.7404208779335022,0.6478721499443054,-0.02294394187629223,0.6656288504600525,0.7359599471092224,-0.017519649118185043,0.700289249420166,0.716155469417572,-0.0214520450681448,0.7207916975021362,0.7031393051147461,-0.022062581032514572,0.7375117540359497,0.6916006207466125,-0.022277330979704857,2
0.5179798007011414,0.2500207722187042,-1.1811883449554443,0.5423175096511841,0.20351041853427887,-1.0991623401641846,0.5575578808784485,0.20454031229019165,-1.0987451076507568,0.572514533996582,0.20568042993545532,-1.097954511642456,0.49563974142074585,0.20306998491287231,-1.1007344722747803,0.4772530198097229,0.20422467589378357,-1.1015926599502563,0.46016374230384827,0.2056005746126175,-1.1014124155044556,0.5933062434196472,0.23511506617069244,-0.6089456677436829,0.43203336000442505,0.23227138817310333,-0.6234953999519348,0.5447279214859009,0.30357155203819275,-0.9979808926582336,0.4856601655483246,0.3072145879268646,-1.0024739503860474,0.7082301378250122,0.5020605325698853,-0.3170953392982483,0.28218498826026917,0.4882808327674866,-0.3921043574810028,0.8327555656433105,0.8470810055732727,-0.9237521290779114,0.17165173590183258,0.8777577877044678,-0.978747546672821,0.7131937742233276,0.5376689434051514,-1.9217088222503662,0.498626708984375,0.6757138967514038,-1.8150523900985718,0.6710636615753174,0.5239235162734985,-2.1406593322753906,0.566457211971283,0.6431169509887695,-1.9991791248321533,0.6541873216629028,0.4654448926448822,-2.0661258697509766,0.5757302045822144,0.5919030904769897,-1.929142951965332,0.6577468514442444,0.4945818781852722,-1.9250783920288086,0.564383864402771,0.5976356863975525,-1.8036617040634155,0.6491129398345947,1.2031512260437012,0.025167712941765785,0.35907474160194397,1.1664289236068726,-0.01710784062743187,0.6454931497573853,1.7630571126937866,-0.2720561623573303,0.37128666043281555,1.7388975620269775,-0.2863614857196808,0.6343634724617004,2.2773687839508057,0.49819034337997437,0.37458091974258423,2.237248659133911,0.3081094026565552,0.6387320756912231,2.356452226638794,0.5679284334182739,0.36690783500671387,2.308504581451416,0.35381993651390076,0.5998936891555786,2.435877799987793,0.13960227370262146,0.4144374430179596,2.4078831672668457,-0.12344223260879517,0.0,0.0,0.0,0.0,0.0,0.0,0.0,0.0,0.0,0.0,0.0,0.0,0.0,0.0,0.0,0.0,0.0,0.0,0.0,0.0,0.0,0.0,0.0,0.0,0.0,0.0,0.0,0.0,0.0,0.0,0.0,0.0,0.0,0.0,0.0,0.0,0.0,0.0,0.0,0.0,0.0,0.0,0.0,0.0,0.0,0.0,0.0,0.0,0.0,0.0,0.0,0.0,0.0,0.0,0.0,0.0,0.0,0.0,0.0,0.0,0.0,0.0,0.0,0.5348691940307617,0.6623274683952332,5.265055733616464e-07,0.5282756090164185,0.6072770357131958,-0.013018203899264336,0.5461679697036743,0.5674551725387573,-0.023160036653280258,0.5695030689239502,0.5386269092559814,-0.03180783987045288,0.5868939161300659,0.507568359375,-0.040249381214380264,0.6231645941734314,0.5619757771492004,-0.01794511452317238,0.6754436492919922,0.5440435409545898,-0.028190765529870987,0.7095718383789062,0.5307134389877319,-0.03605549409985542,0.7365999221801758,0.522204577922821,-0.040421854704618454,0.6426757574081421,0.5899159908294678,-0.01866092160344124,0.6963958740234375,0.5630450248718262,-0.026091523468494415,0.7327391505241394,0.5447397232055664,-0.03270703926682472,0.7604721784591675,0.5322497487068176,-0.03707756847143173,0.6559330224990845,0.618147075176239,-0.020350417122244835,0.7073055505752563,0.5878676176071167,-0.027934521436691284,0.7415783405303955,0.5703174471855164,-0.03505859524011612,0.7683546543121338,0.5571979880332947,-0.039282120764255524,0.6630299687385559,0.6477236747741699,-0.02304518222808838,0.7098062038421631,0.6289865970611572,-0.02946249023079872,0.7399793267250061,0.6167728304862976,-0.03296936675906181,0.7644048929214478,0.6053165197372437,-0.03396538272500038,2
0.49208134412765503,0.17314323782920837,-0.4771410822868347,0.5133234858512878,0.13156069815158844,-0.40862637758255005,0.5271295309066772,0.13232380151748657,-0.4084283411502838,0.5397211313247681,0.13283605873584747,-0.40835171937942505,0.4692746102809906,0.12996703386306763,-0.4150264859199524,0.4561315178871155,0.13020016252994537,-0.41561612486839294,0.4433562159538269,0.13120897114276886,-0.41548866033554077,0.5595163106918335,0.15774792432785034,-0.023021770641207695,0.42825692892074585,0.15417742729187012,-0.05464895814657211,0.523727297782898,0.21968813240528107,-0.3270401060581207,0.47109007835388184,0.21805407106876373,-0.3366381824016571,0.6751660108566284,0.4028701186180115,0.15212781727313995,0.3318367600440979,0.3557814657688141,0.03639693185687065,0.7117932438850403,0.7314520478248596,0.08616772294044495,0.25172916054725647,0.642339289188385,-0.4625924527645111,0.7007030248641968,0.9044083952903748,-0.2563299834728241,0.5363045930862427,0.507900595664978,-1.1217734813690186,0.6720489859580994,0.9891875386238098,-0.33465877175331116,0.5905560255050659,0.4892789423465729,-1.300396203994751,0.6595742702484131,0.9675362706184387,-0.4064163267612457,0.6040550470352173,0.46378037333488464,-1.2209827899932861,0.6555205583572388,0.9466866850852966,-0.29156458377838135,0.58445805311203,0.46658027172088623,-1.1058622598648071,0.6228929162025452,0.9961578249931335,0.007367578335106373,0.38763701915740967,0.9808655977249146,-0.002990859793499112,0.6341484785079956,1.5224144458770752,-0.41938647627830505,0.41617584228515625,1.532016634941101,-0.43392983078956604,0.6441425085067749,2.063528537750244,-0.07008703798055649,0.4563172459602356,2.078331470489502,-0.28612926602363586,0.6525479555130005,2.14003849029541,-0.03719232603907585,0.46281662583351135,2.161118268966675,-0.2820165753364563,0.6187533736228943,2.2128310203552246,-0.36196306347846985,0.47017258405685425,2.2134649753570557,-0.6931682229042053,0.0,0.0,0.0,0.0,0.0,0.0,0.0,0.0,0.0,0.0,0.0,0.0,0.0,0.0,0.0,0.0,0.0,0.0,0.0,0.0,0.0,0.0,0.0,0.0,0.0,0.0,0.0,0.0,0.0,0.0,0.0,0.0,0.0,0.0,0.0,0.0,0.0,0.0,0.0,0.0,0.0,0.0,0.0,0.0,0.0,0.0,0.0,0.0,0.0,0.0,0.0,0.0,0.0,0.0,0.0,0.0,0.0,0.0,0.0,0.0,0.0,0.0,0.0,0.5329750776290894,0.5053151249885559,-3.9451785482924606e-07,0.5244157314300537,0.44986751675605774,0.0009030869696289301,0.5320411920547485,0.416284441947937,-0.003705287352204323,0.5511053204536438,0.40491271018981934,-0.009542549028992653,0.5676953792572021,0.4120122790336609,-0.015373051166534424,0.577979564666748,0.3990790545940399,-0.008550276048481464,0.5798605680465698,0.4029981195926666,-0.01022041030228138,0.5713427662849426,0.41984307765960693,-0.011206069961190224,0.5646745562553406,0.43239057064056396,-0.012764963321387768,0.5994265675544739,0.4202806055545807,-0.013028089888393879,0.5986007452011108,0.42431390285491943,-0.011021366342902184,0.5872102975845337,0.4377235770225525,-0.01124931313097477,0.5784355401992798,0.44895505905151367,-0.013813726603984833,0.6127921342849731,0.4467695355415344,-0.016138216480612755,0.6084776520729065,0.4457825720310211,-0.014205751940608025,0.5973628163337708,0.4575309157371521,-0.011727100238204002,0.5884900093078613,0.4669761657714844,-0.012392745353281498,0.6195780038833618,0.47192034125328064,-0.01941603608429432,0.6172269582748413,0.4714880883693695,-0.016180679202079773,0.6059658527374268,0.47993820905685425,-0.010121757164597511,0.5966213345527649,0.48666176199913025,-0.0063146064057946205,2
0.4985671639442444,0.24070332944393158,-0.4355892241001129,0.5201409459114075,0.1965167075395584,-0.3636581003665924,0.5345013737678528,0.19849927723407745,-0.36355429887771606,0.5462165474891663,0.2006506323814392,-0.36331385374069214,0.47188782691955566,0.19411030411720276,-0.37707167863845825,0.4560500979423523,0.1945105493068695,-0.3777584135532379,0.4408826231956482,0.19586916267871857,-0.3778145909309387,0.5594521760940552,0.2314232736825943,0.025622770190238953,0.420518159866333,0.22146020829677582,-0.038331739604473114,0.5266264081001282,0.2959190309047699,-0.285922646522522,0.46689504384994507,0.29610052704811096,-0.30620700120925903,0.6526523232460022,0.5010655522346497,0.15042896568775177,0.2919842600822449,0.4651791453361511,0.03019387647509575,0.5812466740608215,0.8005598187446594,0.12683330476284027,0.25887078046798706,0.7741400003433228,-0.3756548762321472,0.3183782696723938,0.7334868907928467,0.10259280353784561,0.5595986843109131,0.5997560620307922,-0.6470008492469788,0.25405970215797424,0.7172060608863831,0.041724808514118195,0.6184650659561157,0.5505921840667725,-0.7533461451530457,0.25152090191841125,0.6806172132492065,0.07214143872261047,0.623592734336853,0.5277155637741089,-0.652550995349884,0.27109408378601074,0.6813735961914062,0.11173510551452637,0.6119632124900818,0.5397661924362183,-0.6138535737991333,0.6037389636039734,1.1621757745742798,0.0179192703217268,0.36330801248550415,1.1184618473052979,-0.01188301295042038,0.639060914516449,1.6616454124450684,-0.1563824713230133,0.4156082570552826,1.6902693510055542,-0.14275087416172028,0.6685047745704651,2.1671383380889893,0.34880900382995605,0.45573753118515015,2.1710782051086426,0.17217084765434265,0.6757005453109741,2.243804454803467,0.4026011824607849,0.46063119173049927,2.241427183151245,0.19839659333229065,0.6575144529342651,2.314876079559326,0.12087049335241318,0.4937559962272644,2.3166959285736084,-0.17668874561786652,0.0,0.0,0.0,0.0,0.0,0.0,0.0,0.0,0.0,0.0,0.0,0.0,0.0,0.0,0.0,0.0,0.0,0.0,0.0,0.0,0.0,0.0,0.0,0.0,0.0,0.0,0.0,0.0,0.0,0.0,0.0,0.0,0.0,0.0,0.0,0.0,0.0,0.0,0.0,0.0,0.0,0.0,0.0,0.0,0.0,0.0,0.0,0.0,0.0,0.0,0.0,0.0,0.0,0.0,0.0,0.0,0.0,0.0,0.0,0.0,0.0,0.0,0.0,0.5750440955162048,0.6021051406860352,-2.565007264365704e-07,0.5728792548179626,0.544075071811676,0.0037071052938699722,0.5864014625549316,0.5022084712982178,0.004562451504170895,0.6131385564804077,0.4869013726711273,0.003481278195977211,0.6299152970314026,0.49126920104026794,0.0034019125159829855,0.6457218527793884,0.4995023012161255,0.009586132131516933,0.6671686172485352,0.49768105149269104,0.010279186069965363,0.6582422852516174,0.5065490007400513,0.007623726036399603,0.6470721364021301,0.5120396018028259,0.005141010973602533,0.6608823537826538,0.5286206603050232,0.005014903377741575,0.6793708205223083,0.5219692587852478,0.0100230872631073,0.6701312065124512,0.5285849571228027,0.010348828509449959,0.6565452218055725,0.5363013744354248,0.008886311203241348,0.6688812971115112,0.557788610458374,0.0002461002441123128,0.6829866766929626,0.5496001839637756,0.005450356286019087,0.6739770174026489,0.5543684363365173,0.008340568281710148,0.6610450744628906,0.56109219789505,0.008225234225392342,0.6713520288467407,0.5856425762176514,-0.0049245962873101234,0.6824223399162292,0.5768222808837891,0.000638442172203213,0.6734023690223694,0.5793949365615845,0.006372638512402773,0.6618320941925049,0.5850349068641663,0.009832539595663548,2
0.4357232451438904,0.22236870229244232,-1.0595502853393555,0.4574640691280365,0.16509264707565308,-0.9820488691329956,0.4763869643211365,0.16527248919010162,-0.9821475148200989,0.4931013584136963,0.16585832834243774,-0.9817478060722351,0.40681248903274536,0.16369490325450897,-0.9936502575874329,0.39101898670196533,0.1634540557861328,-0.9943448901176453,0.37707188725471497,0.16399700939655304,-0.9943612217903137,0.5119833946228027,0.19060416519641876,-0.49795055389404297,0.34796637296676636,0.18571268022060394,-0.5620493292808533,0.46866220235824585,0.27734485268592834,-0.8734380602836609,0.40372008085250854,0.2815791070461273,-0.8939657211303711,0.6269634962081909,0.4812134802341461,-0.2037816047668457,0.18490083515644073,0.46275901794433594,-0.36578842997550964,0.6481159925460815,0.8480139970779419,-0.579903244972229,0.14307627081871033,0.840275228023529,-0.8903582692146301,0.46642622351646423,0.6652665734291077,-1.3201531171798706,0.44318515062332153,0.638947069644928,-1.602921724319458,0.4619056284427643,0.651751697063446,-1.4850486516952515,0.530708372592926,0.5995404720306396,-1.7816699743270874,0.45713376998901367,0.5899444222450256,-1.4511059522628784,0.541073203086853,0.5525233745574951,-1.7107477188110352,0.46123990416526794,0.6076783537864685,-1.327307105064392,0.514811635017395,0.563838005065918,-1.587583065032959,0.5442312955856323,1.1265541315078735,0.016646642237901688,0.2586647868156433,1.1189707517623901,-0.010543214157223701,0.551510214805603,1.6622127294540405,-0.2428758442401886,0.28248241543769836,1.6868592500686646,-0.3071814477443695,0.5846670269966125,2.139233350753784,0.36949652433395386,0.31867313385009766,2.148305654525757,0.21580752730369568,0.5941423773765564,2.220126152038574,0.42444339394569397,0.3213328719139099,2.215883493423462,0.2558192014694214,0.5566111207008362,2.2713677883148193,0.06320548057556152,0.34411847591400146,2.3014979362487793,-0.17338138818740845,0.0,0.0,0.0,0.0,0.0,0.0,0.0,0.0,0.0,0.0,0.0,0.0,0.0,0.0,0.0,0.0,0.0,0.0,0.0,0.0,0.0,0.0,0.0,0.0,0.0,0.0,0.0,0.0,0.0,0.0,0.0,0.0,0.0,0.0,0.0,0.0,0.0,0.0,0.0,0.0,0.0,0.0,0.0,0.0,0.0,0.0,0.0,0.0,0.0,0.0,0.0,0.0,0.0,0.0,0.0,0.0,0.0,0.0,0.0,0.0,0.0,0.0,0.0,0.557900071144104,0.5920983552932739,1.973965026991209e-07,0.5485551953315735,0.5575082302093506,-0.0064880321733653545,0.549092710018158,0.5291882157325745,-0.016942033544182777,0.5487891435623169,0.5065836906433105,-0.026694225147366524,0.5458269119262695,0.48330792784690857,-0.038470327854156494,0.5839629173278809,0.5335784554481506,-0.0318928137421608,0.6181366443634033,0.5047207474708557,-0.04345490783452988,0.6386882066726685,0.4927215874195099,-0.04852933809161186,0.6552088260650635,0.4857386350631714,-0.051336437463760376,0.5977262258529663,0.5572061538696289,-0.03545353189110756,0.6399096250534058,0.5259482264518738,-0.04552388936281204,0.6639546155929565,0.5109801888465881,-0.04973636940121651,0.682052731513977,0.5027697682380676,-0.05321606248617172,0.6068828701972961,0.5826861262321472,-0.03820807859301567,0.6490875482559204,0.5549014806747437,-0.048199862241744995,0.6724681854248047,0.5383709669113159,-0.05361853912472725,0.6896637678146362,0.5273948311805725,-0.057477280497550964,0.6121445894241333,0.6093722581863403,-0.04052424803376198,0.6462392807006836,0.5999360680580139,-0.049360767006874084,0.6669893860816956,0.5926563739776611,-0.052555814385414124,0.6837326288223267,0.5867744088172913,-0.05462658405303955,2
0.4685089588165283,0.29218384623527527,-2.091083288192749,0.4968984127044678,0.24243317544460297,-2.012037515640259,0.5206199288368225,0.2439093440771103,-2.0125858783721924,0.5413811802864075,0.24556778371334076,-2.0123798847198486,0.43910008668899536,0.2425772100687027,-2.0376412868499756,0.4107930660247803,0.2448922097682953,-2.038384199142456,0.385772705078125,0.24736064672470093,-2.038515567779541,0.5678678154945374,0.2782851755619049,-1.4695580005645752,0.34968751668930054,0.2802315950393677,-1.572017788887024,0.49454766511917114,0.3693353533744812,-1.8767566680908203,0.41847237944602966,0.36659279465675354,-1.9090087413787842,0.6622517108917236,0.5739383101463318,-0.9739208221435547,0.2162781059741974,0.5611047744750977,-1.2901561260223389,0.8871305584907532,0.8544015288352966,-1.3386982679367065,0.1974056363105774,0.9338656663894653,-1.7786266803741455,0.8149997591972351,0.6336376667022705,-2.0950331687927246,0.48202186822891235,0.7584169507026672,-2.333732843399048,0.781734824180603,0.5633258819580078,-2.267970323562622,0.5644164085388184,0.7108812928199768,-2.4956626892089844,0.7700410485267639,0.5364904403686523,-2.2310426235198975,0.5758758783340454,0.6368159651756287,-2.428168535232544,0.7531846761703491,0.5556100606918335,-2.1094861030578613,0.5593220591545105,0.6608849763870239,-2.318136215209961,0.611587405204773,1.2458457946777344,0.061656318604946136,0.3336820900440216,1.2540433406829834,-0.05369355157017708,0.6654738187789917,1.7506290674209595,-0.11119355261325836,0.4052002429962158,1.7701895236968994,-0.10740278661251068,0.6714483499526978,2.2059922218322754,1.0929285287857056,0.4347532391548157,2.2631309032440186,0.7420569062232971,0.6688344478607178,2.2701852321624756,1.213544487953186,0.4362525939941406,2.338852882385254,0.8167683482170105,0.6685958504676819,2.3802382946014404,0.8585788011550903,0.4774455428123474,2.4306769371032715,0.35779792070388794,0.0,0.0,0.0,0.0,0.0,0.0,0.0,0.0,0.0,0.0,0.0,0.0,0.0,0.0,0.0,0.0,0.0,0.0,0.0,0.0,0.0,0.0,0.0,0.0,0.0,0.0,0.0,0.0,0.0,0.0,0.0,0.0,0.0,0.0,0.0,0.0,0.0,0.0,0.0,0.0,0.0,0.0,0.0,0.0,0.0,0.0,0.0,0.0,0.0,0.0,0.0,0.0,0.0,0.0,0.0,0.0,0.0,0.0,0.0,0.0,0.0,0.0,0.0,0.5884329676628113,0.6688240766525269,3.5617187421621566e-08,0.5846120119094849,0.5978608131408691,0.007584772538393736,0.6146153807640076,0.5581905841827393,0.013978228904306889,0.6496511697769165,0.5340423583984375,0.019354790449142456,0.6731783747673035,0.5108523964881897,0.025282487273216248,0.6895889043807983,0.5509682893753052,0.016983527690172195,0.732991635799408,0.5141187906265259,0.0189826600253582,0.7587116360664368,0.4925011396408081,0.018091270700097084,0.7798788547515869,0.4789189100265503,0.017709797248244286,0.7115892171859741,0.5820965766906738,0.01263372041285038,0.759955108165741,0.5399868488311768,0.016798127442598343,0.7881827354431152,0.5156623721122742,0.016275709494948387,0.8114640712738037,0.49901074171066284,0.01563917100429535,0.7221962213516235,0.6115362048149109,0.008021196350455284,0.7695133090019226,0.5719992518424988,0.009791962802410126,0.7957832217216492,0.5471954941749573,0.008353452198207378,0.815705418586731,0.5269495844841003,0.007192221470177174,0.7236973643302917,0.6378637552261353,0.0038487862329930067,0.761391818523407,0.6112031936645508,0.006959139369428158,0.7815019488334656,0.5929054617881775,0.009639344178140163,0.796271026134491,0.5749316811561584,0.011902237311005592,2
0.5031993389129639,0.4334973096847534,-1.5528303384780884,0.5298705697059631,0.36230841279029846,-1.460905909538269,0.5505188703536987,0.36361709237098694,-1.4609311819076538,0.5717734694480896,0.36650851368904114,-1.460830807685852,0.47728991508483887,0.36360034346580505,-1.4708431959152222,0.4559505581855774,0.3661002516746521,-1.4712644815444946,0.43544068932533264,0.3706592321395874,-1.4716218709945679,0.6022778153419495,0.41023293137550354,-0.9109872579574585,0.39860671758651733,0.4106086790561676,-0.9669705629348755,0.5322549939155579,0.5016284584999084,-1.343825340270996,0.46590059995651245,0.5014275908470154,-1.3618916273117065,0.7351091504096985,0.8711452484130859,-0.612002968788147,0.26227647066116333,0.884486973285675,-0.6312258243560791,0.7956408858299255,1.3120595216751099,-0.9918551445007324,0.23354299366474152,1.3798683881759644,-0.9254976511001587,0.7029141783714294,1.107689380645752,-1.7914661169052124,0.24062493443489075,1.62870454788208,-1.7754619121551514,0.6836391687393188,1.062920093536377,-2.0121827125549316,0.2256508767604828,1.7365490198135376,-1.9864534139633179,0.6338613629341125,0.9574507474899292,-2.0310540199279785,0.25251665711402893,1.7127244472503662,-2.069554090499878,0.6330564022064209,0.979845404624939,-1.838257074356079,0.2689775824546814,1.6726523637771606,-1.8452227115631104,0.6740943193435669,1.6052050590515137,0.06426331400871277,0.37328189611434937,1.6217186450958252,-0.055093951523303986,0.7110416293144226,2.1531593799591064,0.2492077797651291,0.4386286735534668,2.136174201965332,-0.1154818907380104,0.7021194100379944,2.699354648590088,1.596500277519226,0.4516044557094574,2.690035343170166,0.9108591079711914,0.6994893550872803,2.7778823375701904,1.715664267539978,0.4596156179904938,2.7825562953948975,0.991513729095459,0.679684042930603,2.8718597888946533,1.320556879043579,0.4735748767852783,2.825481653213501,0.4837980270385742,0.0,0.0,0.0,0.0,0.0,0.0,0.0,0.0,0.0,0.0,0.0,0.0,0.0,0.0,0.0,0.0,0.0,0.0,0.0,0.0,0.0,0.0,0.0,0.0,0.0,0.0,0.0,0.0,0.0,0.0,0.0,0.0,0.0,0.0,0.0,0.0,0.0,0.0,0.0,0.0,0.0,0.0,0.0,0.0,0.0,0.0,0.0,0.0,0.0,0.0,0.0,0.0,0.0,0.0,0.0,0.0,0.0,0.0,0.0,0.0,0.0,0.0,0.0,0.0,0.0,0.0,0.0,0.0,0.0,0.0,0.0,0.0,0.0,0.0,0.0,0.0,0.0,0.0,0.0,0.0,0.0,0.0,0.0,0.0,0.0,0.0,0.0,0.0,0.0,0.0,0.0,0.0,0.0,0.0,0.0,0.0,0.0,0.0,0.0,0.0,0.0,0.0,0.0,0.0,0.0,0.0,0.0,0.0,0.0,0.0,0.0,0.0,0.0,0.0,0.0,0.0,0.0,0.0,0.0,0.0,0.0,0.0,0.0,0.0,0.0,0.0,2
0.5268971920013428,0.3160124123096466,-0.9900849461555481,0.5501523613929749,0.26209262013435364,-0.8871897459030151,0.5656770467758179,0.2644321322441101,-0.8871335983276367,0.5802185535430908,0.2668949365615845,-0.8866532444953918,0.5027528405189514,0.2596496045589447,-0.9148826599121094,0.48534709215164185,0.26011529564857483,-0.9154369235038757,0.4688297212123871,0.2614646852016449,-0.9155740737915039,0.6016728281974792,0.29434892535209656,-0.351872056722641,0.4411078095436096,0.28722384572029114,-0.4746149480342865,0.5523788332939148,0.36778298020362854,-0.7910932302474976,0.49378108978271484,0.37097814679145813,-0.827555775642395,0.727206826210022,0.5936855673789978,-0.07517755776643753,0.31154149770736694,0.5937556028366089,-0.3429538905620575,0.7509101033210754,0.9737440943717957,-0.4519099295139313,0.3239290118217468,0.9740340709686279,-0.9749727249145508,0.6458645462989807,0.9157641530036926,-1.1804823875427246,0.5742310285568237,0.7821685075759888,-1.7061498165130615,0.6204301118850708,0.9050591588020325,-1.3258322477340698,0.6371058225631714,0.7335636019706726,-1.8906618356704712,0.6214257478713989,0.8607822060585022,-1.3137648105621338,0.6359958648681641,0.6772472262382507,-1.8001683950424194,0.617479145526886,0.8746480345726013,-1.2021896839141846,0.6149783134460449,0.6819412708282471,-1.6905393600463867,0.6766797304153442,1.3297042846679688,0.04214219003915787,0.3919561803340912,1.3532376289367676,-0.03250425308942795,0.6995380520820618,1.8965935707092285,-0.349476158618927,0.42955246567726135,1.9268144369125366,-0.3076416552066803,0.7162930369377136,2.4446115493774414,0.5838829278945923,0.4612138271331787,2.4869089126586914,0.29931145906448364,0.7264279723167419,2.520915985107422,0.6810715198516846,0.46783918142318726,2.566765308380127,0.3502187132835388,0.6840485334396362,2.604536533355713,0.31616607308387756,0.485555499792099,2.6449239253997803,-0.11019960790872574,0.0,0.0,0.0,0.0,0.0,0.0,0.0,0.0,0.0,0.0,0.0,0.0,0.0,0.0,0.0,0.0,0.0,0.0,0.0,0.0,0.0,0.0,0.0,0.0,0.0,0.0,0.0,0.0,0.0,0.0,0.0,0.0,0.0,0.0,0.0,0.0,0.0,0.0,0.0,0.0,0.0,0.0,0.0,0.0,0.0,0.0,0.0,0.0,0.0,0.0,0.0,0.0,0.0,0.0,0.0,0.0,0.0,0.0,0.0,0.0,0.0,0.0,0.0,0.578947901725769,0.7254686951637268,1.0274425221723504e-07,0.5732102990150452,0.6741693019866943,0.0010255766101181507,0.5871531963348389,0.6336514949798584,0.0005060177645646036,0.6022483110427856,0.6059865951538086,-0.000805588613729924,0.6012486219406128,0.5850522518157959,-0.0025181234814226627,0.6420896053314209,0.6320036053657532,0.0012672636657953262,0.6757362484931946,0.6134256720542908,0.0003054343396797776,0.695977509021759,0.6071208119392395,-0.001093948376365006,0.7099794745445251,0.604381799697876,-0.002293357625603676,0.6585959792137146,0.6584116816520691,-0.0022426557261496782,0.6974621415138245,0.639739990234375,-0.0005447487928904593,0.718681275844574,0.6326376795768738,-0.0006529290112666786,0.7321174144744873,0.6300235986709595,-0.0017412765882909298,0.6672489643096924,0.687766432762146,-0.006095401477068663,0.7060070037841797,0.6698392033576965,-0.0061294157058000565,0.7254782915115356,0.6619555950164795,-0.008086774498224258,0.7368701100349426,0.6567204594612122,-0.010102130472660065,0.6706509590148926,0.7183202505111694,-0.009949633851647377,0.7036303877830505,0.7117008566856384,-0.010057985782623291,0.7220126390457153,0.7069104313850403,-0.009877372533082962,0.7350173592567444,0.7015815377235413,-0.009947963990271091,2
0.4979025423526764,0.257592111825943,-1.0524439811706543,0.5306349992752075,0.2110585719347,-0.997150719165802,0.5468721389770508,0.21421614289283752,-0.9971112012863159,0.5626199841499329,0.2176988273859024,-0.9968352317810059,0.47331684827804565,0.2039499580860138,-0.966377854347229,0.45273828506469727,0.20207327604293823,-0.9664209485054016,0.4328892230987549,0.20092052221298218,-0.9654505848884583,0.5810485482215881,0.24677711725234985,-0.5499640107154846,0.4101601541042328,0.21848446130752563,-0.5107980966567993,0.5232313871383667,0.32353144884109497,-0.8919277191162109,0.45504575967788696,0.3210815191268921,-0.8721250295639038,0.6929271817207336,0.5497332811355591,-0.3817155063152313,0.2531268298625946,0.5838286876678467,-0.2158156931400299,0.8713301420211792,0.8891231417655945,-0.9122171401977539,0.22367969155311584,0.9911419153213501,-0.48187294602394104,0.548378050327301,0.7465407848358154,-1.7760982513427734,0.39985010027885437,1.0156910419464111,-1.1722614765167236,0.4738484025001526,0.7118567824363708,-2.001713514328003,0.4261077344417572,1.0494693517684937,-1.3271660804748535,0.45121726393699646,0.662208616733551,-1.9048058986663818,0.43654197454452515,0.9940688014030457,-1.358866810798645,0.463005006313324,0.6685645580291748,-1.7625652551651,0.4386161267757416,0.9913880825042725,-1.2024317979812622,0.6476718187332153,1.2753862142562866,-0.048366889357566833,0.363067626953125,1.246248483657837,0.05417940020561218,0.6664349436759949,1.781668782234192,-0.5159119367599487,0.34005284309387207,1.8262587785720825,-0.4643508791923523,0.620017945766449,2.2904436588287354,0.05931810289621353,0.3951384723186493,2.3765673637390137,-0.08131011575460434,0.6193560361862183,2.3615968227386475,0.11491724103689194,0.40733781456947327,2.4546151161193848,-0.050805509090423584,0.5713394284248352,2.467751979827881,-0.267463743686676,0.3931763768196106,2.5546841621398926,-0.48586568236351013,0.515962541103363,0.7227382063865662,3.276117297446035e-07,0.5277428030967712,0.6638987064361572,-0.007566540502011776,0.5272425413131714,0.6206596493721008,-0.014574245549738407,0.5238815546035767,0.5792657136917114,-0.021500281989574432,0.5290822982788086,0.552232027053833,-0.028675025328993797,0.4410499334335327,0.6303814053535461,-0.007952176034450531,0.40144720673561096,0.59995037317276,-0.01268448494374752,0.3778691589832306,0.5829707980155945,-0.016139239072799683,0.36017173528671265,0.5695964694023132,-0.019333219155669212,0.42033541202545166,0.6604166030883789,-0.009839036501944065,0.36841458082199097,0.6309913992881775,-0.016900785267353058,0.3383343815803528,0.6129223108291626,-0.02247760258615017,0.3158077001571655,0.5984943509101868,-0.02683197520673275,0.4103621542453766,0.6926742196083069,-0.012402745895087719,0.35796409845352173,0.6664493083953857,-0.021895213052630424,0.3271358609199524,0.6493589282035828,-0.03119117207825184,0.30306702852249146,0.6362763047218323,-0.03716545179486275,0.4080974757671356,0.7223148345947266,-0.014939501881599426,0.3636626601219177,0.7136906385421753,-0.025733329355716705,0.33565089106559753,0.709098219871521,-0.03321606665849686,0.3114117383956909,0.703703761100769,-0.03770766034722328,0.0,0.0,0.0,0.0,0.0,0.0,0.0,0.0,0.0,0.0,0.0,0.0,0.0,0.0,0.0,0.0,0.0,0.0,0.0,0.0,0.0,0.0,0.0,0.0,0.0,0.0,0.0,0.0,0.0,0.0,0.0,0.0,0.0,0.0,0.0,0.0,0.0,0.0,0.0,0.0,0.0,0.0,0.0,0.0,0.0,0.0,0.0,0.0,0.0,0.0,0.0,0.0,0.0,0.0,0.0,0.0,0.0,0.0,0.0,0.0,0.0,0.0,0.0,2
0.531461775302887,0.3929630219936371,-1.361100196838379,0.55687415599823,0.3258671760559082,-1.2870352268218994,0.5758135318756104,0.3238705098628998,-1.287151575088501,0.5944390296936035,0.32211777567863464,-1.2870358228683472,0.5039854049682617,0.3297118842601776,-1.2814232110977173,0.484065443277359,0.3297891914844513,-1.2816660404205322,0.46400436758995056,0.33006751537323,-1.2818810939788818,0.6254031658172607,0.33553412556648254,-0.7720338106155396,0.4315233826637268,0.34466496109962463,-0.7512116432189941,0.5584031343460083,0.4658608138561249,-1.1592578887939453,0.5042024254798889,0.471162885427475,-1.1545703411102295,0.7614792585372925,0.7079936265945435,-0.48944854736328125,0.29813873767852783,0.7725943922996521,-0.3630754351615906,0.8231692314147949,1.1444542407989502,-0.9227433204650879,0.2665899395942688,1.1986759901046753,-0.5122759342193604,0.7073982954025269,1.0345404148101807,-1.84700608253479,0.2094341218471527,1.490858793258667,-1.2863061428070068,0.6930578351020813,1.0857349634170532,-2.069145679473877,0.17834250628948212,1.6013816595077515,-1.4372961521148682,0.6551275253295898,0.9701853394508362,-2.0812888145446777,0.18851231038570404,1.5841941833496094,-1.5739367008209229,0.6544164419174194,0.9710310697555542,-1.8865489959716797,0.2084452211856842,1.5427870750427246,-1.3694095611572266,0.6768331527709961,1.5026450157165527,-0.009161458350718021,0.39149177074432373,1.5239691734313965,0.017572151497006416,0.6836919188499451,2.105862617492676,-0.13092097640037537,0.41093453764915466,2.1051461696624756,-0.07575736194849014,0.6841503381729126,2.6456990242004395,0.9492842555046082,0.4383082389831543,2.654399871826172,0.7377930283546448,0.6802192330360413,2.7257964611053467,1.04793381690979,0.44197791814804077,2.742326021194458,0.8009907603263855,0.6642319560050964,2.8227803707122803,0.6214795708656311,0.46377167105674744,2.8226895332336426,0.3264544904232025,0.0,0.0,0.0,0.0,0.0,0.0,0.0,0.0,0.0,0.0,0.0,0.0,0.0,0.0,0.0,0.0,0.0,0.0,0.0,0.0,0.0,0.0,0.0,0.0,0.0,0.0,0.0,0.0,0.0,0.0,0.0,0.0,0.0,0.0,0.0,0.0,0.0,0.0,0.0,0.0,0.0,0.0,0.0,0.0,0.0,0.0,0.0,0.0,0.0,0.0,0.0,0.0,0.0,0.0,0.0,0.0,0.0,0.0,0.0,0.0,0.0,0.0,0.0,0.0,0.0,0.0,0.0,0.0,0.0,0.0,0.0,0.0,0.0,0.0,0.0,0.0,0.0,0.0,0.0,0.0,0.0,0.0,0.0,0.0,0.0,0.0,0.0,0.0,0.0,0.0,0.0,0.0,0.0,0.0,0.0,0.0,0.0,0.0,0.0,0.0,0.0,0.0,0.0,0.0,0.0,0.0,0.0,0.0,0.0,0.0,0.0,0.0,0.0,0.0,0.0,0.0,0.0,0.0,0.0,0.0,0.0,0.0,0.0,0.0,0.0,0.0,2
0.5010244846343994,0.3033875524997711,-1.1655439138412476,0.5258690118789673,0.2350158989429474,-1.0943490266799927,0.541363000869751,0.23232096433639526,-1.0947480201721191,0.5551443099975586,0.23009441792964935,-1.0949026346206665,0.47237929701805115,0.24039919674396515,-1.1056549549102783,0.4537157118320465,0.23997405171394348,-1.1061100959777832,0.4375355839729309,0.23913218080997467,-1.1059863567352295,0.5748251676559448,0.23929564654827118,-0.59522944688797,0.41973447799682617,0.24179165065288544,-0.6547660827636719,0.5336930751800537,0.3557433784008026,-0.9666215181350708,0.4734700322151184,0.3582082986831665,-0.9835823774337769,0.7145232558250427,0.4987621009349823,-0.21431460976600647,0.29620715975761414,0.5030094981193542,-0.37577277421951294,0.770783543586731,0.9140745401382446,-0.1328267753124237,0.18724015355110168,0.9269287586212158,-0.8721836805343628,0.7364376783370972,1.1819038391113281,-0.6025973558425903,0.4760907292366028,0.7788569927215576,-1.7749837636947632,0.7509176135063171,1.2669978141784668,-0.7054939270019531,0.5539892911911011,0.7430967092514038,-1.9892284870147705,0.749339759349823,1.2392611503601074,-0.8251935839653015,0.5652204751968384,0.6929430365562439,-1.932183861732483,0.7311228513717651,1.2131625413894653,-0.659539520740509,0.549002468585968,0.6961930394172668,-1.770322561264038,0.6570338010787964,1.2577472925186157,0.020569073036313057,0.39621835947036743,1.273030161857605,-0.013399397023022175,0.6877825260162354,1.8727772235870361,-0.313889741897583,0.43357378244400024,1.8966903686523438,-0.2952185273170471,0.695038378238678,2.451878309249878,0.5989654064178467,0.46671566367149353,2.475318670272827,0.3507886230945587,0.696423351764679,2.5347375869750977,0.6861299276351929,0.474813312292099,2.5596842765808105,0.3960237503051758,0.6835066676139832,2.6261467933654785,0.29732125997543335,0.48871898651123047,2.6430604457855225,-0.11461386829614639,0.0,0.0,0.0,0.0,0.0,0.0,0.0,0.0,0.0,0.0,0.0,0.0,0.0,0.0,0.0,0.0,0.0,0.0,0.0,0.0,0.0,0.0,0.0,0.0,0.0,0.0,0.0,0.0,0.0,0.0,0.0,0.0,0.0,0.0,0.0,0.0,0.0,0.0,0.0,0.0,0.0,0.0,0.0,0.0,0.0,0.0,0.0,0.0,0.0,0.0,0.0,0.0,0.0,0.0,0.0,0.0,0.0,0.0,0.0,0.0,0.0,0.0,0.0,0.48398900032043457,0.7857968807220459,2.246418162599184e-08,0.4893535375595093,0.7228739857673645,-0.003641224466264248,0.5099514722824097,0.670264720916748,-0.006775003857910633,0.5363763570785522,0.6338880062103271,-0.010353684425354004,0.5537189841270447,0.6032804846763611,-0.013572853058576584,0.5681561231613159,0.6763638854026794,-0.00220373529009521,0.602891206741333,0.627984344959259,-0.009341028518974781,0.6232209205627441,0.6023322939872742,-0.015429817140102386,0.6406351923942566,0.5837775468826294,-0.01939043030142784,0.5872703790664673,0.7043458223342896,-0.006521634757518768,0.6359454989433289,0.6647775769233704,-0.011980541981756687,0.6639244556427002,0.6433606743812561,-0.016012834385037422,0.6857471466064453,0.6296603083610535,-0.018678154796361923,0.5966334342956543,0.7346944212913513,-0.011987878009676933,0.6430593132972717,0.7027542591094971,-0.01739753782749176,0.6693721413612366,0.6853477358818054,-0.019942518323659897,0.6899051070213318,0.6717821359634399,-0.02144826576113701,0.5986679792404175,0.767498791217804,-0.01803111471235752,0.6372436881065369,0.7475342750549316,-0.02025456912815571,0.658717155456543,0.7359460592269897,-0.018479982390999794,0.6762610673904419,0.7257986664772034,-0.01680641621351242,2
0.5839707255363464,0.29220050573349,-1.179856538772583,0.6018790006637573,0.23578348755836487,-1.1004910469055176,0.6186638474464417,0.23367801308631897,-1.1007630825042725,0.6349198818206787,0.2326907217502594,-1.100715160369873,0.5529059171676636,0.23625628650188446,-1.109377384185791,0.5339277982711792,0.23582802712917328,-1.109527349472046,0.5132066607475281,0.23617415130138397,-1.1095973253250122,0.6551938652992249,0.25034967064857483,-0.59630286693573,0.48209279775619507,0.24741283059120178,-0.6702839136123657,0.6113086342811584,0.3472507894039154,-0.9886849522590637,0.5510509610176086,0.35171905159950256,-1.0127588510513306,0.7860368490219116,0.5631695985794067,-0.2207619696855545,0.35612934827804565,0.5290907621383667,-0.49779289960861206,0.8381713032722473,0.9722499251365662,-0.18863017857074738,0.2414371520280838,0.9334121942520142,-1.1879700422286987,0.8928908109664917,1.3669511079788208,-0.6891793012619019,0.5095173120498657,0.7200926542282104,-2.0568788051605225,0.9239621162414551,1.4853698015213013,-0.7869383096694946,0.578839123249054,0.655204176902771,-2.274578809738159,0.8987144231796265,1.4831162691116333,-0.8949905633926392,0.5855891108512878,0.6081673502922058,-2.1902554035186768,0.8735918998718262,1.4465680122375488,-0.7489132881164551,0.5754217505455017,0.6223516464233398,-2.0515944957733154,0.7256597280502319,1.325439691543579,0.07135465741157532,0.4524046778678894,1.3060863018035889,-0.061594825237989426,0.7454113364219666,1.9182565212249756,-0.28070688247680664,0.4662005305290222,1.9426428079605103,-0.3291177749633789,0.7604614496231079,2.4846181869506836,0.6786295175552368,0.490131676197052,2.517805576324463,0.3032683730125427,0.7651552557945251,2.57210111618042,0.7753575444221497,0.49173998832702637,2.605299234390259,0.3511940836906433,0.7465947270393372,2.654082775115967,0.413174569606781,0.5279852747917175,2.6932036876678467,-0.14837081730365753,0.0,0.0,0.0,0.0,0.0,0.0,0.0,0.0,0.0,0.0,0.0,0.0,0.0,0.0,0.0,0.0,0.0,0.0,0.0,0.0,0.0,0.0,0.0,0.0,0.0,0.0,0.0,0.0,0.0,0.0,0.0,0.0,0.0,0.0,0.0,0.0,0.0,0.0,0.0,0.0,0.0,0.0,0.0,0.0,0.0,0.0,0.0,0.0,0.0,0.0,0.0,0.0,0.0,0.0,0.0,0.0,0.0,0.0,0.0,0.0,0.0,0.0,0.0,0.510445773601532,0.6828737258911133,1.9094102299277438e-07,0.5000270009040833,0.6292570233345032,-0.006865436211228371,0.506961464881897,0.5827456712722778,-0.015567442402243614,0.5149441361427307,0.5468049049377441,-0.024062171578407288,0.5105405449867249,0.5169309377670288,-0.03322765603661537,0.5846256613731384,0.5693234205245972,-0.013905694708228111,0.6308429837226868,0.538550615310669,-0.021835504099726677,0.6586593985557556,0.5259526968002319,-0.027907630428671837,0.6805180311203003,0.5180293917655945,-0.032020870596170425,0.6054479479789734,0.5956472754478455,-0.01724979840219021,0.6547054052352905,0.5580195188522339,-0.021724482998251915,0.683134913444519,0.5411282181739807,-0.025354759767651558,0.7044941186904907,0.5315651893615723,-0.028747448697686195,0.6171256899833679,0.6250436305999756,-0.021215815097093582,0.6639787554740906,0.5845800042152405,-0.02520700730383396,0.6892516613006592,0.5642638802528381,-0.02814926765859127,0.7082748413085938,0.5502414107322693,-0.030879288911819458,0.6228359937667847,0.6566490530967712,-0.025916386395692825,0.6615673303604126,0.6260987520217896,-0.029665321111679077,0.6831642389297485,0.6096315383911133,-0.030237840488553047,0.7006877064704895,0.5960146188735962,-0.030389392748475075,2
0.555965006351471,0.177399143576622,-0.13861890137195587,0.5719404220581055,0.14030976593494415,-0.05607394501566887,0.5848989486694336,0.13989488780498505,-0.05568523332476616,0.5978150367736816,0.1389727145433426,-0.05543089658021927,0.5370169878005981,0.14591975510120392,-0.05527583509683609,0.526772677898407,0.14891360700130463,-0.05568941310048103,0.512568473815918,0.15152400732040405,-0.05534015968441963,0.6242812871932983,0.1633875072002411,0.3254329562187195,0.5051488876342773,0.17756085097789764,0.33876243233680725,0.5861883759498596,0.22113949060440063,0.0025397909339517355,0.5461186170578003,0.22673681378364563,0.00545309716835618,0.7578305602073669,0.39026811718940735,0.42076605558395386,0.42511510848999023,0.3950568437576294,0.34824031591415405,0.8184710741043091,0.6820889711380005,0.18158040940761566,0.33200082182884216,0.5658562183380127,-0.21329598128795624,0.7660334706306458,0.8582971096038818,-0.33657392859458923,0.5227528810501099,0.43446603417396545,-0.9445937871932983,0.7574640512466431,0.9286804795265198,-0.4375583529472351,0.5767581462860107,0.3945996165275574,-1.1290388107299805,0.7363890409469604,0.9158897399902344,-0.49041253328323364,0.583630383014679,0.38276156783103943,-1.0653859376907349,0.7356552481651306,0.881314218044281,-0.3730219900608063,0.573884129524231,0.39290282130241394,-0.9439282417297363,0.6753599643707275,1.0288232564926147,0.02891007997095585,0.47118431329727173,1.0036734342575073,-0.02246962860226631,0.6959890723228455,1.6084320545196533,-0.45548415184020996,0.46257320046424866,1.5915393829345703,-0.46817922592163086,0.6845422983169556,2.167038679122925,-0.1375606209039688,0.4767859876155853,2.1692235469818115,-0.4057907462120056,0.6841961145401001,2.2354178428649902,-0.10349342972040176,0.4747869372367859,2.248042106628418,-0.4073830246925354,0.6684733629226685,2.3362441062927246,-0.4016675055027008,0.5102524757385254,2.3288018703460693,-0.7931444644927979,0.8118482232093811,0.8181451559066772,1.6923853252137633e-07,0.7778427004814148,0.8279821276664734,-0.009881634265184402,0.7558855414390564,0.8529735207557678,-0.016563698649406433,0.7416219711303711,0.8809887170791626,-0.02170284278690815,0.7340747714042664,0.9080733060836792,-0.026087863370776176,0.7790387272834778,0.8995704054832458,-0.013407770544290543,0.7567777633666992,0.9383494853973389,-0.01669822447001934,0.7443009614944458,0.9427173137664795,-0.018004421144723892,0.7371190190315247,0.9414528608322144,-0.018267886713147163,0.7989669442176819,0.9001926779747009,-0.010165028274059296,0.7755918502807617,0.9327265620231628,-0.010427461937069893,0.7617284655570984,0.9306657910346985,-0.009424535557627678,0.7547001242637634,0.9231144189834595,-0.010061114095151424,0.8138137459754944,0.894953191280365,-0.007172420620918274,0.790267288684845,0.9234739542007446,-0.006721669342368841,0.7785853147506714,0.9207432866096497,-0.0035344241186976433,0.7742787599563599,0.9110577702522278,-0.0025286816526204348,0.8228415250778198,0.8891735672950745,-0.004942336119711399,0.803987979888916,0.9154371023178101,-0.0038636107929050922,0.7910673022270203,0.9156160354614258,-1.2349551070656162e-05,0.7861422896385193,0.9078752398490906,0.0025333401281386614,0.5460546612739563,0.4530527591705322,6.54062333182992e-08,0.5436965227127075,0.41597044467926025,-0.014010160230100155,0.5484969019889832,0.38229280710220337,-0.02417599782347679,0.5576303601264954,0.35960209369659424,-0.03402528911828995,0.5644518136978149,0.34888583421707153,-0.04350303113460541,0.6036031246185303,0.3844943642616272,-0.010974396020174026,0.628173291683197,0.360196977853775,-0.022438090294599533,0.6436610221862793,0.34935110807418823,-0.03283795714378357,0.6585133671760559,0.34274956583976746,-0.040264781564474106,0.6182982921600342,0.39918771386146545,-0.012873607687652111,0.6495584845542908,0.37380117177963257,-0.022546665742993355,0.6700154542922974,0.36070388555526733,-0.030529722571372986,0.6878200769424438,0.35211262106895447,-0.036566704511642456,0.6269388198852539,0.4167479872703552,-0.017149576917290688,0.6597663164138794,0.3961498737335205,-0.025777671486139297,0.6810852289199829,0.38417375087738037,-0.031469572335481644,0.6992099285125732,0.37604397535324097,-0.03529438376426697,0.6308916807174683,0.4370681941509247,-0.023252101615071297,0.6605442762374878,0.4229966104030609,-0.02956460975110531,0.6800339221954346,0.4135664701461792,-0.03217647597193718,0.6969386339187622,0.40615180134773254,-0.03402206301689148,2
0.42806950211524963,0.1950366497039795,-0.8829998970031738,0.4493153691291809,0.1422732174396515,-0.835737407207489,0.46576038002967834,0.14059804379940033,-0.8356449007987976,0.48181313276290894,0.1385253220796585,-0.8350300788879395,0.4072865843772888,0.147850900888443,-0.8061054348945618,0.3949283957481384,0.15028081834316254,-0.8065707087516785,0.3832813501358032,0.15267997980117798,-0.8065561056137085,0.5131906270980835,0.15346843004226685,-0.48812437057495117,0.37601688504219055,0.17229080200195312,-0.35591334104537964,0.4617922306060791,0.24878910183906555,-0.7452423572540283,0.4158557057380676,0.2557038962841034,-0.7097212076187134,0.6622354388237,0.4563964605331421,-0.2933328151702881,0.2876635789871216,0.44394201040267944,-0.10623474419116974,0.7106724381446838,0.8934100270271301,-0.7313537001609802,0.21507123112678528,0.8262210488319397,-0.46816667914390564,0.4876886010169983,0.658575177192688,-1.3713693618774414,0.32759931683540344,0.6100354790687561,-1.2202880382537842,0.44110482931137085,0.6092672944068909,-1.525743842124939,0.3283616006374359,0.5383617281913757,-1.383758544921875,0.4314003884792328,0.5597934126853943,-1.4650925397872925,0.3417048156261444,0.4923686981201172,-1.3491812944412231,0.44887542724609375,0.5671244859695435,-1.3640989065170288,0.34864944219589233,0.5005813241004944,-1.2283971309661865,0.5687669515609741,1.0973457098007202,-0.02736014500260353,0.33896154165267944,1.072867512702942,0.03385438770055771,0.5393617749214172,1.660378098487854,-0.29769062995910645,0.3213767409324646,1.6109791994094849,-0.35762694478034973,0.5285996794700623,2.1841561794281006,0.09711717069149017,0.3232452869415283,2.1397042274475098,-0.07868777215480804,0.5361598134040833,2.257474422454834,0.13205461204051971,0.31918418407440186,2.2073166370391846,-0.057699985802173615,0.4773067533969879,2.351597309112549,-0.278708279132843,0.344116747379303,2.311779260635376,-0.4720076620578766,0.47883841395378113,0.6585938334465027,1.3056124714694306e-07,0.494952917098999,0.6018747687339783,-0.0050218491815030575,0.48759716749191284,0.552672266960144,-0.00716071343049407,0.4745684862136841,0.5162097215652466,-0.00981057621538639,0.47014257311820984,0.4909202456474304,-0.012427606619894505,0.4248674809932709,0.5400423407554626,-0.002936743898317218,0.3996185064315796,0.4992450177669525,-0.007624764461070299,0.3856419622898102,0.47698795795440674,-0.012065742164850235,0.37428537011146545,0.45931124687194824,-0.015549601055681705,0.4034714996814728,0.5619876980781555,-0.00522621488198638,0.3683112561702728,0.5208880305290222,-0.008838258683681488,0.34890449047088623,0.4987366199493408,-0.012202134355902672,0.3335891366004944,0.48127979040145874,-0.015097902156412601,0.39112529158592224,0.5880981683731079,-0.008304500952363014,0.35671693086624146,0.5496390461921692,-0.012011420913040638,0.33723586797714233,0.5281878113746643,-0.015396094880998135,0.32187792658805847,0.5094249844551086,-0.018355995416641235,0.3858238160610199,0.6159965395927429,-0.011969305574893951,0.3573727309703827,0.5951821804046631,-0.015433714725077152,0.3407353162765503,0.5813605189323425,-0.01628030091524124,0.3282459080219269,0.5690953135490417,-0.016721326857805252,0.4736563265323639,0.6515533328056335,-7.420731407137282e-08,0.4886738657951355,0.596156120300293,-7.684699085075408e-05,0.48418545722961426,0.5492151975631714,-0.0004785978817380965,0.4743799865245819,0.5130696892738342,-0.0027739694342017174,0.46819713711738586,0.49070119857788086,-0.005708612967282534,0.4211388826370239,0.5308625102043152,0.00024149140517693013,0.396612286567688,0.49066784977912903,-0.004414552357047796,0.3856702148914337,0.47304871678352356,-0.010424667038023472,0.3765840530395508,0.4594872295856476,-0.015289830975234509,0.4002617299556732,0.5554083585739136,-0.004891523625701666,0.36451220512390137,0.5130332708358765,-0.0073105026967823505,0.34663474559783936,0.4927506148815155,-0.011610540561378002,0.33331722021102905,0.4785262644290924,-0.01673790253698826,0.3872242569923401,0.583336353302002,-0.010440846905112267,0.35258591175079346,0.5458101630210876,-0.012685904279351234,0.3344782292842865,0.526648998260498,-0.015268432907760143,0.3207935690879822,0.5092805624008179,-0.01920449361205101,0.38086748123168945,0.6125012040138245,-0.01632332056760788,0.3513992726802826,0.5940289497375488,-0.017969831824302673,0.33541950583457947,0.5797585844993591,-0.01729785092175007,0.3237444758415222,0.5654152631759644,-0.01792391575872898,2
0.6701344847679138,0.20737631618976593,-1.722691297531128,0.6951507925987244,0.16597141325473785,-1.6697059869766235,0.7098414897918701,0.16948960721492767,-1.6697940826416016,0.7244035005569458,0.17289775609970093,-1.669190764427185,0.6500712037086487,0.16140307486057281,-1.6666101217269897,0.6335116624832153,0.16105054318904877,-1.6670961380004883,0.6173693537712097,0.16098473966121674,-1.6672136783599854,0.7441803216934204,0.19638118147850037,-1.211616039276123,0.5906744003295898,0.176376610994339,-1.194981336593628,0.6905389428138733,0.2613596022129059,-1.536633849143982,0.6352609395980835,0.2605040669441223,-1.534540057182312,0.8323062658309937,0.48630526661872864,-0.9089689254760742,0.43236035108566284,0.43862852454185486,-0.7884846925735474,0.9431039094924927,0.8322495818138123,-1.4763765335083008,0.29957643151283264,0.8025246262550354,-0.7546087503433228,0.6930038928985596,0.6485514044761658,-2.409862995147705,0.28078657388687134,1.0996628999710083,-1.1213204860687256,0.6357879638671875,0.5912619233131409,-2.6476025581359863,0.2582082152366638,1.206148624420166,-1.2149930000305176,0.6265150308609009,0.5537704825401306,-2.580592393875122,0.2991825342178345,1.203560471534729,-1.320805311203003,0.637652575969696,0.5639636516571045,-2.4161362648010254,0.3103606402873993,1.1813498735427856,-1.1745336055755615,0.6954683661460876,1.120225429534912,0.007853994145989418,0.45980843901634216,1.0783928632736206,0.0008091246709227562,0.6753786206245422,1.6979390382766724,-0.3131035566329956,0.43442755937576294,1.6158167123794556,-0.39907386898994446,0.6453899145126343,2.2090039253234863,0.29615312814712524,0.42004022002220154,2.141728639602661,0.10091447830200195,0.645092785358429,2.2889838218688965,0.3557477593421936,0.413113534450531,2.2168219089508057,0.14359590411186218,0.5992637872695923,2.364279270172119,-0.08756338059902191,0.4522494673728943,2.3124451637268066,-0.3353908956050873,0.7086890339851379,0.6204554438591003,2.1827797525020287e-07,0.7254225015640259,0.5761101245880127,-0.012053120881319046,0.7249138951301575,0.5329693555831909,-0.019592059776186943,0.7189446091651917,0.5001042485237122,-0.027436137199401855,0.727825403213501,0.4749339818954468,-0.03512208163738251,0.6539574265480042,0.518994927406311,-0.005287486128509045,0.6288321018218994,0.483839750289917,-0.013675840571522713,0.6131348609924316,0.4633937478065491,-0.021971767768263817,0.598501443862915,0.4480482339859009,-0.02818688377737999,0.6324405074119568,0.5353072881698608,-0.007623169105499983,0.5970081090927124,0.4998387098312378,-0.015112758614122868,0.57680743932724,0.47736769914627075,-0.02205859310925007,0.5599291324615479,0.46069926023483276,-0.02695557102560997,0.617371678352356,0.5566903352737427,-0.012044333852827549,0.5800506472587585,0.525436282157898,-0.02018864080309868,0.559280276298523,0.5053684115409851,-0.02708802931010723,0.5432022213935852,0.4902263879776001,-0.031007133424282074,0.608243465423584,0.581501841545105,-0.017890769988298416,0.5724477767944336,0.5623663067817688,-0.023849094286561012,0.549954891204834,0.5493287444114685,-0.026355654001235962,0.532019853591919,0.5381509065628052,-0.027726488187909126,0.0,0.0,0.0,0.0,0.0,0.0,0.0,0.0,0.0,0.0,0.0,0.0,0.0,0.0,0.0,0.0,0.0,0.0,0.0,0.0,0.0,0.0,0.0,0.0,0.0,0.0,0.0,0.0,0.0,0.0,0.0,0.0,0.0,0.0,0.0,0.0,0.0,0.0,0.0,0.0,0.0,0.0,0.0,0.0,0.0,0.0,0.0,0.0,0.0,0.0,0.0,0.0,0.0,0.0,0.0,0.0,0.0,0.0,0.0,0.0,0.0,0.0,0.0,2
