0,1,2,3,4,5,6,7,8,9,10,11,12,13,14,15,16,17,18,19,20,21,22,23,24,25,26,27,28,29,30,31,32,33,34,35,36,37,38,39,40,41,42,43,44,45,46,47,48,49,50,51,52,53,54,55,56,57,58,59,60,61,62,63,64,65,66,67,68,69,70,71,72,73,74,75,76,77,78,79,80,81,82,83,84,85,86,87,88,89,90,91,92,93,94,95,96,97,98,99,100,101,102,103,104,105,106,107,108,109,110,111,112,113,114,115,116,117,118,119,120,121,122,123,124,125,126,127,128,129,130,131,132,133,134,135,136,137,138,139,140,141,142,143,144,145,146,147,148,149,150,151,152,153,154,155,156,157,158,159,160,161,162,163,164,165,166,167,168,169,170,171,172,173,174,175,176,177,178,179,180,181,182,183,184,185,186,187,188,189,190,191,192,193,194,195,196,197,198,199,200,201,202,203,204,205,206,207,208,209,210,211,212,213,214,215,216,217,218,219,220,221,222,223,224,225
0.35483238101005554,0.38942405581474304,-0.8904558420181274,0.3730418086051941,0.3532120883464813,-0.8456001281738281,0.3843642473220825,0.3535972237586975,-0.8455554246902466,0.3935428857803345,0.3545569181442261,-0.8454108238220215,0.3380172550678253,0.3547621965408325,-0.8451026678085327,0.32840582728385925,0.3554401993751526,-0.8454039692878723,0.320398211479187,0.35592973232269287,-0.8450349569320679,0.4084663987159729,0.3684336543083191,-0.5333479046821594,0.3108285069465637,0.3628312945365906,-0.5349341630935669,0.37677937746047974,0.4282764196395874,-0.7719192504882812,0.3359852135181427,0.431890070438385,-0.7729005813598633,0.5009860992431641,0.5684897303581238,-0.2619544267654419,0.23850318789482117,0.5457139611244202,-0.32087039947509766,0.5625342130661011,0.8119340538978577,-0.11550392210483551,0.14304128289222717,0.7879071831703186,-0.6445595026016235,0.5336586236953735,0.9748627543449402,-0.31257036328315735,0.26590627431869507,0.6063106060028076,-1.1847366094589233,0.5329155921936035,1.0458630323410034,-0.35318291187286377,0.29935938119888306,0.5602195262908936,-1.294374942779541,0.5107145309448242,1.0187742710113525,-0.407487690448761,0.30834490060806274,0.527521014213562,-1.2693383693695068,0.5023594498634338,0.992529571056366,-0.33433061838150024,0.30306026339530945,0.5403398871421814,-1.1863528490066528,0.43704599142074585,0.9980684518814087,0.007842503488063812,0.27984532713890076,0.9998849630355835,-0.003949013538658619,0.45870599150657654,1.3256042003631592,-0.21631869673728943,0.300113320350647,1.3298988342285156,-0.15253926813602448,0.46207159757614136,1.6224167346954346,0.3548363149166107,0.31380951404571533,1.6436264514923096,0.2231069803237915,0.4633122384548187,1.6664475202560425,0.4066919684410095,0.31340354681015015,1.6909762620925903,0.24834032356739044,0.4539300799369812,1.7238107919692993,0.17495974898338318,0.3338143229484558,1.7438666820526123,-0.048749662935733795,0.0,0.0,0.0,0.0,0.0,0.0,0.0,0.0,0.0,0.0,0.0,0.0,0.0,0.0,0.0,0.0,0.0,0.0,0.0,0.0,0.0,0.0,0.0,0.0,0.0,0.0,0.0,0.0,0.0,0.0,0.0,0.0,0.0,0.0,0.0,0.0,0.0,0.0,0.0,0.0,0.0,0.0,0.0,0.0,0.0,0.0,0.0,0.0,0.0,0.0,0.0,0.0,0.0,0.0,0.0,0.0,0.0,0.0,0.0,0.0,0.0,0.0,0.0,0.2690039575099945,0.604378342628479,1.1688983647673012e-07,0.2596146762371063,0.5669839382171631,-0.002143140882253647,0.2597537636756897,0.5303288698196411,-0.006166388280689716,0.2627801299095154,0.5022908449172974,-0.010174020193517208,0.25832808017730713,0.4835539162158966,-0.014638807624578476,0.28791025280952454,0.5236875414848328,-0.011891994625329971,0.31350287795066833,0.4938324987888336,-0.01807336136698723,0.32816287875175476,0.47635507583618164,-0.02152813971042633,0.3384725749492645,0.46287283301353455,-0.023536965250968933,0.3029700815677643,0.5381472110748291,-0.015578391961753368,0.32938867807388306,0.5024919509887695,-0.020100578665733337,0.3443047106266022,0.48151662945747375,-0.022232459858059883,0.35484471917152405,0.46486377716064453,-0.024207040667533875,0.31542184948921204,0.5544725656509399,-0.01903487741947174,0.34074485301971436,0.5195054411888123,-0.023472348228096962,0.35409048199653625,0.4995470345020294,-0.02462787553668022,0.36384114623069763,0.484454482793808,-0.025602376088500023,0.32559019327163696,0.5718970894813538,-0.022539004683494568,0.3469143509864807,0.546674370765686,-0.026303065940737724,0.359639048576355,0.5324752330780029,-0.026123663410544395,0.37036871910095215,0.5213421583175659,-0.025761069729924202,1
0.4383930563926697,0.3830527365207672,-1.135172724723816,0.47685131430625916,0.29540926218032837,-1.1216332912445068,0.4967281222343445,0.29768434166908264,-1.1218390464782715,0.515740692615509,0.3019401431083679,-1.1220033168792725,0.3997812867164612,0.31669628620147705,-1.0874381065368652,0.37667638063430786,0.32444342970848083,-1.0879464149475098,0.35963720083236694,0.3303397595882416,-1.087792158126831,0.5427079796791077,0.3393769860267639,-0.9292899370193481,0.3546059727668762,0.34593966603279114,-0.7749256491661072,0.4724694788455963,0.42665618658065796,-1.0535321235656738,0.3924503028392792,0.431887149810791,-1.0095733404159546,0.6611587405204773,0.5640485286712646,-0.8334169387817383,0.3589003384113312,0.5499915480613708,-0.4917718470096588,0.8289128541946411,0.8091805577278137,-0.736487090587616,0.2586531639099121,0.7859359979629517,-0.8265275955200195,0.7894846200942993,0.9305888414382935,-0.7063501477241516,0.23370543122291565,0.6862308979034424,-1.4124959707260132,0.792587161064148,0.9774011969566345,-0.7483166456222534,0.20749592781066895,0.6657775640487671,-1.4906295537948608,0.7412657737731934,0.9735520482063293,-0.7434144616127014,0.229346364736557,0.6430762410163879,-1.4891389608383179,0.7298256754875183,0.9634236097335815,-0.6985896825790405,0.26038452982902527,0.6599290370941162,-1.428020715713501,0.5832919478416443,1.0106244087219238,-0.1308182179927826,0.4311407208442688,0.9998626708984375,0.13170486688613892,0.4745132327079773,1.2544796466827393,0.01424284465610981,0.3132358491420746,1.2327326536178589,0.4479145109653473,0.464974969625473,1.4292187690734863,0.8122203946113586,0.3311938941478729,1.4812391996383667,0.9407021403312683,0.47080135345458984,1.4367727041244507,0.9058214426040649,0.358712762594223,1.516816258430481,0.9926763772964478,0.41854849457740784,1.598868489265442,0.8668463826179504,0.2919490933418274,1.6312963962554932,0.8852397799491882,0.0,0.0,0.0,0.0,0.0,0.0,0.0,0.0,0.0,0.0,0.0,0.0,0.0,0.0,0.0,0.0,0.0,0.0,0.0,0.0,0.0,0.0,0.0,0.0,0.0,0.0,0.0,0.0,0.0,0.0,0.0,0.0,0.0,0.0,0.0,0.0,0.0,0.0,0.0,0.0,0.0,0.0,0.0,0.0,0.0,0.0,0.0,0.0,0.0,0.0,0.0,0.0,0.0,0.0,0.0,0.0,0.0,0.0,0.0,0.0,0.0,0.0,0.0,0.0,0.0,0.0,0.0,0.0,0.0,0.0,0.0,0.0,0.0,0.0,0.0,0.0,0.0,0.0,0.0,0.0,0.0,0.0,0.0,0.0,0.0,0.0,0.0,0.0,0.0,0.0,0.0,0.0,0.0,0.0,0.0,0.0,0.0,0.0,0.0,0.0,0.0,0.0,0.0,0.0,0.0,0.0,0.0,0.0,0.0,0.0,0.0,0.0,0.0,0.0,0.0,0.0,0.0,0.0,0.0,0.0,0.0,0.0,0.0,0.0,0.0,0.0,1
0.5337896347045898,0.26932618021965027,-1.0452091693878174,0.5563136339187622,0.2243637591600418,-0.9887720942497253,0.5718013644218445,0.22553963959217072,-0.9886989593505859,0.5851256251335144,0.22593501210212708,-0.9885089993476868,0.5143574476242065,0.22414115071296692,-0.9906499981880188,0.5026470422744751,0.22571052610874176,-0.9912652969360352,0.49213045835494995,0.22844041883945465,-0.9909483194351196,0.6079325675964355,0.2474939078092575,-0.6528070569038391,0.4743758738040924,0.2518981695175171,-0.6360423564910889,0.5639592409133911,0.3157939314842224,-0.9101806879043579,0.5138646364212036,0.3140697181224823,-0.9125937223434448,0.6970920562744141,0.4917190670967102,-0.3839753568172455,0.3781513571739197,0.484602153301239,-0.4634017050266266,0.7760649919509888,0.7678736448287964,-0.6406134366989136,0.3276922106742859,0.802790641784668,-0.8817559480667114,0.709318220615387,0.7284258604049683,-1.2824443578720093,0.5084042549133301,0.5804929733276367,-1.400719404220581,0.6914569139480591,0.7221006751060486,-1.4049036502838135,0.5446525812149048,0.515889048576355,-1.5129019021987915,0.6765040755271912,0.6828076839447021,-1.3815412521362305,0.5314105749130249,0.4811907112598419,-1.4657018184661865,0.6725469827651978,0.6918578743934631,-1.2883111238479614,0.5319461226463318,0.5078756213188171,-1.3889615535736084,0.634570300579071,0.9865294694900513,0.018215103074908257,0.4594915509223938,0.985769510269165,-0.014204981736838818,0.6564147472381592,1.3180323839187622,-0.18881575763225555,0.462862104177475,1.315389633178711,-0.19836990535259247,0.6439157724380493,1.6203902959823608,0.6234042644500732,0.46561041474342346,1.6409739255905151,0.42850279808044434,0.6429033279418945,1.6628901958465576,0.7008342146873474,0.45887064933776855,1.6899678707122803,0.47517624497413635,0.6404401063919067,1.759255051612854,0.46765464544296265,0.5025147199630737,1.776261806488037,0.1884351670742035,0.0,0.0,0.0,0.0,0.0,0.0,0.0,0.0,0.0,0.0,0.0,0.0,0.0,0.0,0.0,0.0,0.0,0.0,0.0,0.0,0.0,0.0,0.0,0.0,0.0,0.0,0.0,0.0,0.0,0.0,0.0,0.0,0.0,0.0,0.0,0.0,0.0,0.0,0.0,0.0,0.0,0.0,0.0,0.0,0.0,0.0,0.0,0.0,0.0,0.0,0.0,0.0,0.0,0.0,0.0,0.0,0.0,0.0,0.0,0.0,0.0,0.0,0.0,0.5103549361228943,0.5825077891349792,7.768971954646986e-08,0.4828852117061615,0.5508443117141724,-0.005858215503394604,0.464455783367157,0.5185291767120361,-0.01261027343571186,0.4552275538444519,0.48539334535598755,-0.019078118726611137,0.44732001423835754,0.45651713013648987,-0.02536887302994728,0.4857010841369629,0.47786933183670044,-0.014086957089602947,0.4922601878643036,0.4212222993373871,-0.022358261048793793,0.4953221380710602,0.3906904458999634,-0.026477716863155365,0.4972183108329773,0.36711543798446655,-0.028458526358008385,0.5090299248695374,0.47852960228919983,-0.016442731022834778,0.5148783326148987,0.41626352071762085,-0.021140534430742264,0.5163928866386414,0.3829348087310791,-0.02296430990099907,0.5170612931251526,0.3587074875831604,-0.024733703583478928,0.530526876449585,0.4841954708099365,-0.01931544952094555,0.5356144309043884,0.42671310901641846,-0.022767554968595505,0.5365610122680664,0.3954178988933563,-0.023399250581860542,0.5357441902160645,0.3725150227546692,-0.024287499487400055,0.5496103763580322,0.49325498938560486,-0.022842340171337128,0.5523572564125061,0.4502823054790497,-0.02493033930659294,0.552763044834137,0.42560702562332153,-0.02401144988834858,0.5521649718284607,0.4049552381038666,-0.02309088595211506,1
0.522209644317627,0.3571261167526245,-2.3247885704040527,0.5535021424293518,0.2907879948616028,-2.2948622703552246,0.5719033479690552,0.2914765179157257,-2.2955212593078613,0.5889946222305298,0.292240709066391,-2.296099901199341,0.4906732439994812,0.2898313105106354,-2.275641441345215,0.46915680170059204,0.28938284516334534,-2.2761197090148926,0.45233234763145447,0.2895560562610626,-2.275895357131958,0.6363050937652588,0.31630998849868774,-1.9269241094589233,0.41847553849220276,0.31100380420684814,-1.844935655593872,0.5547271966934204,0.4321059584617615,-2.166862964630127,0.49344706535339355,0.43493589758872986,-2.143998384475708,0.730417788028717,0.6193954348564148,-1.5656425952911377,0.36628204584121704,0.592712938785553,-1.3957359790802002,0.8548625111579895,0.9727541208267212,-1.4375216960906982,0.31752100586891174,0.8120090961456299,-1.3378230333328247,0.8591062426567078,1.1772758960723877,-1.5316067934036255,0.45101723074913025,0.7350144982337952,-1.4658396244049072,0.8769658803939819,1.2471600770950317,-1.6523754596710205,0.48767542839050293,0.7487404346466064,-1.5524506568908691,0.8403319120407104,1.2342578172683716,-1.6983897686004639,0.5063511729240417,0.7041074633598328,-1.5803226232528687,0.8216882944107056,1.2050769329071045,-1.5570075511932373,0.49612489342689514,0.7030118107795715,-1.4824111461639404,0.6679111123085022,1.0407427549362183,-0.057071518152952194,0.4665038585662842,1.0463652610778809,0.05972879007458687,0.7000901103019714,1.3311877250671387,0.29781997203826904,0.4776858687400818,1.3372966051101685,0.5850358009338379,0.653038501739502,1.50314462184906,1.5094822645187378,0.5071612596511841,1.5596816539764404,1.6375713348388672,0.6407660841941833,1.5171982049942017,1.6345125436782837,0.5173497200012207,1.5960320234298706,1.7433254718780518,0.6315392255783081,1.6375633478164673,1.3891634941101074,0.5077181458473206,1.6712496280670166,1.4888520240783691,0.0,0.0,0.0,0.0,0.0,0.0,0.0,0.0,0.0,0.0,0.0,0.0,0.0,0.0,0.0,0.0,0.0,0.0,0.0,0.0,0.0,0.0,0.0,0.0,0.0,0.0,0.0,0.0,0.0,0.0,0.0,0.0,0.0,0.0,0.0,0.0,0.0,0.0,0.0,0.0,0.0,0.0,0.0,0.0,0.0,0.0,0.0,0.0,0.0,0.0,0.0,0.0,0.0,0.0,0.0,0.0,0.0,0.0,0.0,0.0,0.0,0.0,0.0,0.45280349254608154,0.8259614706039429,-2.472536486664012e-08,0.4004189074039459,0.771408200263977,-0.015429227612912655,0.3818838596343994,0.7024009823799133,-0.023525971919298172,0.3950229287147522,0.6365005373954773,-0.029806476086378098,0.41058066487312317,0.5903440117835999,-0.035148054361343384,0.441467821598053,0.6424077749252319,-0.018612496554851532,0.4563582241535187,0.5590799450874329,-0.03176221251487732,0.4681967496871948,0.513133704662323,-0.03999022766947746,0.48054468631744385,0.47778579592704773,-0.0451880507171154,0.4806518256664276,0.6514041423797607,-0.0170898474752903,0.49338388442993164,0.5615231394767761,-0.027410469949245453,0.5015510320663452,0.5086967945098877,-0.03307215869426727,0.5107190012931824,0.467601478099823,-0.03681868314743042,0.5108800530433655,0.6693170070648193,-0.01730882003903389,0.5226454138755798,0.5875134468078613,-0.027987461537122726,0.5293542742729187,0.5366508960723877,-0.033184196799993515,0.5353054404258728,0.4951973557472229,-0.0353878028690815,0.5347663760185242,0.69317227602005,-0.018753601238131523,0.5451878309249878,0.6259350776672363,-0.02722841687500477,0.5499883890151978,0.5856688618659973,-0.030173154547810555,0.5540779829025269,0.5506271719932556,-0.03059205412864685,1
0.4141056537628174,0.31371626257896423,-0.9139052629470825,0.43479251861572266,0.270475834608078,-0.8572219014167786,0.4495542049407959,0.271028995513916,-0.8570505976676941,0.462048202753067,0.27222347259521484,-0.8569703102111816,0.3931937515735626,0.2737777531147003,-0.8515325784683228,0.3787122368812561,0.2761519253253937,-0.8513282537460327,0.36758989095687866,0.27925315499305725,-0.8506634831428528,0.4874563217163086,0.29688137769699097,-0.5068924427032471,0.3541105091571808,0.3043578267097473,-0.4892401695251465,0.44372886419296265,0.36163052916526794,-0.7832601070404053,0.39295125007629395,0.36616209149360657,-0.7786244750022888,0.6222673654556274,0.5929528474807739,-0.21895134449005127,0.25643762946128845,0.6035435199737549,-0.3158803880214691,0.6933917999267578,0.9509457945823669,-0.08638400584459305,0.2663895785808563,0.9536867141723633,-0.7722350358963013,0.7188878059387207,1.1989073753356934,-0.3609021306037903,0.38842958211898804,0.6367231607437134,-1.4808785915374756,0.7410726547241211,1.2925660610198975,-0.4069322645664215,0.4110954701900482,0.548897922039032,-1.601728081703186,0.715584933757782,1.280771255493164,-0.4701402187347412,0.40889716148376465,0.5227689146995544,-1.572844386100769,0.6986021399497986,1.2405664920806885,-0.38979795575141907,0.4085630774497986,0.5401018261909485,-1.4807981252670288,0.5747978687286377,1.137350082397461,0.009630419313907623,0.36147233843803406,1.1792970895767212,-0.004498085472732782,0.6077728271484375,1.59416663646698,-0.13290883600711823,0.39142918586730957,1.6158924102783203,-0.04011688381433487,0.621944010257721,1.9393399953842163,0.700554609298706,0.40933066606521606,2.001699686050415,0.5422629117965698,0.6251672506332397,1.9993412494659424,0.7819589972496033,0.4063912332057953,2.0668463706970215,0.5886050462722778,0.6078348755836487,2.0786564350128174,0.5396634340286255,0.4573543965816498,2.146299123764038,0.25926822423934937,0.0,0.0,0.0,0.0,0.0,0.0,0.0,0.0,0.0,0.0,0.0,0.0,0.0,0.0,0.0,0.0,0.0,0.0,0.0,0.0,0.0,0.0,0.0,0.0,0.0,0.0,0.0,0.0,0.0,0.0,0.0,0.0,0.0,0.0,0.0,0.0,0.0,0.0,0.0,0.0,0.0,0.0,0.0,0.0,0.0,0.0,0.0,0.0,0.0,0.0,0.0,0.0,0.0,0.0,0.0,0.0,0.0,0.0,0.0,0.0,0.0,0.0,0.0,0.4029384255409241,0.63595050573349,1.6991124951459824e-08,0.365576833486557,0.614608108997345,-0.010317602194845676,0.3405774235725403,0.5852174758911133,-0.01995990052819252,0.3271307945251465,0.5519694685935974,-0.028406737372279167,0.32179346680641174,0.5212112069129944,-0.036677274852991104,0.3708735704421997,0.526159405708313,-0.018157055601477623,0.37771618366241455,0.4704977571964264,-0.027604149654507637,0.38365989923477173,0.44467973709106445,-0.03352567180991173,0.38982751965522766,0.4239521622657776,-0.03717171400785446,0.3983132243156433,0.5259242653846741,-0.019573865458369255,0.4042987525463104,0.46425533294677734,-0.0248161181807518,0.4084441661834717,0.43267175555229187,-0.028403740376234055,0.4131833016872406,0.40885812044143677,-0.03218976780772209,0.4227014183998108,0.5340278148651123,-0.021984564140439034,0.42809176445007324,0.477981835603714,-0.027849838137626648,0.4296790361404419,0.44546008110046387,-0.031353238970041275,0.4300961196422577,0.42064595222473145,-0.034412212669849396,0.44501084089279175,0.5468873977661133,-0.025083379819989204,0.44927817583084106,0.5023537278175354,-0.03029734268784523,0.45028257369995117,0.47668585181236267,-0.030998121947050095,0.45047250390052795,0.45518311858177185,-0.03123560920357704,1
0.4844593107700348,0.2546263337135315,-1.9721887111663818,0.5141258239746094,0.20859621465206146,-1.9115787744522095,0.5336758494377136,0.20979374647140503,-1.9116685390472412,0.5512692332267761,0.21195681393146515,-1.9111639261245728,0.46159619092941284,0.21176576614379883,-1.9033279418945312,0.4450403153896332,0.21459083259105682,-1.9043458700180054,0.4277884066104889,0.2187003642320633,-1.9038498401641846,0.5823798775672913,0.23696967959403992,-1.4418084621429443,0.4040980339050293,0.24489720165729523,-1.410691738128662,0.5139582753181458,0.3154906928539276,-1.7893602848052979,0.457963228225708,0.32511287927627563,-1.7825886011123657,0.7201529741287231,0.5749912858009338,-1.0623211860656738,0.3206903338432312,0.533298909664154,-1.0297132730484009,0.8325057029724121,0.9398505687713623,-1.587233066558838,0.1396704614162445,0.8700962066650391,-1.750685453414917,0.6984342336654663,0.9566020369529724,-2.4567947387695312,0.32896021008491516,0.5787684321403503,-2.7405595779418945,0.6579214334487915,0.997512936592102,-2.6510231494903564,0.3731096386909485,0.5117575526237488,-2.9617342948913574,0.6323168277740479,0.948148787021637,-2.586094617843628,0.38569337129592896,0.46853217482566833,-2.8585846424102783,0.6355985403060913,0.9230150580406189,-2.4517011642456055,0.3807624876499176,0.4985758364200592,-2.7229514122009277,0.6427034139633179,1.1536048650741577,0.01219935528934002,0.3796943724155426,1.1284853219985962,-0.005837884731590748,0.6636887788772583,1.6700522899627686,0.05668053776025772,0.41870933771133423,1.597839593887329,-0.47605857253074646,0.6713037490844727,2.040504217147827,1.3919708728790283,0.4400143623352051,2.0220961570739746,0.5957822203636169,0.6794700622558594,2.1042401790618896,1.5118234157562256,0.4355040192604065,2.0935587882995605,0.6804018020629883,0.6458203792572021,2.1942408084869385,1.0750606060028076,0.4817715287208557,2.174217700958252,0.15393206477165222,0.0,0.0,0.0,0.0,0.0,0.0,0.0,0.0,0.0,0.0,0.0,0.0,0.0,0.0,0.0,0.0,0.0,0.0,0.0,0.0,0.0,0.0,0.0,0.0,0.0,0.0,0.0,0.0,0.0,0.0,0.0,0.0,0.0,0.0,0.0,0.0,0.0,0.0,0.0,0.0,0.0,0.0,0.0,0.0,0.0,0.0,0.0,0.0,0.0,0.0,0.0,0.0,0.0,0.0,0.0,0.0,0.0,0.0,0.0,0.0,0.0,0.0,0.0,0.3143622875213623,0.565372109413147,9.4786294368987e-08,0.29984551668167114,0.5093132853507996,-0.0012379168765619397,0.3099727928638458,0.46317562460899353,-0.003078657668083906,0.3255642354488373,0.4292815327644348,-0.005749915726482868,0.3330698609352112,0.4027120769023895,-0.008824266493320465,0.3614434599876404,0.4449370503425598,-0.001806157291866839,0.3979896605014801,0.40379512310028076,-0.008953672833740711,0.4213990569114685,0.38076967000961304,-0.014900115318596363,0.4401136040687561,0.36490774154663086,-0.018337035551667213,0.38466235995292664,0.4646081030368805,-0.0067177121527493,0.42381715774536133,0.4165937304496765,-0.01174674928188324,0.4483306407928467,0.38701921701431274,-0.01700066402554512,0.46722280979156494,0.3646223545074463,-0.02071121148765087,0.40193405747413635,0.4881516695022583,-0.012291605584323406,0.44144389033317566,0.4397450089454651,-0.018087374046444893,0.4645979702472687,0.4098508358001709,-0.023682471364736557,0.4810166358947754,0.38765162229537964,-0.026923593133687973,0.4138772785663605,0.5130513310432434,-0.017981458455324173,0.44930073618888855,0.4777835011482239,-0.023053430020809174,0.47104835510253906,0.4547533392906189,-0.025298448279500008,0.4878622889518738,0.4354810118675232,-0.025960849598050117,1
0.4433174133300781,0.20087221264839172,-0.6565020084381104,0.45761245489120483,0.1642068773508072,-0.6170909404754639,0.47232064604759216,0.16111238300800323,-0.6168320178985596,0.486245334148407,0.1583753377199173,-0.6164308190345764,0.42357778549194336,0.17492134869098663,-0.6070024967193604,0.41424113512039185,0.1785890907049179,-0.6074910163879395,0.4048769474029541,0.18209627270698547,-0.6072363257408142,0.5062806606292725,0.16848237812519073,-0.31437477469444275,0.3949868381023407,0.1983877271413803,-0.27133530378341675,0.4716969132423401,0.22811459004878998,-0.5338877439498901,0.42914170026779175,0.2405940145254135,-0.5218679308891296,0.604814887046814,0.33776089549064636,-0.10275693237781525,0.3441143333911896,0.37621718645095825,-0.056592006236314774,0.6811111569404602,0.5949257612228394,-0.06316617876291275,0.2235303819179535,0.6045429110527039,-0.39595845341682434,0.6852256059646606,0.834660530090332,-0.36746078729629517,0.3286513686180115,0.3865252137184143,-1.0127121210098267,0.6783212423324585,0.8983257412910461,-0.43359169363975525,0.35198670625686646,0.33539441227912903,-1.1576712131500244,0.6617143154144287,0.8913184404373169,-0.5021475553512573,0.3666974604129791,0.30338016152381897,-1.1233301162719727,0.6604487299919128,0.87046217918396,-0.39775872230529785,0.3644471764564514,0.32187527418136597,-1.0161616802215576,0.5856730341911316,0.8934253454208374,-0.007762793451547623,0.404059499502182,0.9082910418510437,0.010612267069518566,0.6207857131958008,1.3050724267959595,-0.15211515128612518,0.44031938910484314,1.3461196422576904,-0.16577701270580292,0.6286560297012329,1.7008482217788696,0.13133051991462708,0.4670015275478363,1.7425835132598877,-0.044646210968494415,0.6350126266479492,1.747316837310791,0.15567372739315033,0.470705509185791,1.7897694110870361,-0.0427926667034626,0.6165590882301331,1.8319154977798462,-0.090959332883358,0.4859623312950134,1.8662426471710205,-0.3359221816062927,0.6725826859474182,0.8357529640197754,2.61479470964332e-07,0.6531952619552612,0.8540111184120178,-0.015245419926941395,0.6434094905853271,0.8904384970664978,-0.019057344645261765,0.638268232345581,0.9219470620155334,-0.01927485130727291,0.6346397995948792,0.9452106356620789,-0.017543131485581398,0.6846826672554016,0.9169787764549255,-0.01356467790901661,0.6666185259819031,0.9551870226860046,-0.018161432817578316,0.6484627723693848,0.9645374417304993,-0.021232759580016136,0.6337189674377441,0.9656538367271423,-0.022318853065371513,0.6917662620544434,0.9165977239608765,-0.005618376657366753,0.6703709363937378,0.9520320892333984,-0.010020322166383266,0.650568962097168,0.9627053737640381,-0.012655479833483696,0.6338525414466858,0.9662355184555054,-0.013813185505568981,0.6917358636856079,0.9147778153419495,0.0015080354642122984,0.6719639301300049,0.9462188482284546,-0.0019993630703538656,0.6547146439552307,0.9577502608299255,-0.0037006856873631477,0.6397362947463989,0.9627867937088013,-0.004116940777748823,0.6876465082168579,0.913153350353241,0.0073966970667243,0.6723621487617493,0.9401227831840515,0.004896786063909531,0.659511148929596,0.951038122177124,0.00426590396091342,0.6475828289985657,0.9556945562362671,0.004952520597726107,0.3225381076335907,0.4037058651447296,1.91945588312592e-07,0.3100418150424957,0.36401641368865967,-0.009825731627643108,0.30891692638397217,0.32639238238334656,-0.017312994226813316,0.30951520800590515,0.29549121856689453,-0.02364124357700348,0.30274271965026855,0.27616631984710693,-0.02997216023504734,0.36069393157958984,0.3132827877998352,-0.012601803056895733,0.39206287264823914,0.2885611057281494,-0.019619930535554886,0.411263644695282,0.2738755941390991,-0.024838721379637718,0.4261093735694885,0.26311710476875305,-0.027910534292459488,0.3779107332229614,0.3294198215007782,-0.012759613804519176,0.41306525468826294,0.29832524061203003,-0.01706537790596485,0.4335940480232239,0.27926796674728394,-0.019676102325320244,0.45017415285110474,0.26455461978912354,-0.021941160783171654,0.38883739709854126,0.34609994292259216,-0.01400243304669857,0.4206100106239319,0.3157936632633209,-0.018133213743567467,0.43871134519577026,0.2967931032180786,-0.020532840862870216,0.45316699147224426,0.2814391553401947,-0.02225450426340103,0.3957027792930603,0.3617546260356903,-0.016191504895687103,0.420273095369339,0.33618059754371643,-0.01951548643410206,0.4342046082019806,0.3206649422645569,-0.01965695433318615,0.4455927014350891,0.30690523982048035,-0.019503828138113022,1
0.49217352271080017,0.26600322127342224,-1.8252407312393188,0.521592378616333,0.19807177782058716,-1.7842319011688232,0.5370831489562988,0.19745145738124847,-1.7843446731567383,0.5631103515625,0.20109257102012634,-1.7839254140853882,0.4601171016693115,0.21176907420158386,-1.7652301788330078,0.43814101815223694,0.21986271440982819,-1.7658703327178955,0.41891366243362427,0.22736619412899017,-1.7655670642852783,0.6117827892303467,0.23093949258327484,-1.4091365337371826,0.40428638458251953,0.2627526521682739,-1.3284999132156372,0.5296975374221802,0.3403759002685547,-1.6767151355743408,0.46721357107162476,0.34062719345092773,-1.6548494100570679,0.732640266418457,0.5386952757835388,-1.0264265537261963,0.3437531888484955,0.5030312538146973,-0.9862085580825806,0.775941014289856,0.9246516823768616,-1.0344740152359009,0.17153310775756836,0.7621588110923767,-1.5738037824630737,0.7929667830467224,1.2416151762008667,-1.3291771411895752,0.39773136377334595,0.513560950756073,-2.2902700901031494,0.8114325404167175,1.337071180343628,-1.4110753536224365,0.44823843240737915,0.4570203721523285,-2.453298807144165,0.7713448405265808,1.32703697681427,-1.4370454549789429,0.46557122468948364,0.4241202175617218,-2.353878974914551,0.7484689950942993,1.2969962358474731,-1.344842553138733,0.45518213510513306,0.44501855969429016,-2.2728164196014404,0.6238465309143066,1.1116185188293457,-0.0076080309227108955,0.3826782703399658,1.0990835428237915,0.012002724222838879,0.603507936000824,1.6231553554534912,-0.018130449578166008,0.38464996218681335,1.5513529777526855,-0.10125861316919327,0.6000546813011169,2.001593589782715,0.8664320707321167,0.38033100962638855,1.934932827949524,0.6642835736274719,0.6050328016281128,2.059734582901001,0.9492184519767761,0.37445202469825745,1.9864050149917603,0.732255220413208,0.5525237321853638,2.1777842044830322,0.5753243565559387,0.42167097330093384,2.123631715774536,0.33022966980934143,0.0,0.0,0.0,0.0,0.0,0.0,0.0,0.0,0.0,0.0,0.0,0.0,0.0,0.0,0.0,0.0,0.0,0.0,0.0,0.0,0.0,0.0,0.0,0.0,0.0,0.0,0.0,0.0,0.0,0.0,0.0,0.0,0.0,0.0,0.0,0.0,0.0,0.0,0.0,0.0,0.0,0.0,0.0,0.0,0.0,0.0,0.0,0.0,0.0,0.0,0.0,0.0,0.0,0.0,0.0,0.0,0.0,0.0,0.0,0.0,0.0,0.0,0.0,0.4055924117565155,0.5248517990112305,1.266778326680651e-07,0.38517844676971436,0.4706486463546753,-0.008926285430788994,0.393632709980011,0.42475634813308716,-0.013041935861110687,0.41328227519989014,0.39300328493118286,-0.015870310366153717,0.42654848098754883,0.374088317155838,-0.01821647211909294,0.45615243911743164,0.4295768141746521,-0.013267682865262032,0.4936569333076477,0.3924866020679474,-0.01965494640171528,0.5171899199485779,0.3730494976043701,-0.02333000861108303,0.5356099009513855,0.35953813791275024,-0.025051908567547798,0.48229965567588806,0.45166873931884766,-0.013281377032399178,0.5218918323516846,0.4081543982028961,-0.01907471939921379,0.5471913814544678,0.3813561797142029,-0.022549910470843315,0.5664488673210144,0.3625584840774536,-0.02477344498038292,0.4996488392353058,0.47012171149253845,-0.014104214496910572,0.5385255813598633,0.4266786277294159,-0.02168959751725197,0.5616710186004639,0.39913368225097656,-0.027883829548954964,0.578855574131012,0.3787817358970642,-0.030963372439146042,0.5092564225196838,0.48371922969818115,-0.015388243831694126,0.5485951900482178,0.45843833684921265,-0.02264607511460781,0.5733062028884888,0.44163039326667786,-0.027099208906292915,0.5929147005081177,0.42705899477005005,-0.02908741682767868,1
0.5188063979148865,0.291767954826355,-1.5857961177825928,0.546366810798645,0.24062712490558624,-1.5183842182159424,0.5628699064254761,0.23990236222743988,-1.5184653997421265,0.5770235657691956,0.23918895423412323,-1.5183788537979126,0.4948950707912445,0.2415391355752945,-1.5177600383758545,0.47927647829055786,0.2418140321969986,-1.518278956413269,0.4670022428035736,0.2420116364955902,-1.517846941947937,0.6080275774002075,0.2620134949684143,-1.0451927185058594,0.4523910880088806,0.2625384032726288,-1.049516201019287,0.5526536703109741,0.3463529050350189,-1.404335856437683,0.4936408996582031,0.3481825292110443,-1.40720534324646,0.7334589958190918,0.560868501663208,-0.5662664175033569,0.32260769605636597,0.5378558039665222,-0.6807430386543274,0.8246631622314453,0.9519134759902954,-0.32641127705574036,0.2285580188035965,0.9262741208076477,-1.1541748046875,0.8319551348686218,1.237807035446167,-0.6019572019577026,0.43651705980300903,0.5968201756477356,-1.9028488397598267,0.8410872220993042,1.3341211080551147,-0.6393876075744629,0.4896901547908783,0.5186334252357483,-2.0479278564453125,0.81523197889328,1.320419192314148,-0.7275015115737915,0.49699100852012634,0.463091105222702,-1.9981024265289307,0.7998976111412048,1.2868385314941406,-0.6360852122306824,0.48903703689575195,0.4865281879901886,-1.8946647644042969,0.6394175887107849,1.2036863565444946,0.010196966119110584,0.3942965865135193,1.1630932092666626,-0.004692289046943188,0.6451399922370911,1.7069319486618042,-0.14816755056381226,0.4101347327232361,1.6948344707489014,-0.049659594893455505,0.6566809415817261,2.125108003616333,0.7845828533172607,0.4322602152824402,2.115304470062256,0.6477593183517456,0.6627674102783203,2.1922264099121094,0.8721956014633179,0.43608570098876953,2.1755287647247314,0.6991099715232849,0.6224439144134521,2.2707884311676025,0.4974188804626465,0.46310481429100037,2.2788307666778564,0.27699050307273865,0.0,0.0,0.0,0.0,0.0,0.0,0.0,0.0,0.0,0.0,0.0,0.0,0.0,0.0,0.0,0.0,0.0,0.0,0.0,0.0,0.0,0.0,0.0,0.0,0.0,0.0,0.0,0.0,0.0,0.0,0.0,0.0,0.0,0.0,0.0,0.0,0.0,0.0,0.0,0.0,0.0,0.0,0.0,0.0,0.0,0.0,0.0,0.0,0.0,0.0,0.0,0.0,0.0,0.0,0.0,0.0,0.0,0.0,0.0,0.0,0.0,0.0,0.0,0.42434972524642944,0.6169698238372803,-4.6100357309342144e-08,0.4024917185306549,0.5720360279083252,-0.016369586810469627,0.3927062153816223,0.5275236964225769,-0.02735453099012375,0.39240461587905884,0.48871636390686035,-0.037255264818668365,0.3864651322364807,0.4590502083301544,-0.04666262865066528,0.4479556083679199,0.48541486263275146,-0.014231010340154171,0.47142013907432556,0.4360790252685547,-0.022727100178599358,0.4830740988254547,0.41405409574508667,-0.030781187117099762,0.49492305517196655,0.3960588276386261,-0.03719371557235718,0.47199514508247375,0.4994104206562042,-0.012344980612397194,0.4952191412448883,0.44201141595840454,-0.017941845580935478,0.5079478621482849,0.41066232323646545,-0.024424508213996887,0.5171117186546326,0.3868945837020874,-0.03051149845123291,0.4901343882083893,0.5183961391448975,-0.012474197894334793,0.5127841234207153,0.46453210711479187,-0.01844598725438118,0.5230685472488403,0.4328940808773041,-0.025411361828446388,0.5289227962493896,0.4071883261203766,-0.03093699924647808,0.5062260031700134,0.542176365852356,-0.014165193773806095,0.5242629647254944,0.50327467918396,-0.01974249817430973,0.532403826713562,0.47653552889823914,-0.02353357896208763,0.5374582409858704,0.4520682394504547,-0.026480957865715027,1
0.49724340438842773,0.3072792589664459,-1.099419355392456,0.5205176472663879,0.24841611087322235,-1.0395452976226807,0.5380809307098389,0.24852007627487183,-1.0399593114852905,0.5542163848876953,0.2494358867406845,-1.0398372411727905,0.4635024964809418,0.2543669641017914,-1.035261631011963,0.44197025895118713,0.25967124104499817,-1.0356895923614502,0.4227369427680969,0.2652736008167267,-1.035578966140747,0.5722339749336243,0.2770751118659973,-0.6464740037918091,0.3850330412387848,0.29418978095054626,-0.6384979486465454,0.5343742370605469,0.37512102723121643,-0.9487288594245911,0.4584113657474518,0.3903283476829529,-0.9477770924568176,0.6971808671951294,0.5883986949920654,-0.3583548665046692,0.292265385389328,0.5660139322280884,-0.4201916754245758,0.775033175945282,0.9743697643280029,-0.40082722902297974,0.2819611430168152,0.9040659666061401,-0.9958875775337219,0.7253243923187256,1.1633261442184448,-0.806327223777771,0.45641446113586426,0.6002991795539856,-1.7723264694213867,0.730502724647522,1.2321586608886719,-0.8670770525932312,0.4894745945930481,0.5136737823486328,-1.9191248416900635,0.708735466003418,1.2144156694412231,-0.9119781255722046,0.4924335479736328,0.4770824611186981,-1.850070595741272,0.6929415464401245,1.196854829788208,-0.8287031054496765,0.4880603849887848,0.501270055770874,-1.7572046518325806,0.6175204515457153,1.209518313407898,-0.02685362473130226,0.3806340992450714,1.1971338987350464,0.03199445456266403,0.620803952217102,1.6201421022415161,-0.6523324251174927,0.336330384016037,1.6580016613006592,-0.4050877094268799,0.6115678548812866,2.091846227645874,-0.033368490636348724,0.385240375995636,2.1142971515655518,0.06717940419912338,0.6160062551498413,2.16827392578125,0.023025039583444595,0.4034895896911621,2.180107831954956,0.09991706162691116,0.5672532320022583,2.2313315868377686,-0.34999802708625793,0.37204810976982117,2.272284984588623,-0.3350633978843689,0.0,0.0,0.0,0.0,0.0,0.0,0.0,0.0,0.0,0.0,0.0,0.0,0.0,0.0,0.0,0.0,0.0,0.0,0.0,0.0,0.0,0.0,0.0,0.0,0.0,0.0,0.0,0.0,0.0,0.0,0.0,0.0,0.0,0.0,0.0,0.0,0.0,0.0,0.0,0.0,0.0,0.0,0.0,0.0,0.0,0.0,0.0,0.0,0.0,0.0,0.0,0.0,0.0,0.0,0.0,0.0,0.0,0.0,0.0,0.0,0.0,0.0,0.0,0.4523986279964447,0.6453796029090881,-1.4050914387553348e-07,0.41855454444885254,0.5978602766990662,-0.0028490275144577026,0.40624332427978516,0.5532447099685669,-0.005630806554108858,0.4169611930847168,0.5082284808158875,-0.008352103643119335,0.42830780148506165,0.4772499203681946,-0.00965985655784607,0.4512287676334381,0.5256962776184082,-0.005129678174853325,0.45203572511672974,0.466541051864624,-0.007830096408724785,0.4552218019962311,0.4384499788284302,-0.0074602155946195126,0.4603276252746582,0.41827157139778137,-0.007103252224624157,0.4854629635810852,0.5283463597297668,-0.006739909760653973,0.4850781559944153,0.4615788757801056,-0.009380917064845562,0.4843280017375946,0.4269099235534668,-0.01002465933561325,0.48576080799102783,0.40276235342025757,-0.010776757262647152,0.5115557312965393,0.5388836860656738,-0.008397187106311321,0.5155561566352844,0.47597888112068176,-0.012309594079852104,0.5140554904937744,0.44137489795684814,-0.012110785581171513,0.5124626159667969,0.41772186756134033,-0.011521133594214916,0.5302706956863403,0.5539721846580505,-0.010127688758075237,0.53861004114151,0.5062143802642822,-0.011496491730213165,0.5377780795097351,0.4792870879173279,-0.008946089074015617,0.53472900390625,0.4600016474723816,-0.006380496080964804,1
0.4854286313056946,0.2915504574775696,-1.1298927068710327,0.5101805925369263,0.2379443645477295,-1.074437141418457,0.5255182981491089,0.23841437697410583,-1.0753133296966553,0.5375834703445435,0.23870739340782166,-1.0751869678497314,0.46031221747398376,0.2379761040210724,-1.0689003467559814,0.44257301092147827,0.23824742436408997,-1.0691453218460083,0.4298288822174072,0.23796629905700684,-1.0697128772735596,0.5557574033737183,0.26187998056411743,-0.6674236059188843,0.419139564037323,0.2516058683395386,-0.6582068204879761,0.516305685043335,0.33616769313812256,-0.9866280555725098,0.4583350121974945,0.33373868465423584,-0.9854140281677246,0.6797134280204773,0.5464486479759216,-0.3102085590362549,0.2982071042060852,0.5468772053718567,-0.376169890165329,0.7710708379745483,0.9493274092674255,-0.19536802172660828,0.23013702034950256,0.9269520044326782,-0.8305680155754089,0.7912477850914001,1.2189713716506958,-0.5773686170578003,0.416578471660614,0.6197075247764587,-1.612959861755371,0.798522412776947,1.3419946432113647,-0.644638180732727,0.4560754895210266,0.53409743309021,-1.7713851928710938,0.7788334488868713,1.3168925046920776,-0.733523964881897,0.45237165689468384,0.5066373348236084,-1.7318302392959595,0.7613718509674072,1.2866894006729126,-0.6173081994056702,0.447457879781723,0.5244239568710327,-1.6126190423965454,0.6248028874397278,1.2104781866073608,0.00026753105339594185,0.3900071978569031,1.1997984647750854,0.006178314797580242,0.648616373538971,1.7281227111816406,-0.19202753901481628,0.42070645093917847,1.7214614152908325,-0.12444114685058594,0.6733392477035522,2.1961474418640137,0.6305621266365051,0.46001043915748596,2.1789350509643555,0.5160566568374634,0.6820358037948608,2.268193483352661,0.7045981287956238,0.4652518630027771,2.247753620147705,0.5627535581588745,0.6512786149978638,2.3425822257995605,0.35247525572776794,0.48408323526382446,2.3271665573120117,0.14968839287757874,0.0,0.0,0.0,0.0,0.0,0.0,0.0,0.0,0.0,0.0,0.0,0.0,0.0,0.0,0.0,0.0,0.0,0.0,0.0,0.0,0.0,0.0,0.0,0.0,0.0,0.0,0.0,0.0,0.0,0.0,0.0,0.0,0.0,0.0,0.0,0.0,0.0,0.0,0.0,0.0,0.0,0.0,0.0,0.0,0.0,0.0,0.0,0.0,0.0,0.0,0.0,0.0,0.0,0.0,0.0,0.0,0.0,0.0,0.0,0.0,0.0,0.0,0.0,0.4166750907897949,0.6095981597900391,2.7407062930251413e-07,0.39230281114578247,0.5672568082809448,-0.008196024224162102,0.3799436092376709,0.5244672894477844,-0.017316801473498344,0.37345975637435913,0.48870381712913513,-0.025902194902300835,0.36569294333457947,0.4603857100009918,-0.03444730117917061,0.42812055349349976,0.4786480665206909,-0.014935769140720367,0.44484296441078186,0.42765191197395325,-0.023597199469804764,0.4566555917263031,0.3974870443344116,-0.03028929978609085,0.4672224819660187,0.37615564465522766,-0.034485429525375366,0.4509975016117096,0.4913351237773895,-0.017612891271710396,0.4675830900669098,0.4335010349750519,-0.022860269993543625,0.47805747389793396,0.39960548281669617,-0.02724696695804596,0.4859374761581421,0.37486928701400757,-0.03084939531981945,0.4709697663784027,0.5103787779808044,-0.020977502688765526,0.4879407286643982,0.45513996481895447,-0.0258437842130661,0.4966338574886322,0.422993928194046,-0.029416760429739952,0.501915693283081,0.3988873362541199,-0.03222829848527908,0.4890871047973633,0.5340356826782227,-0.025053856894373894,0.5061467289924622,0.49276697635650635,-0.029591349884867668,0.5140212774276733,0.46661078929901123,-0.030713703483343124,0.5183658599853516,0.4436036944389343,-0.030781304463744164,1
0.4957384467124939,0.18416768312454224,-0.8518886566162109,0.5149030089378357,0.1415887027978897,-0.7945850491523743,0.5270913243293762,0.14308007061481476,-0.7948355078697205,0.5378607511520386,0.1446431577205658,-0.794832170009613,0.4697415232658386,0.13826537132263184,-0.7947573065757751,0.45342564582824707,0.13819748163223267,-0.7951840162277222,0.4394790530204773,0.1395227462053299,-0.7949408292770386,0.5526474714279175,0.16717413067817688,-0.4091106355190277,0.42483216524124146,0.1580163836479187,-0.41345587372779846,0.5203143954277039,0.2329990565776825,-0.7016845345497131,0.4647517204284668,0.2359084039926529,-0.70344078540802,0.6454870104789734,0.4198959469795227,-0.13061515986919403,0.3200007975101471,0.39173275232315063,-0.20990724861621857,0.706950843334198,0.7538970112800598,0.009622590616345406,0.23078879714012146,0.6805797219276428,-0.7607712745666504,0.755445659160614,1.0114108324050903,-0.23936982452869415,0.3925052583217621,0.43889912962913513,-1.5661100149154663,0.7715321779251099,1.1035767793655396,-0.2861047685146332,0.43332380056381226,0.3517083525657654,-1.7260246276855469,0.7575564980506897,1.1213905811309814,-0.3770637512207031,0.43829816579818726,0.3273332417011261,-1.680598497390747,0.7393136024475098,1.0928261280059814,-0.2780654728412628,0.43268799781799316,0.3503552973270416,-1.566964030265808,0.5736701488494873,1.0518490076065063,-0.006665474735200405,0.3652442693710327,1.0461088418960571,0.01254851371049881,0.5867154598236084,1.5615589618682861,-0.21300587058067322,0.3780815005302429,1.5630987882614136,-0.12130935490131378,0.5998753309249878,2.0344488620758057,0.5065102577209473,0.40809115767478943,2.0326271057128906,0.4030752182006836,0.6084374189376831,2.100266933441162,0.5708635449409485,0.4163666367530823,2.099336624145508,0.4392600655555725,0.5664818286895752,2.183156728744507,0.23023506999015808,0.4151701331138611,2.1786484718322754,0.029869815334677696,0.0,0.0,0.0,0.0,0.0,0.0,0.0,0.0,0.0,0.0,0.0,0.0,0.0,0.0,0.0,0.0,0.0,0.0,0.0,0.0,0.0,0.0,0.0,0.0,0.0,0.0,0.0,0.0,0.0,0.0,0.0,0.0,0.0,0.0,0.0,0.0,0.0,0.0,0.0,0.0,0.0,0.0,0.0,0.0,0.0,0.0,0.0,0.0,0.0,0.0,0.0,0.0,0.0,0.0,0.0,0.0,0.0,0.0,0.0,0.0,0.0,0.0,0.0,0.38304251432418823,0.4495774209499359,4.099162254078692e-08,0.37018877267837524,0.40412792563438416,-0.0025607775896787643,0.3679799735546112,0.3593132197856903,-0.01017552986741066,0.3604089319705963,0.32362496852874756,-0.01882142946124077,0.34690818190574646,0.3029329776763916,-0.028215916827321053,0.4167599081993103,0.3408210277557373,-0.012024116702377796,0.4497680068016052,0.3051336705684662,-0.020053118467330933,0.4676809012889862,0.29095739126205444,-0.025803493335843086,0.4824073612689972,0.280713826417923,-0.028895528987050056,0.4376644194126129,0.35995328426361084,-0.016968902200460434,0.47479447722435,0.31429535150527954,-0.02044561319053173,0.4934987425804138,0.29267868399620056,-0.021586166694760323,0.5083523988723755,0.2784886658191681,-0.0233729537576437,0.4529452323913574,0.3821563422679901,-0.02195846475660801,0.48674339056015015,0.340128093957901,-0.024330830201506615,0.5029566884040833,0.3201375901699066,-0.022732937708497047,0.5145638585090637,0.30575552582740784,-0.02238166332244873,0.46358364820480347,0.4040166735649109,-0.027349572628736496,0.48960843682289124,0.37388113141059875,-0.026025544852018356,0.5039230585098267,0.35813191533088684,-0.02001732401549816,0.5140446424484253,0.34578990936279297,-0.016071602702140808,1
0.4831975996494293,0.2986101508140564,-1.1485422849655151,0.5054192543029785,0.2474467158317566,-1.0794463157653809,0.5232443809509277,0.2443062663078308,-1.0792856216430664,0.5375224947929382,0.24158510565757751,-1.0786073207855225,0.4491141736507416,0.2581593692302704,-1.0775686502456665,0.43168678879737854,0.26206910610198975,-1.078303337097168,0.4181387424468994,0.26527926325798035,-1.0784270763397217,0.5599061250686646,0.2663906514644623,-0.6388088464736938,0.39782699942588806,0.3013778626918793,-0.6301321983337402,0.5193936228752136,0.36029574275016785,-0.9815117716789246,0.4569178521633148,0.3736235201358795,-0.9817641973495483,0.6955939531326294,0.6021400094032288,-0.3250848650932312,0.270131915807724,0.6283494234085083,-0.3742813169956207,0.7642911672592163,1.0102458000183105,-0.6343883275985718,0.2346610128879547,1.0851051807403564,-0.8835644721984863,0.5718499422073364,0.74158775806427,-1.2255290746688843,0.4013614058494568,0.7105139493942261,-1.627701997756958,0.5139623880386353,0.6885069012641907,-1.3422338962554932,0.4554339349269867,0.6188133358955383,-1.7706334590911865,0.5159863233566284,0.6247680187225342,-1.2867743968963623,0.42967477440834045,0.5473297238349915,-1.689691185951233,0.5251322984695435,0.6534959673881531,-1.2180910110473633,0.4273962080478668,0.5724688172340393,-1.6078065633773804,0.632671058177948,1.29844331741333,0.015332529321312904,0.37325185537338257,1.2671947479248047,-0.008076364174485207,0.6083146333694458,1.8254868984222412,-0.11718150228261948,0.37002256512641907,1.8103833198547363,-0.01779298111796379,0.5982077717781067,2.2766146659851074,0.8110167384147644,0.3656059205532074,2.274998664855957,0.6201295852661133,0.6018797159194946,2.347686290740967,0.8990960121154785,0.35872212052345276,2.34621524810791,0.6725907921791077,0.5646286606788635,2.427168130874634,0.5545763969421387,0.3921052813529968,2.4287514686584473,0.273412823677063,0.44234421849250793,0.7309352159500122,1.272111376238172e-07,0.40487414598464966,0.6812312602996826,-0.008415059186518192,0.37999945878982544,0.6338803172111511,-0.017203176394104958,0.3662748634815216,0.5890207290649414,-0.025082146748900414,0.357535719871521,0.5540195107460022,-0.03266392648220062,0.43013209104537964,0.5853563547134399,-0.018913904204964638,0.4430721402168274,0.5117864012718201,-0.028166228905320168,0.4521034061908722,0.47705742716789246,-0.03321366384625435,0.46004077792167664,0.4521714746952057,-0.03610631078481674,0.4644126296043396,0.5902971625328064,-0.021207282319664955,0.4740558862686157,0.5105910897254944,-0.025976400822401047,0.4794706702232361,0.4707052707672119,-0.02816307544708252,0.4837353527545929,0.4418191909790039,-0.0308141577988863,0.4928045868873596,0.602336585521698,-0.023858757689595222,0.5025174021720886,0.5293454527854919,-0.028212809935212135,0.5053572058677673,0.4909641742706299,-0.028320172801613808,0.506504476070404,0.46248123049736023,-0.029368363320827484,0.5160365104675293,0.6198397874832153,-0.027180643752217293,0.5252700448036194,0.5667060017585754,-0.030971135944128036,0.528300940990448,0.5358683466911316,-0.029122566804289818,0.5304919481277466,0.509409487247467,-0.027457119897007942,0.44287699460983276,0.737088680267334,5.6174844331735585e-08,0.40486443042755127,0.6836889386177063,-0.008374156430363655,0.3793238699436188,0.6339434385299683,-0.016909347847104073,0.36580130457878113,0.5877195000648499,-0.024996433407068253,0.35729318857192993,0.5526496767997742,-0.032566387206315994,0.43069159984588623,0.5874302983283997,-0.01487885694950819,0.44177648425102234,0.5125693678855896,-0.023350762203335762,0.44986388087272644,0.47839251160621643,-0.02840707264840603,0.4569360315799713,0.4525381326675415,-0.03147673234343529,0.4649653732776642,0.5912109613418579,-0.017331639304757118,0.47473788261413574,0.5082902312278748,-0.0208666380494833,0.479510635137558,0.46838873624801636,-0.02226862497627735,0.48295485973358154,0.4398191571235657,-0.0246370118111372,0.49336960911750793,0.6026138663291931,-0.020653946325182915,0.5028661489486694,0.5265973210334778,-0.024130284786224365,0.5052374005317688,0.48843783140182495,-0.023507824167609215,0.5052815675735474,0.46142512559890747,-0.02419913187623024,0.5168343782424927,0.6194161176681519,-0.02489490807056427,0.5256549119949341,0.565610945224762,-0.027391908690333366,0.5285964608192444,0.5350086688995361,-0.024622390046715736,0.5302655696868896,0.5100202560424805,-0.022651290521025658,1
0.5562833547592163,0.25113222002983093,-0.5749513506889343,0.5717946290969849,0.21465779840946198,-0.5243636965751648,0.5835217237472534,0.2133905291557312,-0.5241479873657227,0.5959251523017883,0.21273288130760193,-0.5237046480178833,0.5420165657997131,0.220704585313797,-0.5131264925003052,0.5329070687294006,0.22331412136554718,-0.5136336088180542,0.523532509803772,0.22641749680042267,-0.5136054754257202,0.6165311336517334,0.23092541098594666,-0.20428529381752014,0.5185042023658752,0.2510533630847931,-0.14900121092796326,0.579124927520752,0.2925555109977722,-0.4488862156867981,0.5437883138656616,0.2969306409358978,-0.4335123598575592,0.7232534885406494,0.4470321834087372,-0.05285269767045975,0.4523774981498718,0.4687711000442505,0.039761852473020554,0.752099871635437,0.781478226184845,-0.2646865248680115,0.44003456830978394,0.7889267206192017,-0.36557167768478394,0.6495276689529419,0.8370050191879272,-0.7039673328399658,0.4697439670562744,0.5452662706375122,-1.0908221006393433,0.62959223985672,0.8643652200698853,-0.7841863036155701,0.4829132556915283,0.4894508123397827,-1.244644284248352,0.6271003484725952,0.8271497488021851,-0.8096156120300293,0.4754118025302887,0.45014843344688416,-1.2103410959243774,0.6254698038101196,0.8199657201766968,-0.7220436334609985,0.49172157049179077,0.45798638463020325,-1.0966941118240356,0.6950452923774719,0.9673529863357544,-0.03258369490504265,0.5160460472106934,0.9576995968818665,0.03768079727888107,0.7105636596679688,1.4662669897079468,-0.3377854526042938,0.5318902134895325,1.500524878501892,-0.2911388576030731,0.7359616160392761,1.9581588506698608,-0.08456707745790482,0.5721947550773621,1.9717249870300293,-0.11898889392614365,0.7488874793052673,2.02508282661438,-0.06305606663227081,0.5772005915641785,2.035837411880493,-0.11075280606746674,0.7041547298431396,2.091539144515991,-0.4097467064857483,0.5927123427391052,2.099745988845825,-0.457923024892807,0.0,0.0,0.0,0.0,0.0,0.0,0.0,0.0,0.0,0.0,0.0,0.0,0.0,0.0,0.0,0.0,0.0,0.0,0.0,0.0,0.0,0.0,0.0,0.0,0.0,0.0,0.0,0.0,0.0,0.0,0.0,0.0,0.0,0.0,0.0,0.0,0.0,0.0,0.0,0.0,0.0,0.0,0.0,0.0,0.0,0.0,0.0,0.0,0.0,0.0,0.0,0.0,0.0,0.0,0.0,0.0,0.0,0.0,0.0,0.0,0.0,0.0,0.0,0.5322654247283936,0.5135431289672852,9.545434664914865e-08,0.5087368488311768,0.4802280068397522,-0.002805893775075674,0.4924909174442291,0.4477858245372772,-0.007452359423041344,0.48305174708366394,0.41971567273139954,-0.012602834962308407,0.47326862812042236,0.40102556347846985,-0.017604075372219086,0.5214424729347229,0.411208838224411,-0.004771036561578512,0.5271239280700684,0.36507004499435425,-0.010658732615411282,0.5305749177932739,0.3397848606109619,-0.01536373607814312,0.5337945222854614,0.3194054365158081,-0.018305383622646332,0.5398694276809692,0.4142386019229889,-0.007912768051028252,0.544876217842102,0.3608379364013672,-0.011035658419132233,0.5478126406669617,0.3309796452522278,-0.013315140269696712,0.550665020942688,0.3084818124771118,-0.015431797131896019,0.5557553768157959,0.42256611585617065,-0.011671111918985844,0.5608053207397461,0.374081552028656,-0.014231881126761436,0.5635778307914734,0.3475264310836792,-0.014908380806446075,0.5649697780609131,0.3286678194999695,-0.015724588185548782,0.5704984068870544,0.4346548318862915,-0.01591956987977028,0.5760296583175659,0.398830771446228,-0.017351694405078888,0.5786013603210449,0.37770894169807434,-0.015766719356179237,0.5801365971565247,0.36008065938949585,-0.0144676947966218,1
0.3555235266685486,0.2502616047859192,-0.6461368799209595,0.3751322627067566,0.21341978013515472,-0.6020883917808533,0.38926321268081665,0.21244604885578156,-0.6023107171058655,0.4041653275489807,0.2118699550628662,-0.6019171476364136,0.3401983082294464,0.21783368289470673,-0.5807310938835144,0.3295362591743469,0.21972545981407166,-0.5808378458023071,0.3188210129737854,0.22166848182678223,-0.5802874565124512,0.43420305848121643,0.2291432023048401,-0.29597705602645874,0.3145139515399933,0.24296016991138458,-0.21343255043029785,0.3818599581718445,0.29323863983154297,-0.5315873026847839,0.3412238359451294,0.29821518063545227,-0.5086073875427246,0.5617165565490723,0.4544323980808258,-0.09794116020202637,0.2465354949235916,0.4605604112148285,-0.024763179942965508,0.6220780611038208,0.7806694507598877,-0.1426045298576355,0.15322250127792358,0.7598301768302917,-0.3827459514141083,0.574597954750061,1.0491966009140015,-0.5386903285980225,0.25362664461135864,0.4713984727859497,-1.0803074836730957,0.5790697336196899,1.152191162109375,-0.6044023633003235,0.2857252359390259,0.4135429561138153,-1.2257329225540161,0.5422062873840332,1.1371108293533325,-0.6577750444412231,0.2957373559474945,0.3912857174873352,-1.1845704317092896,0.5341516137123108,1.1033813953399658,-0.5648526549339294,0.290152370929718,0.40616104006767273,-1.080941915512085,0.5019063353538513,1.0165342092514038,-0.02304522506892681,0.2863432466983795,1.004163384437561,0.027594169601798058,0.5104361772537231,1.4878394603729248,-0.37329745292663574,0.31652936339378357,1.5149714946746826,-0.30527880787849426,0.5296633839607239,1.9489600658416748,-0.00872025452554226,0.34400492906570435,1.9780919551849365,-0.07328891009092331,0.5354245901107788,2.015615940093994,0.020400255918502808,0.3469396233558655,2.0384719371795654,-0.06159696727991104,0.5130053758621216,2.085007905960083,-0.35960182547569275,0.370083749294281,2.117244243621826,-0.4308958053588867,0.0,0.0,0.0,0.0,0.0,0.0,0.0,0.0,0.0,0.0,0.0,0.0,0.0,0.0,0.0,0.0,0.0,0.0,0.0,0.0,0.0,0.0,0.0,0.0,0.0,0.0,0.0,0.0,0.0,0.0,0.0,0.0,0.0,0.0,0.0,0.0,0.0,0.0,0.0,0.0,0.0,0.0,0.0,0.0,0.0,0.0,0.0,0.0,0.0,0.0,0.0,0.0,0.0,0.0,0.0,0.0,0.0,0.0,0.0,0.0,0.0,0.0,0.0,0.22478890419006348,0.4857560098171234,9.374714693421993e-08,0.22702741622924805,0.4397016167640686,0.003932571969926357,0.24336066842079163,0.40510886907577515,0.0027187520172446966,0.2578769624233246,0.38176798820495605,-0.0005433453479781747,0.265423446893692,0.36888420581817627,-0.004268633667379618,0.26011765003204346,0.3898029625415802,-0.00021889127674512565,0.289158433675766,0.35744521021842957,-0.006452673114836216,0.30741214752197266,0.34027767181396484,-0.011128290556371212,0.32130560278892517,0.32799506187438965,-0.013935786671936512,0.272318035364151,0.40313488245010376,-0.007891001179814339,0.30362194776535034,0.36600032448768616,-0.01207799557596445,0.32252681255340576,0.3460141122341156,-0.015453679487109184,0.3373647928237915,0.3307608664035797,-0.017994975671172142,0.28377339243888855,0.4213709831237793,-0.015503963455557823,0.31387975811958313,0.3848699629306793,-0.01827279105782509,0.3302830159664154,0.36415156722068787,-0.018820837140083313,0.3427157700061798,0.34843677282333374,-0.01957685500383377,0.2937867343425751,0.4425663948059082,-0.023190639913082123,0.3158264458179474,0.4130886197090149,-0.02347300387918949,0.32862764596939087,0.3960159122943878,-0.020800601691007614,0.33917683362960815,0.3828544616699219,-0.018981963396072388,1
0.4318912923336029,0.2760612368583679,-0.9117389917373657,0.44717127084732056,0.23076747357845306,-0.8518535494804382,0.4601517617702484,0.22859062254428864,-0.8515793681144714,0.47140294313430786,0.2262255847454071,-0.8508833050727844,0.4033817648887634,0.23793253302574158,-0.8367630839347839,0.3883310556411743,0.23981937766075134,-0.8371726274490356,0.3748036026954651,0.24190813302993774,-0.8368211984634399,0.4883672297000885,0.23929263651371002,-0.4686279296875,0.36050945520401,0.2625928521156311,-0.39707595109939575,0.4608665108680725,0.317929744720459,-0.7672549486160278,0.41129064559936523,0.33355963230133057,-0.7480889558792114,0.6059094667434692,0.47048380970954895,-0.2299792766571045,0.2902683615684509,0.4699057936668396,-0.17212383449077606,0.6868649125099182,0.800615668296814,-0.5094253420829773,0.1981649249792099,0.7678062915802002,-0.5848288536071777,0.4949879050254822,0.8707696199417114,-1.1016592979431152,0.33327585458755493,0.5759067535400391,-1.3339543342590332,0.4588050842285156,0.9043654799461365,-1.232277750968933,0.36910781264305115,0.5126781463623047,-1.499872088432312,0.4454968571662903,0.8772971630096436,-1.2197941541671753,0.3732852339744568,0.48196423053741455,-1.4480899572372437,0.4540134072303772,0.8606705069541931,-1.1094533205032349,0.3644355535507202,0.5071869492530823,-1.331834316253662,0.5198837518692017,1.0323939323425293,-0.01853206194937229,0.32616499066352844,1.008526086807251,0.024470042437314987,0.5205033421516418,1.4964760541915894,-0.32950693368911743,0.3159158527851105,1.4814517498016357,-0.22259250283241272,0.5105472207069397,1.9345855712890625,0.30898725986480713,0.31597059965133667,1.905230164527893,0.20658013224601746,0.5114855170249939,2.0001773834228516,0.36695724725723267,0.31332653760910034,1.9693430662155151,0.23650500178337097,0.4847371578216553,2.063629388809204,0.02746475860476494,0.33543258905410767,2.036405086517334,-0.15060964226722717,0.5134890675544739,0.8706939220428467,6.010586872662316e-08,0.4880572259426117,0.8525195121765137,-0.003708194475620985,0.4587554335594177,0.849139392375946,-0.00891322921961546,0.4351245164871216,0.8492505550384521,-0.013824746012687683,0.4158659279346466,0.8441300988197327,-0.01995628885924816,0.4497077763080597,0.8697789311408997,-0.01724548451602459,0.4186924695968628,0.8907876014709473,-0.026437172666192055,0.4044198989868164,0.9094874858856201,-0.031443431973457336,0.3947385549545288,0.9262955188751221,-0.03458552435040474,0.46135565638542175,0.8913052082061768,-0.020130349323153496,0.43225839734077454,0.9131903052330017,-0.02800803817808628,0.4200282096862793,0.9323315024375916,-0.03129936382174492,0.41294538974761963,0.9499300122261047,-0.033739615231752396,0.47727981209754944,0.9092375040054321,-0.02266547456383705,0.4550696611404419,0.9331356287002563,-0.02902352623641491,0.4456678330898285,0.9496971368789673,-0.028481939807534218,0.44008269906044006,0.962860107421875,-0.028138376772403717,0.4945194125175476,0.9223530888557434,-0.025208016857504845,0.47813278436660767,0.9424900412559509,-0.030139677226543427,0.4707673192024231,0.9536522030830383,-0.028422657400369644,0.46538108587265015,0.9632851481437683,-0.026649750769138336,0.31509459018707275,0.6113100647926331,1.6933979907207686e-07,0.2988847494125366,0.5609073042869568,-0.003928876016288996,0.29268768429756165,0.514623761177063,-0.011525284498929977,0.28597721457481384,0.4789731800556183,-0.018852408975362778,0.27146562933921814,0.45638570189476013,-0.02675222046673298,0.33652493357658386,0.4947512447834015,-0.01750067062675953,0.3625366985797882,0.44341087341308594,-0.02628318965435028,0.38054385781288147,0.4171402156352997,-0.03096771240234375,0.3950496315956116,0.397571325302124,-0.03319573029875755,0.35975420475006104,0.510277509689331,-0.020526941865682602,0.3864032030105591,0.45333144068717957,-0.026504185050725937,0.4031442701816559,0.4228578805923462,-0.028947798535227776,0.4167874753475189,0.4004969298839569,-0.030776266008615494,0.37780240178108215,0.5294328927993774,-0.023006264120340347,0.40227964520454407,0.47728434205055237,-0.0266430526971817,0.4153772294521332,0.44780638813972473,-0.027102865278720856,0.4250526428222656,0.4262302815914154,-0.027665993198752403,0.3913742005825043,0.5490333437919617,-0.02568412758409977,0.410441130399704,0.5065743923187256,-0.027480976656079292,0.42047131061553955,0.4818853437900543,-0.025149863213300705,0.42880332469940186,0.4615823030471802,-0.02309832163155079,1
0.48822498321533203,0.20075339078903198,-0.9711953997612,0.5237506628036499,0.16051198542118073,-0.9281910061836243,0.5380569100379944,0.1632869690656662,-0.927802562713623,0.5553871393203735,0.16634705662727356,-0.9267608523368835,0.4969263970851898,0.1566905528306961,-0.8912529945373535,0.49130886793136597,0.1561230719089508,-0.8917829394340515,0.48317471146583557,0.15611205995082855,-0.8915315866470337,0.6105045080184937,0.19604095816612244,-0.6098529100418091,0.487994909286499,0.18942925333976746,-0.44566473364830017,0.5087703466415405,0.25439807772636414,-0.8561192750930786,0.47469672560691833,0.2529880404472351,-0.812354564666748,0.7786900997161865,0.46802011132240295,-0.3788963854312897,0.36526408791542053,0.45023101568222046,-0.15821756422519684,0.8531454205513,0.877898633480072,-0.7630535364151001,0.1546304076910019,0.7889286279678345,-0.4942450523376465,0.6784605383872986,0.6369920969009399,-1.4142529964447021,0.2796649634838104,0.4760224521160126,-1.2529882192611694,0.617872953414917,0.57433021068573,-1.5476340055465698,0.31648027896881104,0.40783050656318665,-1.3862719535827637,0.6055301427841187,0.5262731909751892,-1.4776246547698975,0.3294587731361389,0.3734701871871948,-1.311855435371399,0.6098151206970215,0.5283253192901611,-1.401764154434204,0.3236207365989685,0.4009028673171997,-1.2437629699707031,0.6599510312080383,1.0689361095428467,-0.020803561434149742,0.3890511691570282,1.0272018909454346,0.026713505387306213,0.5979835987091064,1.570820689201355,-0.2935710549354553,0.3682851195335388,1.512954831123352,-0.27679651975631714,0.566702127456665,1.979452133178711,0.25703367590904236,0.33681201934814453,1.9299557209014893,0.11791306734085083,0.5677075386047363,2.05688738822937,0.30446377396583557,0.3259151577949524,1.9951030015945435,0.14843226969242096,0.5290001630783081,2.097687244415283,-0.0012764178682118654,0.35291117429733276,2.0812573432922363,-0.20822517573833466,0.7503253221511841,0.719761848449707,6.865972750347282e-07,0.7777382731437683,0.6525344252586365,-0.03672657907009125,0.7755101919174194,0.5859347581863403,-0.05830095335841179,0.7804700136184692,0.5272243022918701,-0.07200725376605988,0.8045340776443481,0.5034206509590149,-0.08363576978445053,0.664882242679596,0.5733031630516052,-0.04367033392190933,0.6141074895858765,0.5008652210235596,-0.050696779042482376,0.5836483836174011,0.4643157720565796,-0.05364597216248512,0.5587475299835205,0.44077935814857483,-0.054921526461839676,0.6353577971458435,0.6012681722640991,-0.027090737596154213,0.5890403985977173,0.5152196288108826,-0.028984857723116875,0.5623185634613037,0.4743233919143677,-0.026369787752628326,0.5413511991500854,0.4451864957809448,-0.023769523948431015,0.6182973980903625,0.6229148507118225,-0.011760509572923183,0.5791934728622437,0.5453352928161621,-0.007255977019667625,0.5561413168907166,0.5059081315994263,-0.00650933850556612,0.5373928546905518,0.47860661149024963,-0.006539474707096815,0.6119504570960999,0.6390424370765686,8.708334644325078e-05,0.5796088576316833,0.5861868262290955,0.008047773502767086,0.5605298280715942,0.557790219783783,0.012332096695899963,0.5448170304298401,0.5361858606338501,0.0153041398152709,0.0,0.0,0.0,0.0,0.0,0.0,0.0,0.0,0.0,0.0,0.0,0.0,0.0,0.0,0.0,0.0,0.0,0.0,0.0,0.0,0.0,0.0,0.0,0.0,0.0,0.0,0.0,0.0,0.0,0.0,0.0,0.0,0.0,0.0,0.0,0.0,0.0,0.0,0.0,0.0,0.0,0.0,0.0,0.0,0.0,0.0,0.0,0.0,0.0,0.0,0.0,0.0,0.0,0.0,0.0,0.0,0.0,0.0,0.0,0.0,0.0,0.0,0.0,1
0.49390992522239685,0.22468502819538116,-1.3720792531967163,0.5294545292854309,0.18521735072135925,-1.315882682800293,0.5478278994560242,0.1882283240556717,-1.3156418800354004,0.5669316649436951,0.19097398221492767,-1.3154296875,0.4936791956424713,0.18373320996761322,-1.3070976734161377,0.48300299048423767,0.18374289572238922,-1.3077356815338135,0.4700523316860199,0.18344558775424957,-1.307248830795288,0.6052973866462708,0.22269916534423828,-0.9086429476737976,0.45830145478248596,0.20389802753925323,-0.8779501914978027,0.522660493850708,0.2887236177921295,-1.2174057960510254,0.47373732924461365,0.276694118976593,-1.2100884914398193,0.7412528991699219,0.4972262382507324,-0.5423456430435181,0.33272844552993774,0.46602314710617065,-0.5575981736183167,0.8475906252861023,0.8941460251808167,-0.3946150839328766,0.18100666999816895,0.8001977205276489,-1.1062710285186768,0.8246320486068726,1.0865901708602905,-0.6381313800811768,0.34349024295806885,0.5395224690437317,-1.9554359912872314,0.837314784526825,1.1506755352020264,-0.6775528192520142,0.3883078396320343,0.4521971642971039,-2.1177706718444824,0.8169980049133301,1.126365303993225,-0.7513521909713745,0.4042094647884369,0.416888564825058,-2.0547890663146973,0.7984687089920044,1.1098328828811646,-0.6676374077796936,0.39392581582069397,0.44546493887901306,-1.9508670568466187,0.6391419172286987,1.1144461631774902,-0.015453840605914593,0.3876570463180542,1.0983504056930542,0.021674957126379013,0.6293537020683289,1.6540653705596924,-0.19530731439590454,0.3870278000831604,1.6602842807769775,-0.1079971045255661,0.661689281463623,2.0975892543792725,0.5204741954803467,0.4180707037448883,2.097332239151001,0.46693554520606995,0.6765579581260681,2.170191526412964,0.5861850380897522,0.4219180643558502,2.1582913398742676,0.510259211063385,0.6177749037742615,2.2437965869903564,0.2198566496372223,0.43790775537490845,2.2611396312713623,0.10161839425563812,0.0,0.0,0.0,0.0,0.0,0.0,0.0,0.0,0.0,0.0,0.0,0.0,0.0,0.0,0.0,0.0,0.0,0.0,0.0,0.0,0.0,0.0,0.0,0.0,0.0,0.0,0.0,0.0,0.0,0.0,0.0,0.0,0.0,0.0,0.0,0.0,0.0,0.0,0.0,0.0,0.0,0.0,0.0,0.0,0.0,0.0,0.0,0.0,0.0,0.0,0.0,0.0,0.0,0.0,0.0,0.0,0.0,0.0,0.0,0.0,0.0,0.0,0.0,0.32957226037979126,0.5560543537139893,2.5048908014468907e-07,0.30630725622177124,0.4951576888561249,-0.005817784462124109,0.3040170669555664,0.44188445806503296,-0.013311566784977913,0.30447059869766235,0.40075212717056274,-0.021049564704298973,0.28943270444869995,0.3783002197742462,-0.029888790100812912,0.3797995150089264,0.4219992458820343,-0.01232270896434784,0.4222840666770935,0.3795860707759857,-0.019984880462288857,0.4505622684955597,0.3563573956489563,-0.02610904909670353,0.4726010262966156,0.34026384353637695,-0.030088970437645912,0.4069400429725647,0.4443803131580353,-0.016921382397413254,0.4536714255809784,0.3928290009498596,-0.020816152915358543,0.4820883870124817,0.3641700744628906,-0.02387244999408722,0.5051966905593872,0.34468626976013184,-0.027292797341942787,0.4257018268108368,0.46882835030555725,-0.02221985161304474,0.46973034739494324,0.4204433858394623,-0.02587607502937317,0.49374115467071533,0.3913826048374176,-0.028929566964507103,0.5124722123146057,0.3696681559085846,-0.032094214111566544,0.4387143850326538,0.4937373995780945,-0.028289172798395157,0.47583943605422974,0.4564392864704132,-0.031065288931131363,0.4978751838207245,0.4349501132965088,-0.030832746997475624,0.5159508585929871,0.41602829098701477,-0.03105221688747406,1
0.4850904941558838,0.2585239112377167,-1.3497239351272583,0.5223506689071655,0.23464658856391907,-1.3036023378372192,0.5381641983985901,0.2399939000606537,-1.3040688037872314,0.5578827261924744,0.2459532618522644,-1.303931474685669,0.4775558114051819,0.22456221282482147,-1.2972031831741333,0.4668116569519043,0.21893419325351715,-1.2977993488311768,0.4500642418861389,0.2160591334104538,-1.2978569269180298,0.5850914716720581,0.2943924069404602,-0.93144291639328,0.4314541220664978,0.248595729470253,-0.9109869003295898,0.5159618258476257,0.32224908471107483,-1.2022931575775146,0.45321640372276306,0.3083004057407379,-1.1977289915084839,0.6591489911079407,0.5309959650039673,-0.6817657351493835,0.2725733518600464,0.5184306502342224,-0.613874077796936,0.780861496925354,0.8675823211669922,-0.8535864949226379,0.1306590884923935,0.8653151988983154,-1.1500277519226074,0.6958633661270142,0.6079619526863098,-1.1468082666397095,0.33978962898254395,0.5783881545066833,-1.803131341934204,0.6765257120132446,0.5529757142066956,-1.2336519956588745,0.3966328501701355,0.494657427072525,-1.8990014791488647,0.671019434928894,0.5032082796096802,-1.164458990097046,0.41310638189315796,0.43683984875679016,-1.8144094944000244,0.6619153618812561,0.5361350178718567,-1.127518892288208,0.39660167694091797,0.4665296971797943,-1.776985764503479,0.5834900140762329,1.1310887336730957,-0.051602624356746674,0.3418007493019104,1.1253451108932495,0.05684533715248108,0.5755789875984192,1.6172252893447876,-0.26437634229660034,0.3348507583141327,1.6560287475585938,-0.09724938869476318,0.5709962844848633,2.023951530456543,0.34240323305130005,0.3389485478401184,2.1145856380462646,0.3850988447666168,0.57291179895401,2.084763288497925,0.4043791890144348,0.3360416293144226,2.182048797607422,0.43196702003479004,0.5253625512123108,2.177208423614502,0.10375497490167618,0.34931305050849915,2.27831768989563,0.08143649995326996,0.0,0.0,0.0,0.0,0.0,0.0,0.0,0.0,0.0,0.0,0.0,0.0,0.0,0.0,0.0,0.0,0.0,0.0,0.0,0.0,0.0,0.0,0.0,0.0,0.0,0.0,0.0,0.0,0.0,0.0,0.0,0.0,0.0,0.0,0.0,0.0,0.0,0.0,0.0,0.0,0.0,0.0,0.0,0.0,0.0,0.0,0.0,0.0,0.0,0.0,0.0,0.0,0.0,0.0,0.0,0.0,0.0,0.0,0.0,0.0,0.0,0.0,0.0,0.28951889276504517,0.5856696963310242,1.1583217229826914e-07,0.2732383608818054,0.5343617796897888,-0.004574193153530359,0.27905383706092834,0.4886890947818756,-0.010775167495012283,0.29312339425086975,0.4582262933254242,-0.017133712768554688,0.30059242248535156,0.4377313554286957,-0.02383974939584732,0.34167322516441345,0.4657721221446991,-0.013566790148615837,0.3884807825088501,0.42886224389076233,-0.022720566019415855,0.4159185588359833,0.4148344397544861,-0.028621060773730278,0.43765148520469666,0.40590161085128784,-0.031761035323143005,0.36630406975746155,0.48940473794937134,-0.018445556983351707,0.4155755639076233,0.4421992897987366,-0.02443784847855568,0.4442523717880249,0.41804975271224976,-0.027985215187072754,0.46683168411254883,0.4017409086227417,-0.030703693628311157,0.38509881496429443,0.5148623585700989,-0.023768659681081772,0.4295463562011719,0.46660152077674866,-0.02965945564210415,0.45399871468544006,0.43834617733955383,-0.03240036964416504,0.47232478857040405,0.41774317622184753,-0.03394448757171631,0.39965102076530457,0.5422253012657166,-0.029497839510440826,0.43615609407424927,0.50286865234375,-0.03410704806447029,0.45712217688560486,0.4797847867012024,-0.033566925674676895,0.47315147519111633,0.4609169363975525,-0.03229142352938652,1
0.48518556356430054,0.5358759164810181,-1.8850427865982056,0.5138712525367737,0.47810742259025574,-1.8353211879730225,0.5312767624855042,0.47785040736198425,-1.8361003398895264,0.5455447435379028,0.47773477435112,-1.8363640308380127,0.4591612219810486,0.478536456823349,-1.8324337005615234,0.43975988030433655,0.4789995849132538,-1.8330436944961548,0.4256238341331482,0.48006707429885864,-1.8330758810043335,0.5717129111289978,0.4994364082813263,-1.4053232669830322,0.4091743528842926,0.502021074295044,-1.3943746089935303,0.5175727605819702,0.6020601987838745,-1.7093439102172852,0.4534103274345398,0.5982419848442078,-1.7078641653060913,0.7071958780288696,0.8169333338737488,-1.0161186456680298,0.2687222957611084,0.8030979037284851,-1.064861536026001,0.7793684601783752,1.2265362739562988,-1.0635206699371338,0.1659441590309143,1.2281467914581299,-1.7064621448516846,0.6966878771781921,1.303780436515808,-1.2960617542266846,0.37369149923324585,0.8987954258918762,-2.379425048828125,0.6805161833763123,1.345015287399292,-1.3744269609451294,0.42252883315086365,0.7839131951332092,-2.5152554512023926,0.668239951133728,1.3183790445327759,-1.3833590745925903,0.42917799949645996,0.7321140170097351,-2.4374747276306152,0.6594322919845581,1.3115369081497192,-1.3068902492523193,0.4215400815010071,0.7631725668907166,-2.3623626232147217,0.636924147605896,1.460601568222046,-0.0014925111318007112,0.36802223324775696,1.4689708948135376,0.008101660758256912,0.6500034332275391,1.9641878604888916,-0.10700792074203491,0.4040425419807434,1.9909905195236206,-0.011826392263174057,0.6575136780738831,2.44099760055542,0.8644312620162964,0.4174916744232178,2.440448760986328,0.7633880376815796,0.6622981429100037,2.5077803134918213,0.9595664739608765,0.4154680669307709,2.4962801933288574,0.8341881632804871,0.6217073798179626,2.6311850547790527,0.5937005877494812,0.45030394196510315,2.6359236240386963,0.40066471695899963,0.0,0.0,0.0,0.0,0.0,0.0,0.0,0.0,0.0,0.0,0.0,0.0,0.0,0.0,0.0,0.0,0.0,0.0,0.0,0.0,0.0,0.0,0.0,0.0,0.0,0.0,0.0,0.0,0.0,0.0,0.0,0.0,0.0,0.0,0.0,0.0,0.0,0.0,0.0,0.0,0.0,0.0,0.0,0.0,0.0,0.0,0.0,0.0,0.0,0.0,0.0,0.0,0.0,0.0,0.0,0.0,0.0,0.0,0.0,0.0,0.0,0.0,0.0,0.3506985604763031,0.935841977596283,-3.4233809120820524e-09,0.33376309275627136,0.8748205304145813,0.005047787446528673,0.3308147192001343,0.8088959455490112,0.0038081081584095955,0.3217356204986572,0.76385498046875,0.00043712445767596364,0.3089733421802521,0.7361868619918823,-0.004047823138535023,0.39308151602745056,0.7756878733634949,-0.0007530678412877023,0.4281088709831238,0.7187817096710205,-0.004223734140396118,0.4484919309616089,0.6975824236869812,-0.007190964184701443,0.46462690830230713,0.679659903049469,-0.009924205020070076,0.4180040955543518,0.7917476892471313,-0.009533703327178955,0.45565730333328247,0.728355348110199,-0.008669792674481869,0.4756450355052948,0.6986488699913025,-0.00894959270954132,0.49140578508377075,0.677042543888092,-0.011933322995901108,0.4381713569164276,0.8177978992462158,-0.018461814150214195,0.4730381965637207,0.7594218254089355,-0.019039073958992958,0.4910055100917816,0.7285431623458862,-0.02046443521976471,0.5044727325439453,0.7023398876190186,-0.024292143061757088,0.4545251131057739,0.8504847288131714,-0.027164962142705917,0.4859887957572937,0.8129419088363647,-0.027485467493534088,0.5038102865219116,0.7902888059616089,-0.025849731639027596,0.518113374710083,0.7706379294395447,-0.02640632353723049,1
0.5024858713150024,0.3066506087779999,-1.7765445709228516,0.525898814201355,0.2501891255378723,-1.719053864479065,0.5419081449508667,0.2531111538410187,-1.718794822692871,0.5564717650413513,0.25630590319633484,-1.71822988986969,0.47429442405700684,0.24773834645748138,-1.7295564413070679,0.4553157687187195,0.24875907599925995,-1.730309247970581,0.43798762559890747,0.25048357248306274,-1.730201005935669,0.5788607597351074,0.29044613242149353,-1.247922420501709,0.41615453362464905,0.27867332100868225,-1.2875287532806396,0.5310283899307251,0.35865306854248047,-1.5871193408966064,0.4682539999485016,0.3600861430168152,-1.6012083292007446,0.6955587267875671,0.5632649660110474,-0.906446099281311,0.26477840542793274,0.5625521540641785,-0.883604884147644,0.8310915231704712,0.9263356924057007,-1.4078314304351807,0.14784002304077148,0.9773908257484436,-1.0191209316253662,0.6356011629104614,0.6276608109474182,-2.32393217086792,0.13885751366615295,1.181833028793335,-1.5822842121124268,0.6057928800582886,0.5306967496871948,-2.5590662956237793,0.12138120830059052,1.2591755390167236,-1.72087824344635,0.5935157537460327,0.48811352252960205,-2.480103015899658,0.1540599763393402,1.241376280784607,-1.803269624710083,0.600279688835144,0.5190266966819763,-2.3267664909362793,0.16884681582450867,1.2192034721374512,-1.6341989040374756,0.5768463015556335,1.253021240234375,0.03773750364780426,0.3231198191642761,1.2421990633010864,-0.029882680624723434,0.5868355631828308,1.8587027788162231,0.005669972859323025,0.32977306842803955,1.8059005737304688,-0.43028122186660767,0.570693850517273,2.3065288066864014,1.0139508247375488,0.32865768671035767,2.3246264457702637,0.31562697887420654,0.5708311796188354,2.3747518062591553,1.1072461605072021,0.31892043352127075,2.401649236679077,0.37804993987083435,0.5507556796073914,2.4770596027374268,0.7002280354499817,0.3707509934902191,2.5005197525024414,-0.10504206269979477,0.619714081287384,0.6172682046890259,2.490832855528424e-07,0.6420687437057495,0.5637879967689514,-0.007150051183998585,0.6467981934547424,0.5162273049354553,-0.01438218168914318,0.646480143070221,0.4756968915462494,-0.021703233942389488,0.6611390113830566,0.45058631896972656,-0.029177218675613403,0.5838059782981873,0.4812221825122833,-0.008072689175605774,0.5503824353218079,0.43548136949539185,-0.01458197645843029,0.5304875373840332,0.4107232689857483,-0.02091134898364544,0.5133410096168518,0.3899397850036621,-0.025877751410007477,0.5578799843788147,0.49834394454956055,-0.01080705039203167,0.5252697467803955,0.44610556960105896,-0.015050407499074936,0.5050979852676392,0.4156458079814911,-0.019809840247035027,0.48890572786331177,0.3903382420539856,-0.024242859333753586,0.5374099016189575,0.520607054233551,-0.014049705117940903,0.5089906454086304,0.4688704013824463,-0.016867173835635185,0.49186408519744873,0.43903517723083496,-0.02006651647388935,0.47813770174980164,0.41436296701431274,-0.023235635831952095,0.5215290784835815,0.5452976822853088,-0.018169540911912918,0.4984756112098694,0.5021947026252747,-0.019809074699878693,0.48622217774391174,0.47668707370758057,-0.019084615632891655,0.47708308696746826,0.4535297155380249,-0.018731603398919106,0.0,0.0,0.0,0.0,0.0,0.0,0.0,0.0,0.0,0.0,0.0,0.0,0.0,0.0,0.0,0.0,0.0,0.0,0.0,0.0,0.0,0.0,0.0,0.0,0.0,0.0,0.0,0.0,0.0,0.0,0.0,0.0,0.0,0.0,0.0,0.0,0.0,0.0,0.0,0.0,0.0,0.0,0.0,0.0,0.0,0.0,0.0,0.0,0.0,0.0,0.0,0.0,0.0,0.0,0.0,0.0,0.0,0.0,0.0,0.0,0.0,0.0,0.0,1
0.4489663541316986,0.29350316524505615,-2.5558724403381348,0.4686872363090515,0.22636288404464722,-2.49015736579895,0.4917500615119934,0.22389568388462067,-2.4907662868499756,0.5112329721450806,0.22170217335224152,-2.4904706478118896,0.40428823232650757,0.23809733986854553,-2.4724314212799072,0.38589343428611755,0.24418523907661438,-2.473196268081665,0.36790117621421814,0.2510063350200653,-2.4730911254882812,0.546532154083252,0.24408560991287231,-1.945701241493225,0.3361385762691498,0.28645241260528564,-1.8653593063354492,0.4937533438205719,0.3615621030330658,-2.341350555419922,0.42028290033340454,0.36777687072753906,-2.3201611042022705,0.7326849699020386,0.55955570936203,-1.423755407333374,0.21489596366882324,0.5674775838851929,-1.3744537830352783,0.8436704874038696,1.0243980884552002,-1.5682878494262695,0.009977737441658974,0.9026870727539062,-2.1728246212005615,0.8005639314651489,1.250564455986023,-2.024210214614868,0.3341819643974304,0.5964811444282532,-3.1039693355560303,0.8148663640022278,1.3301714658737183,-2.143319606781006,0.394001305103302,0.49510306119918823,-3.30926775932312,0.7750115990638733,1.3200396299362183,-2.175400495529175,0.40910571813583374,0.4643678665161133,-3.203864574432373,0.7546449899673462,1.3022581338882446,-2.0447001457214355,0.40188780426979065,0.4884704053401947,-3.08803391456604,0.5869995355606079,1.2695319652557373,-0.04903681203722954,0.31046628952026367,1.2639364004135132,0.05620532110333443,0.588001549243927,1.7525150775909424,-0.9356520771980286,0.32296597957611084,1.810516595840454,-0.7465471029281616,0.601538360118866,2.305201768875122,0.14422576129436493,0.3201296627521515,2.4038949012756348,0.11576013267040253,0.614463746547699,2.3920793533325195,0.23700542747974396,0.31952887773513794,2.496720552444458,0.17815761268138885,0.5483346581459045,2.4715559482574463,-0.33832478523254395,0.334894597530365,2.587804079055786,-0.4860900342464447,0.0,0.0,0.0,0.0,0.0,0.0,0.0,0.0,0.0,0.0,0.0,0.0,0.0,0.0,0.0,0.0,0.0,0.0,0.0,0.0,0.0,0.0,0.0,0.0,0.0,0.0,0.0,0.0,0.0,0.0,0.0,0.0,0.0,0.0,0.0,0.0,0.0,0.0,0.0,0.0,0.0,0.0,0.0,0.0,0.0,0.0,0.0,0.0,0.0,0.0,0.0,0.0,0.0,0.0,0.0,0.0,0.0,0.0,0.0,0.0,0.0,0.0,0.0,0.3393981456756592,0.6347069144248962,-1.245018097506545e-07,0.3253937363624573,0.5641404986381531,-0.0018660897621884942,0.3349241614341736,0.505746603012085,-0.0037510672118514776,0.3499004542827606,0.46456342935562134,-0.006312849000096321,0.3672766089439392,0.43656694889068604,-0.00834782887250185,0.39276328682899475,0.47887754440307617,0.0021818894892930984,0.42829805612564087,0.4201241433620453,-0.001939010457135737,0.44273412227630615,0.3976926803588867,-0.00491821113973856,0.4547106921672821,0.38011792302131653,-0.007149440702050924,0.4211956262588501,0.49762845039367676,-0.0022334372624754906,0.4555547833442688,0.4279283881187439,-0.005057638045400381,0.46986305713653564,0.39936649799346924,-0.007076264824718237,0.48046475648880005,0.3779054284095764,-0.00870327278971672,0.44233238697052,0.5191941857337952,-0.007787666283547878,0.47081610560417175,0.4493219554424286,-0.011835972778499126,0.48145657777786255,0.4152640104293823,-0.010950814932584763,0.4897066354751587,0.3872067332267761,-0.010329309850931168,0.4567130208015442,0.5416482090950012,-0.01376941055059433,0.4759098291397095,0.4833913743495941,-0.01632615178823471,0.4835061728954315,0.45288315415382385,-0.012606228701770306,0.4901579022407532,0.4264400005340576,-0.009182944893836975,1
0.4751238226890564,0.29213055968284607,-1.6301987171173096,0.4897138476371765,0.22656729817390442,-1.5490081310272217,0.5111469030380249,0.21965602040290833,-1.5487258434295654,0.5292996168136597,0.21193742752075195,-1.5484671592712402,0.42641767859458923,0.2549324333667755,-1.5548980236053467,0.41038450598716736,0.2652817368507385,-1.5555205345153809,0.3974885642528534,0.27365392446517944,-1.5550888776779175,0.5620992183685303,0.22910107672214508,-1.022309422492981,0.3876038193702698,0.3048047423362732,-1.0478730201721191,0.5285121202468872,0.3336910307407379,-1.430841088294983,0.46413516998291016,0.3659222722053528,-1.439131498336792,0.7754946947097778,0.5357352495193481,-0.49760565161705017,0.3438219130039215,0.5654407739639282,-0.7160561680793762,0.8678344488143921,0.9535201191902161,-0.3572675883769989,0.13773228228092194,0.8686645030975342,-1.1987216472625732,0.8928723335266113,1.3534202575683594,-0.8102622032165527,0.356278657913208,0.5694454908370972,-1.8793073892593384,0.9174873232841492,1.4568017721176147,-0.861298680305481,0.42586788535118103,0.47669845819473267,-2.052281141281128,0.8886283040046692,1.451911211013794,-0.9831825494766235,0.4459656774997711,0.4365744888782501,-1.9663814306259155,0.8670862317085266,1.4224945306777954,-0.8675918579101562,0.4322584569454193,0.47573786973953247,-1.8667446374893188,0.6983711123466492,1.3006224632263184,0.054124098271131516,0.41566261649131775,1.3066383600234985,-0.04464363306760788,0.6989874839782715,1.9377633333206177,-0.2953682541847229,0.4395543932914734,1.933825969696045,-0.3139920234680176,0.7188007235527039,2.4950859546661377,0.6580442190170288,0.4539909362792969,2.5025527477264404,0.36328139901161194,0.7257615327835083,2.5832579135894775,0.7458311915397644,0.4525063931941986,2.5857908725738525,0.4099637567996979,0.6978849768638611,2.655256509780884,0.32005399465560913,0.4961589276790619,2.6793487071990967,-0.11922898143529892,0.0,0.0,0.0,0.0,0.0,0.0,0.0,0.0,0.0,0.0,0.0,0.0,0.0,0.0,0.0,0.0,0.0,0.0,0.0,0.0,0.0,0.0,0.0,0.0,0.0,0.0,0.0,0.0,0.0,0.0,0.0,0.0,0.0,0.0,0.0,0.0,0.0,0.0,0.0,0.0,0.0,0.0,0.0,0.0,0.0,0.0,0.0,0.0,0.0,0.0,0.0,0.0,0.0,0.0,0.0,0.0,0.0,0.0,0.0,0.0,0.0,0.0,0.0,0.3328038454055786,0.5883188843727112,1.1234974728324687e-08,0.3126603960990906,0.5287479758262634,-0.012220611795783043,0.3098943829536438,0.48140349984169006,-0.026686685159802437,0.3007504642009735,0.44140997529029846,-0.042113080620765686,0.2845848500728607,0.41128671169281006,-0.05921265110373497,0.4038141965866089,0.45505648851394653,-0.016478771343827248,0.4580099284648895,0.41888368129730225,-0.02829376794397831,0.48219484090805054,0.40682071447372437,-0.0372987799346447,0.5030454397201538,0.3988017439842224,-0.04332759231328964,0.4326610267162323,0.4800880551338196,-0.019869083538651466,0.4922567307949066,0.43483293056488037,-0.024374203756451607,0.5199953317642212,0.41443532705307007,-0.02849626913666725,0.5439272522926331,0.40257614850997925,-0.033609967678785324,0.450761079788208,0.5091304183006287,-0.025062602013349533,0.5021421313285828,0.4689039885997772,-0.029429595917463303,0.5274459719657898,0.446386456489563,-0.033332452178001404,0.5471888184547424,0.4291605055332184,-0.037550557404756546,0.4618246853351593,0.539821207523346,-0.031786296516656876,0.49820929765701294,0.5057803988456726,-0.03272825479507446,0.5187658667564392,0.4863569438457489,-0.029496317729353905,0.5341823697090149,0.46892791986465454,-0.02811112254858017,1
0.5126495957374573,0.2925335764884949,0.07339390367269516,0.5303083658218384,0.2508024275302887,0.1411505490541458,0.5418766140937805,0.2499460130929947,0.14119309186935425,0.5534960031509399,0.2501985728740692,0.14129644632339478,0.4930818974971771,0.2559524178504944,0.14895884692668915,0.48115676641464233,0.26173946261405945,0.14855295419692993,0.46954935789108276,0.26462867856025696,0.14860491454601288,0.5666875243186951,0.27229559421539307,0.42578449845314026,0.4578646719455719,0.2848701477050781,0.46508437395095825,0.5375192761421204,0.33404740691185,0.1773718297481537,0.49231475591659546,0.34505265951156616,0.18786373734474182,0.6589822173118591,0.5133797526359558,0.39823633432388306,0.3653036653995514,0.5055367350578308,0.4376525282859802,0.6642241477966309,0.8067432641983032,0.02320532314479351,0.38855788111686707,0.7908328175544739,-0.026072705164551735,0.6558814644813538,0.7408934831619263,-0.34662407636642456,0.5152159333229065,0.5057132840156555,-0.5121433734893799,0.6787055134773254,0.7415105700492859,-0.4153476357460022,0.5316632986068726,0.4459380805492401,-0.6130210161209106,0.6759318113327026,0.7123331427574158,-0.412820428609848,0.5259101390838623,0.3964232802391052,-0.5594438910484314,0.6586509943008423,0.7238363027572632,-0.3557797968387604,0.5266100764274597,0.43898439407348633,-0.5021522045135498,0.6258188486099243,0.9130056500434875,-0.04901133105158806,0.42183971405029297,0.958282470703125,0.05230916291475296,0.5873929262161255,1.2457010746002197,-0.8872398138046265,0.39004606008529663,1.2032209634780884,-0.7053673267364502,0.5444891452789307,1.821476697921753,-0.785338282585144,0.4080387055873871,1.8171833753585815,-0.8732541799545288,0.5514407753944397,1.874916911125183,-0.7617040276527405,0.42473044991493225,1.894342064857483,-0.8884814381599426,0.4762788712978363,2.043087959289551,-0.9829530715942383,0.3908563554286957,2.0128655433654785,-1.1863176822662354,0.0,0.0,0.0,0.0,0.0,0.0,0.0,0.0,0.0,0.0,0.0,0.0,0.0,0.0,0.0,0.0,0.0,0.0,0.0,0.0,0.0,0.0,0.0,0.0,0.0,0.0,0.0,0.0,0.0,0.0,0.0,0.0,0.0,0.0,0.0,0.0,0.0,0.0,0.0,0.0,0.0,0.0,0.0,0.0,0.0,0.0,0.0,0.0,0.0,0.0,0.0,0.0,0.0,0.0,0.0,0.0,0.0,0.0,0.0,0.0,0.0,0.0,0.0,0.513763427734375,0.534521222114563,-1.1454434201141339e-07,0.4918487071990967,0.506514310836792,0.002509686630219221,0.47803419828414917,0.4734271466732025,-0.00217790761962533,0.469148188829422,0.4461630582809448,-0.008462127298116684,0.4575771391391754,0.4307710826396942,-0.014887195080518723,0.4894980490207672,0.44869959354400635,-0.006784319411963224,0.4974132478237152,0.39339104294776917,-0.012812850996851921,0.5024923086166382,0.38120827078819275,-0.015431653708219528,0.5063928365707397,0.3744678795337677,-0.016334794461727142,0.5069288015365601,0.4522402286529541,-0.012552237138152122,0.5152623057365417,0.3924245834350586,-0.016107961535453796,0.5187361240386963,0.3787787854671478,-0.01640605553984642,0.5203492641448975,0.3735271692276001,-0.017174048349261284,0.5252659320831299,0.45685702562332153,-0.018040426075458527,0.5320162773132324,0.39851295948028564,-0.02050258405506611,0.531889796257019,0.3835848867893219,-0.01791056990623474,0.5301176905632019,0.37623170018196106,-0.016665194183588028,0.5448184609413147,0.46266987919807434,-0.023265432566404343,0.5484512448310852,0.41678541898727417,-0.022704878821969032,0.5482950806617737,0.40090411901474,-0.017772454768419266,0.5468002557754517,0.39045318961143494,-0.01456929836422205,1
0.6009624600410461,0.3436245918273926,-0.9603996276855469,0.6126667857170105,0.2885690927505493,-0.8988625407218933,0.6225670576095581,0.2887071967124939,-0.8991592526435852,0.6323195099830627,0.2889295220375061,-0.8992605209350586,0.5744643807411194,0.2826310098171234,-0.9241480827331543,0.5536321997642517,0.27877897024154663,-0.9247773289680481,0.5330607295036316,0.27427905797958374,-0.9246683120727539,0.6318498253822327,0.30350205302238464,-0.47998857498168945,0.4754915237426758,0.28744539618492126,-0.6048142910003662,0.609009861946106,0.3925118148326874,-0.7919726967811584,0.5623267889022827,0.40156424045562744,-0.8291416168212891,0.7052552103996277,0.5224552750587463,-0.24386298656463623,0.2936238646507263,0.5440260767936707,-0.37405022978782654,0.8102380633354187,0.8455653786659241,-0.2373572289943695,0.2610148787498474,0.9381633400917053,-0.8299487829208374,0.6078087091445923,0.7850269079208374,-0.39023393392562866,0.5390338897705078,0.6331874132156372,-1.1465513706207275,0.5690948963165283,0.7823147177696228,-0.456220805644989,0.585734486579895,0.5639570355415344,-1.2457895278930664,0.5559828877449036,0.7460092306137085,-0.4365914463996887,0.5825148820877075,0.5208725333213806,-1.1464283466339111,0.557475209236145,0.7594728469848633,-0.38996821641921997,0.5733684301376343,0.5339181423187256,-1.1122689247131348,0.6538053750991821,1.1858925819396973,-0.00950719602406025,0.4161757528781891,1.2112613916397095,0.015638919547200203,0.6804986000061035,1.6722006797790527,-0.10213033854961395,0.4534931778907776,1.6964805126190186,-0.016159532591700554,0.7143324613571167,2.1780853271484375,0.5974226593971252,0.5079180002212524,2.2101848125457764,0.4822513461112976,0.7242391109466553,2.241137742996216,0.6710349917411804,0.520607054233551,2.279045343399048,0.5250274538993835,0.6805533766746521,2.3716189861297607,0.375728577375412,0.5165874361991882,2.3896334171295166,0.14341433346271515,0.0,0.0,0.0,0.0,0.0,0.0,0.0,0.0,0.0,0.0,0.0,0.0,0.0,0.0,0.0,0.0,0.0,0.0,0.0,0.0,0.0,0.0,0.0,0.0,0.0,0.0,0.0,0.0,0.0,0.0,0.0,0.0,0.0,0.0,0.0,0.0,0.0,0.0,0.0,0.0,0.0,0.0,0.0,0.0,0.0,0.0,0.0,0.0,0.0,0.0,0.0,0.0,0.0,0.0,0.0,0.0,0.0,0.0,0.0,0.0,0.0,0.0,0.0,0.5571323037147522,0.6592750549316406,1.917539407259028e-07,0.5127131342887878,0.6253324747085571,-0.03022487461566925,0.48278412222862244,0.581068217754364,-0.05231785774230957,0.47276175022125244,0.5417648553848267,-0.06927020847797394,0.47717347741127014,0.5072519183158875,-0.0854949876666069,0.5575909614562988,0.5532505512237549,-0.052894532680511475,0.5870966911315918,0.5019601583480835,-0.07148366421461105,0.6077998280525208,0.4737522006034851,-0.08202129602432251,0.627229630947113,0.4507353901863098,-0.08853290230035782,0.5946569442749023,0.5652844905853271,-0.04746738821268082,0.6246187686920166,0.5058684349060059,-0.062422364950180054,0.6426003575325012,0.4683949947357178,-0.0700339674949646,0.6590534448623657,0.43812206387519836,-0.07611395418643951,0.6221832633018494,0.5770827531814575,-0.04306197538971901,0.6480036377906799,0.5209993124008179,-0.056095849722623825,0.6630836129188538,0.4834445118904114,-0.06178119033575058,0.6770234704017639,0.4524560570716858,-0.0656268298625946,0.6420313119888306,0.5882973670959473,-0.040717363357543945,0.6655133366584778,0.5423732399940491,-0.05250469222664833,0.6796765327453613,0.5135442614555359,-0.05631028115749359,0.6924601793289185,0.4866656959056854,-0.057985302060842514,1
0.4465622901916504,0.2447534203529358,-1.7661380767822266,0.473022997379303,0.18708579242229462,-1.723596215248108,0.49162301421165466,0.18712595105171204,-1.7239305973052979,0.5095890760421753,0.18759337067604065,-1.7235174179077148,0.4258163869380951,0.18880324065685272,-1.7096099853515625,0.4117492735385895,0.18944336473941803,-1.7101490497589111,0.39726585149765015,0.19043008983135223,-1.7100212574005127,0.5343040227890015,0.2171209305524826,-1.307037591934204,0.37232595682144165,0.21863117814064026,-1.2447010278701782,0.4755830764770508,0.30169546604156494,-1.596126914024353,0.42338746786117554,0.29853296279907227,-1.5804156064987183,0.6876996159553528,0.49558025598526,-0.9243226051330566,0.24813637137413025,0.470957487821579,-0.8607786893844604,0.7324675917625427,0.920418381690979,-1.0566225051879883,0.2173946350812912,0.9082003831863403,-1.3507263660430908,0.6000783443450928,1.12665855884552,-1.4730820655822754,0.3821582794189453,0.48866334557533264,-2.0004754066467285,0.5731191635131836,1.1871861219406128,-1.5652735233306885,0.4078083038330078,0.3947657644748688,-2.1438443660736084,0.5436277985572815,1.149396538734436,-1.565993309020996,0.3989919126033783,0.34811148047447205,-2.0664772987365723,0.5377908945083618,1.1318604946136475,-1.4813624620437622,0.3934205174446106,0.3807140588760376,-1.9833513498306274,0.58195960521698,1.1170483827590942,-0.034678418189287186,0.3251625597476959,1.1021431684494019,0.042222198098897934,0.5717297792434692,1.6819409132003784,-0.2729796767234802,0.33323317766189575,1.6713461875915527,-0.14841939508914948,0.5798478722572327,2.171795129776001,0.41528111696243286,0.35281065106391907,2.160837411880493,0.38038474321365356,0.5948289632797241,2.2358756065368652,0.48158398270606995,0.35728171467781067,2.2223379611968994,0.4236275255680084,0.5162317752838135,2.3587653636932373,0.09103983640670776,0.3634129762649536,2.335394859313965,0.03982367366552353,0.0,0.0,0.0,0.0,0.0,0.0,0.0,0.0,0.0,0.0,0.0,0.0,0.0,0.0,0.0,0.0,0.0,0.0,0.0,0.0,0.0,0.0,0.0,0.0,0.0,0.0,0.0,0.0,0.0,0.0,0.0,0.0,0.0,0.0,0.0,0.0,0.0,0.0,0.0,0.0,0.0,0.0,0.0,0.0,0.0,0.0,0.0,0.0,0.0,0.0,0.0,0.0,0.0,0.0,0.0,0.0,0.0,0.0,0.0,0.0,0.0,0.0,0.0,0.3563990890979767,0.5518616437911987,-1.0471870126593785e-07,0.3306453227996826,0.49155694246292114,-0.005283805541694164,0.32449376583099365,0.4355337619781494,-0.011019736528396606,0.33985191583633423,0.3924899101257324,-0.01716822199523449,0.3564072847366333,0.36381444334983826,-0.022791985422372818,0.3755532503128052,0.40862584114074707,-0.008070624433457851,0.39669856429100037,0.3476862907409668,-0.01522856205701828,0.40713727474212646,0.32683539390563965,-0.020514653995633125,0.418012410402298,0.3106141686439514,-0.0242981668561697,0.4047282636165619,0.42162445187568665,-0.011844937689602375,0.4278606176376343,0.3488816022872925,-0.0165320485830307,0.43913188576698303,0.31631630659103394,-0.02031232789158821,0.44877076148986816,0.295194536447525,-0.024119960144162178,0.42786267399787903,0.4422244131565094,-0.016365662217140198,0.4478605091571808,0.37592846155166626,-0.021583445370197296,0.45686548948287964,0.3414094150066376,-0.023724796250462532,0.4627038836479187,0.3178651034832001,-0.02603825181722641,0.44755399227142334,0.4687367379665375,-0.021500252187252045,0.4654429852962494,0.4232214093208313,-0.02486370876431465,0.4727373719215393,0.39499297738075256,-0.023457424715161324,0.47699224948883057,0.3736056089401245,-0.02246132865548134,1
0.5133055448532104,0.3258485794067383,-1.327446699142456,0.5355852842330933,0.26258140802383423,-1.2653608322143555,0.5509334206581116,0.26318618655204773,-1.2652148008346558,0.5660468339920044,0.26485785841941833,-1.2649074792861938,0.4791840612888336,0.26582247018814087,-1.254323124885559,0.45555514097213745,0.2689317464828491,-1.2548071146011353,0.4331884980201721,0.2735595405101776,-1.254647970199585,0.5902456045150757,0.3005751669406891,-0.8304668664932251,0.40338701009750366,0.314852774143219,-0.7776476144790649,0.5395127534866333,0.39685001969337463,-1.1588013172149658,0.4717915654182434,0.4053700268268585,-1.145235300064087,0.7448567748069763,0.6398531794548035,-0.6180285811424255,0.2766849100589752,0.6892243027687073,-0.40150484442710876,0.8263586163520813,1.0295374393463135,-1.0457088947296143,0.2284352034330368,1.1636693477630615,-0.404357373714447,0.5804937481880188,0.7723169326782227,-1.8417794704437256,0.18493160605430603,1.4440224170684814,-0.9490372538566589,0.5573471784591675,0.6519492268562317,-2.068390369415283,0.1459977626800537,1.5500439405441284,-1.0645602941513062,0.5542319416999817,0.6041671633720398,-1.998600959777832,0.17746737599372864,1.5445005893707275,-1.1799561977386475,0.5555946230888367,0.639754056930542,-1.8463618755340576,0.2041023224592209,1.5034807920455933,-1.0172674655914307,0.6661818027496338,1.4192442893981934,-0.021451707929372787,0.37597841024398804,1.4277952909469604,0.030271276831626892,0.6544675827026367,2.017636299133301,-0.02694697305560112,0.39202797412872314,1.9933359622955322,0.08611246943473816,0.6573385000228882,2.53586483001709,0.9663324356079102,0.4061111509799957,2.491924285888672,0.892670750617981,0.6638743877410889,2.618183135986328,1.0656888484954834,0.41237741708755493,2.572563409805298,0.9640694856643677,0.6084190011024475,2.7225522994995117,0.6770647764205933,0.42358094453811646,2.67262601852417,0.5552844405174255,0.5850315093994141,0.7727178931236267,1.9045866395117628e-07,0.6329330801963806,0.71631920337677,-0.0045877243392169476,0.6612868309020996,0.6479902267456055,-0.014634188264608383,0.6751164793968201,0.5897106528282166,-0.023915482684969902,0.6907586455345154,0.5531164407730103,-0.03525688126683235,0.6235803365707397,0.62232905626297,-0.040733445435762405,0.5986303091049194,0.5175864100456238,-0.05812676623463631,0.5861276984214783,0.4638790190219879,-0.06534700840711594,0.5763508677482605,0.42375415563583374,-0.06878001987934113,0.5846854448318481,0.6368255019187927,-0.04820837453007698,0.5615500211715698,0.522209644317627,-0.06269976496696472,0.5507305264472961,0.4615529179573059,-0.06700677424669266,0.5440016388893127,0.41792750358581543,-0.0707116574048996,0.5470336079597473,0.6547502279281616,-0.05404612794518471,0.5281222462654114,0.5486366152763367,-0.06493785232305527,0.5196884274482727,0.4852965474128723,-0.06699434667825699,0.5169550180435181,0.4398763179779053,-0.06936775147914886,0.5104650259017944,0.6725568771362305,-0.05942825973033905,0.49742329120635986,0.5896804332733154,-0.0678631141781807,0.49483996629714966,0.5399292707443237,-0.06717417389154434,0.4954090118408203,0.5003477931022644,-0.06685914844274521,0.0,0.0,0.0,0.0,0.0,0.0,0.0,0.0,0.0,0.0,0.0,0.0,0.0,0.0,0.0,0.0,0.0,0.0,0.0,0.0,0.0,0.0,0.0,0.0,0.0,0.0,0.0,0.0,0.0,0.0,0.0,0.0,0.0,0.0,0.0,0.0,0.0,0.0,0.0,0.0,0.0,0.0,0.0,0.0,0.0,0.0,0.0,0.0,0.0,0.0,0.0,0.0,0.0,0.0,0.0,0.0,0.0,0.0,0.0,0.0,0.0,0.0,0.0,1
0.5247471332550049,0.24682562053203583,-1.0697976350784302,0.553726315498352,0.20328648388385773,-1.0138479471206665,0.5702841877937317,0.20340491831302643,-1.0141358375549316,0.5861654877662659,0.20389361679553986,-1.0141849517822266,0.5082176327705383,0.1988665610551834,-1.015972375869751,0.49322861433029175,0.1971917450428009,-1.0164976119995117,0.4764651358127594,0.19527532160282135,-1.0162397623062134,0.6057551503181458,0.22001518309116364,-0.6028553247451782,0.453195720911026,0.21062462031841278,-0.6130120158195496,0.5525782108306885,0.30220162868499756,-0.9052098393440247,0.4905603528022766,0.29715606570243835,-0.9084886312484741,0.7408328652381897,0.4920462667942047,-0.2646277844905853,0.3115450143814087,0.4636343717575073,-0.37578848004341125,0.8138738870620728,0.923622727394104,-0.1624668538570404,0.26916956901550293,0.8504711985588074,-0.9644591212272644,0.8200234174728394,1.2882022857666016,-0.48073235154151917,0.4079371392726898,0.5371586084365845,-1.8477582931518555,0.8386027216911316,1.4019874334335327,-0.5247728824615479,0.4341573715209961,0.42291775345802307,-2.0208022594451904,0.8161104917526245,1.3825442790985107,-0.6223369836807251,0.43756937980651855,0.380776584148407,-1.9797258377075195,0.7968577146530151,1.3472923040390015,-0.5219246745109558,0.43415164947509766,0.40581780672073364,-1.849949598312378,0.6432825326919556,1.2130531072616577,-0.01706104166805744,0.39308828115463257,1.1747459173202515,0.024547826498746872,0.6427552700042725,1.8347042798995972,-0.35486942529678345,0.3948972523212433,1.8405780792236328,-0.28333526849746704,0.6641101837158203,2.371368885040283,0.3370789587497711,0.43149203062057495,2.3812124729156494,0.24926212430000305,0.6786509156227112,2.4497616291046143,0.3994600772857666,0.43874678015708923,2.460505723953247,0.2869066596031189,0.617580771446228,2.5263686180114746,-0.0027747696731239557,0.44440221786499023,2.539597749710083,-0.16806310415267944,0.0,0.0,0.0,0.0,0.0,0.0,0.0,0.0,0.0,0.0,0.0,0.0,0.0,0.0,0.0,0.0,0.0,0.0,0.0,0.0,0.0,0.0,0.0,0.0,0.0,0.0,0.0,0.0,0.0,0.0,0.0,0.0,0.0,0.0,0.0,0.0,0.0,0.0,0.0,0.0,0.0,0.0,0.0,0.0,0.0,0.0,0.0,0.0,0.0,0.0,0.0,0.0,0.0,0.0,0.0,0.0,0.0,0.0,0.0,0.0,0.0,0.0,0.0,0.4027559459209442,0.5316718220710754,4.674050302355681e-08,0.3769250810146332,0.46475687623023987,0.006795056629925966,0.3763376772403717,0.4052761197090149,0.010199664160609245,0.386317640542984,0.36024996638298035,0.011330459266901016,0.3877260386943817,0.3277652859687805,0.01210547424852848,0.4247770309448242,0.36856821179389954,0.010086418129503727,0.4517228603363037,0.31409069895744324,0.008809424005448818,0.47006016969680786,0.28899914026260376,0.006774105131626129,0.48605111241340637,0.2722565829753876,0.005127194337546825,0.4555285573005676,0.38187161087989807,0.0025563123635947704,0.48273736238479614,0.3178873062133789,0.004085273016244173,0.4999125599861145,0.2869531810283661,0.002882780274376273,0.5149900913238525,0.26498085260391235,0.0007000754703767598,0.48055601119995117,0.4037098288536072,-0.005353077780455351,0.5065415501594543,0.34320732951164246,-0.006398797035217285,0.5209715366363525,0.31120917201042175,-0.008226048201322556,0.5319636464118958,0.2857101261615753,-0.01060557458549738,0.5014132857322693,0.43197548389434814,-0.012936561368405819,0.5278497934341431,0.3879214823246002,-0.014031163416802883,0.543143093585968,0.36262643337249756,-0.0127775389701128,0.5550233721733093,0.3392978310585022,-0.012161565944552422,1
0.5231135487556458,0.312984824180603,-0.8019173741340637,0.5500776171684265,0.26842525601387024,-0.7275575399398804,0.5683082938194275,0.26694029569625854,-0.7272717952728271,0.5841866135597229,0.2658231258392334,-0.7264506220817566,0.4942396283149719,0.2777964770793915,-0.7063520550727844,0.475624144077301,0.2827049493789673,-0.706855058670044,0.4596167206764221,0.28793472051620483,-0.707076370716095,0.6082566380500793,0.29982617497444153,-0.30894747376441956,0.4426569938659668,0.32827234268188477,-0.20789361000061035,0.5608340501785278,0.37693357467651367,-0.6484701633453369,0.49469614028930664,0.3892631232738495,-0.6219868063926697,0.7519556283950806,0.6272527575492859,-0.16702893376350403,0.3533889353275299,0.6427195072174072,0.008473876863718033,0.752707839012146,1.0094331502914429,-0.7363165020942688,0.3008175790309906,1.002434492111206,-0.5140591859817505,0.576753556728363,0.7080081701278687,-1.4198051691055298,0.3985323905944824,0.6712645292282104,-1.3250057697296143,0.5472921133041382,0.5989297032356262,-1.5698554515838623,0.41992777585983276,0.5973074436187744,-1.472235083580017,0.5526736974716187,0.5479359030723572,-1.4907653331756592,0.40551918745040894,0.5273335576057434,-1.4207285642623901,0.5558364987373352,0.5890718698501587,-1.4108606576919556,0.4125775396823883,0.5688562393188477,-1.3292957544326782,0.6934206485748291,1.3472232818603516,-0.0405229777097702,0.4253911077976227,1.3383253812789917,0.048295386135578156,0.6739991903305054,1.870581865310669,-0.30661505460739136,0.424589067697525,1.8816375732421875,-0.1262056976556778,0.6638628244400024,2.419100284576416,0.3789614140987396,0.42863768339157104,2.4171836376190186,0.29465436935424805,0.6727960109710693,2.4998815059661865,0.44479450583457947,0.4289124608039856,2.4970314502716064,0.33392271399497986,0.613540768623352,2.573990821838379,0.03396248444914818,0.4349173605442047,2.5713727474212646,-0.06912665069103241,0.5626040697097778,0.6918182969093323,-5.845403805437854e-08,0.606779158115387,0.663804829120636,-0.004738857038319111,0.6292387843132019,0.627164363861084,-0.00977358315140009,0.627437949180603,0.5825757384300232,-0.013039670884609222,0.6307771801948547,0.5440566539764404,-0.016368145123124123,0.5805086493492126,0.5705335736274719,-0.019475487992167473,0.5661939978599548,0.5001545548439026,-0.023759903386235237,0.5594393014907837,0.4770519733428955,-0.024477167055010796,0.5553073883056641,0.46154525876045227,-0.024497216567397118,0.5444570779800415,0.5741984248161316,-0.020445797592401505,0.5330184698104858,0.5004551410675049,-0.021919718012213707,0.5287886261940002,0.4724215865135193,-0.020798197016119957,0.5301267504692078,0.45622360706329346,-0.02178196795284748,0.5131328701972961,0.5871620178222656,-0.020712753757834435,0.5007238984107971,0.5206130743026733,-0.022148368880152702,0.49651700258255005,0.49247080087661743,-0.021906176581978798,0.49851319193840027,0.4740658700466156,-0.023896723985671997,0.4845108985900879,0.6091262102127075,-0.020742718130350113,0.46185123920440674,0.568891167640686,-0.021637247875332832,0.44978833198547363,0.5423456430435181,-0.01992775872349739,0.4443405866622925,0.5206928849220276,-0.019566664472222328,0.0,0.0,0.0,0.0,0.0,0.0,0.0,0.0,0.0,0.0,0.0,0.0,0.0,0.0,0.0,0.0,0.0,0.0,0.0,0.0,0.0,0.0,0.0,0.0,0.0,0.0,0.0,0.0,0.0,0.0,0.0,0.0,0.0,0.0,0.0,0.0,0.0,0.0,0.0,0.0,0.0,0.0,0.0,0.0,0.0,0.0,0.0,0.0,0.0,0.0,0.0,0.0,0.0,0.0,0.0,0.0,0.0,0.0,0.0,0.0,0.0,0.0,0.0,1
0.42194169759750366,0.25106778740882874,-1.2492386102676392,0.4443439841270447,0.18828371167182922,-1.1804046630859375,0.4649050831794739,0.18971124291419983,-1.1803457736968994,0.48394331336021423,0.19165070354938507,-1.1796447038650513,0.3837180733680725,0.19180195033550262,-1.1794438362121582,0.36019647121429443,0.196495920419693,-1.179947853088379,0.3407744765281677,0.20135337114334106,-1.1798659563064575,0.520177960395813,0.23084522783756256,-0.7167959809303284,0.3137874901294708,0.24299496412277222,-0.7133980989456177,0.4583054482936859,0.32471588253974915,-1.0712885856628418,0.3855403959751129,0.33333680033683777,-1.0739572048187256,0.6672576665878296,0.5436503887176514,-0.4742863178253174,0.16587238013744354,0.554239809513092,-0.3613070845603943,0.8924857974052429,0.9288349151611328,-1.0041826963424683,0.07724489271640778,0.9399403929710388,-0.556727945804596,0.6705528497695923,0.5047971606254578,-1.8797321319580078,0.30454015731811523,1.030889630317688,-1.2005622386932373,0.6231614351272583,0.41759511828422546,-2.0988011360168457,0.34099623560905457,1.0742028951644897,-1.3426307439804077,0.5791113972663879,0.3881068527698517,-1.9885259866714478,0.37174227833747864,1.0200376510620117,-1.3493056297302246,0.5870742201805115,0.41630733013153076,-1.869844675064087,0.36919888854026794,1.0122712850570679,-1.2250815629959106,0.5697543621063232,1.3142167329788208,-0.028912559151649475,0.2631196975708008,1.3061528205871582,0.03840676322579384,0.565874457359314,1.8874261379241943,-0.2838646173477173,0.2762545943260193,1.8825831413269043,-0.24941107630729675,0.5700825452804565,2.4518771171569824,0.3715757429599762,0.2955736219882965,2.4360883235931396,0.275810182094574,0.5822100043296814,2.5361111164093018,0.4361582398414612,0.2969052195549011,2.5143520832061768,0.32283005118370056,0.5102012753486633,2.6272263526916504,-0.009177039377391338,0.307683527469635,2.6233057975769043,-0.12336491048336029,0.6953779458999634,0.5090911984443665,2.3795222148237372e-07,0.719075620174408,0.442111611366272,0.0017905374988913536,0.7062771320343018,0.3954096734523773,-0.00047277964767999947,0.6853489875793457,0.35579726099967957,-0.004311663564294577,0.6805422902107239,0.3219849467277527,-0.00864841602742672,0.5897983908653259,0.37771040201187134,-0.00170894677285105,0.516065239906311,0.3646853566169739,-0.00891526322811842,0.4686058759689331,0.3577883839607239,-0.013951340690255165,0.43212881684303284,0.3525972366333008,-0.017644116654992104,0.5638224482536316,0.40483808517456055,-0.010137294419109821,0.4807109236717224,0.3849515914916992,-0.020162031054496765,0.42901676893234253,0.373142808675766,-0.02665136195719242,0.3917270302772522,0.36382514238357544,-0.029797788709402084,0.5458307862281799,0.4418240785598755,-0.01818649098277092,0.46923357248306274,0.41582560539245605,-0.027705352753400803,0.42277902364730835,0.3995782136917114,-0.03474762290716171,0.38788092136383057,0.38788923621177673,-0.0374261699616909,0.5383588671684265,0.4864678680896759,-0.02575758844614029,0.47449955344200134,0.4540663957595825,-0.031758856028318405,0.436593621969223,0.43670350313186646,-0.03293955698609352,0.4071162939071655,0.4217093586921692,-0.031793735921382904,0.0,0.0,0.0,0.0,0.0,0.0,0.0,0.0,0.0,0.0,0.0,0.0,0.0,0.0,0.0,0.0,0.0,0.0,0.0,0.0,0.0,0.0,0.0,0.0,0.0,0.0,0.0,0.0,0.0,0.0,0.0,0.0,0.0,0.0,0.0,0.0,0.0,0.0,0.0,0.0,0.0,0.0,0.0,0.0,0.0,0.0,0.0,0.0,0.0,0.0,0.0,0.0,0.0,0.0,0.0,0.0,0.0,0.0,0.0,0.0,0.0,0.0,0.0,1
0.48422712087631226,0.283530056476593,-0.7029310464859009,0.5136899352073669,0.24286247789859772,-0.630911111831665,0.5292583703994751,0.2455516755580902,-0.6306278109550476,0.5448868274688721,0.24864794313907623,-0.6301745176315308,0.4719162881374359,0.2408885508775711,-0.6358396410942078,0.4581572413444519,0.2418384999036789,-0.6366184949874878,0.44479674100875854,0.2430281937122345,-0.6364821195602417,0.5685775279998779,0.27769339084625244,-0.2062256783246994,0.43014630675315857,0.26886066794395447,-0.23209019005298615,0.5104197263717651,0.3372664749622345,-0.5398852825164795,0.45625782012939453,0.3392062783241272,-0.5489861369132996,0.6859719157218933,0.5391717553138733,0.005620255134999752,0.2969897985458374,0.5421075224876404,-0.03854050487279892,0.7958000898361206,0.8915079236030579,0.010069577023386955,0.1860109269618988,0.8876309990882874,-0.5548813939094543,0.7123857736587524,0.929722011089325,-0.293381005525589,0.33300137519836426,0.6021546721458435,-1.2916512489318848,0.7009485960006714,0.96281898021698,-0.3509693145751953,0.3989415168762207,0.5028168559074402,-1.4497915506362915,0.6826479434967041,0.9303660988807678,-0.37975698709487915,0.39984914660453796,0.47158849239349365,-1.3920029401779175,0.679446280002594,0.9284611940383911,-0.31136780977249146,0.3890881836414337,0.5216216444969177,-1.2894667387008667,0.6294857263565063,1.1942235231399536,-0.015366420149803162,0.37638601660728455,1.1575530767440796,0.02209647372364998,0.6379209756851196,1.7799569368362427,-0.2597729563713074,0.3942609429359436,1.796211838722229,-0.2908281683921814,0.6646073460578918,2.316929340362549,0.12542012333869934,0.4377171993255615,2.3231236934661865,-0.01794670894742012,0.6808411478996277,2.3987553119659424,0.1602400541305542,0.44184693694114685,2.397376298904419,0.0016221670666709542,0.6178971529006958,2.4615111351013184,-0.21328134834766388,0.4564993977546692,2.4765465259552,-0.40347355604171753,0.0,0.0,0.0,0.0,0.0,0.0,0.0,0.0,0.0,0.0,0.0,0.0,0.0,0.0,0.0,0.0,0.0,0.0,0.0,0.0,0.0,0.0,0.0,0.0,0.0,0.0,0.0,0.0,0.0,0.0,0.0,0.0,0.0,0.0,0.0,0.0,0.0,0.0,0.0,0.0,0.0,0.0,0.0,0.0,0.0,0.0,0.0,0.0,0.0,0.0,0.0,0.0,0.0,0.0,0.0,0.0,0.0,0.0,0.0,0.0,0.0,0.0,0.0,0.32520410418510437,0.6049258708953857,1.1610722161492504e-08,0.31218692660331726,0.5280163884162903,0.021940190345048904,0.3144301772117615,0.475801557302475,0.030143441632390022,0.31612735986709595,0.4402966797351837,0.03217106685042381,0.3155721127986908,0.41407379508018494,0.03367103263735771,0.3782297968864441,0.4370243549346924,0.03727029263973236,0.41721266508102417,0.3907409906387329,0.043296460062265396,0.43832850456237793,0.372968852519989,0.04373399168252945,0.454073965549469,0.36057049036026,0.04357117787003517,0.40458500385284424,0.4525066018104553,0.023703131824731827,0.444322794675827,0.40132492780685425,0.034046389162540436,0.4644879102706909,0.3795391619205475,0.035463299602270126,0.4798520803451538,0.36503586173057556,0.03421944007277489,0.4253223240375519,0.47524160146713257,0.00965188629925251,0.4612298011779785,0.4286453127861023,0.020906580612063408,0.47639626264572144,0.4080311059951782,0.024253282696008682,0.48477408289909363,0.3913995325565338,0.02343170717358589,0.44165027141571045,0.5032064318656921,-0.0038190623745322227,0.4699152708053589,0.46740907430648804,0.0067251892760396,0.4819842278957367,0.44453808665275574,0.013655096292495728,0.48729991912841797,0.42458194494247437,0.01712353713810444,1
0.410395085811615,0.27542543411254883,-1.8266937732696533,0.44482988119125366,0.20650488138198853,-1.7768522500991821,0.4674850404262543,0.20081590116024017,-1.777075171470642,0.48586711287498474,0.1962040513753891,-1.777068853378296,0.4020112156867981,0.21961694955825806,-1.7567495107650757,0.38760536909103394,0.2241286337375641,-1.7572908401489258,0.378858745098114,0.2270035594701767,-1.7571662664413452,0.5421897172927856,0.21799540519714355,-1.3237133026123047,0.38958948850631714,0.25459349155426025,-1.2305662631988525,0.46134987473487854,0.3332425057888031,-1.6439071893692017,0.40826329588890076,0.3443645238876343,-1.618035912513733,0.7455509305000305,0.48618924617767334,-0.9105023145675659,0.3310542106628418,0.49360913038253784,-0.843755841255188,0.8471359014511108,0.8762532472610474,-0.9151420593261719,0.22326450049877167,0.6998704671859741,-1.4233946800231934,0.8027227520942688,1.1363751888275146,-1.1926007270812988,0.4154926836490631,0.49100831151008606,-2.127535343170166,0.8090907335281372,1.221821665763855,-1.2639120817184448,0.43584638833999634,0.3944736123085022,-2.2906126976013184,0.7835610508918762,1.214402437210083,-1.3312664031982422,0.476071298122406,0.3969998359680176,-2.226473331451416,0.7698174715042114,1.1902968883514404,-1.2245829105377197,0.47543320059776306,0.433190256357193,-2.1282427310943604,0.691341757774353,1.1637089252471924,-0.02251751907169819,0.4210830628871918,1.1621578931808472,0.030502820387482643,0.68868488073349,1.7303600311279297,-0.3663073778152466,0.44235649704933167,1.7528502941131592,-0.2603340148925781,0.7063502073287964,2.280108690261841,0.44019371271133423,0.46280890703201294,2.308326005935669,0.3254784941673279,0.7206263542175293,2.359220266342163,0.5169402956962585,0.470621258020401,2.386368751525879,0.37076765298843384,0.6524664163589478,2.4490315914154053,0.07145821303129196,0.47411227226257324,2.479356050491333,-0.13946126401424408,0.0,0.0,0.0,0.0,0.0,0.0,0.0,0.0,0.0,0.0,0.0,0.0,0.0,0.0,0.0,0.0,0.0,0.0,0.0,0.0,0.0,0.0,0.0,0.0,0.0,0.0,0.0,0.0,0.0,0.0,0.0,0.0,0.0,0.0,0.0,0.0,0.0,0.0,0.0,0.0,0.0,0.0,0.0,0.0,0.0,0.0,0.0,0.0,0.0,0.0,0.0,0.0,0.0,0.0,0.0,0.0,0.0,0.0,0.0,0.0,0.0,0.0,0.0,0.4273318946361542,0.48190465569496155,-1.6199813046569034e-07,0.387626051902771,0.45977383852005005,-0.006293704267591238,0.35676103830337524,0.4253055453300476,-0.015306715853512287,0.3349668085575104,0.3969276547431946,-0.025462141260504723,0.3145136535167694,0.3804669976234436,-0.03721298649907112,0.3910331428050995,0.4128298759460449,-0.017075981944799423,0.3968179523944855,0.37529119849205017,-0.026271067559719086,0.40242835879325867,0.35397863388061523,-0.03362521901726723,0.4083481431007385,0.3364422917366028,-0.039603035897016525,0.42266955971717834,0.4188738763332367,-0.02180374786257744,0.42866718769073486,0.3749692142009735,-0.02652938850224018,0.43401914834976196,0.3483071029186249,-0.031122200191020966,0.4394915699958801,0.3276740312576294,-0.037761855870485306,0.4524889588356018,0.4303605556488037,-0.026883777230978012,0.4603308439254761,0.38775354623794556,-0.03365970775485039,0.46440213918685913,0.3603875935077667,-0.037140484899282455,0.4667382836341858,0.33829817175865173,-0.04115372523665428,0.47946155071258545,0.4467889368534088,-0.0325731486082077,0.4897943437099457,0.41182684898376465,-0.03921566531062126,0.4925929009914398,0.3848295509815216,-0.0402272567152977,0.4921609163284302,0.3604888916015625,-0.04190264269709587,1
0.5911957621574402,0.13728554546833038,-0.2608462870121002,0.6070637106895447,0.10926391184329987,-0.18264493346214294,0.6193150281906128,0.10894091427326202,-0.18267427384853363,0.6319371461868286,0.1076885461807251,-0.18251270055770874,0.573337197303772,0.10823298245668411,-0.18902073800563812,0.5634508728981018,0.10810847580432892,-0.18912391364574432,0.5532746315002441,0.10786867141723633,-0.18856659531593323,0.6451709270477295,0.11475546658039093,0.20377278327941895,0.545198380947113,0.1249900534749031,0.17490451037883759,0.6075881719589233,0.17201685905456543,-0.11159452050924301,0.5702661871910095,0.1725606620311737,-0.11992426216602325,0.7449837923049927,0.26977846026420593,0.3298928141593933,0.44675254821777344,0.28406819701194763,0.29447034001350403,0.8749821782112122,0.4253922402858734,0.3141694962978363,0.32694560289382935,0.47735804319381714,-0.1766807734966278,0.8922554850578308,0.6998919248580933,0.008475041016936302,0.48750215768814087,0.299922376871109,-0.8233725428581238,0.898065447807312,0.7729292511940002,-0.04530727490782738,0.5297744274139404,0.23242788016796112,-0.9726129770278931,0.8723939061164856,0.7672956585884094,-0.1133604645729065,0.5499800443649292,0.20913170278072357,-0.913830578327179,0.8641719818115234,0.7488905787467957,-0.02412022463977337,0.543460488319397,0.22859883308410645,-0.8202371597290039,0.7072926759719849,0.6762108206748962,0.0117349186912179,0.4914918839931488,0.7109543085098267,-0.007861131802201271,0.7192336320877075,1.0379475355148315,-0.7801856398582458,0.49630245566368103,1.0624070167541504,-0.827419102191925,0.7289059162139893,1.5789597034454346,-0.5496100783348083,0.506345272064209,1.6310126781463623,-0.9621628522872925,0.7222573757171631,1.6346468925476074,-0.5218221545219421,0.5028749704360962,1.698699951171875,-0.9819514155387878,0.7462841868400574,1.780321717262268,-0.8357154130935669,0.5592879056930542,1.8098938465118408,-1.4391039609909058,0.9135423302650452,0.7044810056686401,1.6807966574106104e-07,0.882763147354126,0.7236002683639526,-0.008320851251482964,0.8623026609420776,0.7555491924285889,-0.010785176418721676,0.8512113094329834,0.7841789722442627,-0.012553310953080654,0.8419860601425171,0.8064144849777222,-0.013884815387427807,0.8869792222976685,0.7958401441574097,-0.003505145665258169,0.8717134594917297,0.8246195912361145,-0.007516072131693363,0.8579617142677307,0.8285524845123291,-0.01163019984960556,0.8477180004119873,0.823179304599762,-0.013850554823875427,0.9038816690444946,0.7940036654472351,-0.0009192946017719805,0.8925943970680237,0.8201038837432861,-0.002718748291954398,0.8785408139228821,0.8227885961532593,-0.0057677929289639,0.8676440715789795,0.8156885504722595,-0.00859232246875763,0.9171369075775146,0.7859874367713928,0.0007045333622954786,0.9072287082672119,0.8103835582733154,-0.0009479646105319262,0.8938583135604858,0.8134768009185791,-0.0018232163274660707,0.8828660249710083,0.8066071271896362,-0.002824606141075492,0.9273057579994202,0.7750690579414368,0.0014693893026560545,0.9214540719985962,0.7967693209648132,-0.000362205522833392,0.9099847078323364,0.8016201853752136,0.0001225699088536203,0.9002730846405029,0.7975708246231079,0.001019264804199338,0.0,0.0,0.0,0.0,0.0,0.0,0.0,0.0,0.0,0.0,0.0,0.0,0.0,0.0,0.0,0.0,0.0,0.0,0.0,0.0,0.0,0.0,0.0,0.0,0.0,0.0,0.0,0.0,0.0,0.0,0.0,0.0,0.0,0.0,0.0,0.0,0.0,0.0,0.0,0.0,0.0,0.0,0.0,0.0,0.0,0.0,0.0,0.0,0.0,0.0,0.0,0.0,0.0,0.0,0.0,0.0,0.0,0.0,0.0,0.0,0.0,0.0,0.0,1
0.579447865486145,0.3192092776298523,-2.13494610786438,0.6041443347930908,0.24979571998119354,-2.0847296714782715,0.6260302066802979,0.2537984251976013,-2.085204839706421,0.643994927406311,0.2584361433982849,-2.0849668979644775,0.5348094701766968,0.24917756021022797,-2.079484224319458,0.5168066620826721,0.2536375820636749,-2.080378532409668,0.49525126814842224,0.2597390115261078,-2.0803263187408447,0.6906700730323792,0.29283320903778076,-1.6583760976791382,0.4504982829093933,0.29594171047210693,-1.6401965618133545,0.6073638200759888,0.40784594416618347,-1.9642231464385986,0.5324787497520447,0.4093586504459381,-1.9603118896484375,0.7678974866867065,0.6128900647163391,-1.294299602508545,0.32388561964035034,0.5756475329399109,-1.2982739210128784,0.8748086094856262,1.0446171760559082,-1.3742995262145996,0.11983021348714828,0.8772932291030884,-1.9813779592514038,0.8001524209976196,1.2791714668273926,-1.6571381092071533,0.4071178436279297,0.6342371106147766,-2.653127908706665,0.803216278553009,1.3720470666885376,-1.7667903900146484,0.45831337571144104,0.5731373429298401,-2.811164379119873,0.7582147121429443,1.352945327758789,-1.7427797317504883,0.483031690120697,0.5195492506027222,-2.71639084815979,0.7392528653144836,1.3265968561172485,-1.6552432775497437,0.4665030539035797,0.5421513319015503,-2.635061740875244,0.6570969223976135,1.1664782762527466,-0.02199699357151985,0.4065183699131012,1.163816213607788,0.027013787999749184,0.6449338793754578,1.6406875848770142,0.06720984727144241,0.4240187108516693,1.6342500448226929,0.11252818256616592,0.6596143245697021,2.053231716156006,0.9635581970214844,0.4381743371486664,2.0233447551727295,0.9949498176574707,0.6626912951469421,2.119701385498047,1.0483756065368652,0.4388403296470642,2.0789012908935547,1.0792090892791748,0.6183541417121887,2.239520788192749,0.6587140560150146,0.46805357933044434,2.218646764755249,0.6927399039268494,0.0,0.0,0.0,0.0,0.0,0.0,0.0,0.0,0.0,0.0,0.0,0.0,0.0,0.0,0.0,0.0,0.0,0.0,0.0,0.0,0.0,0.0,0.0,0.0,0.0,0.0,0.0,0.0,0.0,0.0,0.0,0.0,0.0,0.0,0.0,0.0,0.0,0.0,0.0,0.0,0.0,0.0,0.0,0.0,0.0,0.0,0.0,0.0,0.0,0.0,0.0,0.0,0.0,0.0,0.0,0.0,0.0,0.0,0.0,0.0,0.0,0.0,0.0,0.37601664662361145,0.6482688188552856,-1.6504523614457867e-07,0.37695538997650146,0.5726355910301208,0.018463386222720146,0.4012538492679596,0.527633547782898,0.024075176566839218,0.4302706718444824,0.4972931742668152,0.026471752673387527,0.4552476704120636,0.4839199483394623,0.027696628123521805,0.4249967932701111,0.5208521485328674,0.004117658361792564,0.4740733802318573,0.4711209535598755,0.0046820747666060925,0.4971753656864166,0.45072752237319946,0.01144110132008791,0.5137097835540771,0.43651503324508667,0.01705339178442955,0.4502484202384949,0.5425230860710144,-0.0072455033659935,0.5031579732894897,0.48550811409950256,-0.009062804281711578,0.5271973609924316,0.46203431487083435,-0.005608761217445135,0.5457723736763,0.4462313950061798,-0.0024097326677292585,0.47268229722976685,0.5699105262756348,-0.016465453431010246,0.5199834704399109,0.5112356543540955,-0.01898347958922386,0.541416585445404,0.480788916349411,-0.016303986310958862,0.5567278861999512,0.4580706059932709,-0.01398476306349039,0.48988866806030273,0.5987950563430786,-0.023340370506048203,0.5242509841918945,0.5427747368812561,-0.021984728053212166,0.5372543334960938,0.5135814547538757,-0.015519821085035801,0.5469028949737549,0.4905399978160858,-0.010454792529344559,1
0.5255838632583618,0.31157007813453674,-1.4460320472717285,0.5505687594413757,0.2592846751213074,-1.3679505586624146,0.5676485896110535,0.26130959391593933,-1.3680822849273682,0.5844261050224304,0.26390138268470764,-1.3677529096603394,0.5020138025283813,0.2571318447589874,-1.379814863204956,0.4886382520198822,0.25756123661994934,-1.3802621364593506,0.4738003611564636,0.2587503492832184,-1.3799203634262085,0.6089983582496643,0.30408522486686707,-0.9020158052444458,0.4443478584289551,0.2899365723133087,-0.9700770378112793,0.5568984150886536,0.3811277449131012,-1.27482008934021,0.49382129311561584,0.37338733673095703,-1.2965400218963623,0.7190128564834595,0.6457760334014893,-0.5092240571975708,0.28993380069732666,0.6126123666763306,-0.7105818390846252,0.8568016290664673,1.0901967287063599,-0.5365740060806274,0.1805790811777115,1.0046298503875732,-1.2603846788406372,0.8489813804626465,1.392519235610962,-1.0302536487579346,0.4007677137851715,0.7195025682449341,-1.9995893239974976,0.862167239189148,1.4987845420837402,-1.098637342453003,0.4438784718513489,0.6185504198074341,-2.1605379581451416,0.8219932317733765,1.486965298652649,-1.1520888805389404,0.4432640075683594,0.5709412693977356,-2.0649752616882324,0.8047455549240112,1.4556241035461426,-1.0644667148590088,0.43722066283226013,0.5995303392410278,-1.9796183109283447,0.6292616128921509,1.3374661207199097,0.07548949867486954,0.3581599295139313,1.3272020816802979,-0.06760412454605103,0.6271482706069946,1.885575532913208,0.008794674649834633,0.37715303897857666,1.8711472749710083,-0.0976872593164444,0.6259679198265076,2.332606077194214,1.0072662830352783,0.371737539768219,2.346766710281372,0.666398823261261,0.6240978837013245,2.408997058868408,1.104806661605835,0.36131399869918823,2.41975998878479,0.7286649942398071,0.6103805303573608,2.4886162281036377,0.7647510170936584,0.42195653915405273,2.5211472511291504,0.297166109085083,0.0,0.0,0.0,0.0,0.0,0.0,0.0,0.0,0.0,0.0,0.0,0.0,0.0,0.0,0.0,0.0,0.0,0.0,0.0,0.0,0.0,0.0,0.0,0.0,0.0,0.0,0.0,0.0,0.0,0.0,0.0,0.0,0.0,0.0,0.0,0.0,0.0,0.0,0.0,0.0,0.0,0.0,0.0,0.0,0.0,0.0,0.0,0.0,0.0,0.0,0.0,0.0,0.0,0.0,0.0,0.0,0.0,0.0,0.0,0.0,0.0,0.0,0.0,0.43103596568107605,0.7005892395973206,1.3012896715736133e-07,0.39790865778923035,0.6421796083450317,-0.010763448663055897,0.38609781861305237,0.5802638530731201,-0.020174754783511162,0.38192301988601685,0.5334488153457642,-0.02925059013068676,0.3661920428276062,0.5084003210067749,-0.038532182574272156,0.44523152709007263,0.5444715023040771,-0.018143242225050926,0.4760194420814514,0.4820152819156647,-0.030849698930978775,0.4955730140209198,0.4453997313976288,-0.04003962129354477,0.5110769271850586,0.4158594608306885,-0.046077366918325424,0.4790707230567932,0.5584017634391785,-0.021027468144893646,0.5069053173065186,0.48723703622817993,-0.02938491851091385,0.5246760845184326,0.44420909881591797,-0.03484205901622772,0.5392714738845825,0.40766727924346924,-0.0390419065952301,0.5061187148094177,0.5771164894104004,-0.024791818112134933,0.5302279591560364,0.5089293718338013,-0.031181516125798225,0.543735921382904,0.4698605239391327,-0.03344150260090828,0.553741991519928,0.43789219856262207,-0.03471161425113678,0.5274405479431152,0.5990084409713745,-0.02989872172474861,0.5476295351982117,0.5420845746994019,-0.03357778862118721,0.5574096441268921,0.5094847083091736,-0.031739819794893265,0.5646660327911377,0.4824175238609314,-0.02967037819325924,1
0.575502336025238,0.09380027651786804,-2.403700113296509,0.6063231229782104,0.02512984350323677,-2.327608585357666,0.6289457082748413,0.024368582293391228,-2.3282358646392822,0.6522639989852905,0.02295871265232563,-2.3283188343048096,0.545507550239563,0.02721700631082058,-2.3309831619262695,0.5203224420547485,0.02726755104959011,-2.331897258758545,0.4971276819705963,0.027191907167434692,-2.3317809104919434,0.6944047212600708,0.05338611453771591,-1.7549335956573486,0.4590854048728943,0.054639823734760284,-1.765053153038025,0.6082206964492798,0.16874542832374573,-2.1756255626678467,0.538772463798523,0.16760258376598358,-2.1810050010681152,0.8441502451896667,0.47174036502838135,-1.187269926071167,0.3158826231956482,0.4981335401535034,-1.336990237236023,0.8983942270278931,1.0023835897445679,-1.3642548322677612,0.3314949870109558,0.9953662753105164,-2.0066630840301514,0.8574011921882629,1.3385664224624634,-2.0148658752441406,0.48324519395828247,0.6286065578460693,-2.872368574142456,0.8612737655639648,1.4318506717681885,-2.1403298377990723,0.5291607975959778,0.5225403904914856,-3.0719873905181885,0.8296348452568054,1.395552396774292,-2.1885054111480713,0.5252700448036194,0.43218567967414856,-3.0020413398742676,0.8123353719711304,1.3651777505874634,-2.0478150844573975,0.5190184116363525,0.48673340678215027,-2.8609068393707275,0.7251299619674683,1.2560230493545532,0.028508657589554787,0.4228212833404541,1.2494920492172241,-0.020426707342267036,0.7289990782737732,1.8895303010940552,-0.06989187002182007,0.4555633068084717,1.8546216487884521,-0.1273254156112671,0.7227419018745422,2.3847403526306152,1.4386370182037354,0.46464091539382935,2.3403921127319336,1.1278398036956787,0.7274466156959534,2.4552712440490723,1.5770319700241089,0.4649723470211029,2.4116718769073486,1.2304508686065674,0.6796919107437134,2.588613271713257,1.0875736474990845,0.5008665323257446,2.54950213432312,0.6653122901916504,0.0,0.0,0.0,0.0,0.0,0.0,0.0,0.0,0.0,0.0,0.0,0.0,0.0,0.0,0.0,0.0,0.0,0.0,0.0,0.0,0.0,0.0,0.0,0.0,0.0,0.0,0.0,0.0,0.0,0.0,0.0,0.0,0.0,0.0,0.0,0.0,0.0,0.0,0.0,0.0,0.0,0.0,0.0,0.0,0.0,0.0,0.0,0.0,0.0,0.0,0.0,0.0,0.0,0.0,0.0,0.0,0.0,0.0,0.0,0.0,0.0,0.0,0.0,0.5161460041999817,0.570144772529602,1.492237515776651e-07,0.4780969023704529,0.4994291663169861,0.0034746211022138596,0.46691209077835083,0.4266996681690216,0.0019355573458597064,0.4684201776981354,0.36128348112106323,-0.00020576524548232555,0.45499154925346375,0.3182598352432251,-0.0027414055075496435,0.495641827583313,0.39300984144210815,-0.007325897924602032,0.518709123134613,0.3074752986431122,-0.014105444774031639,0.5332089066505432,0.26844727993011475,-0.01636144146323204,0.543984591960907,0.23943880200386047,-0.016588132828474045,0.5310031771659851,0.40196746587753296,-0.013484543189406395,0.550442099571228,0.30660226941108704,-0.015312234871089458,0.5615517497062683,0.2632879316806793,-0.01460666861385107,0.5694775581359863,0.2346833050251007,-0.01485881581902504,0.5628570914268494,0.41792142391204834,-0.018973173573613167,0.5771639347076416,0.32873356342315674,-0.019761167466640472,0.5834488272666931,0.28700366616249084,-0.01639792136847973,0.5870336294174194,0.25666314363479614,-0.015099169686436653,0.5908034443855286,0.438293993473053,-0.024143563583493233,0.5973075032234192,0.3644295632839203,-0.024072447791695595,0.5992732048034668,0.32597804069519043,-0.01916579157114029,0.6000201106071472,0.29281294345855713,-0.015403784811496735,1
0.5458736419677734,0.24390020966529846,-3.056670665740967,0.5848982334136963,0.1831587851047516,-2.9799692630767822,0.604806125164032,0.18624188005924225,-2.980884552001953,0.6211231350898743,0.18858753144741058,-2.9811244010925293,0.524057924747467,0.17666897177696228,-2.9963271617889404,0.5051242113113403,0.17480607330799103,-2.9976043701171875,0.4860662519931793,0.17362430691719055,-2.9978020191192627,0.6454578638076782,0.22664934396743774,-2.312077045440674,0.4546084403991699,0.20165903866291046,-2.38610577583313,0.5760859251022339,0.3335050046443939,-2.783475637435913,0.50792396068573,0.3281230032444,-2.8082096576690674,0.7943699955940247,0.6033999919891357,-1.657779335975647,0.25964677333831787,0.6129448413848877,-1.8305658102035522,0.8832964897155762,1.0370521545410156,-1.743804931640625,0.24260282516479492,1.1656434535980225,-2.569456100463867,0.8172405362129211,0.950249969959259,-2.2454164028167725,0.4901235103607178,0.7220690846443176,-3.428626298904419,0.8070787191390991,0.951288104057312,-2.386686325073242,0.534654974937439,0.6417685747146606,-3.6273446083068848,0.8010425567626953,0.9083982110023499,-2.3904199600219727,0.5441759824752808,0.5721758604049683,-3.563105344772339,0.786438524723053,0.9174748063087463,-2.2625277042388916,0.5461558103561401,0.6134790182113647,-3.418874740600586,0.6958732604980469,1.3831747770309448,0.01933479867875576,0.3791956305503845,1.3957632780075073,-0.011054420843720436,0.7156882882118225,2.0040760040283203,0.13987573981285095,0.4289851784706116,2.040320634841919,0.39980003237724304,0.7149372100830078,2.5424766540527344,1.815730094909668,0.44725823402404785,2.5325400829315186,1.9115588665008545,0.719912052154541,2.6185684204101562,1.974786400794983,0.4491734504699707,2.6034345626831055,2.0471298694610596,0.660955011844635,2.7773921489715576,1.4408224821090698,0.48840242624282837,2.7531254291534424,1.470834732055664,0.0,0.0,0.0,0.0,0.0,0.0,0.0,0.0,0.0,0.0,0.0,0.0,0.0,0.0,0.0,0.0,0.0,0.0,0.0,0.0,0.0,0.0,0.0,0.0,0.0,0.0,0.0,0.0,0.0,0.0,0.0,0.0,0.0,0.0,0.0,0.0,0.0,0.0,0.0,0.0,0.0,0.0,0.0,0.0,0.0,0.0,0.0,0.0,0.0,0.0,0.0,0.0,0.0,0.0,0.0,0.0,0.0,0.0,0.0,0.0,0.0,0.0,0.0,0.46447768807411194,0.684013843536377,-6.783012196365235e-08,0.42671674489974976,0.616843581199646,0.004125095438212156,0.41234397888183594,0.551214337348938,0.0017542012501507998,0.4113907814025879,0.49587997794151306,-0.0016036282759159803,0.40234896540641785,0.4567776322364807,-0.004706581588834524,0.44724422693252563,0.5209279656410217,-0.009411226958036423,0.47779741883277893,0.4439951777458191,-0.01496080681681633,0.4933749735355377,0.4141601026058197,-0.014785321429371834,0.5029584169387817,0.39403989911079407,-0.013441714458167553,0.48535850644111633,0.5298299193382263,-0.015135370194911957,0.511528730392456,0.4401800036430359,-0.016482705250382423,0.5240778923034668,0.40778887271881104,-0.013569124974310398,0.5314047932624817,0.3892138600349426,-0.01226872019469738,0.5201132297515869,0.5443732738494873,-0.02004580944776535,0.5418265461921692,0.4589370787143707,-0.019936218857765198,0.5497986674308777,0.42505982518196106,-0.015433045104146004,0.552842915058136,0.40266406536102295,-0.013480821624398232,0.550787091255188,0.5631018280982971,-0.024519097059965134,0.5640804171562195,0.4961327910423279,-0.023602735251188278,0.5681749582290649,0.4633895456790924,-0.018364598974585533,0.5687509179115295,0.4378379285335541,-0.014573678374290466,1
0.5085685849189758,0.2306130826473236,-0.6652714610099792,0.5443941354751587,0.17849251627922058,-0.6007809638977051,0.5643189549446106,0.1796259880065918,-0.6007212400436401,0.5813590288162231,0.18105338513851166,-0.6004143953323364,0.49593448638916016,0.1775781363248825,-0.5852991938591003,0.48455357551574707,0.17885078489780426,-0.5857524275779724,0.4732302129268646,0.18012025952339172,-0.585387647151947,0.6186361312866211,0.21435043215751648,-0.20646364986896515,0.4665498733520508,0.21044978499412537,-0.1288682520389557,0.5533700585365295,0.2876947224140167,-0.5114680528640747,0.4891456663608551,0.29001253843307495,-0.49005407094955444,0.7898237109184265,0.46142181754112244,0.02109595760703087,0.3762055039405823,0.4633066952228546,0.053972452878952026,0.8866710662841797,0.8099781274795532,0.07556307315826416,0.26145797967910767,0.7576561570167542,-0.5387994050979614,0.8633062243461609,1.141958475112915,-0.235773965716362,0.4376600682735443,0.5253146290779114,-1.5094389915466309,0.8759231567382812,1.2645066976547241,-0.29246291518211365,0.4621508717536926,0.4347670376300812,-1.7096316814422607,0.8442228436470032,1.2529786825180054,-0.39628398418426514,0.4627804756164551,0.3924468457698822,-1.6502710580825806,0.8303940892219543,1.2147717475891113,-0.28231412172317505,0.4634858965873718,0.4270994961261749,-1.514553427696228,0.6988722681999207,1.1638903617858887,-0.013904994353652,0.4393249452114105,1.1495572328567505,0.022271588444709778,0.6946778893470764,1.808414340019226,-0.596346914768219,0.4300892949104309,1.8032526969909668,-0.4734322428703308,0.6972132325172424,2.4327807426452637,-0.09324012696743011,0.4437534213066101,2.4323909282684326,-0.23381459712982178,0.7083125710487366,2.5183839797973633,-0.045638278126716614,0.44691357016563416,2.522348165512085,-0.2235894501209259,0.647696852684021,2.6174588203430176,-0.47792449593544006,0.4609110951423645,2.6138556003570557,-0.7336447834968567,0.0,0.0,0.0,0.0,0.0,0.0,0.0,0.0,0.0,0.0,0.0,0.0,0.0,0.0,0.0,0.0,0.0,0.0,0.0,0.0,0.0,0.0,0.0,0.0,0.0,0.0,0.0,0.0,0.0,0.0,0.0,0.0,0.0,0.0,0.0,0.0,0.0,0.0,0.0,0.0,0.0,0.0,0.0,0.0,0.0,0.0,0.0,0.0,0.0,0.0,0.0,0.0,0.0,0.0,0.0,0.0,0.0,0.0,0.0,0.0,0.0,0.0,0.0,0.44628310203552246,0.49781012535095215,2.3910291702122777e-07,0.4050368070602417,0.46274614334106445,-0.0030832565389573574,0.3769546151161194,0.433597207069397,-0.010476264171302319,0.37125444412231445,0.4132208228111267,-0.018864192068576813,0.3793138563632965,0.40172940492630005,-0.028330760076642036,0.41350170969963074,0.3761172890663147,-0.013102944940328598,0.43076300621032715,0.3273358941078186,-0.019101770594716072,0.4444745182991028,0.30292075872421265,-0.022552981972694397,0.4563494026660919,0.28642773628234863,-0.025602038949728012,0.4501146376132965,0.3766402304172516,-0.019362814724445343,0.46820876002311707,0.31810784339904785,-0.021592862904071808,0.48062506318092346,0.290919691324234,-0.024276014417409897,0.4910770058631897,0.2725159525871277,-0.028341567143797874,0.4823443591594696,0.3872191905975342,-0.025691408663988113,0.4995293617248535,0.3314685821533203,-0.028266532346606255,0.5101850032806396,0.303300678730011,-0.030200500041246414,0.5168891549110413,0.2817014157772064,-0.03347889333963394,0.5099382400512695,0.4066900908946991,-0.032150253653526306,0.5258145332336426,0.3622346520423889,-0.034663815051317215,0.5359064936637878,0.3393360674381256,-0.03247940540313721,0.5437939167022705,0.31970781087875366,-0.03144817054271698,1
0.4955236315727234,0.25624650716781616,-1.1352620124816895,0.5263872742652893,0.20899389684200287,-1.067774772644043,0.5507017970085144,0.20954108238220215,-1.067854404449463,0.5666964054107666,0.2083360254764557,-1.067456841468811,0.4820777475833893,0.21172958612442017,-1.0490050315856934,0.4730003774166107,0.2126651108264923,-1.0492422580718994,0.4632819592952728,0.21252351999282837,-1.0488322973251343,0.5897765159606934,0.23472175002098083,-0.623540997505188,0.45327645540237427,0.2572113275527954,-0.549098551273346,0.5383724570274353,0.31873276829719543,-0.9687305688858032,0.4730275273323059,0.3249829411506653,-0.9488113522529602,0.7750008702278137,0.5301445722579956,-0.339765727519989,0.3250133693218231,0.5291034579277039,-0.2003239095211029,0.9047495722770691,0.9434917569160461,-0.452756404876709,0.09746790677309036,0.8412363529205322,-0.8460311889648438,0.9674931764602661,1.2999253273010254,-0.878805935382843,0.29825085401535034,0.5460827946662903,-1.636690378189087,1.0015456676483154,1.3851689100265503,-0.9643303751945496,0.36714833974838257,0.4402726888656616,-1.8064892292022705,0.9629119634628296,1.393141269683838,-1.0220582485198975,0.37700822949409485,0.41147932410240173,-1.6913645267486572,0.935843288898468,1.3752001523971558,-0.9196933507919312,0.36945274472236633,0.44734111428260803,-1.6262727975845337,0.6675230264663696,1.3565971851348877,-0.002922037383541465,0.375607430934906,1.3220306634902954,0.012782241217792034,0.6406809091567993,1.8133089542388916,-0.4330316185951233,0.38598212599754333,1.684133529663086,-0.4318850636482239,0.6345735192298889,2.4379374980926514,0.4980602264404297,0.39946243166923523,2.281400203704834,0.10705749690532684,0.6445996165275574,2.531574010848999,0.5921613574028015,0.40633806586265564,2.380589485168457,0.15197154879570007,0.5823560953140259,2.6108429431915283,0.19936704635620117,0.39650991559028625,2.4244494438171387,-0.37685784697532654,0.0,0.0,0.0,0.0,0.0,0.0,0.0,0.0,0.0,0.0,0.0,0.0,0.0,0.0,0.0,0.0,0.0,0.0,0.0,0.0,0.0,0.0,0.0,0.0,0.0,0.0,0.0,0.0,0.0,0.0,0.0,0.0,0.0,0.0,0.0,0.0,0.0,0.0,0.0,0.0,0.0,0.0,0.0,0.0,0.0,0.0,0.0,0.0,0.0,0.0,0.0,0.0,0.0,0.0,0.0,0.0,0.0,0.0,0.0,0.0,0.0,0.0,0.0,0.30467724800109863,0.5868034362792969,1.833079181778885e-07,0.2673155665397644,0.5233717560768127,-0.00506005622446537,0.250221312046051,0.4655379354953766,-0.013834617100656033,0.23671051859855652,0.41970717906951904,-0.023936614394187927,0.21320146322250366,0.38916394114494324,-0.03561678156256676,0.3484092056751251,0.4321647882461548,-0.012160495854914188,0.39740169048309326,0.38305264711380005,-0.018067460507154465,0.43002647161483765,0.35880330204963684,-0.022885790094733238,0.45707419514656067,0.3418976664543152,-0.026442553848028183,0.39208802580833435,0.4526194632053375,-0.015765802934765816,0.44194844365119934,0.38856714963912964,-0.016271427273750305,0.47247767448425293,0.35477375984191895,-0.018108513206243515,0.49920332431793213,0.3334354758262634,-0.021814242005348206,0.42399680614471436,0.4780791699886322,-0.01966054178774357,0.4711625277996063,0.41808009147644043,-0.01994042471051216,0.4969089925289154,0.3841565251350403,-0.022116150707006454,0.5186665654182434,0.3579736053943634,-0.025322970002889633,0.44712957739830017,0.5055716037750244,-0.024275219067931175,0.49049925804138184,0.46216490864753723,-0.023096134886145592,0.5153264403343201,0.4383009970188141,-0.01996418833732605,0.534975528717041,0.41553059220314026,-0.018476419150829315,1
0.4958864152431488,0.3521215319633484,-1.5889101028442383,0.51820307970047,0.2878232002258301,-1.5182514190673828,0.5412753820419312,0.2891295254230499,-1.5173934698104858,0.5606428384780884,0.29090967774391174,-1.5165655612945557,0.45669636130332947,0.2923699617385864,-1.5249966382980347,0.4319925308227539,0.2966780364513397,-1.5255814790725708,0.4071895480155945,0.303092896938324,-1.5252255201339722,0.584165632724762,0.33123779296875,-1.032906174659729,0.3421245813369751,0.36638638377189636,-1.0549324750900269,0.5358690023422241,0.4294353723526001,-1.4022386074066162,0.4637385904788971,0.4437558948993683,-1.410827398300171,0.7231798768043518,0.6764985918998718,-0.7467491626739502,0.21115688979625702,0.6678378582000732,-0.7129644155502319,0.9312384724617004,0.9860011339187622,-1.2726491689682007,0.0896521806716919,0.9292327761650085,-0.6692623496055603,0.7304846048355103,0.7918189764022827,-2.158860683441162,0.0987602174282074,1.3055176734924316,-0.8748680353164673,0.6945193409919739,0.6930071115493774,-2.383836269378662,0.07317225635051727,1.411051869392395,-0.945991039276123,0.6399103403091431,0.6490731835365295,-2.2640998363494873,0.12390603870153427,1.4216762781143188,-1.020466685295105,0.6467756032943726,0.6833469271659851,-2.151095390319824,0.1418069303035736,1.388725757598877,-0.9226657748222351,0.6456197500228882,1.4999598264694214,0.07710430026054382,0.33021050691604614,1.493781328201294,-0.06771626323461533,0.6412553787231445,2.1963136196136475,0.034463148564100266,0.36099058389663696,2.1816372871398926,-0.03694535046815872,0.6184054017066956,2.7624640464782715,0.8410292863845825,0.3468973636627197,2.756037950515747,0.5349870324134827,0.6102146506309509,2.8568203449249268,0.9239900708198547,0.3384910523891449,2.8520073890686035,0.5866783261299133,0.6047012805938721,2.96227765083313,0.5147193670272827,0.3936954438686371,2.9535024166107178,0.13673439621925354,0.7934141159057617,0.8014332056045532,3.5209441762162896e-07,0.821125864982605,0.7059210538864136,-0.026035357266664505,0.8041704893112183,0.6310747861862183,-0.04944989085197449,0.7727993726730347,0.569507360458374,-0.06741516292095184,0.7576334476470947,0.5191724300384521,-0.0852934867143631,0.7252421379089355,0.6211957931518555,-0.08615876734256744,0.622347891330719,0.5696110725402832,-0.12032625824213028,0.5638059377670288,0.5418164134025574,-0.1308986246585846,0.5175511240959167,0.5209892988204956,-0.13517573475837708,0.6860782504081726,0.6672184467315674,-0.08690312504768372,0.570050060749054,0.5965747833251953,-0.12884873151779175,0.5035485625267029,0.5590861439704895,-0.14116306602954865,0.45419377088546753,0.5293096303939819,-0.14478422701358795,0.6555512547492981,0.7098160982131958,-0.08545129001140594,0.5533474087715149,0.6365127563476562,-0.11697232723236084,0.49229317903518677,0.6001390814781189,-0.12705835700035095,0.44302085041999817,0.5704924464225769,-0.12936727702617645,0.6384368538856506,0.7485091686248779,-0.08450327068567276,0.554082453250885,0.6879841685295105,-0.1052093356847763,0.5070204734802246,0.6540800333023071,-0.11199147254228592,0.46856439113616943,0.6248983144760132,-0.11382526159286499,0.0,0.0,0.0,0.0,0.0,0.0,0.0,0.0,0.0,0.0,0.0,0.0,0.0,0.0,0.0,0.0,0.0,0.0,0.0,0.0,0.0,0.0,0.0,0.0,0.0,0.0,0.0,0.0,0.0,0.0,0.0,0.0,0.0,0.0,0.0,0.0,0.0,0.0,0.0,0.0,0.0,0.0,0.0,0.0,0.0,0.0,0.0,0.0,0.0,0.0,0.0,0.0,0.0,0.0,0.0,0.0,0.0,0.0,0.0,0.0,0.0,0.0,0.0,1
0.4886491894721985,0.3378468453884125,-1.674210548400879,0.5179237127304077,0.27465692162513733,-1.5939018726348877,0.5396431684494019,0.27433955669403076,-1.5937445163726807,0.5580818057060242,0.27352017164230347,-1.593186378479004,0.45786648988723755,0.28129035234451294,-1.5927857160568237,0.43584123253822327,0.28416407108306885,-1.5929752588272095,0.41635218262672424,0.2868731915950775,-1.5925860404968262,0.584235429763794,0.3136141896247864,-1.0615489482879639,0.39221763610839844,0.3134651780128479,-1.0666086673736572,0.5288547873497009,0.41275709867477417,-1.4719822406768799,0.45308631658554077,0.41494837403297424,-1.474730372428894,0.7238625884056091,0.6855214834213257,-0.6152662038803101,0.2415664941072464,0.6814824938774109,-0.7477077841758728,0.8064228892326355,1.2280312776565552,-0.6015201807022095,0.19947417080402374,1.2019462585449219,-1.3051021099090576,0.8124788999557495,1.4854071140289307,-1.1744381189346313,0.37678542733192444,0.8615805506706238,-2.2278573513031006,0.8343008160591125,1.587077260017395,-1.2718794345855713,0.41130122542381287,0.7278532385826111,-2.428158760070801,0.8107855916023254,1.5663436651229858,-1.363747000694275,0.4071730077266693,0.6801820993423462,-2.360750913619995,0.7882585525512695,1.526672601699829,-1.2296640872955322,0.4093637466430664,0.7228298187255859,-2.2254936695098877,0.6635886430740356,1.505175232887268,0.056331563740968704,0.3385988473892212,1.4988406896591187,-0.04647650942206383,0.6626365780830383,2.180323839187622,-0.17308953404426575,0.3691825270652771,2.1875851154327393,-0.1406107395887375,0.6640056371688843,2.7741217613220215,0.8587225079536438,0.371497243642807,2.7545409202575684,0.6136378049850464,0.6668869256973267,2.8771555423736572,0.9599515795707703,0.3663747310638428,2.8434572219848633,0.6738617420196533,0.6329145431518555,2.968086004257202,0.5413187742233276,0.4302506446838379,2.9659993648529053,0.16133847832679749,0.0,0.0,0.0,0.0,0.0,0.0,0.0,0.0,0.0,0.0,0.0,0.0,0.0,0.0,0.0,0.0,0.0,0.0,0.0,0.0,0.0,0.0,0.0,0.0,0.0,0.0,0.0,0.0,0.0,0.0,0.0,0.0,0.0,0.0,0.0,0.0,0.0,0.0,0.0,0.0,0.0,0.0,0.0,0.0,0.0,0.0,0.0,0.0,0.0,0.0,0.0,0.0,0.0,0.0,0.0,0.0,0.0,0.0,0.0,0.0,0.0,0.0,0.0,0.34768813848495483,0.9118961095809937,1.993519305187874e-07,0.31238022446632385,0.8458497524261475,-0.018099555745720863,0.3010977804660797,0.7622566223144531,-0.0373641699552536,0.29627203941345215,0.6889861822128296,-0.05346303433179855,0.2752964496612549,0.6362788677215576,-0.0710987001657486,0.3736039996147156,0.7252851128578186,-0.05623011663556099,0.40786421298980713,0.6255664825439453,-0.07871152460575104,0.42755869030952454,0.5708911418914795,-0.08998162299394608,0.44482219219207764,0.5254144668579102,-0.09649284929037094,0.41118156909942627,0.7491174936294556,-0.05834933742880821,0.44516807794570923,0.6358382105827332,-0.07690519094467163,0.4656195640563965,0.5715086460113525,-0.08484777063131332,0.4834241271018982,0.5207394957542419,-0.09079582989215851,0.4390053153038025,0.7807995080947876,-0.05941502004861832,0.4713871479034424,0.6783550977706909,-0.07472840696573257,0.4911618232727051,0.6213279962539673,-0.0810980349779129,0.5051102638244629,0.5778741240501404,-0.08559838682413101,0.4601900279521942,0.8140240907669067,-0.06095719709992409,0.48700839281082153,0.7367196679115295,-0.0738668292760849,0.5017246603965759,0.6911450028419495,-0.07716615498065948,0.513666570186615,0.6515250205993652,-0.07870135456323624,1
0.5614944696426392,0.27448412775993347,0.029724687337875366,0.5888904929161072,0.24350441992282867,0.10722335427999496,0.6024991273880005,0.24667474627494812,0.10767803341150284,0.6165899038314819,0.24930961430072784,0.10812598466873169,0.5550782084465027,0.24313050508499146,0.12647345662117004,0.5441197156906128,0.2455250322818756,0.12584146857261658,0.5345225930213928,0.24750448763370514,0.12597200274467468,0.6464782953262329,0.2857719361782074,0.4556410312652588,0.5306395292282104,0.28266555070877075,0.5473181009292603,0.5823076963424683,0.3274722695350647,0.15893280506134033,0.5409376621246338,0.3263285458087921,0.18405482172966003,0.7574576139450073,0.5306809544563293,0.434813916683197,0.4435439705848694,0.5301364660263062,0.6485788226127625,0.8203762173652649,0.8687745928764343,0.11276153475046158,0.325531929731369,0.8100120425224304,0.13457752764225006,0.703525185585022,0.876675546169281,-0.3276403844356537,0.45771265029907227,0.476936936378479,-0.6645485162734985,0.684969425201416,0.8906241059303284,-0.41145914793014526,0.48835134506225586,0.4012799859046936,-0.8288252949714661,0.6771152019500732,0.8614341616630554,-0.4140663146972656,0.5072608590126038,0.377838134765625,-0.7697371244430542,0.6765322685241699,0.8611475229263306,-0.3389246463775635,0.5001162886619568,0.41210564970970154,-0.6673113703727722,0.7181981205940247,1.0997332334518433,-0.07636107504367828,0.4898551106452942,1.1274234056472778,0.08276839554309845,0.7201225757598877,1.7437500953674316,-0.42781656980514526,0.4722861647605896,1.7507697343826294,-0.33737674355506897,0.7311579585075378,2.4082705974578857,-0.36689579486846924,0.5375108122825623,2.3451294898986816,-0.3017274737358093,0.7477260828018188,2.492938756942749,-0.3628466725349426,0.5526185631752014,2.419281244277954,-0.30349719524383545,0.6638535857200623,2.5904290676116943,-0.7805626392364502,0.5405454635620117,2.5141031742095947,-0.6934691667556763,0.0,0.0,0.0,0.0,0.0,0.0,0.0,0.0,0.0,0.0,0.0,0.0,0.0,0.0,0.0,0.0,0.0,0.0,0.0,0.0,0.0,0.0,0.0,0.0,0.0,0.0,0.0,0.0,0.0,0.0,0.0,0.0,0.0,0.0,0.0,0.0,0.0,0.0,0.0,0.0,0.0,0.0,0.0,0.0,0.0,0.0,0.0,0.0,0.0,0.0,0.0,0.0,0.0,0.0,0.0,0.0,0.0,0.0,0.0,0.0,0.0,0.0,0.0,0.0,0.0,0.0,0.0,0.0,0.0,0.0,0.0,0.0,0.0,0.0,0.0,0.0,0.0,0.0,0.0,0.0,0.0,0.0,0.0,0.0,0.0,0.0,0.0,0.0,0.0,0.0,0.0,0.0,0.0,0.0,0.0,0.0,0.0,0.0,0.0,0.0,0.0,0.0,0.0,0.0,0.0,0.0,0.0,0.0,0.0,0.0,0.0,0.0,0.0,0.0,0.0,0.0,0.0,0.0,0.0,0.0,0.0,0.0,0.0,0.0,0.0,0.0,1
0.5139007568359375,0.2395387589931488,-0.855391800403595,0.5329530835151672,0.19241221249103546,-0.7904233932495117,0.5520108938217163,0.1903788149356842,-0.7903777360916138,0.5702757835388184,0.18916653096675873,-0.7895281910896301,0.49077630043029785,0.20033882558345795,-0.7682391405105591,0.4787217676639557,0.20367079973220825,-0.7685576677322388,0.46613645553588867,0.20712657272815704,-0.7683860659599304,0.6091774702072144,0.21897906064987183,-0.3940662741661072,0.4536171853542328,0.2517044246196747,-0.28951743245124817,0.5539189577102661,0.2950386703014374,-0.706989586353302,0.4959386885166168,0.30533361434936523,-0.6794113516807556,0.748656153678894,0.5196126103401184,-0.188355952501297,0.3953021168708801,0.526809573173523,-0.05167175456881523,0.8346483111381531,0.8812401294708252,-0.520172119140625,0.2486582100391388,0.8674696683883667,-0.45271530747413635,0.5850538015365601,0.908344030380249,-1.0624074935913086,0.3882555663585663,0.5147372484207153,-1.1743221282958984,0.5318678617477417,0.9324977993965149,-1.1756806373596191,0.42814207077026367,0.4161965250968933,-1.3283724784851074,0.513268232345581,0.8775882720947266,-1.1347968578338623,0.42118963599205017,0.400588721036911,-1.2559717893600464,0.537992537021637,0.8669498562812805,-1.0602834224700928,0.4201984405517578,0.4348173439502716,-1.1671802997589111,0.6625936031341553,1.162414789199829,-0.03314995765686035,0.4431089758872986,1.1320453882217407,0.04227226600050926,0.6447868943214417,1.7535078525543213,-0.28899291157722473,0.4135538935661316,1.709051489830017,-0.2028760462999344,0.6402052044868469,2.3405983448028564,0.3253595232963562,0.4239937365055084,2.244511842727661,0.2704368829727173,0.6485407948493958,2.428330898284912,0.3851986527442932,0.4230799078941345,2.3234786987304688,0.31017425656318665,0.5976962447166443,2.492990732192993,-0.014359205961227417,0.4391903281211853,2.3981289863586426,-0.09967122226953506,0.0,0.0,0.0,0.0,0.0,0.0,0.0,0.0,0.0,0.0,0.0,0.0,0.0,0.0,0.0,0.0,0.0,0.0,0.0,0.0,0.0,0.0,0.0,0.0,0.0,0.0,0.0,0.0,0.0,0.0,0.0,0.0,0.0,0.0,0.0,0.0,0.0,0.0,0.0,0.0,0.0,0.0,0.0,0.0,0.0,0.0,0.0,0.0,0.0,0.0,0.0,0.0,0.0,0.0,0.0,0.0,0.0,0.0,0.0,0.0,0.0,0.0,0.0,0.3457099199295044,0.5482726097106934,-5.6085841748654275e-08,0.3455577492713928,0.4875633716583252,0.01079441886395216,0.3652423024177551,0.44958382844924927,0.016610465943813324,0.38159188628196716,0.4219985604286194,0.01837313175201416,0.3868064880371094,0.39659661054611206,0.01951673813164234,0.4106031656265259,0.4241149425506592,0.024144215509295464,0.44580748677253723,0.38282549381256104,0.023297490552067757,0.4662880003452301,0.3608560860157013,0.020137038081884384,0.48310190439224243,0.3457281291484833,0.017739851027727127,0.4322335720062256,0.43825873732566833,0.013384722173213959,0.47238317131996155,0.3935798406600952,0.01565667800605297,0.49414464831352234,0.3697955310344696,0.012440853752195835,0.5118292570114136,0.3515346348285675,0.008699453435838223,0.44896796345710754,0.4593490660190582,0.0014705813955515623,0.48795583844184875,0.41627106070518494,0.002807436278089881,0.5075975656509399,0.3919154703617096,0.0007458436884917319,0.5220839977264404,0.3707004189491272,-0.00219174986705184,0.46142733097076416,0.4859086871147156,-0.010511433705687523,0.4926390051841736,0.4528222382068634,-0.008007069118320942,0.510016143321991,0.43255615234375,-0.005186308640986681,0.5216740369796753,0.4142782390117645,-0.004194992128759623,1
0.5450834035873413,0.2394733875989914,-1.9141778945922852,0.5908510684967041,0.18883493542671204,-1.8462692499160767,0.6110725998878479,0.18955597281455994,-1.8467216491699219,0.6294534802436829,0.19000202417373657,-1.8462823629379272,0.5268601179122925,0.1896725744009018,-1.8291314840316772,0.5108418464660645,0.18970678746700287,-1.8297193050384521,0.4944206774234772,0.18986131250858307,-1.8294916152954102,0.6668317914009094,0.2247210443019867,-1.3474787473678589,0.47914940118789673,0.2105235457420349,-1.2927888631820679,0.5859670042991638,0.3055150806903839,-1.7280174493789673,0.512653648853302,0.3054884076118469,-1.7138779163360596,0.80793297290802,0.5662184953689575,-0.9229510426521301,0.33113282918930054,0.5044162273406982,-0.8270689249038696,0.9409447908401489,0.9953466653823853,-0.8854051828384399,0.15279975533485413,0.8907252550125122,-1.4151666164398193,0.9619873762130737,1.338832139968872,-1.2910397052764893,0.3881981372833252,0.5967134237289429,-2.2482504844665527,0.9780648350715637,1.442213773727417,-1.370102882385254,0.49247246980667114,0.5149837732315063,-2.424617052078247,0.939497172832489,1.433014988899231,-1.433058500289917,0.48030370473861694,0.446511447429657,-2.324049234390259,0.9194100499153137,1.4037015438079834,-1.325594186782837,0.459599107503891,0.4746984839439392,-2.2341294288635254,0.682328999042511,1.3039747476577759,-0.027833160012960434,0.3850586712360382,1.227182388305664,0.03683433681726456,0.651253342628479,1.9313442707061768,-0.21847228705883026,0.3847768008708954,1.9024404287338257,-0.09577416628599167,0.6706972718238831,2.4598963260650635,0.7262207269668579,0.4036628305912018,2.394456624984741,0.7252314686775208,0.6871843934059143,2.5537493228912354,0.8140551447868347,0.4105949401855469,2.468195676803589,0.7915619611740112,0.5992390513420105,2.6151506900787354,0.36427366733551025,0.40940696001052856,2.5780370235443115,0.2966182827949524,0.0,0.0,0.0,0.0,0.0,0.0,0.0,0.0,0.0,0.0,0.0,0.0,0.0,0.0,0.0,0.0,0.0,0.0,0.0,0.0,0.0,0.0,0.0,0.0,0.0,0.0,0.0,0.0,0.0,0.0,0.0,0.0,0.0,0.0,0.0,0.0,0.0,0.0,0.0,0.0,0.0,0.0,0.0,0.0,0.0,0.0,0.0,0.0,0.0,0.0,0.0,0.0,0.0,0.0,0.0,0.0,0.0,0.0,0.0,0.0,0.0,0.0,0.0,0.39088475704193115,0.6023318767547607,2.6595412805363594e-07,0.3545764088630676,0.5439075827598572,-0.022876102477312088,0.34566330909729004,0.4853716492652893,-0.039466772228479385,0.3607543706893921,0.44174227118492126,-0.05251041054725647,0.3814990520477295,0.418019562959671,-0.06438027322292328,0.4179871380329132,0.46248966455459595,-0.03757822513580322,0.46000155806541443,0.4089226722717285,-0.05528877303004265,0.4893621504306793,0.38018831610679626,-0.06577170640230179,0.5141577124595642,0.3616597652435303,-0.07166147232055664,0.45637014508247375,0.4857923090457916,-0.035637903958559036,0.5006484985351562,0.4228687584400177,-0.04885776340961456,0.5306243896484375,0.3874528110027313,-0.05545489490032196,0.5562983751296997,0.3622071444988251,-0.05979544669389725,0.48599645495414734,0.5102741718292236,-0.03506346419453621,0.5283632874488831,0.4492045044898987,-0.04704190790653229,0.5553773641586304,0.41285252571105957,-0.05258362367749214,0.5776391625404358,0.3857909142971039,-0.05535305663943291,0.5070926547050476,0.5341184139251709,-0.03609730675816536,0.5421268939971924,0.48460251092910767,-0.045687656849622726,0.5626863241195679,0.45424288511276245,-0.04806138575077057,0.5796495676040649,0.42894667387008667,-0.04802190139889717,1
0.5193186402320862,0.22671346366405487,-2.339935779571533,0.5604162812232971,0.17428360879421234,-2.2602992057800293,0.5825859308242798,0.17579306662082672,-2.2609548568725586,0.6013592481613159,0.1760430485010147,-2.26047945022583,0.5041964054107666,0.1662207543849945,-2.2741518020629883,0.4838409423828125,0.16171196103096008,-2.2748701572418213,0.4665001332759857,0.1554681807756424,-2.274545431137085,0.6281206011772156,0.2123524695634842,-1.6413462162017822,0.42183399200439453,0.169525146484375,-1.707187294960022,0.5452045202255249,0.30089494585990906,-2.095122814178467,0.4809064269065857,0.2798515260219574,-2.1169896125793457,0.7609251737594604,0.5213639140129089,-1.109602689743042,0.20665821433067322,0.5010764002799988,-1.1882355213165283,0.9729937314987183,0.8911550641059875,-1.4913184642791748,0.05321424454450607,0.9263278841972351,-1.840407371520996,0.7328351140022278,0.9942036867141724,-2.481926918029785,0.3008016049861908,0.6372295618057251,-2.778568744659424,0.7005974650382996,1.0374391078948975,-2.705075740814209,0.3762103319168091,0.5322636961936951,-2.987786054611206,0.6400851011276245,0.9767331480979919,-2.645960569381714,0.37972575426101685,0.4794546663761139,-2.9098098278045654,0.64771568775177,0.9801421761512756,-2.48644757270813,0.36979663372039795,0.5085815191268921,-2.767484664916992,0.6551137566566467,1.2835105657577515,-0.004655097145587206,0.3405154347419739,1.2508023977279663,0.01426358800381422,0.6527608036994934,1.8937264680862427,-0.6737897396087646,0.35088464617729187,1.843442678451538,-0.6395272016525269,0.6538185477256775,2.465803623199463,0.5235363245010376,0.36257001757621765,2.46799635887146,0.2329375445842743,0.6622156500816345,2.557053804397583,0.6357355713844299,0.36409902572631836,2.568639039993286,0.30084702372550964,0.5986555814743042,2.642747402191162,0.133138507604599,0.3779136836528778,2.6545071601867676,-0.3236410319805145,0.0,0.0,0.0,0.0,0.0,0.0,0.0,0.0,0.0,0.0,0.0,0.0,0.0,0.0,0.0,0.0,0.0,0.0,0.0,0.0,0.0,0.0,0.0,0.0,0.0,0.0,0.0,0.0,0.0,0.0,0.0,0.0,0.0,0.0,0.0,0.0,0.0,0.0,0.0,0.0,0.0,0.0,0.0,0.0,0.0,0.0,0.0,0.0,0.0,0.0,0.0,0.0,0.0,0.0,0.0,0.0,0.0,0.0,0.0,0.0,0.0,0.0,0.0,0.3252146244049072,0.6068640947341919,1.9098233394743147e-07,0.30432143807411194,0.5354701280593872,0.00230233883485198,0.31285685300827026,0.4754851162433624,-0.0014194733230397105,0.3305790424346924,0.4281338155269623,-0.005793399177491665,0.33355751633644104,0.39240479469299316,-0.011842756532132626,0.34006932377815247,0.46159476041793823,-0.019744280725717545,0.3861110806465149,0.39826855063438416,-0.027581103146076202,0.41267645359039307,0.36261996626853943,-0.0284404419362545,0.43221116065979004,0.3362062871456146,-0.028112497180700302,0.37552210688591003,0.483374685049057,-0.02730310708284378,0.4246180057525635,0.40683239698410034,-0.03425072878599167,0.45163625478744507,0.3644826412200928,-0.037102341651916504,0.47211572527885437,0.3315141797065735,-0.03898564726114273,0.40813687443733215,0.5106731653213501,-0.03316822648048401,0.4507901072502136,0.43425464630126953,-0.039183054119348526,0.4736320674419403,0.3910856246948242,-0.043240126222372055,0.4905165433883667,0.3566117584705353,-0.046180758625268936,0.436043918132782,0.54185551404953,-0.038064733147621155,0.46767210960388184,0.4829263389110565,-0.042098335921764374,0.4844975769519806,0.44673824310302734,-0.04224004969000816,0.49769896268844604,0.4137277603149414,-0.041793689131736755,1
0.5059937238693237,0.3950576186180115,-2.487302303314209,0.5484369993209839,0.3223702609539032,-2.4400739669799805,0.5703874230384827,0.3203941285610199,-2.4402928352355957,0.5847266912460327,0.31878870725631714,-2.4401016235351562,0.49621638655662537,0.3259672224521637,-2.4436373710632324,0.4731464982032776,0.32645347714424133,-2.4444684982299805,0.4604540467262268,0.32661059498786926,-2.4441041946411133,0.6044697165489197,0.3629171550273895,-1.8922789096832275,0.41048163175582886,0.36794623732566833,-1.9117720127105713,0.5337225198745728,0.47269877791404724,-2.258723258972168,0.460391104221344,0.477895051240921,-2.266866445541382,0.7798596620559692,0.6527301669120789,-1.2954790592193604,0.22445504367351532,0.6133343577384949,-1.3675646781921387,0.9500730633735657,1.0397840738296509,-1.1226451396942139,0.11416520923376083,1.0100233554840088,-2.0749857425689697,0.9074541926383972,1.4709450006484985,-1.3994472026824951,0.41766515374183655,0.7086153030395508,-2.8627803325653076,0.9121084213256836,1.5718615055084229,-1.4853416681289673,0.477390855550766,0.599664568901062,-3.0509886741638184,0.8509200215339661,1.5685850381851196,-1.5160585641860962,0.4939413070678711,0.5589624643325806,-2.9355547428131104,0.8320776224136353,1.546252727508545,-1.417064905166626,0.4847259521484375,0.5903427600860596,-2.8392462730407715,0.6804276704788208,1.4782369136810303,-0.003537023440003395,0.352896124124527,1.48479163646698,0.013257088139653206,0.6674154996871948,2.10610032081604,0.13460642099380493,0.3718012273311615,2.0774996280670166,0.26147085428237915,0.6784579157829285,2.7171030044555664,1.4772248268127441,0.38704612851142883,2.639582633972168,1.3602583408355713,0.693537175655365,2.803917169570923,1.6108052730560303,0.390730082988739,2.715249538421631,1.4593250751495361,0.610960066318512,2.933680295944214,1.1457555294036865,0.41330552101135254,2.8531265258789062,0.9153264760971069,0.0,0.0,0.0,0.0,0.0,0.0,0.0,0.0,0.0,0.0,0.0,0.0,0.0,0.0,0.0,0.0,0.0,0.0,0.0,0.0,0.0,0.0,0.0,0.0,0.0,0.0,0.0,0.0,0.0,0.0,0.0,0.0,0.0,0.0,0.0,0.0,0.0,0.0,0.0,0.0,0.0,0.0,0.0,0.0,0.0,0.0,0.0,0.0,0.0,0.0,0.0,0.0,0.0,0.0,0.0,0.0,0.0,0.0,0.0,0.0,0.0,0.0,0.0,0.43269723653793335,0.7390809655189514,1.9601975509431213e-07,0.38858580589294434,0.6891208291053772,-0.02201983518898487,0.35317349433898926,0.6233981847763062,-0.03947332873940468,0.3202335238456726,0.5781503915786743,-0.05558983236551285,0.2857365608215332,0.5617173314094543,-0.07226340472698212,0.43240270018577576,0.564328134059906,-0.029886165633797646,0.45615142583847046,0.4977286458015442,-0.04046181961894035,0.47395583987236023,0.4603969156742096,-0.04857565090060234,0.49046236276626587,0.4307640790939331,-0.05546826869249344,0.48110854625701904,0.5736031532287598,-0.03045249730348587,0.5056753158569336,0.4967213571071625,-0.0344700925052166,0.520366907119751,0.45395737886428833,-0.039529673755168915,0.5343992114067078,0.4185161292552948,-0.046545445919036865,0.5215552449226379,0.590369462966919,-0.032646678388118744,0.5460720658302307,0.5176181793212891,-0.03811110556125641,0.5558151602745056,0.47671476006507874,-0.04370546713471413,0.5637481212615967,0.4418189227581024,-0.04945569857954979,0.5546926856040955,0.6109766960144043,-0.03709166869521141,0.5850971937179565,0.5536929965019226,-0.04208759218454361,0.6008417010307312,0.5274549722671509,-0.0422133132815361,0.6128222942352295,0.5038101077079773,-0.04290406033396721,1
0.5888570547103882,0.26615625619888306,-0.6580316424369812,0.6121057271957397,0.20694823563098907,-0.5683883428573608,0.6273083686828613,0.2078835666179657,-0.5681326389312744,0.6417108774185181,0.2097245156764984,-0.5676404237747192,0.5681074857711792,0.20424054563045502,-0.5908463597297668,0.5533941984176636,0.20245833694934845,-0.5914069414138794,0.5381148457527161,0.2011696994304657,-0.5911787152290344,0.6595762968063354,0.2370011955499649,-0.0637083426117897,0.5073078870773315,0.22198514640331268,-0.1612672507762909,0.6089696288108826,0.3233277201652527,-0.461281955242157,0.5574750304222107,0.31840774416923523,-0.49131566286087036,0.7623239159584045,0.49777257442474365,0.22944143414497375,0.35440805554389954,0.49128198623657227,-0.009458665736019611,0.9015577435493469,0.8389464616775513,0.039148084819316864,0.27543163299560547,0.9042003750801086,-0.4926384389400482,0.8428118824958801,0.8669834136962891,-0.6249842047691345,0.4613545536994934,0.5874536633491516,-1.2445133924484253,0.8191075325012207,0.907185435295105,-0.7306303977966309,0.523298442363739,0.49028652906417847,-1.4178162813186646,0.7981230020523071,0.8614439368247986,-0.7466321587562561,0.5263779163360596,0.4436143934726715,-1.3605655431747437,0.8023269772529602,0.8535071015357971,-0.644274890422821,0.5175430178642273,0.47704997658729553,-1.2320013046264648,0.7028497457504272,1.1644593477249146,0.02278660610318184,0.4246303141117096,1.1455074548721313,-0.017311373725533485,0.7887006998062134,1.681067943572998,-0.5361337065696716,0.4044683873653412,1.7157788276672363,-0.5929111242294312,0.7848345041275024,2.283724546432495,-0.1437443196773529,0.46236753463745117,2.31610107421875,-0.45915788412094116,0.7779145240783691,2.366115093231201,-0.10749644041061401,0.47478723526000977,2.401994228363037,-0.45810142159461975,0.7935099601745605,2.4624087810516357,-0.47881826758384705,0.4823972284793854,2.487947940826416,-0.9257300496101379,0.0,0.0,0.0,0.0,0.0,0.0,0.0,0.0,0.0,0.0,0.0,0.0,0.0,0.0,0.0,0.0,0.0,0.0,0.0,0.0,0.0,0.0,0.0,0.0,0.0,0.0,0.0,0.0,0.0,0.0,0.0,0.0,0.0,0.0,0.0,0.0,0.0,0.0,0.0,0.0,0.0,0.0,0.0,0.0,0.0,0.0,0.0,0.0,0.0,0.0,0.0,0.0,0.0,0.0,0.0,0.0,0.0,0.0,0.0,0.0,0.0,0.0,0.0,0.4831007122993469,0.5908874273300171,2.9564123593672775e-08,0.4566694498062134,0.5366615056991577,-0.007232436910271645,0.4414341449737549,0.4835105836391449,-0.017600923776626587,0.4338564872741699,0.44066983461380005,-0.028109220787882805,0.4283883571624756,0.41208168864250183,-0.03837870806455612,0.5006452202796936,0.447028785943985,-0.01741115003824234,0.5281018018722534,0.38764697313308716,-0.02860010415315628,0.543408215045929,0.360247403383255,-0.03593159466981888,0.5565037131309509,0.3407306671142578,-0.03981264308094978,0.5309703946113586,0.4613828957080841,-0.02124120108783245,0.5601920485496521,0.39069879055023193,-0.02654786966741085,0.5755924582481384,0.3580281734466553,-0.027878468856215477,0.5883418321609497,0.3365625739097595,-0.029418013989925385,0.555456817150116,0.480762243270874,-0.02578311413526535,0.580605149269104,0.4128577411174774,-0.0296606607735157,0.5931134223937988,0.3802719712257385,-0.027701091021299362,0.6025148034095764,0.3580794334411621,-0.02677689492702484,0.5755754709243774,0.5045284032821655,-0.03129243478178978,0.5928967595100403,0.450814813375473,-0.03267715871334076,0.5991949439048767,0.42258697748184204,-0.027565477415919304,0.6036239266395569,0.4017946720123291,-0.023424949496984482,1
0.47901755571365356,0.3791453242301941,-1.1133428812026978,0.5040774345397949,0.31720447540283203,-1.0413053035736084,0.5267931222915649,0.31341224908828735,-1.041487216949463,0.5475031733512878,0.3106044828891754,-1.0410568714141846,0.45478320121765137,0.328724205493927,-1.0347812175750732,0.44088906049728394,0.33300745487213135,-1.035111665725708,0.4274562895298004,0.33688727021217346,-1.0348855257034302,0.5792866349220276,0.33891862630844116,-0.5927172303199768,0.4140324592590332,0.36565786600112915,-0.5635403990745544,0.5262573957443237,0.43427005410194397,-0.9452930688858032,0.45861372351646423,0.44524022936820984,-0.9387450218200684,0.7274361848831177,0.684512734413147,-0.2239702194929123,0.3370794653892517,0.6833979487419128,-0.3379404842853546,0.7738481163978577,1.074326992034912,-0.12252428382635117,0.22354952991008759,1.0786373615264893,-0.769018292427063,0.8048425912857056,1.4060559272766113,-0.5541355013847351,0.3836142420768738,0.7691599130630493,-1.5821995735168457,0.8200143575668335,1.502296805381775,-0.6193340420722961,0.4261508882045746,0.657212495803833,-1.7616901397705078,0.7999602556228638,1.486405849456787,-0.7224296927452087,0.42449650168418884,0.6257752180099487,-1.6994552612304688,0.7862120866775513,1.4549695253372192,-0.6075753569602966,0.41803422570228577,0.6586856245994568,-1.5814225673675537,0.6701687574386597,1.4234520196914673,0.04026726260781288,0.39168182015419006,1.4112311601638794,-0.03049861453473568,0.6654817461967468,2.0402448177337646,-0.19934265315532684,0.40589776635169983,1.9882673025131226,-0.16423743963241577,0.6630521416664124,2.620469570159912,0.7478988766670227,0.4179910719394684,2.527395486831665,0.5256600975990295,0.666572093963623,2.712106466293335,0.839820384979248,0.4162746071815491,2.6086502075195312,0.5801347494125366,0.6345940828323364,2.7914793491363525,0.4581826329231262,0.4519747197628021,2.705941915512085,0.11457202583551407,0.0,0.0,0.0,0.0,0.0,0.0,0.0,0.0,0.0,0.0,0.0,0.0,0.0,0.0,0.0,0.0,0.0,0.0,0.0,0.0,0.0,0.0,0.0,0.0,0.0,0.0,0.0,0.0,0.0,0.0,0.0,0.0,0.0,0.0,0.0,0.0,0.0,0.0,0.0,0.0,0.0,0.0,0.0,0.0,0.0,0.0,0.0,0.0,0.0,0.0,0.0,0.0,0.0,0.0,0.0,0.0,0.0,0.0,0.0,0.0,0.0,0.0,0.0,0.38192081451416016,0.7954802513122559,-7.466762497188029e-08,0.4344058930873871,0.7556079626083374,-0.00015958868607413024,0.45998209714889526,0.6850982308387756,0.00035075261257588863,0.46265846490859985,0.6191220879554749,-0.00042545958422124386,0.4546668529510498,0.5782281756401062,0.00021725078113377094,0.46959492564201355,0.6190834641456604,0.004536207299679518,0.49214980006217957,0.5539836287498474,-0.0004281173169147223,0.49632495641708374,0.5565218329429626,-0.006602713838219643,0.49506789445877075,0.5661130547523499,-0.010234844870865345,0.44624200463294983,0.6147196292877197,0.0017030066810548306,0.4701596796512604,0.5556575059890747,0.0029069227166473866,0.47749754786491394,0.5593147873878479,-0.0006622443324886262,0.4784780740737915,0.5700131058692932,-0.004817616194486618,0.4214864671230316,0.6203888058662415,-0.001619783346541226,0.4489613473415375,0.5679147243499756,0.0006605894304811954,0.459515243768692,0.5697596669197083,0.0012686689151450992,0.4622676372528076,0.5802123546600342,-0.0004243713920004666,0.39717385172843933,0.6314650774002075,-0.005010337568819523,0.4188299775123596,0.5929545760154724,-0.0005801165825687349,0.4273477792739868,0.5956284403800964,0.005900375545024872,0.42717474699020386,0.6077665090560913,0.010260733775794506,1
0.48566383123397827,0.22109755873680115,-1.298852562904358,0.5115695595741272,0.18112383782863617,-1.2232927083969116,0.5327163338661194,0.18240830302238464,-1.2234432697296143,0.5524876117706299,0.18393047153949738,-1.223046064376831,0.46299681067466736,0.1858544647693634,-1.2094701528549194,0.4490918517112732,0.18969392776489258,-1.2100670337677002,0.43491989374160767,0.19363440573215485,-1.2101216316223145,0.5958442687988281,0.2260143905878067,-0.7559753060340881,0.4215531349182129,0.23929981887340546,-0.711076557636261,0.53012615442276,0.28687170147895813,-1.1282271146774292,0.4607826769351959,0.2978501319885254,-1.1173946857452393,0.7556949853897095,0.583200216293335,-0.4807884693145752,0.3358146548271179,0.5569199323654175,-0.4113539159297943,0.8834120035171509,0.975568413734436,-0.8070006370544434,0.09834661334753036,0.7951249480247498,-1.1268059015274048,0.9038489460945129,0.9148218035697937,-1.4131500720977783,0.3504907190799713,0.4979102313518524,-1.974069595336914,0.9192230105400085,0.903069257736206,-1.5378458499908447,0.40863561630249023,0.40292254090309143,-2.1679139137268066,0.9195488691329956,0.8794419169425964,-1.558935284614563,0.41062822937965393,0.38408008217811584,-2.052889823913574,0.9017369151115417,0.894064724445343,-1.4492377042770386,0.4023626744747162,0.4207729399204254,-1.966550588607788,0.6639080047607422,1.3571454286575317,0.007698418106883764,0.37655916810035706,1.3343505859375,0.002644090447574854,0.639315128326416,1.9694981575012207,-0.20399518311023712,0.3773399591445923,1.9436081647872925,-0.1861167848110199,0.65884929895401,2.544492483139038,0.6892349720001221,0.39305487275123596,2.501865863800049,0.5444988012313843,0.6699875593185425,2.640399932861328,0.7789360284805298,0.3957861065864563,2.5865061283111572,0.6046203374862671,0.5925123691558838,2.7012202739715576,0.336747944355011,0.3990498185157776,2.6755332946777344,0.11902300268411636,0.0,0.0,0.0,0.0,0.0,0.0,0.0,0.0,0.0,0.0,0.0,0.0,0.0,0.0,0.0,0.0,0.0,0.0,0.0,0.0,0.0,0.0,0.0,0.0,0.0,0.0,0.0,0.0,0.0,0.0,0.0,0.0,0.0,0.0,0.0,0.0,0.0,0.0,0.0,0.0,0.0,0.0,0.0,0.0,0.0,0.0,0.0,0.0,0.0,0.0,0.0,0.0,0.0,0.0,0.0,0.0,0.0,0.0,0.0,0.0,0.0,0.0,0.0,0.32036784291267395,0.5633866786956787,2.0264172917450196e-07,0.2898164987564087,0.5034465193748474,-0.014582174830138683,0.28747060894966125,0.44832807779312134,-0.026307206600904465,0.2966651916503906,0.4017353951931,-0.03690319135785103,0.28561529517173767,0.3713289499282837,-0.04806038737297058,0.3651152551174164,0.41407668590545654,-0.021302567794919014,0.41142553091049194,0.36855873465538025,-0.03248567134141922,0.4414352774620056,0.34367501735687256,-0.04100968688726425,0.4653920531272888,0.3259463608264923,-0.04669167846441269,0.3974784314632416,0.43628644943237305,-0.023153049871325493,0.4448517858982086,0.3788505494594574,-0.03091154247522354,0.47528600692749023,0.34696903824806213,-0.03679138794541359,0.5002378225326538,0.3253134489059448,-0.04163414239883423,0.4197753071784973,0.4619743824005127,-0.026275819167494774,0.4623993933200836,0.4051842987537384,-0.03362981602549553,0.48737677931785583,0.3721626102924347,-0.039025574922561646,0.5064697265625,0.3487456142902374,-0.0427345409989357,0.43601974844932556,0.4871927499771118,-0.030908964574337006,0.4708695411682129,0.43852248787879944,-0.03591900318861008,0.4907117187976837,0.4098028540611267,-0.037123892456293106,0.5060936212539673,0.387031227350235,-0.03766239434480667,1
0.4148188531398773,0.194512739777565,-0.9340120553970337,0.45622700452804565,0.14696642756462097,-0.8740997314453125,0.4718340337276459,0.14658579230308533,-0.8740537762641907,0.49483123421669006,0.14582543075084686,-0.8734943270683289,0.4127649664878845,0.15158163011074066,-0.8548701405525208,0.3945155143737793,0.1549985259771347,-0.8553012609481812,0.38587719202041626,0.15600843727588654,-0.854744553565979,0.5282801389694214,0.17691001296043396,-0.46909061074256897,0.38945603370666504,0.18766051530838013,-0.3872758150100708,0.4563123285770416,0.2655322253704071,-0.7823296785354614,0.3975546956062317,0.26691514253616333,-0.7606984376907349,0.6890686750411987,0.46577152609825134,-0.2253413200378418,0.25345394015312195,0.4457124173641205,-0.1013178825378418,0.8717060089111328,0.8036127090454102,-0.3745073080062866,0.09990014880895615,0.7903461456298828,-0.6976048946380615,0.7788300514221191,1.1069462299346924,-0.888360321521759,0.3584693372249603,0.4526880979537964,-1.5287901163101196,0.7717618942260742,1.2031047344207764,-0.9884306192398071,0.40900516510009766,0.3605979084968567,-1.7158949375152588,0.720079779624939,1.185779094696045,-1.0095056295394897,0.41720566153526306,0.32917478680610657,-1.6132131814956665,0.7131679058074951,1.1648446321487427,-0.9073134660720825,0.40758055448532104,0.3752555847167969,-1.5172886848449707,0.6107858419418335,1.2287847995758057,-0.054121244698762894,0.3456188440322876,1.2234814167022705,0.061972230672836304,0.6126428842544556,1.7803255319595337,-0.4571312367916107,0.34138602018356323,1.8048217296600342,-0.29534071683883667,0.6480148434638977,2.3601298332214355,0.1897720992565155,0.3803332448005676,2.3920507431030273,0.17736756801605225,0.6675186157226562,2.4554264545440674,0.24753162264823914,0.3897436857223511,2.4823782444000244,0.20957620441913605,0.5868762731552124,2.507793426513672,-0.16836121678352356,0.37793171405792236,2.5558831691741943,-0.25184935331344604,0.0,0.0,0.0,0.0,0.0,0.0,0.0,0.0,0.0,0.0,0.0,0.0,0.0,0.0,0.0,0.0,0.0,0.0,0.0,0.0,0.0,0.0,0.0,0.0,0.0,0.0,0.0,0.0,0.0,0.0,0.0,0.0,0.0,0.0,0.0,0.0,0.0,0.0,0.0,0.0,0.0,0.0,0.0,0.0,0.0,0.0,0.0,0.0,0.0,0.0,0.0,0.0,0.0,0.0,0.0,0.0,0.0,0.0,0.0,0.0,0.0,0.0,0.0,0.33963432908058167,0.5011706352233887,-1.4718926877321792e-07,0.3021281957626343,0.45663321018218994,-0.009836897253990173,0.285527765750885,0.40459638833999634,-0.022827332839369774,0.2722355127334595,0.3743740916252136,-0.03681835159659386,0.26452937722206116,0.3533824384212494,-0.051064975559711456,0.3875676393508911,0.307176798582077,-0.007697582244873047,0.4181411564350128,0.2861129343509674,-0.017417054623365402,0.4220385253429413,0.2894666790962219,-0.029148809611797333,0.4228948652744293,0.29216259717941284,-0.03745880350470543,0.4224187135696411,0.3254218101501465,-0.012293748557567596,0.45037591457366943,0.292108416557312,-0.01443797443062067,0.4492505192756653,0.2882192134857178,-0.01957429200410843,0.4469648599624634,0.2899072766304016,-0.02486429177224636,0.4456755518913269,0.355432391166687,-0.018551453948020935,0.4704333543777466,0.31743794679641724,-0.021118301898241043,0.46827855706214905,0.3159385621547699,-0.019813979044556618,0.466876745223999,0.31780368089675903,-0.02002670429646969,0.4588509202003479,0.39302825927734375,-0.02621658705174923,0.4795675575733185,0.36089441180229187,-0.024999136105179787,0.47823795676231384,0.3601799011230469,-0.01594778522849083,0.47380781173706055,0.36425215005874634,-0.009130924008786678,1
