0,1,2,3,4,5,6,7,8,9,10,11,12,13,14,15,16,17,18,19,20,21,22,23,24,25,26,27,28,29,30,31,32,33,34,35,36,37,38,39,40,41,42,43,44,45,46,47,48,49,50,51,52,53,54,55,56,57,58,59,60,61,62,63,64,65,66,67,68,69,70,71,72,73,74,75,76,77,78,79,80,81,82,83,84,85,86,87,88,89,90,91,92,93,94,95,96,97,98,99,100,101,102,103,104,105,106,107,108,109,110,111,112,113,114,115,116,117,118,119,120,121,122,123,124,125,126,127,128,129,130,131,132,133,134,135,136,137,138,139,140,141,142,143,144,145,146,147,148,149,150,151,152,153,154,155,156,157,158,159,160,161,162,163,164,165,166,167,168,169,170,171,172,173,174,175,176,177,178,179,180,181,182,183,184,185,186,187,188,189,190,191,192,193,194,195,196,197,198,199,200,201,202,203,204,205,206,207,208,209,210,211,212,213,214,215,216,217,218,219,220,221,222,223,224,225
0.35483238101005554,0.38942405581474304,-0.8904558420181274,0.3730418086051941,0.3532120883464813,-0.8456001281738281,0.3843642473220825,0.3535972237586975,-0.8455554246902466,0.3935428857803345,0.3545569181442261,-0.8454108238220215,0.3380172550678253,0.3547621965408325,-0.8451026678085327,0.32840582728385925,0.3554401993751526,-0.8454039692878723,0.320398211479187,0.35592973232269287,-0.8450349569320679,0.4084663987159729,0.3684336543083191,-0.5333479046821594,0.3108285069465637,0.3628312945365906,-0.5349341630935669,0.37677937746047974,0.4282764196395874,-0.7719192504882812,0.3359852135181427,0.431890070438385,-0.7729005813598633,0.5009860992431641,0.5684897303581238,-0.2619544267654419,0.23850318789482117,0.5457139611244202,-0.32087039947509766,0.5625342130661011,0.8119340538978577,-0.11550392210483551,0.14304128289222717,0.7879071831703186,-0.6445595026016235,0.5336586236953735,0.9748627543449402,-0.31257036328315735,0.26590627431869507,0.6063106060028076,-1.1847366094589233,0.5329155921936035,1.0458630323410034,-0.35318291187286377,0.29935938119888306,0.5602195262908936,-1.294374942779541,0.5107145309448242,1.0187742710113525,-0.407487690448761,0.30834490060806274,0.527521014213562,-1.2693383693695068,0.5023594498634338,0.992529571056366,-0.33433061838150024,0.30306026339530945,0.5403398871421814,-1.1863528490066528,0.43704599142074585,0.9980684518814087,0.007842503488063812,0.27984532713890076,0.9998849630355835,-0.003949013538658619,0.45870599150657654,1.3256042003631592,-0.21631869673728943,0.300113320350647,1.3298988342285156,-0.15253926813602448,0.46207159757614136,1.6224167346954346,0.3548363149166107,0.31380951404571533,1.6436264514923096,0.2231069803237915,0.4633122384548187,1.6664475202560425,0.4066919684410095,0.31340354681015015,1.6909762620925903,0.24834032356739044,0.4539300799369812,1.7238107919692993,0.17495974898338318,0.3338143229484558,1.7438666820526123,-0.048749662935733795,0.0,0.0,0.0,0.0,0.0,0.0,0.0,0.0,0.0,0.0,0.0,0.0,0.0,0.0,0.0,0.0,0.0,0.0,0.0,0.0,0.0,0.0,0.0,0.0,0.0,0.0,0.0,0.0,0.0,0.0,0.0,0.0,0.0,0.0,0.0,0.0,0.0,0.0,0.0,0.0,0.0,0.0,0.0,0.0,0.0,0.0,0.0,0.0,0.0,0.0,0.0,0.0,0.0,0.0,0.0,0.0,0.0,0.0,0.0,0.0,0.0,0.0,0.0,0.2690039575099945,0.604378342628479,1.1688983647673012e-07,0.2596146762371063,0.5669839382171631,-0.002143140882253647,0.2597537636756897,0.5303288698196411,-0.006166388280689716,0.2627801299095154,0.5022908449172974,-0.010174020193517208,0.25832808017730713,0.4835539162158966,-0.014638807624578476,0.28791025280952454,0.5236875414848328,-0.011891994625329971,0.31350287795066833,0.4938324987888336,-0.01807336136698723,0.32816287875175476,0.47635507583618164,-0.02152813971042633,0.3384725749492645,0.46287283301353455,-0.023536965250968933,0.3029700815677643,0.5381472110748291,-0.015578391961753368,0.32938867807388306,0.5024919509887695,-0.020100578665733337,0.3443047106266022,0.48151662945747375,-0.022232459858059883,0.35484471917152405,0.46486377716064453,-0.024207040667533875,0.31542184948921204,0.5544725656509399,-0.01903487741947174,0.34074485301971436,0.5195054411888123,-0.023472348228096962,0.35409048199653625,0.4995470345020294,-0.02462787553668022,0.36384114623069763,0.484454482793808,-0.025602376088500023,0.32559019327163696,0.5718970894813538,-0.022539004683494568,0.3469143509864807,0.546674370765686,-0.026303065940737724,0.359639048576355,0.5324752330780029,-0.026123663410544395,0.37036871910095215,0.5213421583175659,-0.025761069729924202,1
0.4383930563926697,0.3830527365207672,-1.135172724723816,0.47685131430625916,0.29540926218032837,-1.1216332912445068,0.4967281222343445,0.29768434166908264,-1.1218390464782715,0.515740692615509,0.3019401431083679,-1.1220033168792725,0.3997812867164612,0.31669628620147705,-1.0874381065368652,0.37667638063430786,0.32444342970848083,-1.0879464149475098,0.35963720083236694,0.3303397595882416,-1.087792158126831,0.5427079796791077,0.3393769860267639,-0.9292899370193481,0.3546059727668762,0.34593966603279114,-0.7749256491661072,0.4724694788455963,0.42665618658065796,-1.0535321235656738,0.3924503028392792,0.431887149810791,-1.0095733404159546,0.6611587405204773,0.5640485286712646,-0.8334169387817383,0.3589003384113312,0.5499915480613708,-0.4917718470096588,0.8289128541946411,0.8091805577278137,-0.736487090587616,0.2586531639099121,0.7859359979629517,-0.8265275955200195,0.7894846200942993,0.9305888414382935,-0.7063501477241516,0.23370543122291565,0.6862308979034424,-1.4124959707260132,0.792587161064148,0.9774011969566345,-0.7483166456222534,0.20749592781066895,0.6657775640487671,-1.4906295537948608,0.7412657737731934,0.9735520482063293,-0.7434144616127014,0.229346364736557,0.6430762410163879,-1.4891389608383179,0.7298256754875183,0.9634236097335815,-0.6985896825790405,0.26038452982902527,0.6599290370941162,-1.428020715713501,0.5832919478416443,1.0106244087219238,-0.1308182179927826,0.4311407208442688,0.9998626708984375,0.13170486688613892,0.4745132327079773,1.2544796466827393,0.01424284465610981,0.3132358491420746,1.2327326536178589,0.4479145109653473,0.464974969625473,1.4292187690734863,0.8122203946113586,0.3311938941478729,1.4812391996383667,0.9407021403312683,0.47080135345458984,1.4367727041244507,0.9058214426040649,0.358712762594223,1.516816258430481,0.9926763772964478,0.41854849457740784,1.598868489265442,0.8668463826179504,0.2919490933418274,1.6312963962554932,0.8852397799491882,0.0,0.0,0.0,0.0,0.0,0.0,0.0,0.0,0.0,0.0,0.0,0.0,0.0,0.0,0.0,0.0,0.0,0.0,0.0,0.0,0.0,0.0,0.0,0.0,0.0,0.0,0.0,0.0,0.0,0.0,0.0,0.0,0.0,0.0,0.0,0.0,0.0,0.0,0.0,0.0,0.0,0.0,0.0,0.0,0.0,0.0,0.0,0.0,0.0,0.0,0.0,0.0,0.0,0.0,0.0,0.0,0.0,0.0,0.0,0.0,0.0,0.0,0.0,0.0,0.0,0.0,0.0,0.0,0.0,0.0,0.0,0.0,0.0,0.0,0.0,0.0,0.0,0.0,0.0,0.0,0.0,0.0,0.0,0.0,0.0,0.0,0.0,0.0,0.0,0.0,0.0,0.0,0.0,0.0,0.0,0.0,0.0,0.0,0.0,0.0,0.0,0.0,0.0,0.0,0.0,0.0,0.0,0.0,0.0,0.0,0.0,0.0,0.0,0.0,0.0,0.0,0.0,0.0,0.0,0.0,0.0,0.0,0.0,0.0,0.0,0.0,1
0.5337896347045898,0.26932618021965027,-1.0452091693878174,0.5563136339187622,0.2243637591600418,-0.9887720942497253,0.5718013644218445,0.22553963959217072,-0.9886989593505859,0.5851256251335144,0.22593501210212708,-0.9885089993476868,0.5143574476242065,0.22414115071296692,-0.9906499981880188,0.5026470422744751,0.22571052610874176,-0.9912652969360352,0.49213045835494995,0.22844041883945465,-0.9909483194351196,0.6079325675964355,0.2474939078092575,-0.6528070569038391,0.4743758738040924,0.2518981695175171,-0.6360423564910889,0.5639592409133911,0.3157939314842224,-0.9101806879043579,0.5138646364212036,0.3140697181224823,-0.9125937223434448,0.6970920562744141,0.4917190670967102,-0.3839753568172455,0.3781513571739197,0.484602153301239,-0.4634017050266266,0.7760649919509888,0.7678736448287964,-0.6406134366989136,0.3276922106742859,0.802790641784668,-0.8817559480667114,0.709318220615387,0.7284258604049683,-1.2824443578720093,0.5084042549133301,0.5804929733276367,-1.400719404220581,0.6914569139480591,0.7221006751060486,-1.4049036502838135,0.5446525812149048,0.515889048576355,-1.5129019021987915,0.6765040755271912,0.6828076839447021,-1.3815412521362305,0.5314105749130249,0.4811907112598419,-1.4657018184661865,0.6725469827651978,0.6918578743934631,-1.2883111238479614,0.5319461226463318,0.5078756213188171,-1.3889615535736084,0.634570300579071,0.9865294694900513,0.018215103074908257,0.4594915509223938,0.985769510269165,-0.014204981736838818,0.6564147472381592,1.3180323839187622,-0.18881575763225555,0.462862104177475,1.315389633178711,-0.19836990535259247,0.6439157724380493,1.6203902959823608,0.6234042644500732,0.46561041474342346,1.6409739255905151,0.42850279808044434,0.6429033279418945,1.6628901958465576,0.7008342146873474,0.45887064933776855,1.6899678707122803,0.47517624497413635,0.6404401063919067,1.759255051612854,0.46765464544296265,0.5025147199630737,1.776261806488037,0.1884351670742035,0.0,0.0,0.0,0.0,0.0,0.0,0.0,0.0,0.0,0.0,0.0,0.0,0.0,0.0,0.0,0.0,0.0,0.0,0.0,0.0,0.0,0.0,0.0,0.0,0.0,0.0,0.0,0.0,0.0,0.0,0.0,0.0,0.0,0.0,0.0,0.0,0.0,0.0,0.0,0.0,0.0,0.0,0.0,0.0,0.0,0.0,0.0,0.0,0.0,0.0,0.0,0.0,0.0,0.0,0.0,0.0,0.0,0.0,0.0,0.0,0.0,0.0,0.0,0.5103549361228943,0.5825077891349792,7.768971954646986e-08,0.4828852117061615,0.5508443117141724,-0.005858215503394604,0.464455783367157,0.5185291767120361,-0.01261027343571186,0.4552275538444519,0.48539334535598755,-0.019078118726611137,0.44732001423835754,0.45651713013648987,-0.02536887302994728,0.4857010841369629,0.47786933183670044,-0.014086957089602947,0.4922601878643036,0.4212222993373871,-0.022358261048793793,0.4953221380710602,0.3906904458999634,-0.026477716863155365,0.4972183108329773,0.36711543798446655,-0.028458526358008385,0.5090299248695374,0.47852960228919983,-0.016442731022834778,0.5148783326148987,0.41626352071762085,-0.021140534430742264,0.5163928866386414,0.3829348087310791,-0.02296430990099907,0.5170612931251526,0.3587074875831604,-0.024733703583478928,0.530526876449585,0.4841954708099365,-0.01931544952094555,0.5356144309043884,0.42671310901641846,-0.022767554968595505,0.5365610122680664,0.3954178988933563,-0.023399250581860542,0.5357441902160645,0.3725150227546692,-0.024287499487400055,0.5496103763580322,0.49325498938560486,-0.022842340171337128,0.5523572564125061,0.4502823054790497,-0.02493033930659294,0.552763044834137,0.42560702562332153,-0.02401144988834858,0.5521649718284607,0.4049552381038666,-0.02309088595211506,1
0.522209644317627,0.3571261167526245,-2.3247885704040527,0.5535021424293518,0.2907879948616028,-2.2948622703552246,0.5719033479690552,0.2914765179157257,-2.2955212593078613,0.5889946222305298,0.292240709066391,-2.296099901199341,0.4906732439994812,0.2898313105106354,-2.275641441345215,0.46915680170059204,0.28938284516334534,-2.2761197090148926,0.45233234763145447,0.2895560562610626,-2.275895357131958,0.6363050937652588,0.31630998849868774,-1.9269241094589233,0.41847553849220276,0.31100380420684814,-1.844935655593872,0.5547271966934204,0.4321059584617615,-2.166862964630127,0.49344706535339355,0.43493589758872986,-2.143998384475708,0.730417788028717,0.6193954348564148,-1.5656425952911377,0.36628204584121704,0.592712938785553,-1.3957359790802002,0.8548625111579895,0.9727541208267212,-1.4375216960906982,0.31752100586891174,0.8120090961456299,-1.3378230333328247,0.8591062426567078,1.1772758960723877,-1.5316067934036255,0.45101723074913025,0.7350144982337952,-1.4658396244049072,0.8769658803939819,1.2471600770950317,-1.6523754596710205,0.48767542839050293,0.7487404346466064,-1.5524506568908691,0.8403319120407104,1.2342578172683716,-1.6983897686004639,0.5063511729240417,0.7041074633598328,-1.5803226232528687,0.8216882944107056,1.2050769329071045,-1.5570075511932373,0.49612489342689514,0.7030118107795715,-1.4824111461639404,0.6679111123085022,1.0407427549362183,-0.057071518152952194,0.4665038585662842,1.0463652610778809,0.05972879007458687,0.7000901103019714,1.3311877250671387,0.29781997203826904,0.4776858687400818,1.3372966051101685,0.5850358009338379,0.653038501739502,1.50314462184906,1.5094822645187378,0.5071612596511841,1.5596816539764404,1.6375713348388672,0.6407660841941833,1.5171982049942017,1.6345125436782837,0.5173497200012207,1.5960320234298706,1.7433254718780518,0.6315392255783081,1.6375633478164673,1.3891634941101074,0.5077181458473206,1.6712496280670166,1.4888520240783691,0.0,0.0,0.0,0.0,0.0,0.0,0.0,0.0,0.0,0.0,0.0,0.0,0.0,0.0,0.0,0.0,0.0,0.0,0.0,0.0,0.0,0.0,0.0,0.0,0.0,0.0,0.0,0.0,0.0,0.0,0.0,0.0,0.0,0.0,0.0,0.0,0.0,0.0,0.0,0.0,0.0,0.0,0.0,0.0,0.0,0.0,0.0,0.0,0.0,0.0,0.0,0.0,0.0,0.0,0.0,0.0,0.0,0.0,0.0,0.0,0.0,0.0,0.0,0.45280349254608154,0.8259614706039429,-2.472536486664012e-08,0.4004189074039459,0.771408200263977,-0.015429227612912655,0.3818838596343994,0.7024009823799133,-0.023525971919298172,0.3950229287147522,0.6365005373954773,-0.029806476086378098,0.41058066487312317,0.5903440117835999,-0.035148054361343384,0.441467821598053,0.6424077749252319,-0.018612496554851532,0.4563582241535187,0.5590799450874329,-0.03176221251487732,0.4681967496871948,0.513133704662323,-0.03999022766947746,0.48054468631744385,0.47778579592704773,-0.0451880507171154,0.4806518256664276,0.6514041423797607,-0.0170898474752903,0.49338388442993164,0.5615231394767761,-0.027410469949245453,0.5015510320663452,0.5086967945098877,-0.03307215869426727,0.5107190012931824,0.467601478099823,-0.03681868314743042,0.5108800530433655,0.6693170070648193,-0.01730882003903389,0.5226454138755798,0.5875134468078613,-0.027987461537122726,0.5293542742729187,0.5366508960723877,-0.033184196799993515,0.5353054404258728,0.4951973557472229,-0.0353878028690815,0.5347663760185242,0.69317227602005,-0.018753601238131523,0.5451878309249878,0.6259350776672363,-0.02722841687500477,0.5499883890151978,0.5856688618659973,-0.030173154547810555,0.5540779829025269,0.5506271719932556,-0.03059205412864685,1
0.4141056537628174,0.31371626257896423,-0.9139052629470825,0.43479251861572266,0.270475834608078,-0.8572219014167786,0.4495542049407959,0.271028995513916,-0.8570505976676941,0.462048202753067,0.27222347259521484,-0.8569703102111816,0.3931937515735626,0.2737777531147003,-0.8515325784683228,0.3787122368812561,0.2761519253253937,-0.8513282537460327,0.36758989095687866,0.27925315499305725,-0.8506634831428528,0.4874563217163086,0.29688137769699097,-0.5068924427032471,0.3541105091571808,0.3043578267097473,-0.4892401695251465,0.44372886419296265,0.36163052916526794,-0.7832601070404053,0.39295125007629395,0.36616209149360657,-0.7786244750022888,0.6222673654556274,0.5929528474807739,-0.21895134449005127,0.25643762946128845,0.6035435199737549,-0.3158803880214691,0.6933917999267578,0.9509457945823669,-0.08638400584459305,0.2663895785808563,0.9536867141723633,-0.7722350358963013,0.7188878059387207,1.1989073753356934,-0.3609021306037903,0.38842958211898804,0.6367231607437134,-1.4808785915374756,0.7410726547241211,1.2925660610198975,-0.4069322645664215,0.4110954701900482,0.548897922039032,-1.601728081703186,0.715584933757782,1.280771255493164,-0.4701402187347412,0.40889716148376465,0.5227689146995544,-1.572844386100769,0.6986021399497986,1.2405664920806885,-0.38979795575141907,0.4085630774497986,0.5401018261909485,-1.4807981252670288,0.5747978687286377,1.137350082397461,0.009630419313907623,0.36147233843803406,1.1792970895767212,-0.004498085472732782,0.6077728271484375,1.59416663646698,-0.13290883600711823,0.39142918586730957,1.6158924102783203,-0.04011688381433487,0.621944010257721,1.9393399953842163,0.700554609298706,0.40933066606521606,2.001699686050415,0.5422629117965698,0.6251672506332397,1.9993412494659424,0.7819589972496033,0.4063912332057953,2.0668463706970215,0.5886050462722778,0.6078348755836487,2.0786564350128174,0.5396634340286255,0.4573543965816498,2.146299123764038,0.25926822423934937,0.0,0.0,0.0,0.0,0.0,0.0,0.0,0.0,0.0,0.0,0.0,0.0,0.0,0.0,0.0,0.0,0.0,0.0,0.0,0.0,0.0,0.0,0.0,0.0,0.0,0.0,0.0,0.0,0.0,0.0,0.0,0.0,0.0,0.0,0.0,0.0,0.0,0.0,0.0,0.0,0.0,0.0,0.0,0.0,0.0,0.0,0.0,0.0,0.0,0.0,0.0,0.0,0.0,0.0,0.0,0.0,0.0,0.0,0.0,0.0,0.0,0.0,0.0,0.4029384255409241,0.63595050573349,1.6991124951459824e-08,0.365576833486557,0.614608108997345,-0.010317602194845676,0.3405774235725403,0.5852174758911133,-0.01995990052819252,0.3271307945251465,0.5519694685935974,-0.028406737372279167,0.32179346680641174,0.5212112069129944,-0.036677274852991104,0.3708735704421997,0.526159405708313,-0.018157055601477623,0.37771618366241455,0.4704977571964264,-0.027604149654507637,0.38365989923477173,0.44467973709106445,-0.03352567180991173,0.38982751965522766,0.4239521622657776,-0.03717171400785446,0.3983132243156433,0.5259242653846741,-0.019573865458369255,0.4042987525463104,0.46425533294677734,-0.0248161181807518,0.4084441661834717,0.43267175555229187,-0.028403740376234055,0.4131833016872406,0.40885812044143677,-0.03218976780772209,0.4227014183998108,0.5340278148651123,-0.021984564140439034,0.42809176445007324,0.477981835603714,-0.027849838137626648,0.4296790361404419,0.44546008110046387,-0.031353238970041275,0.4300961196422577,0.42064595222473145,-0.034412212669849396,0.44501084089279175,0.5468873977661133,-0.025083379819989204,0.44927817583084106,0.5023537278175354,-0.03029734268784523,0.45028257369995117,0.47668585181236267,-0.030998121947050095,0.45047250390052795,0.45518311858177185,-0.03123560920357704,1
0.4844593107700348,0.2546263337135315,-1.9721887111663818,0.5141258239746094,0.20859621465206146,-1.9115787744522095,0.5336758494377136,0.20979374647140503,-1.9116685390472412,0.5512692332267761,0.21195681393146515,-1.9111639261245728,0.46159619092941284,0.21176576614379883,-1.9033279418945312,0.4450403153896332,0.21459083259105682,-1.9043458700180054,0.4277884066104889,0.2187003642320633,-1.9038498401641846,0.5823798775672913,0.23696967959403992,-1.4418084621429443,0.4040980339050293,0.24489720165729523,-1.410691738128662,0.5139582753181458,0.3154906928539276,-1.7893602848052979,0.457963228225708,0.32511287927627563,-1.7825886011123657,0.7201529741287231,0.5749912858009338,-1.0623211860656738,0.3206903338432312,0.533298909664154,-1.0297132730484009,0.8325057029724121,0.9398505687713623,-1.587233066558838,0.1396704614162445,0.8700962066650391,-1.750685453414917,0.6984342336654663,0.9566020369529724,-2.4567947387695312,0.32896021008491516,0.5787684321403503,-2.7405595779418945,0.6579214334487915,0.997512936592102,-2.6510231494903564,0.3731096386909485,0.5117575526237488,-2.9617342948913574,0.6323168277740479,0.948148787021637,-2.586094617843628,0.38569337129592896,0.46853217482566833,-2.8585846424102783,0.6355985403060913,0.9230150580406189,-2.4517011642456055,0.3807624876499176,0.4985758364200592,-2.7229514122009277,0.6427034139633179,1.1536048650741577,0.01219935528934002,0.3796943724155426,1.1284853219985962,-0.005837884731590748,0.6636887788772583,1.6700522899627686,0.05668053776025772,0.41870933771133423,1.597839593887329,-0.47605857253074646,0.6713037490844727,2.040504217147827,1.3919708728790283,0.4400143623352051,2.0220961570739746,0.5957822203636169,0.6794700622558594,2.1042401790618896,1.5118234157562256,0.4355040192604065,2.0935587882995605,0.6804018020629883,0.6458203792572021,2.1942408084869385,1.0750606060028076,0.4817715287208557,2.174217700958252,0.15393206477165222,0.0,0.0,0.0,0.0,0.0,0.0,0.0,0.0,0.0,0.0,0.0,0.0,0.0,0.0,0.0,0.0,0.0,0.0,0.0,0.0,0.0,0.0,0.0,0.0,0.0,0.0,0.0,0.0,0.0,0.0,0.0,0.0,0.0,0.0,0.0,0.0,0.0,0.0,0.0,0.0,0.0,0.0,0.0,0.0,0.0,0.0,0.0,0.0,0.0,0.0,0.0,0.0,0.0,0.0,0.0,0.0,0.0,0.0,0.0,0.0,0.0,0.0,0.0,0.3143622875213623,0.565372109413147,9.4786294368987e-08,0.29984551668167114,0.5093132853507996,-0.0012379168765619397,0.3099727928638458,0.46317562460899353,-0.003078657668083906,0.3255642354488373,0.4292815327644348,-0.005749915726482868,0.3330698609352112,0.4027120769023895,-0.008824266493320465,0.3614434599876404,0.4449370503425598,-0.001806157291866839,0.3979896605014801,0.40379512310028076,-0.008953672833740711,0.4213990569114685,0.38076967000961304,-0.014900115318596363,0.4401136040687561,0.36490774154663086,-0.018337035551667213,0.38466235995292664,0.4646081030368805,-0.0067177121527493,0.42381715774536133,0.4165937304496765,-0.01174674928188324,0.4483306407928467,0.38701921701431274,-0.01700066402554512,0.46722280979156494,0.3646223545074463,-0.02071121148765087,0.40193405747413635,0.4881516695022583,-0.012291605584323406,0.44144389033317566,0.4397450089454651,-0.018087374046444893,0.4645979702472687,0.4098508358001709,-0.023682471364736557,0.4810166358947754,0.38765162229537964,-0.026923593133687973,0.4138772785663605,0.5130513310432434,-0.017981458455324173,0.44930073618888855,0.4777835011482239,-0.023053430020809174,0.47104835510253906,0.4547533392906189,-0.025298448279500008,0.4878622889518738,0.4354810118675232,-0.025960849598050117,1
0.4433174133300781,0.20087221264839172,-0.6565020084381104,0.45761245489120483,0.1642068773508072,-0.6170909404754639,0.47232064604759216,0.16111238300800323,-0.6168320178985596,0.486245334148407,0.1583753377199173,-0.6164308190345764,0.42357778549194336,0.17492134869098663,-0.6070024967193604,0.41424113512039185,0.1785890907049179,-0.6074910163879395,0.4048769474029541,0.18209627270698547,-0.6072363257408142,0.5062806606292725,0.16848237812519073,-0.31437477469444275,0.3949868381023407,0.1983877271413803,-0.27133530378341675,0.4716969132423401,0.22811459004878998,-0.5338877439498901,0.42914170026779175,0.2405940145254135,-0.5218679308891296,0.604814887046814,0.33776089549064636,-0.10275693237781525,0.3441143333911896,0.37621718645095825,-0.056592006236314774,0.6811111569404602,0.5949257612228394,-0.06316617876291275,0.2235303819179535,0.6045429110527039,-0.39595845341682434,0.6852256059646606,0.834660530090332,-0.36746078729629517,0.3286513686180115,0.3865252137184143,-1.0127121210098267,0.6783212423324585,0.8983257412910461,-0.43359169363975525,0.35198670625686646,0.33539441227912903,-1.1576712131500244,0.6617143154144287,0.8913184404373169,-0.5021475553512573,0.3666974604129791,0.30338016152381897,-1.1233301162719727,0.6604487299919128,0.87046217918396,-0.39775872230529785,0.3644471764564514,0.32187527418136597,-1.0161616802215576,0.5856730341911316,0.8934253454208374,-0.007762793451547623,0.404059499502182,0.9082910418510437,0.010612267069518566,0.6207857131958008,1.3050724267959595,-0.15211515128612518,0.44031938910484314,1.3461196422576904,-0.16577701270580292,0.6286560297012329,1.7008482217788696,0.13133051991462708,0.4670015275478363,1.7425835132598877,-0.044646210968494415,0.6350126266479492,1.747316837310791,0.15567372739315033,0.470705509185791,1.7897694110870361,-0.0427926667034626,0.6165590882301331,1.8319154977798462,-0.090959332883358,0.4859623312950134,1.8662426471710205,-0.3359221816062927,0.6725826859474182,0.8357529640197754,2.61479470964332e-07,0.6531952619552612,0.8540111184120178,-0.015245419926941395,0.6434094905853271,0.8904384970664978,-0.019057344645261765,0.638268232345581,0.9219470620155334,-0.01927485130727291,0.6346397995948792,0.9452106356620789,-0.017543131485581398,0.6846826672554016,0.9169787764549255,-0.01356467790901661,0.6666185259819031,0.9551870226860046,-0.018161432817578316,0.6484627723693848,0.9645374417304993,-0.021232759580016136,0.6337189674377441,0.9656538367271423,-0.022318853065371513,0.6917662620544434,0.9165977239608765,-0.005618376657366753,0.6703709363937378,0.9520320892333984,-0.010020322166383266,0.650568962097168,0.9627053737640381,-0.012655479833483696,0.6338525414466858,0.9662355184555054,-0.013813185505568981,0.6917358636856079,0.9147778153419495,0.0015080354642122984,0.6719639301300049,0.9462188482284546,-0.0019993630703538656,0.6547146439552307,0.9577502608299255,-0.0037006856873631477,0.6397362947463989,0.9627867937088013,-0.004116940777748823,0.6876465082168579,0.913153350353241,0.0073966970667243,0.6723621487617493,0.9401227831840515,0.004896786063909531,0.659511148929596,0.951038122177124,0.00426590396091342,0.6475828289985657,0.9556945562362671,0.004952520597726107,0.3225381076335907,0.4037058651447296,1.91945588312592e-07,0.3100418150424957,0.36401641368865967,-0.009825731627643108,0.30891692638397217,0.32639238238334656,-0.017312994226813316,0.30951520800590515,0.29549121856689453,-0.02364124357700348,0.30274271965026855,0.27616631984710693,-0.02997216023504734,0.36069393157958984,0.3132827877998352,-0.012601803056895733,0.39206287264823914,0.2885611057281494,-0.019619930535554886,0.411263644695282,0.2738755941390991,-0.024838721379637718,0.4261093735694885,0.26311710476875305,-0.027910534292459488,0.3779107332229614,0.3294198215007782,-0.012759613804519176,0.41306525468826294,0.29832524061203003,-0.01706537790596485,0.4335940480232239,0.27926796674728394,-0.019676102325320244,0.45017415285110474,0.26455461978912354,-0.021941160783171654,0.38883739709854126,0.34609994292259216,-0.01400243304669857,0.4206100106239319,0.3157936632633209,-0.018133213743567467,0.43871134519577026,0.2967931032180786,-0.020532840862870216,0.45316699147224426,0.2814391553401947,-0.02225450426340103,0.3957027792930603,0.3617546260356903,-0.016191504895687103,0.420273095369339,0.33618059754371643,-0.01951548643410206,0.4342046082019806,0.3206649422645569,-0.01965695433318615,0.4455927014350891,0.30690523982048035,-0.019503828138113022,1
0.49217352271080017,0.26600322127342224,-1.8252407312393188,0.521592378616333,0.19807177782058716,-1.7842319011688232,0.5370831489562988,0.19745145738124847,-1.7843446731567383,0.5631103515625,0.20109257102012634,-1.7839254140853882,0.4601171016693115,0.21176907420158386,-1.7652301788330078,0.43814101815223694,0.21986271440982819,-1.7658703327178955,0.41891366243362427,0.22736619412899017,-1.7655670642852783,0.6117827892303467,0.23093949258327484,-1.4091365337371826,0.40428638458251953,0.2627526521682739,-1.3284999132156372,0.5296975374221802,0.3403759002685547,-1.6767151355743408,0.46721357107162476,0.34062719345092773,-1.6548494100570679,0.732640266418457,0.5386952757835388,-1.0264265537261963,0.3437531888484955,0.5030312538146973,-0.9862085580825806,0.775941014289856,0.9246516823768616,-1.0344740152359009,0.17153310775756836,0.7621588110923767,-1.5738037824630737,0.7929667830467224,1.2416151762008667,-1.3291771411895752,0.39773136377334595,0.513560950756073,-2.2902700901031494,0.8114325404167175,1.337071180343628,-1.4110753536224365,0.44823843240737915,0.4570203721523285,-2.453298807144165,0.7713448405265808,1.32703697681427,-1.4370454549789429,0.46557122468948364,0.4241202175617218,-2.353878974914551,0.7484689950942993,1.2969962358474731,-1.344842553138733,0.45518213510513306,0.44501855969429016,-2.2728164196014404,0.6238465309143066,1.1116185188293457,-0.0076080309227108955,0.3826782703399658,1.0990835428237915,0.012002724222838879,0.603507936000824,1.6231553554534912,-0.018130449578166008,0.38464996218681335,1.5513529777526855,-0.10125861316919327,0.6000546813011169,2.001593589782715,0.8664320707321167,0.38033100962638855,1.934932827949524,0.6642835736274719,0.6050328016281128,2.059734582901001,0.9492184519767761,0.37445202469825745,1.9864050149917603,0.732255220413208,0.5525237321853638,2.1777842044830322,0.5753243565559387,0.42167097330093384,2.123631715774536,0.33022966980934143,0.0,0.0,0.0,0.0,0.0,0.0,0.0,0.0,0.0,0.0,0.0,0.0,0.0,0.0,0.0,0.0,0.0,0.0,0.0,0.0,0.0,0.0,0.0,0.0,0.0,0.0,0.0,0.0,0.0,0.0,0.0,0.0,0.0,0.0,0.0,0.0,0.0,0.0,0.0,0.0,0.0,0.0,0.0,0.0,0.0,0.0,0.0,0.0,0.0,0.0,0.0,0.0,0.0,0.0,0.0,0.0,0.0,0.0,0.0,0.0,0.0,0.0,0.0,0.4055924117565155,0.5248517990112305,1.266778326680651e-07,0.38517844676971436,0.4706486463546753,-0.008926285430788994,0.393632709980011,0.42475634813308716,-0.013041935861110687,0.41328227519989014,0.39300328493118286,-0.015870310366153717,0.42654848098754883,0.374088317155838,-0.01821647211909294,0.45615243911743164,0.4295768141746521,-0.013267682865262032,0.4936569333076477,0.3924866020679474,-0.01965494640171528,0.5171899199485779,0.3730494976043701,-0.02333000861108303,0.5356099009513855,0.35953813791275024,-0.025051908567547798,0.48229965567588806,0.45166873931884766,-0.013281377032399178,0.5218918323516846,0.4081543982028961,-0.01907471939921379,0.5471913814544678,0.3813561797142029,-0.022549910470843315,0.5664488673210144,0.3625584840774536,-0.02477344498038292,0.4996488392353058,0.47012171149253845,-0.014104214496910572,0.5385255813598633,0.4266786277294159,-0.02168959751725197,0.5616710186004639,0.39913368225097656,-0.027883829548954964,0.578855574131012,0.3787817358970642,-0.030963372439146042,0.5092564225196838,0.48371922969818115,-0.015388243831694126,0.5485951900482178,0.45843833684921265,-0.02264607511460781,0.5733062028884888,0.44163039326667786,-0.027099208906292915,0.5929147005081177,0.42705899477005005,-0.02908741682767868,1
0.5188063979148865,0.291767954826355,-1.5857961177825928,0.546366810798645,0.24062712490558624,-1.5183842182159424,0.5628699064254761,0.23990236222743988,-1.5184653997421265,0.5770235657691956,0.23918895423412323,-1.5183788537979126,0.4948950707912445,0.2415391355752945,-1.5177600383758545,0.47927647829055786,0.2418140321969986,-1.518278956413269,0.4670022428035736,0.2420116364955902,-1.517846941947937,0.6080275774002075,0.2620134949684143,-1.0451927185058594,0.4523910880088806,0.2625384032726288,-1.049516201019287,0.5526536703109741,0.3463529050350189,-1.404335856437683,0.4936408996582031,0.3481825292110443,-1.40720534324646,0.7334589958190918,0.560868501663208,-0.5662664175033569,0.32260769605636597,0.5378558039665222,-0.6807430386543274,0.8246631622314453,0.9519134759902954,-0.32641127705574036,0.2285580188035965,0.9262741208076477,-1.1541748046875,0.8319551348686218,1.237807035446167,-0.6019572019577026,0.43651705980300903,0.5968201756477356,-1.9028488397598267,0.8410872220993042,1.3341211080551147,-0.6393876075744629,0.4896901547908783,0.5186334252357483,-2.0479278564453125,0.81523197889328,1.320419192314148,-0.7275015115737915,0.49699100852012634,0.463091105222702,-1.9981024265289307,0.7998976111412048,1.2868385314941406,-0.6360852122306824,0.48903703689575195,0.4865281879901886,-1.8946647644042969,0.6394175887107849,1.2036863565444946,0.010196966119110584,0.3942965865135193,1.1630932092666626,-0.004692289046943188,0.6451399922370911,1.7069319486618042,-0.14816755056381226,0.4101347327232361,1.6948344707489014,-0.049659594893455505,0.6566809415817261,2.125108003616333,0.7845828533172607,0.4322602152824402,2.115304470062256,0.6477593183517456,0.6627674102783203,2.1922264099121094,0.8721956014633179,0.43608570098876953,2.1755287647247314,0.6991099715232849,0.6224439144134521,2.2707884311676025,0.4974188804626465,0.46310481429100037,2.2788307666778564,0.27699050307273865,0.0,0.0,0.0,0.0,0.0,0.0,0.0,0.0,0.0,0.0,0.0,0.0,0.0,0.0,0.0,0.0,0.0,0.0,0.0,0.0,0.0,0.0,0.0,0.0,0.0,0.0,0.0,0.0,0.0,0.0,0.0,0.0,0.0,0.0,0.0,0.0,0.0,0.0,0.0,0.0,0.0,0.0,0.0,0.0,0.0,0.0,0.0,0.0,0.0,0.0,0.0,0.0,0.0,0.0,0.0,0.0,0.0,0.0,0.0,0.0,0.0,0.0,0.0,0.42434972524642944,0.6169698238372803,-4.6100357309342144e-08,0.4024917185306549,0.5720360279083252,-0.016369586810469627,0.3927062153816223,0.5275236964225769,-0.02735453099012375,0.39240461587905884,0.48871636390686035,-0.037255264818668365,0.3864651322364807,0.4590502083301544,-0.04666262865066528,0.4479556083679199,0.48541486263275146,-0.014231010340154171,0.47142013907432556,0.4360790252685547,-0.022727100178599358,0.4830740988254547,0.41405409574508667,-0.030781187117099762,0.49492305517196655,0.3960588276386261,-0.03719371557235718,0.47199514508247375,0.4994104206562042,-0.012344980612397194,0.4952191412448883,0.44201141595840454,-0.017941845580935478,0.5079478621482849,0.41066232323646545,-0.024424508213996887,0.5171117186546326,0.3868945837020874,-0.03051149845123291,0.4901343882083893,0.5183961391448975,-0.012474197894334793,0.5127841234207153,0.46453210711479187,-0.01844598725438118,0.5230685472488403,0.4328940808773041,-0.025411361828446388,0.5289227962493896,0.4071883261203766,-0.03093699924647808,0.5062260031700134,0.542176365852356,-0.014165193773806095,0.5242629647254944,0.50327467918396,-0.01974249817430973,0.532403826713562,0.47653552889823914,-0.02353357896208763,0.5374582409858704,0.4520682394504547,-0.026480957865715027,1
0.49724340438842773,0.3072792589664459,-1.099419355392456,0.5205176472663879,0.24841611087322235,-1.0395452976226807,0.5380809307098389,0.24852007627487183,-1.0399593114852905,0.5542163848876953,0.2494358867406845,-1.0398372411727905,0.4635024964809418,0.2543669641017914,-1.035261631011963,0.44197025895118713,0.25967124104499817,-1.0356895923614502,0.4227369427680969,0.2652736008167267,-1.035578966140747,0.5722339749336243,0.2770751118659973,-0.6464740037918091,0.3850330412387848,0.29418978095054626,-0.6384979486465454,0.5343742370605469,0.37512102723121643,-0.9487288594245911,0.4584113657474518,0.3903283476829529,-0.9477770924568176,0.6971808671951294,0.5883986949920654,-0.3583548665046692,0.292265385389328,0.5660139322280884,-0.4201916754245758,0.775033175945282,0.9743697643280029,-0.40082722902297974,0.2819611430168152,0.9040659666061401,-0.9958875775337219,0.7253243923187256,1.1633261442184448,-0.806327223777771,0.45641446113586426,0.6002991795539856,-1.7723264694213867,0.730502724647522,1.2321586608886719,-0.8670770525932312,0.4894745945930481,0.5136737823486328,-1.9191248416900635,0.708735466003418,1.2144156694412231,-0.9119781255722046,0.4924335479736328,0.4770824611186981,-1.850070595741272,0.6929415464401245,1.196854829788208,-0.8287031054496765,0.4880603849887848,0.501270055770874,-1.7572046518325806,0.6175204515457153,1.209518313407898,-0.02685362473130226,0.3806340992450714,1.1971338987350464,0.03199445456266403,0.620803952217102,1.6201421022415161,-0.6523324251174927,0.336330384016037,1.6580016613006592,-0.4050877094268799,0.6115678548812866,2.091846227645874,-0.033368490636348724,0.385240375995636,2.1142971515655518,0.06717940419912338,0.6160062551498413,2.16827392578125,0.023025039583444595,0.4034895896911621,2.180107831954956,0.09991706162691116,0.5672532320022583,2.2313315868377686,-0.34999802708625793,0.37204810976982117,2.272284984588623,-0.3350633978843689,0.0,0.0,0.0,0.0,0.0,0.0,0.0,0.0,0.0,0.0,0.0,0.0,0.0,0.0,0.0,0.0,0.0,0.0,0.0,0.0,0.0,0.0,0.0,0.0,0.0,0.0,0.0,0.0,0.0,0.0,0.0,0.0,0.0,0.0,0.0,0.0,0.0,0.0,0.0,0.0,0.0,0.0,0.0,0.0,0.0,0.0,0.0,0.0,0.0,0.0,0.0,0.0,0.0,0.0,0.0,0.0,0.0,0.0,0.0,0.0,0.0,0.0,0.0,0.4523986279964447,0.6453796029090881,-1.4050914387553348e-07,0.41855454444885254,0.5978602766990662,-0.0028490275144577026,0.40624332427978516,0.5532447099685669,-0.005630806554108858,0.4169611930847168,0.5082284808158875,-0.008352103643119335,0.42830780148506165,0.4772499203681946,-0.00965985655784607,0.4512287676334381,0.5256962776184082,-0.005129678174853325,0.45203572511672974,0.466541051864624,-0.007830096408724785,0.4552218019962311,0.4384499788284302,-0.0074602155946195126,0.4603276252746582,0.41827157139778137,-0.007103252224624157,0.4854629635810852,0.5283463597297668,-0.006739909760653973,0.4850781559944153,0.4615788757801056,-0.009380917064845562,0.4843280017375946,0.4269099235534668,-0.01002465933561325,0.48576080799102783,0.40276235342025757,-0.010776757262647152,0.5115557312965393,0.5388836860656738,-0.008397187106311321,0.5155561566352844,0.47597888112068176,-0.012309594079852104,0.5140554904937744,0.44137489795684814,-0.012110785581171513,0.5124626159667969,0.41772186756134033,-0.011521133594214916,0.5302706956863403,0.5539721846580505,-0.010127688758075237,0.53861004114151,0.5062143802642822,-0.011496491730213165,0.5377780795097351,0.4792870879173279,-0.008946089074015617,0.53472900390625,0.4600016474723816,-0.006380496080964804,1
0.4854286313056946,0.2915504574775696,-1.1298927068710327,0.5101805925369263,0.2379443645477295,-1.074437141418457,0.5255182981491089,0.23841437697410583,-1.0753133296966553,0.5375834703445435,0.23870739340782166,-1.0751869678497314,0.46031221747398376,0.2379761040210724,-1.0689003467559814,0.44257301092147827,0.23824742436408997,-1.0691453218460083,0.4298288822174072,0.23796629905700684,-1.0697128772735596,0.5557574033737183,0.26187998056411743,-0.6674236059188843,0.419139564037323,0.2516058683395386,-0.6582068204879761,0.516305685043335,0.33616769313812256,-0.9866280555725098,0.4583350121974945,0.33373868465423584,-0.9854140281677246,0.6797134280204773,0.5464486479759216,-0.3102085590362549,0.2982071042060852,0.5468772053718567,-0.376169890165329,0.7710708379745483,0.9493274092674255,-0.19536802172660828,0.23013702034950256,0.9269520044326782,-0.8305680155754089,0.7912477850914001,1.2189713716506958,-0.5773686170578003,0.416578471660614,0.6197075247764587,-1.612959861755371,0.798522412776947,1.3419946432113647,-0.644638180732727,0.4560754895210266,0.53409743309021,-1.7713851928710938,0.7788334488868713,1.3168925046920776,-0.733523964881897,0.45237165689468384,0.5066373348236084,-1.7318302392959595,0.7613718509674072,1.2866894006729126,-0.6173081994056702,0.447457879781723,0.5244239568710327,-1.6126190423965454,0.6248028874397278,1.2104781866073608,0.00026753105339594185,0.3900071978569031,1.1997984647750854,0.006178314797580242,0.648616373538971,1.7281227111816406,-0.19202753901481628,0.42070645093917847,1.7214614152908325,-0.12444114685058594,0.6733392477035522,2.1961474418640137,0.6305621266365051,0.46001043915748596,2.1789350509643555,0.5160566568374634,0.6820358037948608,2.268193483352661,0.7045981287956238,0.4652518630027771,2.247753620147705,0.5627535581588745,0.6512786149978638,2.3425822257995605,0.35247525572776794,0.48408323526382446,2.3271665573120117,0.14968839287757874,0.0,0.0,0.0,0.0,0.0,0.0,0.0,0.0,0.0,0.0,0.0,0.0,0.0,0.0,0.0,0.0,0.0,0.0,0.0,0.0,0.0,0.0,0.0,0.0,0.0,0.0,0.0,0.0,0.0,0.0,0.0,0.0,0.0,0.0,0.0,0.0,0.0,0.0,0.0,0.0,0.0,0.0,0.0,0.0,0.0,0.0,0.0,0.0,0.0,0.0,0.0,0.0,0.0,0.0,0.0,0.0,0.0,0.0,0.0,0.0,0.0,0.0,0.0,0.4166750907897949,0.6095981597900391,2.7407062930251413e-07,0.39230281114578247,0.5672568082809448,-0.008196024224162102,0.3799436092376709,0.5244672894477844,-0.017316801473498344,0.37345975637435913,0.48870381712913513,-0.025902194902300835,0.36569294333457947,0.4603857100009918,-0.03444730117917061,0.42812055349349976,0.4786480665206909,-0.014935769140720367,0.44484296441078186,0.42765191197395325,-0.023597199469804764,0.4566555917263031,0.3974870443344116,-0.03028929978609085,0.4672224819660187,0.37615564465522766,-0.034485429525375366,0.4509975016117096,0.4913351237773895,-0.017612891271710396,0.4675830900669098,0.4335010349750519,-0.022860269993543625,0.47805747389793396,0.39960548281669617,-0.02724696695804596,0.4859374761581421,0.37486928701400757,-0.03084939531981945,0.4709697663784027,0.5103787779808044,-0.020977502688765526,0.4879407286643982,0.45513996481895447,-0.0258437842130661,0.4966338574886322,0.422993928194046,-0.029416760429739952,0.501915693283081,0.3988873362541199,-0.03222829848527908,0.4890871047973633,0.5340356826782227,-0.025053856894373894,0.5061467289924622,0.49276697635650635,-0.029591349884867668,0.5140212774276733,0.46661078929901123,-0.030713703483343124,0.5183658599853516,0.4436036944389343,-0.030781304463744164,1
0.4957384467124939,0.18416768312454224,-0.8518886566162109,0.5149030089378357,0.1415887027978897,-0.7945850491523743,0.5270913243293762,0.14308007061481476,-0.7948355078697205,0.5378607511520386,0.1446431577205658,-0.794832170009613,0.4697415232658386,0.13826537132263184,-0.7947573065757751,0.45342564582824707,0.13819748163223267,-0.7951840162277222,0.4394790530204773,0.1395227462053299,-0.7949408292770386,0.5526474714279175,0.16717413067817688,-0.4091106355190277,0.42483216524124146,0.1580163836479187,-0.41345587372779846,0.5203143954277039,0.2329990565776825,-0.7016845345497131,0.4647517204284668,0.2359084039926529,-0.70344078540802,0.6454870104789734,0.4198959469795227,-0.13061515986919403,0.3200007975101471,0.39173275232315063,-0.20990724861621857,0.706950843334198,0.7538970112800598,0.009622590616345406,0.23078879714012146,0.6805797219276428,-0.7607712745666504,0.755445659160614,1.0114108324050903,-0.23936982452869415,0.3925052583217621,0.43889912962913513,-1.5661100149154663,0.7715321779251099,1.1035767793655396,-0.2861047685146332,0.43332380056381226,0.3517083525657654,-1.7260246276855469,0.7575564980506897,1.1213905811309814,-0.3770637512207031,0.43829816579818726,0.3273332417011261,-1.680598497390747,0.7393136024475098,1.0928261280059814,-0.2780654728412628,0.43268799781799316,0.3503552973270416,-1.566964030265808,0.5736701488494873,1.0518490076065063,-0.006665474735200405,0.3652442693710327,1.0461088418960571,0.01254851371049881,0.5867154598236084,1.5615589618682861,-0.21300587058067322,0.3780815005302429,1.5630987882614136,-0.12130935490131378,0.5998753309249878,2.0344488620758057,0.5065102577209473,0.40809115767478943,2.0326271057128906,0.4030752182006836,0.6084374189376831,2.100266933441162,0.5708635449409485,0.4163666367530823,2.099336624145508,0.4392600655555725,0.5664818286895752,2.183156728744507,0.23023506999015808,0.4151701331138611,2.1786484718322754,0.029869815334677696,0.0,0.0,0.0,0.0,0.0,0.0,0.0,0.0,0.0,0.0,0.0,0.0,0.0,0.0,0.0,0.0,0.0,0.0,0.0,0.0,0.0,0.0,0.0,0.0,0.0,0.0,0.0,0.0,0.0,0.0,0.0,0.0,0.0,0.0,0.0,0.0,0.0,0.0,0.0,0.0,0.0,0.0,0.0,0.0,0.0,0.0,0.0,0.0,0.0,0.0,0.0,0.0,0.0,0.0,0.0,0.0,0.0,0.0,0.0,0.0,0.0,0.0,0.0,0.38304251432418823,0.4495774209499359,4.099162254078692e-08,0.37018877267837524,0.40412792563438416,-0.0025607775896787643,0.3679799735546112,0.3593132197856903,-0.01017552986741066,0.3604089319705963,0.32362496852874756,-0.01882142946124077,0.34690818190574646,0.3029329776763916,-0.028215916827321053,0.4167599081993103,0.3408210277557373,-0.012024116702377796,0.4497680068016052,0.3051336705684662,-0.020053118467330933,0.4676809012889862,0.29095739126205444,-0.025803493335843086,0.4824073612689972,0.280713826417923,-0.028895528987050056,0.4376644194126129,0.35995328426361084,-0.016968902200460434,0.47479447722435,0.31429535150527954,-0.02044561319053173,0.4934987425804138,0.29267868399620056,-0.021586166694760323,0.5083523988723755,0.2784886658191681,-0.0233729537576437,0.4529452323913574,0.3821563422679901,-0.02195846475660801,0.48674339056015015,0.340128093957901,-0.024330830201506615,0.5029566884040833,0.3201375901699066,-0.022732937708497047,0.5145638585090637,0.30575552582740784,-0.02238166332244873,0.46358364820480347,0.4040166735649109,-0.027349572628736496,0.48960843682289124,0.37388113141059875,-0.026025544852018356,0.5039230585098267,0.35813191533088684,-0.02001732401549816,0.5140446424484253,0.34578990936279297,-0.016071602702140808,1
0.4831975996494293,0.2986101508140564,-1.1485422849655151,0.5054192543029785,0.2474467158317566,-1.0794463157653809,0.5232443809509277,0.2443062663078308,-1.0792856216430664,0.5375224947929382,0.24158510565757751,-1.0786073207855225,0.4491141736507416,0.2581593692302704,-1.0775686502456665,0.43168678879737854,0.26206910610198975,-1.078303337097168,0.4181387424468994,0.26527926325798035,-1.0784270763397217,0.5599061250686646,0.2663906514644623,-0.6388088464736938,0.39782699942588806,0.3013778626918793,-0.6301321983337402,0.5193936228752136,0.36029574275016785,-0.9815117716789246,0.4569178521633148,0.3736235201358795,-0.9817641973495483,0.6955939531326294,0.6021400094032288,-0.3250848650932312,0.270131915807724,0.6283494234085083,-0.3742813169956207,0.7642911672592163,1.0102458000183105,-0.6343883275985718,0.2346610128879547,1.0851051807403564,-0.8835644721984863,0.5718499422073364,0.74158775806427,-1.2255290746688843,0.4013614058494568,0.7105139493942261,-1.627701997756958,0.5139623880386353,0.6885069012641907,-1.3422338962554932,0.4554339349269867,0.6188133358955383,-1.7706334590911865,0.5159863233566284,0.6247680187225342,-1.2867743968963623,0.42967477440834045,0.5473297238349915,-1.689691185951233,0.5251322984695435,0.6534959673881531,-1.2180910110473633,0.4273962080478668,0.5724688172340393,-1.6078065633773804,0.632671058177948,1.29844331741333,0.015332529321312904,0.37325185537338257,1.2671947479248047,-0.008076364174485207,0.6083146333694458,1.8254868984222412,-0.11718150228261948,0.37002256512641907,1.8103833198547363,-0.01779298111796379,0.5982077717781067,2.2766146659851074,0.8110167384147644,0.3656059205532074,2.274998664855957,0.6201295852661133,0.6018797159194946,2.347686290740967,0.8990960121154785,0.35872212052345276,2.34621524810791,0.6725907921791077,0.5646286606788635,2.427168130874634,0.5545763969421387,0.3921052813529968,2.4287514686584473,0.273412823677063,0.44234421849250793,0.7309352159500122,1.272111376238172e-07,0.40487414598464966,0.6812312602996826,-0.008415059186518192,0.37999945878982544,0.6338803172111511,-0.017203176394104958,0.3662748634815216,0.5890207290649414,-0.025082146748900414,0.357535719871521,0.5540195107460022,-0.03266392648220062,0.43013209104537964,0.5853563547134399,-0.018913904204964638,0.4430721402168274,0.5117864012718201,-0.028166228905320168,0.4521034061908722,0.47705742716789246,-0.03321366384625435,0.46004077792167664,0.4521714746952057,-0.03610631078481674,0.4644126296043396,0.5902971625328064,-0.021207282319664955,0.4740558862686157,0.5105910897254944,-0.025976400822401047,0.4794706702232361,0.4707052707672119,-0.02816307544708252,0.4837353527545929,0.4418191909790039,-0.0308141577988863,0.4928045868873596,0.602336585521698,-0.023858757689595222,0.5025174021720886,0.5293454527854919,-0.028212809935212135,0.5053572058677673,0.4909641742706299,-0.028320172801613808,0.506504476070404,0.46248123049736023,-0.029368363320827484,0.5160365104675293,0.6198397874832153,-0.027180643752217293,0.5252700448036194,0.5667060017585754,-0.030971135944128036,0.528300940990448,0.5358683466911316,-0.029122566804289818,0.5304919481277466,0.509409487247467,-0.027457119897007942,0.44287699460983276,0.737088680267334,5.6174844331735585e-08,0.40486443042755127,0.6836889386177063,-0.008374156430363655,0.3793238699436188,0.6339434385299683,-0.016909347847104073,0.36580130457878113,0.5877195000648499,-0.024996433407068253,0.35729318857192993,0.5526496767997742,-0.032566387206315994,0.43069159984588623,0.5874302983283997,-0.01487885694950819,0.44177648425102234,0.5125693678855896,-0.023350762203335762,0.44986388087272644,0.47839251160621643,-0.02840707264840603,0.4569360315799713,0.4525381326675415,-0.03147673234343529,0.4649653732776642,0.5912109613418579,-0.017331639304757118,0.47473788261413574,0.5082902312278748,-0.0208666380494833,0.479510635137558,0.46838873624801636,-0.02226862497627735,0.48295485973358154,0.4398191571235657,-0.0246370118111372,0.49336960911750793,0.6026138663291931,-0.020653946325182915,0.5028661489486694,0.5265973210334778,-0.024130284786224365,0.5052374005317688,0.48843783140182495,-0.023507824167609215,0.5052815675735474,0.46142512559890747,-0.02419913187623024,0.5168343782424927,0.6194161176681519,-0.02489490807056427,0.5256549119949341,0.565610945224762,-0.027391908690333366,0.5285964608192444,0.5350086688995361,-0.024622390046715736,0.5302655696868896,0.5100202560424805,-0.022651290521025658,1
0.5562833547592163,0.25113222002983093,-0.5749513506889343,0.5717946290969849,0.21465779840946198,-0.5243636965751648,0.5835217237472534,0.2133905291557312,-0.5241479873657227,0.5959251523017883,0.21273288130760193,-0.5237046480178833,0.5420165657997131,0.220704585313797,-0.5131264925003052,0.5329070687294006,0.22331412136554718,-0.5136336088180542,0.523532509803772,0.22641749680042267,-0.5136054754257202,0.6165311336517334,0.23092541098594666,-0.20428529381752014,0.5185042023658752,0.2510533630847931,-0.14900121092796326,0.579124927520752,0.2925555109977722,-0.4488862156867981,0.5437883138656616,0.2969306409358978,-0.4335123598575592,0.7232534885406494,0.4470321834087372,-0.05285269767045975,0.4523774981498718,0.4687711000442505,0.039761852473020554,0.752099871635437,0.781478226184845,-0.2646865248680115,0.44003456830978394,0.7889267206192017,-0.36557167768478394,0.6495276689529419,0.8370050191879272,-0.7039673328399658,0.4697439670562744,0.5452662706375122,-1.0908221006393433,0.62959223985672,0.8643652200698853,-0.7841863036155701,0.4829132556915283,0.4894508123397827,-1.244644284248352,0.6271003484725952,0.8271497488021851,-0.8096156120300293,0.4754118025302887,0.45014843344688416,-1.2103410959243774,0.6254698038101196,0.8199657201766968,-0.7220436334609985,0.49172157049179077,0.45798638463020325,-1.0966941118240356,0.6950452923774719,0.9673529863357544,-0.03258369490504265,0.5160460472106934,0.9576995968818665,0.03768079727888107,0.7105636596679688,1.4662669897079468,-0.3377854526042938,0.5318902134895325,1.500524878501892,-0.2911388576030731,0.7359616160392761,1.9581588506698608,-0.08456707745790482,0.5721947550773621,1.9717249870300293,-0.11898889392614365,0.7488874793052673,2.02508282661438,-0.06305606663227081,0.5772005915641785,2.035837411880493,-0.11075280606746674,0.7041547298431396,2.091539144515991,-0.4097467064857483,0.5927123427391052,2.099745988845825,-0.457923024892807,0.0,0.0,0.0,0.0,0.0,0.0,0.0,0.0,0.0,0.0,0.0,0.0,0.0,0.0,0.0,0.0,0.0,0.0,0.0,0.0,0.0,0.0,0.0,0.0,0.0,0.0,0.0,0.0,0.0,0.0,0.0,0.0,0.0,0.0,0.0,0.0,0.0,0.0,0.0,0.0,0.0,0.0,0.0,0.0,0.0,0.0,0.0,0.0,0.0,0.0,0.0,0.0,0.0,0.0,0.0,0.0,0.0,0.0,0.0,0.0,0.0,0.0,0.0,0.5322654247283936,0.5135431289672852,9.545434664914865e-08,0.5087368488311768,0.4802280068397522,-0.002805893775075674,0.4924909174442291,0.4477858245372772,-0.007452359423041344,0.48305174708366394,0.41971567273139954,-0.012602834962308407,0.47326862812042236,0.40102556347846985,-0.017604075372219086,0.5214424729347229,0.411208838224411,-0.004771036561578512,0.5271239280700684,0.36507004499435425,-0.010658732615411282,0.5305749177932739,0.3397848606109619,-0.01536373607814312,0.5337945222854614,0.3194054365158081,-0.018305383622646332,0.5398694276809692,0.4142386019229889,-0.007912768051028252,0.544876217842102,0.3608379364013672,-0.011035658419132233,0.5478126406669617,0.3309796452522278,-0.013315140269696712,0.550665020942688,0.3084818124771118,-0.015431797131896019,0.5557553768157959,0.42256611585617065,-0.011671111918985844,0.5608053207397461,0.374081552028656,-0.014231881126761436,0.5635778307914734,0.3475264310836792,-0.014908380806446075,0.5649697780609131,0.3286678194999695,-0.015724588185548782,0.5704984068870544,0.4346548318862915,-0.01591956987977028,0.5760296583175659,0.398830771446228,-0.017351694405078888,0.5786013603210449,0.37770894169807434,-0.015766719356179237,0.5801365971565247,0.36008065938949585,-0.0144676947966218,1
0.3555235266685486,0.2502616047859192,-0.6461368799209595,0.3751322627067566,0.21341978013515472,-0.6020883917808533,0.38926321268081665,0.21244604885578156,-0.6023107171058655,0.4041653275489807,0.2118699550628662,-0.6019171476364136,0.3401983082294464,0.21783368289470673,-0.5807310938835144,0.3295362591743469,0.21972545981407166,-0.5808378458023071,0.3188210129737854,0.22166848182678223,-0.5802874565124512,0.43420305848121643,0.2291432023048401,-0.29597705602645874,0.3145139515399933,0.24296016991138458,-0.21343255043029785,0.3818599581718445,0.29323863983154297,-0.5315873026847839,0.3412238359451294,0.29821518063545227,-0.5086073875427246,0.5617165565490723,0.4544323980808258,-0.09794116020202637,0.2465354949235916,0.4605604112148285,-0.024763179942965508,0.6220780611038208,0.7806694507598877,-0.1426045298576355,0.15322250127792358,0.7598301768302917,-0.3827459514141083,0.574597954750061,1.0491966009140015,-0.5386903285980225,0.25362664461135864,0.4713984727859497,-1.0803074836730957,0.5790697336196899,1.152191162109375,-0.6044023633003235,0.2857252359390259,0.4135429561138153,-1.2257329225540161,0.5422062873840332,1.1371108293533325,-0.6577750444412231,0.2957373559474945,0.3912857174873352,-1.1845704317092896,0.5341516137123108,1.1033813953399658,-0.5648526549339294,0.290152370929718,0.40616104006767273,-1.080941915512085,0.5019063353538513,1.0165342092514038,-0.02304522506892681,0.2863432466983795,1.004163384437561,0.027594169601798058,0.5104361772537231,1.4878394603729248,-0.37329745292663574,0.31652936339378357,1.5149714946746826,-0.30527880787849426,0.5296633839607239,1.9489600658416748,-0.00872025452554226,0.34400492906570435,1.9780919551849365,-0.07328891009092331,0.5354245901107788,2.015615940093994,0.020400255918502808,0.3469396233558655,2.0384719371795654,-0.06159696727991104,0.5130053758621216,2.085007905960083,-0.35960182547569275,0.370083749294281,2.117244243621826,-0.4308958053588867,0.0,0.0,0.0,0.0,0.0,0.0,0.0,0.0,0.0,0.0,0.0,0.0,0.0,0.0,0.0,0.0,0.0,0.0,0.0,0.0,0.0,0.0,0.0,0.0,0.0,0.0,0.0,0.0,0.0,0.0,0.0,0.0,0.0,0.0,0.0,0.0,0.0,0.0,0.0,0.0,0.0,0.0,0.0,0.0,0.0,0.0,0.0,0.0,0.0,0.0,0.0,0.0,0.0,0.0,0.0,0.0,0.0,0.0,0.0,0.0,0.0,0.0,0.0,0.22478890419006348,0.4857560098171234,9.374714693421993e-08,0.22702741622924805,0.4397016167640686,0.003932571969926357,0.24336066842079163,0.40510886907577515,0.0027187520172446966,0.2578769624233246,0.38176798820495605,-0.0005433453479781747,0.265423446893692,0.36888420581817627,-0.004268633667379618,0.26011765003204346,0.3898029625415802,-0.00021889127674512565,0.289158433675766,0.35744521021842957,-0.006452673114836216,0.30741214752197266,0.34027767181396484,-0.011128290556371212,0.32130560278892517,0.32799506187438965,-0.013935786671936512,0.272318035364151,0.40313488245010376,-0.007891001179814339,0.30362194776535034,0.36600032448768616,-0.01207799557596445,0.32252681255340576,0.3460141122341156,-0.015453679487109184,0.3373647928237915,0.3307608664035797,-0.017994975671172142,0.28377339243888855,0.4213709831237793,-0.015503963455557823,0.31387975811958313,0.3848699629306793,-0.01827279105782509,0.3302830159664154,0.36415156722068787,-0.018820837140083313,0.3427157700061798,0.34843677282333374,-0.01957685500383377,0.2937867343425751,0.4425663948059082,-0.023190639913082123,0.3158264458179474,0.4130886197090149,-0.02347300387918949,0.32862764596939087,0.3960159122943878,-0.020800601691007614,0.33917683362960815,0.3828544616699219,-0.018981963396072388,1
0.4318912923336029,0.2760612368583679,-0.9117389917373657,0.44717127084732056,0.23076747357845306,-0.8518535494804382,0.4601517617702484,0.22859062254428864,-0.8515793681144714,0.47140294313430786,0.2262255847454071,-0.8508833050727844,0.4033817648887634,0.23793253302574158,-0.8367630839347839,0.3883310556411743,0.23981937766075134,-0.8371726274490356,0.3748036026954651,0.24190813302993774,-0.8368211984634399,0.4883672297000885,0.23929263651371002,-0.4686279296875,0.36050945520401,0.2625928521156311,-0.39707595109939575,0.4608665108680725,0.317929744720459,-0.7672549486160278,0.41129064559936523,0.33355963230133057,-0.7480889558792114,0.6059094667434692,0.47048380970954895,-0.2299792766571045,0.2902683615684509,0.4699057936668396,-0.17212383449077606,0.6868649125099182,0.800615668296814,-0.5094253420829773,0.1981649249792099,0.7678062915802002,-0.5848288536071777,0.4949879050254822,0.8707696199417114,-1.1016592979431152,0.33327585458755493,0.5759067535400391,-1.3339543342590332,0.4588050842285156,0.9043654799461365,-1.232277750968933,0.36910781264305115,0.5126781463623047,-1.499872088432312,0.4454968571662903,0.8772971630096436,-1.2197941541671753,0.3732852339744568,0.48196423053741455,-1.4480899572372437,0.4540134072303772,0.8606705069541931,-1.1094533205032349,0.3644355535507202,0.5071869492530823,-1.331834316253662,0.5198837518692017,1.0323939323425293,-0.01853206194937229,0.32616499066352844,1.008526086807251,0.024470042437314987,0.5205033421516418,1.4964760541915894,-0.32950693368911743,0.3159158527851105,1.4814517498016357,-0.22259250283241272,0.5105472207069397,1.9345855712890625,0.30898725986480713,0.31597059965133667,1.905230164527893,0.20658013224601746,0.5114855170249939,2.0001773834228516,0.36695724725723267,0.31332653760910034,1.9693430662155151,0.23650500178337097,0.4847371578216553,2.063629388809204,0.02746475860476494,0.33543258905410767,2.036405086517334,-0.15060964226722717,0.5134890675544739,0.8706939220428467,6.010586872662316e-08,0.4880572259426117,0.8525195121765137,-0.003708194475620985,0.4587554335594177,0.849139392375946,-0.00891322921961546,0.4351245164871216,0.8492505550384521,-0.013824746012687683,0.4158659279346466,0.8441300988197327,-0.01995628885924816,0.4497077763080597,0.8697789311408997,-0.01724548451602459,0.4186924695968628,0.8907876014709473,-0.026437172666192055,0.4044198989868164,0.9094874858856201,-0.031443431973457336,0.3947385549545288,0.9262955188751221,-0.03458552435040474,0.46135565638542175,0.8913052082061768,-0.020130349323153496,0.43225839734077454,0.9131903052330017,-0.02800803817808628,0.4200282096862793,0.9323315024375916,-0.03129936382174492,0.41294538974761963,0.9499300122261047,-0.033739615231752396,0.47727981209754944,0.9092375040054321,-0.02266547456383705,0.4550696611404419,0.9331356287002563,-0.02902352623641491,0.4456678330898285,0.9496971368789673,-0.028481939807534218,0.44008269906044006,0.962860107421875,-0.028138376772403717,0.4945194125175476,0.9223530888557434,-0.025208016857504845,0.47813278436660767,0.9424900412559509,-0.030139677226543427,0.4707673192024231,0.9536522030830383,-0.028422657400369644,0.46538108587265015,0.9632851481437683,-0.026649750769138336,0.31509459018707275,0.6113100647926331,1.6933979907207686e-07,0.2988847494125366,0.5609073042869568,-0.003928876016288996,0.29268768429756165,0.514623761177063,-0.011525284498929977,0.28597721457481384,0.4789731800556183,-0.018852408975362778,0.27146562933921814,0.45638570189476013,-0.02675222046673298,0.33652493357658386,0.4947512447834015,-0.01750067062675953,0.3625366985797882,0.44341087341308594,-0.02628318965435028,0.38054385781288147,0.4171402156352997,-0.03096771240234375,0.3950496315956116,0.397571325302124,-0.03319573029875755,0.35975420475006104,0.510277509689331,-0.020526941865682602,0.3864032030105591,0.45333144068717957,-0.026504185050725937,0.4031442701816559,0.4228578805923462,-0.028947798535227776,0.4167874753475189,0.4004969298839569,-0.030776266008615494,0.37780240178108215,0.5294328927993774,-0.023006264120340347,0.40227964520454407,0.47728434205055237,-0.0266430526971817,0.4153772294521332,0.44780638813972473,-0.027102865278720856,0.4250526428222656,0.4262302815914154,-0.027665993198752403,0.3913742005825043,0.5490333437919617,-0.02568412758409977,0.410441130399704,0.5065743923187256,-0.027480976656079292,0.42047131061553955,0.4818853437900543,-0.025149863213300705,0.42880332469940186,0.4615823030471802,-0.02309832163155079,1
0.48822498321533203,0.20075339078903198,-0.9711953997612,0.5237506628036499,0.16051198542118073,-0.9281910061836243,0.5380569100379944,0.1632869690656662,-0.927802562713623,0.5553871393203735,0.16634705662727356,-0.9267608523368835,0.4969263970851898,0.1566905528306961,-0.8912529945373535,0.49130886793136597,0.1561230719089508,-0.8917829394340515,0.48317471146583557,0.15611205995082855,-0.8915315866470337,0.6105045080184937,0.19604095816612244,-0.6098529100418091,0.487994909286499,0.18942925333976746,-0.44566473364830017,0.5087703466415405,0.25439807772636414,-0.8561192750930786,0.47469672560691833,0.2529880404472351,-0.812354564666748,0.7786900997161865,0.46802011132240295,-0.3788963854312897,0.36526408791542053,0.45023101568222046,-0.15821756422519684,0.8531454205513,0.877898633480072,-0.7630535364151001,0.1546304076910019,0.7889286279678345,-0.4942450523376465,0.6784605383872986,0.6369920969009399,-1.4142529964447021,0.2796649634838104,0.4760224521160126,-1.2529882192611694,0.617872953414917,0.57433021068573,-1.5476340055465698,0.31648027896881104,0.40783050656318665,-1.3862719535827637,0.6055301427841187,0.5262731909751892,-1.4776246547698975,0.3294587731361389,0.3734701871871948,-1.311855435371399,0.6098151206970215,0.5283253192901611,-1.401764154434204,0.3236207365989685,0.4009028673171997,-1.2437629699707031,0.6599510312080383,1.0689361095428467,-0.020803561434149742,0.3890511691570282,1.0272018909454346,0.026713505387306213,0.5979835987091064,1.570820689201355,-0.2935710549354553,0.3682851195335388,1.512954831123352,-0.27679651975631714,0.566702127456665,1.979452133178711,0.25703367590904236,0.33681201934814453,1.9299557209014893,0.11791306734085083,0.5677075386047363,2.05688738822937,0.30446377396583557,0.3259151577949524,1.9951030015945435,0.14843226969242096,0.5290001630783081,2.097687244415283,-0.0012764178682118654,0.35291117429733276,2.0812573432922363,-0.20822517573833466,0.7503253221511841,0.719761848449707,6.865972750347282e-07,0.7777382731437683,0.6525344252586365,-0.03672657907009125,0.7755101919174194,0.5859347581863403,-0.05830095335841179,0.7804700136184692,0.5272243022918701,-0.07200725376605988,0.8045340776443481,0.5034206509590149,-0.08363576978445053,0.664882242679596,0.5733031630516052,-0.04367033392190933,0.6141074895858765,0.5008652210235596,-0.050696779042482376,0.5836483836174011,0.4643157720565796,-0.05364597216248512,0.5587475299835205,0.44077935814857483,-0.054921526461839676,0.6353577971458435,0.6012681722640991,-0.027090737596154213,0.5890403985977173,0.5152196288108826,-0.028984857723116875,0.5623185634613037,0.4743233919143677,-0.026369787752628326,0.5413511991500854,0.4451864957809448,-0.023769523948431015,0.6182973980903625,0.6229148507118225,-0.011760509572923183,0.5791934728622437,0.5453352928161621,-0.007255977019667625,0.5561413168907166,0.5059081315994263,-0.00650933850556612,0.5373928546905518,0.47860661149024963,-0.006539474707096815,0.6119504570960999,0.6390424370765686,8.708334644325078e-05,0.5796088576316833,0.5861868262290955,0.008047773502767086,0.5605298280715942,0.557790219783783,0.012332096695899963,0.5448170304298401,0.5361858606338501,0.0153041398152709,0.0,0.0,0.0,0.0,0.0,0.0,0.0,0.0,0.0,0.0,0.0,0.0,0.0,0.0,0.0,0.0,0.0,0.0,0.0,0.0,0.0,0.0,0.0,0.0,0.0,0.0,0.0,0.0,0.0,0.0,0.0,0.0,0.0,0.0,0.0,0.0,0.0,0.0,0.0,0.0,0.0,0.0,0.0,0.0,0.0,0.0,0.0,0.0,0.0,0.0,0.0,0.0,0.0,0.0,0.0,0.0,0.0,0.0,0.0,0.0,0.0,0.0,0.0,1
0.49390992522239685,0.22468502819538116,-1.3720792531967163,0.5294545292854309,0.18521735072135925,-1.315882682800293,0.5478278994560242,0.1882283240556717,-1.3156418800354004,0.5669316649436951,0.19097398221492767,-1.3154296875,0.4936791956424713,0.18373320996761322,-1.3070976734161377,0.48300299048423767,0.18374289572238922,-1.3077356815338135,0.4700523316860199,0.18344558775424957,-1.307248830795288,0.6052973866462708,0.22269916534423828,-0.9086429476737976,0.45830145478248596,0.20389802753925323,-0.8779501914978027,0.522660493850708,0.2887236177921295,-1.2174057960510254,0.47373732924461365,0.276694118976593,-1.2100884914398193,0.7412528991699219,0.4972262382507324,-0.5423456430435181,0.33272844552993774,0.46602314710617065,-0.5575981736183167,0.8475906252861023,0.8941460251808167,-0.3946150839328766,0.18100666999816895,0.8001977205276489,-1.1062710285186768,0.8246320486068726,1.0865901708602905,-0.6381313800811768,0.34349024295806885,0.5395224690437317,-1.9554359912872314,0.837314784526825,1.1506755352020264,-0.6775528192520142,0.3883078396320343,0.4521971642971039,-2.1177706718444824,0.8169980049133301,1.126365303993225,-0.7513521909713745,0.4042094647884369,0.416888564825058,-2.0547890663146973,0.7984687089920044,1.1098328828811646,-0.6676374077796936,0.39392581582069397,0.44546493887901306,-1.9508670568466187,0.6391419172286987,1.1144461631774902,-0.015453840605914593,0.3876570463180542,1.0983504056930542,0.021674957126379013,0.6293537020683289,1.6540653705596924,-0.19530731439590454,0.3870278000831604,1.6602842807769775,-0.1079971045255661,0.661689281463623,2.0975892543792725,0.5204741954803467,0.4180707037448883,2.097332239151001,0.46693554520606995,0.6765579581260681,2.170191526412964,0.5861850380897522,0.4219180643558502,2.1582913398742676,0.510259211063385,0.6177749037742615,2.2437965869903564,0.2198566496372223,0.43790775537490845,2.2611396312713623,0.10161839425563812,0.0,0.0,0.0,0.0,0.0,0.0,0.0,0.0,0.0,0.0,0.0,0.0,0.0,0.0,0.0,0.0,0.0,0.0,0.0,0.0,0.0,0.0,0.0,0.0,0.0,0.0,0.0,0.0,0.0,0.0,0.0,0.0,0.0,0.0,0.0,0.0,0.0,0.0,0.0,0.0,0.0,0.0,0.0,0.0,0.0,0.0,0.0,0.0,0.0,0.0,0.0,0.0,0.0,0.0,0.0,0.0,0.0,0.0,0.0,0.0,0.0,0.0,0.0,0.32957226037979126,0.5560543537139893,2.5048908014468907e-07,0.30630725622177124,0.4951576888561249,-0.005817784462124109,0.3040170669555664,0.44188445806503296,-0.013311566784977913,0.30447059869766235,0.40075212717056274,-0.021049564704298973,0.28943270444869995,0.3783002197742462,-0.029888790100812912,0.3797995150089264,0.4219992458820343,-0.01232270896434784,0.4222840666770935,0.3795860707759857,-0.019984880462288857,0.4505622684955597,0.3563573956489563,-0.02610904909670353,0.4726010262966156,0.34026384353637695,-0.030088970437645912,0.4069400429725647,0.4443803131580353,-0.016921382397413254,0.4536714255809784,0.3928290009498596,-0.020816152915358543,0.4820883870124817,0.3641700744628906,-0.02387244999408722,0.5051966905593872,0.34468626976013184,-0.027292797341942787,0.4257018268108368,0.46882835030555725,-0.02221985161304474,0.46973034739494324,0.4204433858394623,-0.02587607502937317,0.49374115467071533,0.3913826048374176,-0.028929566964507103,0.5124722123146057,0.3696681559085846,-0.032094214111566544,0.4387143850326538,0.4937373995780945,-0.028289172798395157,0.47583943605422974,0.4564392864704132,-0.031065288931131363,0.4978751838207245,0.4349501132965088,-0.030832746997475624,0.5159508585929871,0.41602829098701477,-0.03105221688747406,1
0.4850904941558838,0.2585239112377167,-1.3497239351272583,0.5223506689071655,0.23464658856391907,-1.3036023378372192,0.5381641983985901,0.2399939000606537,-1.3040688037872314,0.5578827261924744,0.2459532618522644,-1.303931474685669,0.4775558114051819,0.22456221282482147,-1.2972031831741333,0.4668116569519043,0.21893419325351715,-1.2977993488311768,0.4500642418861389,0.2160591334104538,-1.2978569269180298,0.5850914716720581,0.2943924069404602,-0.93144291639328,0.4314541220664978,0.248595729470253,-0.9109869003295898,0.5159618258476257,0.32224908471107483,-1.2022931575775146,0.45321640372276306,0.3083004057407379,-1.1977289915084839,0.6591489911079407,0.5309959650039673,-0.6817657351493835,0.2725733518600464,0.5184306502342224,-0.613874077796936,0.780861496925354,0.8675823211669922,-0.8535864949226379,0.1306590884923935,0.8653151988983154,-1.1500277519226074,0.6958633661270142,0.6079619526863098,-1.1468082666397095,0.33978962898254395,0.5783881545066833,-1.803131341934204,0.6765257120132446,0.5529757142066956,-1.2336519956588745,0.3966328501701355,0.494657427072525,-1.8990014791488647,0.671019434928894,0.5032082796096802,-1.164458990097046,0.41310638189315796,0.43683984875679016,-1.8144094944000244,0.6619153618812561,0.5361350178718567,-1.127518892288208,0.39660167694091797,0.4665296971797943,-1.776985764503479,0.5834900140762329,1.1310887336730957,-0.051602624356746674,0.3418007493019104,1.1253451108932495,0.05684533715248108,0.5755789875984192,1.6172252893447876,-0.26437634229660034,0.3348507583141327,1.6560287475585938,-0.09724938869476318,0.5709962844848633,2.023951530456543,0.34240323305130005,0.3389485478401184,2.1145856380462646,0.3850988447666168,0.57291179895401,2.084763288497925,0.4043791890144348,0.3360416293144226,2.182048797607422,0.43196702003479004,0.5253625512123108,2.177208423614502,0.10375497490167618,0.34931305050849915,2.27831768989563,0.08143649995326996,0.0,0.0,0.0,0.0,0.0,0.0,0.0,0.0,0.0,0.0,0.0,0.0,0.0,0.0,0.0,0.0,0.0,0.0,0.0,0.0,0.0,0.0,0.0,0.0,0.0,0.0,0.0,0.0,0.0,0.0,0.0,0.0,0.0,0.0,0.0,0.0,0.0,0.0,0.0,0.0,0.0,0.0,0.0,0.0,0.0,0.0,0.0,0.0,0.0,0.0,0.0,0.0,0.0,0.0,0.0,0.0,0.0,0.0,0.0,0.0,0.0,0.0,0.0,0.28951889276504517,0.5856696963310242,1.1583217229826914e-07,0.2732383608818054,0.5343617796897888,-0.004574193153530359,0.27905383706092834,0.4886890947818756,-0.010775167495012283,0.29312339425086975,0.4582262933254242,-0.017133712768554688,0.30059242248535156,0.4377313554286957,-0.02383974939584732,0.34167322516441345,0.4657721221446991,-0.013566790148615837,0.3884807825088501,0.42886224389076233,-0.022720566019415855,0.4159185588359833,0.4148344397544861,-0.028621060773730278,0.43765148520469666,0.40590161085128784,-0.031761035323143005,0.36630406975746155,0.48940473794937134,-0.018445556983351707,0.4155755639076233,0.4421992897987366,-0.02443784847855568,0.4442523717880249,0.41804975271224976,-0.027985215187072754,0.46683168411254883,0.4017409086227417,-0.030703693628311157,0.38509881496429443,0.5148623585700989,-0.023768659681081772,0.4295463562011719,0.46660152077674866,-0.02965945564210415,0.45399871468544006,0.43834617733955383,-0.03240036964416504,0.47232478857040405,0.41774317622184753,-0.03394448757171631,0.39965102076530457,0.5422253012657166,-0.029497839510440826,0.43615609407424927,0.50286865234375,-0.03410704806447029,0.45712217688560486,0.4797847867012024,-0.033566925674676895,0.47315147519111633,0.4609169363975525,-0.03229142352938652,1
0.48518556356430054,0.5358759164810181,-1.8850427865982056,0.5138712525367737,0.47810742259025574,-1.8353211879730225,0.5312767624855042,0.47785040736198425,-1.8361003398895264,0.5455447435379028,0.47773477435112,-1.8363640308380127,0.4591612219810486,0.478536456823349,-1.8324337005615234,0.43975988030433655,0.4789995849132538,-1.8330436944961548,0.4256238341331482,0.48006707429885864,-1.8330758810043335,0.5717129111289978,0.4994364082813263,-1.4053232669830322,0.4091743528842926,0.502021074295044,-1.3943746089935303,0.5175727605819702,0.6020601987838745,-1.7093439102172852,0.4534103274345398,0.5982419848442078,-1.7078641653060913,0.7071958780288696,0.8169333338737488,-1.0161186456680298,0.2687222957611084,0.8030979037284851,-1.064861536026001,0.7793684601783752,1.2265362739562988,-1.0635206699371338,0.1659441590309143,1.2281467914581299,-1.7064621448516846,0.6966878771781921,1.303780436515808,-1.2960617542266846,0.37369149923324585,0.8987954258918762,-2.379425048828125,0.6805161833763123,1.345015287399292,-1.3744269609451294,0.42252883315086365,0.7839131951332092,-2.5152554512023926,0.668239951133728,1.3183790445327759,-1.3833590745925903,0.42917799949645996,0.7321140170097351,-2.4374747276306152,0.6594322919845581,1.3115369081497192,-1.3068902492523193,0.4215400815010071,0.7631725668907166,-2.3623626232147217,0.636924147605896,1.460601568222046,-0.0014925111318007112,0.36802223324775696,1.4689708948135376,0.008101660758256912,0.6500034332275391,1.9641878604888916,-0.10700792074203491,0.4040425419807434,1.9909905195236206,-0.011826392263174057,0.6575136780738831,2.44099760055542,0.8644312620162964,0.4174916744232178,2.440448760986328,0.7633880376815796,0.6622981429100037,2.5077803134918213,0.9595664739608765,0.4154680669307709,2.4962801933288574,0.8341881632804871,0.6217073798179626,2.6311850547790527,0.5937005877494812,0.45030394196510315,2.6359236240386963,0.40066471695899963,0.0,0.0,0.0,0.0,0.0,0.0,0.0,0.0,0.0,0.0,0.0,0.0,0.0,0.0,0.0,0.0,0.0,0.0,0.0,0.0,0.0,0.0,0.0,0.0,0.0,0.0,0.0,0.0,0.0,0.0,0.0,0.0,0.0,0.0,0.0,0.0,0.0,0.0,0.0,0.0,0.0,0.0,0.0,0.0,0.0,0.0,0.0,0.0,0.0,0.0,0.0,0.0,0.0,0.0,0.0,0.0,0.0,0.0,0.0,0.0,0.0,0.0,0.0,0.3506985604763031,0.935841977596283,-3.4233809120820524e-09,0.33376309275627136,0.8748205304145813,0.005047787446528673,0.3308147192001343,0.8088959455490112,0.0038081081584095955,0.3217356204986572,0.76385498046875,0.00043712445767596364,0.3089733421802521,0.7361868619918823,-0.004047823138535023,0.39308151602745056,0.7756878733634949,-0.0007530678412877023,0.4281088709831238,0.7187817096710205,-0.004223734140396118,0.4484919309616089,0.6975824236869812,-0.007190964184701443,0.46462690830230713,0.679659903049469,-0.009924205020070076,0.4180040955543518,0.7917476892471313,-0.009533703327178955,0.45565730333328247,0.728355348110199,-0.008669792674481869,0.4756450355052948,0.6986488699913025,-0.00894959270954132,0.49140578508377075,0.677042543888092,-0.011933322995901108,0.4381713569164276,0.8177978992462158,-0.018461814150214195,0.4730381965637207,0.7594218254089355,-0.019039073958992958,0.4910055100917816,0.7285431623458862,-0.02046443521976471,0.5044727325439453,0.7023398876190186,-0.024292143061757088,0.4545251131057739,0.8504847288131714,-0.027164962142705917,0.4859887957572937,0.8129419088363647,-0.027485467493534088,0.5038102865219116,0.7902888059616089,-0.025849731639027596,0.518113374710083,0.7706379294395447,-0.02640632353723049,1
0.5024858713150024,0.3066506087779999,-1.7765445709228516,0.525898814201355,0.2501891255378723,-1.719053864479065,0.5419081449508667,0.2531111538410187,-1.718794822692871,0.5564717650413513,0.25630590319633484,-1.71822988986969,0.47429442405700684,0.24773834645748138,-1.7295564413070679,0.4553157687187195,0.24875907599925995,-1.730309247970581,0.43798762559890747,0.25048357248306274,-1.730201005935669,0.5788607597351074,0.29044613242149353,-1.247922420501709,0.41615453362464905,0.27867332100868225,-1.2875287532806396,0.5310283899307251,0.35865306854248047,-1.5871193408966064,0.4682539999485016,0.3600861430168152,-1.6012083292007446,0.6955587267875671,0.5632649660110474,-0.906446099281311,0.26477840542793274,0.5625521540641785,-0.883604884147644,0.8310915231704712,0.9263356924057007,-1.4078314304351807,0.14784002304077148,0.9773908257484436,-1.0191209316253662,0.6356011629104614,0.6276608109474182,-2.32393217086792,0.13885751366615295,1.181833028793335,-1.5822842121124268,0.6057928800582886,0.5306967496871948,-2.5590662956237793,0.12138120830059052,1.2591755390167236,-1.72087824344635,0.5935157537460327,0.48811352252960205,-2.480103015899658,0.1540599763393402,1.241376280784607,-1.803269624710083,0.600279688835144,0.5190266966819763,-2.3267664909362793,0.16884681582450867,1.2192034721374512,-1.6341989040374756,0.5768463015556335,1.253021240234375,0.03773750364780426,0.3231198191642761,1.2421990633010864,-0.029882680624723434,0.5868355631828308,1.8587027788162231,0.005669972859323025,0.32977306842803955,1.8059005737304688,-0.43028122186660767,0.570693850517273,2.3065288066864014,1.0139508247375488,0.32865768671035767,2.3246264457702637,0.31562697887420654,0.5708311796188354,2.3747518062591553,1.1072461605072021,0.31892043352127075,2.401649236679077,0.37804993987083435,0.5507556796073914,2.4770596027374268,0.7002280354499817,0.3707509934902191,2.5005197525024414,-0.10504206269979477,0.619714081287384,0.6172682046890259,2.490832855528424e-07,0.6420687437057495,0.5637879967689514,-0.007150051183998585,0.6467981934547424,0.5162273049354553,-0.01438218168914318,0.646480143070221,0.4756968915462494,-0.021703233942389488,0.6611390113830566,0.45058631896972656,-0.029177218675613403,0.5838059782981873,0.4812221825122833,-0.008072689175605774,0.5503824353218079,0.43548136949539185,-0.01458197645843029,0.5304875373840332,0.4107232689857483,-0.02091134898364544,0.5133410096168518,0.3899397850036621,-0.025877751410007477,0.5578799843788147,0.49834394454956055,-0.01080705039203167,0.5252697467803955,0.44610556960105896,-0.015050407499074936,0.5050979852676392,0.4156458079814911,-0.019809840247035027,0.48890572786331177,0.3903382420539856,-0.024242859333753586,0.5374099016189575,0.520607054233551,-0.014049705117940903,0.5089906454086304,0.4688704013824463,-0.016867173835635185,0.49186408519744873,0.43903517723083496,-0.02006651647388935,0.47813770174980164,0.41436296701431274,-0.023235635831952095,0.5215290784835815,0.5452976822853088,-0.018169540911912918,0.4984756112098694,0.5021947026252747,-0.019809074699878693,0.48622217774391174,0.47668707370758057,-0.019084615632891655,0.47708308696746826,0.4535297155380249,-0.018731603398919106,0.0,0.0,0.0,0.0,0.0,0.0,0.0,0.0,0.0,0.0,0.0,0.0,0.0,0.0,0.0,0.0,0.0,0.0,0.0,0.0,0.0,0.0,0.0,0.0,0.0,0.0,0.0,0.0,0.0,0.0,0.0,0.0,0.0,0.0,0.0,0.0,0.0,0.0,0.0,0.0,0.0,0.0,0.0,0.0,0.0,0.0,0.0,0.0,0.0,0.0,0.0,0.0,0.0,0.0,0.0,0.0,0.0,0.0,0.0,0.0,0.0,0.0,0.0,1
0.4489663541316986,0.29350316524505615,-2.5558724403381348,0.4686872363090515,0.22636288404464722,-2.49015736579895,0.4917500615119934,0.22389568388462067,-2.4907662868499756,0.5112329721450806,0.22170217335224152,-2.4904706478118896,0.40428823232650757,0.23809733986854553,-2.4724314212799072,0.38589343428611755,0.24418523907661438,-2.473196268081665,0.36790117621421814,0.2510063350200653,-2.4730911254882812,0.546532154083252,0.24408560991287231,-1.945701241493225,0.3361385762691498,0.28645241260528564,-1.8653593063354492,0.4937533438205719,0.3615621030330658,-2.341350555419922,0.42028290033340454,0.36777687072753906,-2.3201611042022705,0.7326849699020386,0.55955570936203,-1.423755407333374,0.21489596366882324,0.5674775838851929,-1.3744537830352783,0.8436704874038696,1.0243980884552002,-1.5682878494262695,0.009977737441658974,0.9026870727539062,-2.1728246212005615,0.8005639314651489,1.250564455986023,-2.024210214614868,0.3341819643974304,0.5964811444282532,-3.1039693355560303,0.8148663640022278,1.3301714658737183,-2.143319606781006,0.394001305103302,0.49510306119918823,-3.30926775932312,0.7750115990638733,1.3200396299362183,-2.175400495529175,0.40910571813583374,0.4643678665161133,-3.203864574432373,0.7546449899673462,1.3022581338882446,-2.0447001457214355,0.40188780426979065,0.4884704053401947,-3.08803391456604,0.5869995355606079,1.2695319652557373,-0.04903681203722954,0.31046628952026367,1.2639364004135132,0.05620532110333443,0.588001549243927,1.7525150775909424,-0.9356520771980286,0.32296597957611084,1.810516595840454,-0.7465471029281616,0.601538360118866,2.305201768875122,0.14422576129436493,0.3201296627521515,2.4038949012756348,0.11576013267040253,0.614463746547699,2.3920793533325195,0.23700542747974396,0.31952887773513794,2.496720552444458,0.17815761268138885,0.5483346581459045,2.4715559482574463,-0.33832478523254395,0.334894597530365,2.587804079055786,-0.4860900342464447,0.0,0.0,0.0,0.0,0.0,0.0,0.0,0.0,0.0,0.0,0.0,0.0,0.0,0.0,0.0,0.0,0.0,0.0,0.0,0.0,0.0,0.0,0.0,0.0,0.0,0.0,0.0,0.0,0.0,0.0,0.0,0.0,0.0,0.0,0.0,0.0,0.0,0.0,0.0,0.0,0.0,0.0,0.0,0.0,0.0,0.0,0.0,0.0,0.0,0.0,0.0,0.0,0.0,0.0,0.0,0.0,0.0,0.0,0.0,0.0,0.0,0.0,0.0,0.3393981456756592,0.6347069144248962,-1.245018097506545e-07,0.3253937363624573,0.5641404986381531,-0.0018660897621884942,0.3349241614341736,0.505746603012085,-0.0037510672118514776,0.3499004542827606,0.46456342935562134,-0.006312849000096321,0.3672766089439392,0.43656694889068604,-0.00834782887250185,0.39276328682899475,0.47887754440307617,0.0021818894892930984,0.42829805612564087,0.4201241433620453,-0.001939010457135737,0.44273412227630615,0.3976926803588867,-0.00491821113973856,0.4547106921672821,0.38011792302131653,-0.007149440702050924,0.4211956262588501,0.49762845039367676,-0.0022334372624754906,0.4555547833442688,0.4279283881187439,-0.005057638045400381,0.46986305713653564,0.39936649799346924,-0.007076264824718237,0.48046475648880005,0.3779054284095764,-0.00870327278971672,0.44233238697052,0.5191941857337952,-0.007787666283547878,0.47081610560417175,0.4493219554424286,-0.011835972778499126,0.48145657777786255,0.4152640104293823,-0.010950814932584763,0.4897066354751587,0.3872067332267761,-0.010329309850931168,0.4567130208015442,0.5416482090950012,-0.01376941055059433,0.4759098291397095,0.4833913743495941,-0.01632615178823471,0.4835061728954315,0.45288315415382385,-0.012606228701770306,0.4901579022407532,0.4264400005340576,-0.009182944893836975,1
0.4751238226890564,0.29213055968284607,-1.6301987171173096,0.4897138476371765,0.22656729817390442,-1.5490081310272217,0.5111469030380249,0.21965602040290833,-1.5487258434295654,0.5292996168136597,0.21193742752075195,-1.5484671592712402,0.42641767859458923,0.2549324333667755,-1.5548980236053467,0.41038450598716736,0.2652817368507385,-1.5555205345153809,0.3974885642528534,0.27365392446517944,-1.5550888776779175,0.5620992183685303,0.22910107672214508,-1.022309422492981,0.3876038193702698,0.3048047423362732,-1.0478730201721191,0.5285121202468872,0.3336910307407379,-1.430841088294983,0.46413516998291016,0.3659222722053528,-1.439131498336792,0.7754946947097778,0.5357352495193481,-0.49760565161705017,0.3438219130039215,0.5654407739639282,-0.7160561680793762,0.8678344488143921,0.9535201191902161,-0.3572675883769989,0.13773228228092194,0.8686645030975342,-1.1987216472625732,0.8928723335266113,1.3534202575683594,-0.8102622032165527,0.356278657913208,0.5694454908370972,-1.8793073892593384,0.9174873232841492,1.4568017721176147,-0.861298680305481,0.42586788535118103,0.47669845819473267,-2.052281141281128,0.8886283040046692,1.451911211013794,-0.9831825494766235,0.4459656774997711,0.4365744888782501,-1.9663814306259155,0.8670862317085266,1.4224945306777954,-0.8675918579101562,0.4322584569454193,0.47573786973953247,-1.8667446374893188,0.6983711123466492,1.3006224632263184,0.054124098271131516,0.41566261649131775,1.3066383600234985,-0.04464363306760788,0.6989874839782715,1.9377633333206177,-0.2953682541847229,0.4395543932914734,1.933825969696045,-0.3139920234680176,0.7188007235527039,2.4950859546661377,0.6580442190170288,0.4539909362792969,2.5025527477264404,0.36328139901161194,0.7257615327835083,2.5832579135894775,0.7458311915397644,0.4525063931941986,2.5857908725738525,0.4099637567996979,0.6978849768638611,2.655256509780884,0.32005399465560913,0.4961589276790619,2.6793487071990967,-0.11922898143529892,0.0,0.0,0.0,0.0,0.0,0.0,0.0,0.0,0.0,0.0,0.0,0.0,0.0,0.0,0.0,0.0,0.0,0.0,0.0,0.0,0.0,0.0,0.0,0.0,0.0,0.0,0.0,0.0,0.0,0.0,0.0,0.0,0.0,0.0,0.0,0.0,0.0,0.0,0.0,0.0,0.0,0.0,0.0,0.0,0.0,0.0,0.0,0.0,0.0,0.0,0.0,0.0,0.0,0.0,0.0,0.0,0.0,0.0,0.0,0.0,0.0,0.0,0.0,0.3328038454055786,0.5883188843727112,1.1234974728324687e-08,0.3126603960990906,0.5287479758262634,-0.012220611795783043,0.3098943829536438,0.48140349984169006,-0.026686685159802437,0.3007504642009735,0.44140997529029846,-0.042113080620765686,0.2845848500728607,0.41128671169281006,-0.05921265110373497,0.4038141965866089,0.45505648851394653,-0.016478771343827248,0.4580099284648895,0.41888368129730225,-0.02829376794397831,0.48219484090805054,0.40682071447372437,-0.0372987799346447,0.5030454397201538,0.3988017439842224,-0.04332759231328964,0.4326610267162323,0.4800880551338196,-0.019869083538651466,0.4922567307949066,0.43483293056488037,-0.024374203756451607,0.5199953317642212,0.41443532705307007,-0.02849626913666725,0.5439272522926331,0.40257614850997925,-0.033609967678785324,0.450761079788208,0.5091304183006287,-0.025062602013349533,0.5021421313285828,0.4689039885997772,-0.029429595917463303,0.5274459719657898,0.446386456489563,-0.033332452178001404,0.5471888184547424,0.4291605055332184,-0.037550557404756546,0.4618246853351593,0.539821207523346,-0.031786296516656876,0.49820929765701294,0.5057803988456726,-0.03272825479507446,0.5187658667564392,0.4863569438457489,-0.029496317729353905,0.5341823697090149,0.46892791986465454,-0.02811112254858017,1
0.5126495957374573,0.2925335764884949,0.07339390367269516,0.5303083658218384,0.2508024275302887,0.1411505490541458,0.5418766140937805,0.2499460130929947,0.14119309186935425,0.5534960031509399,0.2501985728740692,0.14129644632339478,0.4930818974971771,0.2559524178504944,0.14895884692668915,0.48115676641464233,0.26173946261405945,0.14855295419692993,0.46954935789108276,0.26462867856025696,0.14860491454601288,0.5666875243186951,0.27229559421539307,0.42578449845314026,0.4578646719455719,0.2848701477050781,0.46508437395095825,0.5375192761421204,0.33404740691185,0.1773718297481537,0.49231475591659546,0.34505265951156616,0.18786373734474182,0.6589822173118591,0.5133797526359558,0.39823633432388306,0.3653036653995514,0.5055367350578308,0.4376525282859802,0.6642241477966309,0.8067432641983032,0.02320532314479351,0.38855788111686707,0.7908328175544739,-0.026072705164551735,0.6558814644813538,0.7408934831619263,-0.34662407636642456,0.5152159333229065,0.5057132840156555,-0.5121433734893799,0.6787055134773254,0.7415105700492859,-0.4153476357460022,0.5316632986068726,0.4459380805492401,-0.6130210161209106,0.6759318113327026,0.7123331427574158,-0.412820428609848,0.5259101390838623,0.3964232802391052,-0.5594438910484314,0.6586509943008423,0.7238363027572632,-0.3557797968387604,0.5266100764274597,0.43898439407348633,-0.5021522045135498,0.6258188486099243,0.9130056500434875,-0.04901133105158806,0.42183971405029297,0.958282470703125,0.05230916291475296,0.5873929262161255,1.2457010746002197,-0.8872398138046265,0.39004606008529663,1.2032209634780884,-0.7053673267364502,0.5444891452789307,1.821476697921753,-0.785338282585144,0.4080387055873871,1.8171833753585815,-0.8732541799545288,0.5514407753944397,1.874916911125183,-0.7617040276527405,0.42473044991493225,1.894342064857483,-0.8884814381599426,0.4762788712978363,2.043087959289551,-0.9829530715942383,0.3908563554286957,2.0128655433654785,-1.1863176822662354,0.0,0.0,0.0,0.0,0.0,0.0,0.0,0.0,0.0,0.0,0.0,0.0,0.0,0.0,0.0,0.0,0.0,0.0,0.0,0.0,0.0,0.0,0.0,0.0,0.0,0.0,0.0,0.0,0.0,0.0,0.0,0.0,0.0,0.0,0.0,0.0,0.0,0.0,0.0,0.0,0.0,0.0,0.0,0.0,0.0,0.0,0.0,0.0,0.0,0.0,0.0,0.0,0.0,0.0,0.0,0.0,0.0,0.0,0.0,0.0,0.0,0.0,0.0,0.513763427734375,0.534521222114563,-1.1454434201141339e-07,0.4918487071990967,0.506514310836792,0.002509686630219221,0.47803419828414917,0.4734271466732025,-0.00217790761962533,0.469148188829422,0.4461630582809448,-0.008462127298116684,0.4575771391391754,0.4307710826396942,-0.014887195080518723,0.4894980490207672,0.44869959354400635,-0.006784319411963224,0.4974132478237152,0.39339104294776917,-0.012812850996851921,0.5024923086166382,0.38120827078819275,-0.015431653708219528,0.5063928365707397,0.3744678795337677,-0.016334794461727142,0.5069288015365601,0.4522402286529541,-0.012552237138152122,0.5152623057365417,0.3924245834350586,-0.016107961535453796,0.5187361240386963,0.3787787854671478,-0.01640605553984642,0.5203492641448975,0.3735271692276001,-0.017174048349261284,0.5252659320831299,0.45685702562332153,-0.018040426075458527,0.5320162773132324,0.39851295948028564,-0.02050258405506611,0.531889796257019,0.3835848867893219,-0.01791056990623474,0.5301176905632019,0.37623170018196106,-0.016665194183588028,0.5448184609413147,0.46266987919807434,-0.023265432566404343,0.5484512448310852,0.41678541898727417,-0.022704878821969032,0.5482950806617737,0.40090411901474,-0.017772454768419266,0.5468002557754517,0.39045318961143494,-0.01456929836422205,1
0.6009624600410461,0.3436245918273926,-0.9603996276855469,0.6126667857170105,0.2885690927505493,-0.8988625407218933,0.6225670576095581,0.2887071967124939,-0.8991592526435852,0.6323195099830627,0.2889295220375061,-0.8992605209350586,0.5744643807411194,0.2826310098171234,-0.9241480827331543,0.5536321997642517,0.27877897024154663,-0.9247773289680481,0.5330607295036316,0.27427905797958374,-0.9246683120727539,0.6318498253822327,0.30350205302238464,-0.47998857498168945,0.4754915237426758,0.28744539618492126,-0.6048142910003662,0.609009861946106,0.3925118148326874,-0.7919726967811584,0.5623267889022827,0.40156424045562744,-0.8291416168212891,0.7052552103996277,0.5224552750587463,-0.24386298656463623,0.2936238646507263,0.5440260767936707,-0.37405022978782654,0.8102380633354187,0.8455653786659241,-0.2373572289943695,0.2610148787498474,0.9381633400917053,-0.8299487829208374,0.6078087091445923,0.7850269079208374,-0.39023393392562866,0.5390338897705078,0.6331874132156372,-1.1465513706207275,0.5690948963165283,0.7823147177696228,-0.456220805644989,0.585734486579895,0.5639570355415344,-1.2457895278930664,0.5559828877449036,0.7460092306137085,-0.4365914463996887,0.5825148820877075,0.5208725333213806,-1.1464283466339111,0.557475209236145,0.7594728469848633,-0.38996821641921997,0.5733684301376343,0.5339181423187256,-1.1122689247131348,0.6538053750991821,1.1858925819396973,-0.00950719602406025,0.4161757528781891,1.2112613916397095,0.015638919547200203,0.6804986000061035,1.6722006797790527,-0.10213033854961395,0.4534931778907776,1.6964805126190186,-0.016159532591700554,0.7143324613571167,2.1780853271484375,0.5974226593971252,0.5079180002212524,2.2101848125457764,0.4822513461112976,0.7242391109466553,2.241137742996216,0.6710349917411804,0.520607054233551,2.279045343399048,0.5250274538993835,0.6805533766746521,2.3716189861297607,0.375728577375412,0.5165874361991882,2.3896334171295166,0.14341433346271515,0.0,0.0,0.0,0.0,0.0,0.0,0.0,0.0,0.0,0.0,0.0,0.0,0.0,0.0,0.0,0.0,0.0,0.0,0.0,0.0,0.0,0.0,0.0,0.0,0.0,0.0,0.0,0.0,0.0,0.0,0.0,0.0,0.0,0.0,0.0,0.0,0.0,0.0,0.0,0.0,0.0,0.0,0.0,0.0,0.0,0.0,0.0,0.0,0.0,0.0,0.0,0.0,0.0,0.0,0.0,0.0,0.0,0.0,0.0,0.0,0.0,0.0,0.0,0.5571323037147522,0.6592750549316406,1.917539407259028e-07,0.5127131342887878,0.6253324747085571,-0.03022487461566925,0.48278412222862244,0.581068217754364,-0.05231785774230957,0.47276175022125244,0.5417648553848267,-0.06927020847797394,0.47717347741127014,0.5072519183158875,-0.0854949876666069,0.5575909614562988,0.5532505512237549,-0.052894532680511475,0.5870966911315918,0.5019601583480835,-0.07148366421461105,0.6077998280525208,0.4737522006034851,-0.08202129602432251,0.627229630947113,0.4507353901863098,-0.08853290230035782,0.5946569442749023,0.5652844905853271,-0.04746738821268082,0.6246187686920166,0.5058684349060059,-0.062422364950180054,0.6426003575325012,0.4683949947357178,-0.0700339674949646,0.6590534448623657,0.43812206387519836,-0.07611395418643951,0.6221832633018494,0.5770827531814575,-0.04306197538971901,0.6480036377906799,0.5209993124008179,-0.056095849722623825,0.6630836129188538,0.4834445118904114,-0.06178119033575058,0.6770234704017639,0.4524560570716858,-0.0656268298625946,0.6420313119888306,0.5882973670959473,-0.040717363357543945,0.6655133366584778,0.5423732399940491,-0.05250469222664833,0.6796765327453613,0.5135442614555359,-0.05631028115749359,0.6924601793289185,0.4866656959056854,-0.057985302060842514,1
0.4465622901916504,0.2447534203529358,-1.7661380767822266,0.473022997379303,0.18708579242229462,-1.723596215248108,0.49162301421165466,0.18712595105171204,-1.7239305973052979,0.5095890760421753,0.18759337067604065,-1.7235174179077148,0.4258163869380951,0.18880324065685272,-1.7096099853515625,0.4117492735385895,0.18944336473941803,-1.7101490497589111,0.39726585149765015,0.19043008983135223,-1.7100212574005127,0.5343040227890015,0.2171209305524826,-1.307037591934204,0.37232595682144165,0.21863117814064026,-1.2447010278701782,0.4755830764770508,0.30169546604156494,-1.596126914024353,0.42338746786117554,0.29853296279907227,-1.5804156064987183,0.6876996159553528,0.49558025598526,-0.9243226051330566,0.24813637137413025,0.470957487821579,-0.8607786893844604,0.7324675917625427,0.920418381690979,-1.0566225051879883,0.2173946350812912,0.9082003831863403,-1.3507263660430908,0.6000783443450928,1.12665855884552,-1.4730820655822754,0.3821582794189453,0.48866334557533264,-2.0004754066467285,0.5731191635131836,1.1871861219406128,-1.5652735233306885,0.4078083038330078,0.3947657644748688,-2.1438443660736084,0.5436277985572815,1.149396538734436,-1.565993309020996,0.3989919126033783,0.34811148047447205,-2.0664772987365723,0.5377908945083618,1.1318604946136475,-1.4813624620437622,0.3934205174446106,0.3807140588760376,-1.9833513498306274,0.58195960521698,1.1170483827590942,-0.034678418189287186,0.3251625597476959,1.1021431684494019,0.042222198098897934,0.5717297792434692,1.6819409132003784,-0.2729796767234802,0.33323317766189575,1.6713461875915527,-0.14841939508914948,0.5798478722572327,2.171795129776001,0.41528111696243286,0.35281065106391907,2.160837411880493,0.38038474321365356,0.5948289632797241,2.2358756065368652,0.48158398270606995,0.35728171467781067,2.2223379611968994,0.4236275255680084,0.5162317752838135,2.3587653636932373,0.09103983640670776,0.3634129762649536,2.335394859313965,0.03982367366552353,0.0,0.0,0.0,0.0,0.0,0.0,0.0,0.0,0.0,0.0,0.0,0.0,0.0,0.0,0.0,0.0,0.0,0.0,0.0,0.0,0.0,0.0,0.0,0.0,0.0,0.0,0.0,0.0,0.0,0.0,0.0,0.0,0.0,0.0,0.0,0.0,0.0,0.0,0.0,0.0,0.0,0.0,0.0,0.0,0.0,0.0,0.0,0.0,0.0,0.0,0.0,0.0,0.0,0.0,0.0,0.0,0.0,0.0,0.0,0.0,0.0,0.0,0.0,0.3563990890979767,0.5518616437911987,-1.0471870126593785e-07,0.3306453227996826,0.49155694246292114,-0.005283805541694164,0.32449376583099365,0.4355337619781494,-0.011019736528396606,0.33985191583633423,0.3924899101257324,-0.01716822199523449,0.3564072847366333,0.36381444334983826,-0.022791985422372818,0.3755532503128052,0.40862584114074707,-0.008070624433457851,0.39669856429100037,0.3476862907409668,-0.01522856205701828,0.40713727474212646,0.32683539390563965,-0.020514653995633125,0.418012410402298,0.3106141686439514,-0.0242981668561697,0.4047282636165619,0.42162445187568665,-0.011844937689602375,0.4278606176376343,0.3488816022872925,-0.0165320485830307,0.43913188576698303,0.31631630659103394,-0.02031232789158821,0.44877076148986816,0.295194536447525,-0.024119960144162178,0.42786267399787903,0.4422244131565094,-0.016365662217140198,0.4478605091571808,0.37592846155166626,-0.021583445370197296,0.45686548948287964,0.3414094150066376,-0.023724796250462532,0.4627038836479187,0.3178651034832001,-0.02603825181722641,0.44755399227142334,0.4687367379665375,-0.021500252187252045,0.4654429852962494,0.4232214093208313,-0.02486370876431465,0.4727373719215393,0.39499297738075256,-0.023457424715161324,0.47699224948883057,0.3736056089401245,-0.02246132865548134,1
0.5133055448532104,0.3258485794067383,-1.327446699142456,0.5355852842330933,0.26258140802383423,-1.2653608322143555,0.5509334206581116,0.26318618655204773,-1.2652148008346558,0.5660468339920044,0.26485785841941833,-1.2649074792861938,0.4791840612888336,0.26582247018814087,-1.254323124885559,0.45555514097213745,0.2689317464828491,-1.2548071146011353,0.4331884980201721,0.2735595405101776,-1.254647970199585,0.5902456045150757,0.3005751669406891,-0.8304668664932251,0.40338701009750366,0.314852774143219,-0.7776476144790649,0.5395127534866333,0.39685001969337463,-1.1588013172149658,0.4717915654182434,0.4053700268268585,-1.145235300064087,0.7448567748069763,0.6398531794548035,-0.6180285811424255,0.2766849100589752,0.6892243027687073,-0.40150484442710876,0.8263586163520813,1.0295374393463135,-1.0457088947296143,0.2284352034330368,1.1636693477630615,-0.404357373714447,0.5804937481880188,0.7723169326782227,-1.8417794704437256,0.18493160605430603,1.4440224170684814,-0.9490372538566589,0.5573471784591675,0.6519492268562317,-2.068390369415283,0.1459977626800537,1.5500439405441284,-1.0645602941513062,0.5542319416999817,0.6041671633720398,-1.998600959777832,0.17746737599372864,1.5445005893707275,-1.1799561977386475,0.5555946230888367,0.639754056930542,-1.8463618755340576,0.2041023224592209,1.5034807920455933,-1.0172674655914307,0.6661818027496338,1.4192442893981934,-0.021451707929372787,0.37597841024398804,1.4277952909469604,0.030271276831626892,0.6544675827026367,2.017636299133301,-0.02694697305560112,0.39202797412872314,1.9933359622955322,0.08611246943473816,0.6573385000228882,2.53586483001709,0.9663324356079102,0.4061111509799957,2.491924285888672,0.892670750617981,0.6638743877410889,2.618183135986328,1.0656888484954834,0.41237741708755493,2.572563409805298,0.9640694856643677,0.6084190011024475,2.7225522994995117,0.6770647764205933,0.42358094453811646,2.67262601852417,0.5552844405174255,0.5850315093994141,0.7727178931236267,1.9045866395117628e-07,0.6329330801963806,0.71631920337677,-0.0045877243392169476,0.6612868309020996,0.6479902267456055,-0.014634188264608383,0.6751164793968201,0.5897106528282166,-0.023915482684969902,0.6907586455345154,0.5531164407730103,-0.03525688126683235,0.6235803365707397,0.62232905626297,-0.040733445435762405,0.5986303091049194,0.5175864100456238,-0.05812676623463631,0.5861276984214783,0.4638790190219879,-0.06534700840711594,0.5763508677482605,0.42375415563583374,-0.06878001987934113,0.5846854448318481,0.6368255019187927,-0.04820837453007698,0.5615500211715698,0.522209644317627,-0.06269976496696472,0.5507305264472961,0.4615529179573059,-0.06700677424669266,0.5440016388893127,0.41792750358581543,-0.0707116574048996,0.5470336079597473,0.6547502279281616,-0.05404612794518471,0.5281222462654114,0.5486366152763367,-0.06493785232305527,0.5196884274482727,0.4852965474128723,-0.06699434667825699,0.5169550180435181,0.4398763179779053,-0.06936775147914886,0.5104650259017944,0.6725568771362305,-0.05942825973033905,0.49742329120635986,0.5896804332733154,-0.0678631141781807,0.49483996629714966,0.5399292707443237,-0.06717417389154434,0.4954090118408203,0.5003477931022644,-0.06685914844274521,0.0,0.0,0.0,0.0,0.0,0.0,0.0,0.0,0.0,0.0,0.0,0.0,0.0,0.0,0.0,0.0,0.0,0.0,0.0,0.0,0.0,0.0,0.0,0.0,0.0,0.0,0.0,0.0,0.0,0.0,0.0,0.0,0.0,0.0,0.0,0.0,0.0,0.0,0.0,0.0,0.0,0.0,0.0,0.0,0.0,0.0,0.0,0.0,0.0,0.0,0.0,0.0,0.0,0.0,0.0,0.0,0.0,0.0,0.0,0.0,0.0,0.0,0.0,1
0.5247471332550049,0.24682562053203583,-1.0697976350784302,0.553726315498352,0.20328648388385773,-1.0138479471206665,0.5702841877937317,0.20340491831302643,-1.0141358375549316,0.5861654877662659,0.20389361679553986,-1.0141849517822266,0.5082176327705383,0.1988665610551834,-1.015972375869751,0.49322861433029175,0.1971917450428009,-1.0164976119995117,0.4764651358127594,0.19527532160282135,-1.0162397623062134,0.6057551503181458,0.22001518309116364,-0.6028553247451782,0.453195720911026,0.21062462031841278,-0.6130120158195496,0.5525782108306885,0.30220162868499756,-0.9052098393440247,0.4905603528022766,0.29715606570243835,-0.9084886312484741,0.7408328652381897,0.4920462667942047,-0.2646277844905853,0.3115450143814087,0.4636343717575073,-0.37578848004341125,0.8138738870620728,0.923622727394104,-0.1624668538570404,0.26916956901550293,0.8504711985588074,-0.9644591212272644,0.8200234174728394,1.2882022857666016,-0.48073235154151917,0.4079371392726898,0.5371586084365845,-1.8477582931518555,0.8386027216911316,1.4019874334335327,-0.5247728824615479,0.4341573715209961,0.42291775345802307,-2.0208022594451904,0.8161104917526245,1.3825442790985107,-0.6223369836807251,0.43756937980651855,0.380776584148407,-1.9797258377075195,0.7968577146530151,1.3472923040390015,-0.5219246745109558,0.43415164947509766,0.40581780672073364,-1.849949598312378,0.6432825326919556,1.2130531072616577,-0.01706104166805744,0.39308828115463257,1.1747459173202515,0.024547826498746872,0.6427552700042725,1.8347042798995972,-0.35486942529678345,0.3948972523212433,1.8405780792236328,-0.28333526849746704,0.6641101837158203,2.371368885040283,0.3370789587497711,0.43149203062057495,2.3812124729156494,0.24926212430000305,0.6786509156227112,2.4497616291046143,0.3994600772857666,0.43874678015708923,2.460505723953247,0.2869066596031189,0.617580771446228,2.5263686180114746,-0.0027747696731239557,0.44440221786499023,2.539597749710083,-0.16806310415267944,0.0,0.0,0.0,0.0,0.0,0.0,0.0,0.0,0.0,0.0,0.0,0.0,0.0,0.0,0.0,0.0,0.0,0.0,0.0,0.0,0.0,0.0,0.0,0.0,0.0,0.0,0.0,0.0,0.0,0.0,0.0,0.0,0.0,0.0,0.0,0.0,0.0,0.0,0.0,0.0,0.0,0.0,0.0,0.0,0.0,0.0,0.0,0.0,0.0,0.0,0.0,0.0,0.0,0.0,0.0,0.0,0.0,0.0,0.0,0.0,0.0,0.0,0.0,0.4027559459209442,0.5316718220710754,4.674050302355681e-08,0.3769250810146332,0.46475687623023987,0.006795056629925966,0.3763376772403717,0.4052761197090149,0.010199664160609245,0.386317640542984,0.36024996638298035,0.011330459266901016,0.3877260386943817,0.3277652859687805,0.01210547424852848,0.4247770309448242,0.36856821179389954,0.010086418129503727,0.4517228603363037,0.31409069895744324,0.008809424005448818,0.47006016969680786,0.28899914026260376,0.006774105131626129,0.48605111241340637,0.2722565829753876,0.005127194337546825,0.4555285573005676,0.38187161087989807,0.0025563123635947704,0.48273736238479614,0.3178873062133789,0.004085273016244173,0.4999125599861145,0.2869531810283661,0.002882780274376273,0.5149900913238525,0.26498085260391235,0.0007000754703767598,0.48055601119995117,0.4037098288536072,-0.005353077780455351,0.5065415501594543,0.34320732951164246,-0.006398797035217285,0.5209715366363525,0.31120917201042175,-0.008226048201322556,0.5319636464118958,0.2857101261615753,-0.01060557458549738,0.5014132857322693,0.43197548389434814,-0.012936561368405819,0.5278497934341431,0.3879214823246002,-0.014031163416802883,0.543143093585968,0.36262643337249756,-0.0127775389701128,0.5550233721733093,0.3392978310585022,-0.012161565944552422,1
0.5231135487556458,0.312984824180603,-0.8019173741340637,0.5500776171684265,0.26842525601387024,-0.7275575399398804,0.5683082938194275,0.26694029569625854,-0.7272717952728271,0.5841866135597229,0.2658231258392334,-0.7264506220817566,0.4942396283149719,0.2777964770793915,-0.7063520550727844,0.475624144077301,0.2827049493789673,-0.706855058670044,0.4596167206764221,0.28793472051620483,-0.707076370716095,0.6082566380500793,0.29982617497444153,-0.30894747376441956,0.4426569938659668,0.32827234268188477,-0.20789361000061035,0.5608340501785278,0.37693357467651367,-0.6484701633453369,0.49469614028930664,0.3892631232738495,-0.6219868063926697,0.7519556283950806,0.6272527575492859,-0.16702893376350403,0.3533889353275299,0.6427195072174072,0.008473876863718033,0.752707839012146,1.0094331502914429,-0.7363165020942688,0.3008175790309906,1.002434492111206,-0.5140591859817505,0.576753556728363,0.7080081701278687,-1.4198051691055298,0.3985323905944824,0.6712645292282104,-1.3250057697296143,0.5472921133041382,0.5989297032356262,-1.5698554515838623,0.41992777585983276,0.5973074436187744,-1.472235083580017,0.5526736974716187,0.5479359030723572,-1.4907653331756592,0.40551918745040894,0.5273335576057434,-1.4207285642623901,0.5558364987373352,0.5890718698501587,-1.4108606576919556,0.4125775396823883,0.5688562393188477,-1.3292957544326782,0.6934206485748291,1.3472232818603516,-0.0405229777097702,0.4253911077976227,1.3383253812789917,0.048295386135578156,0.6739991903305054,1.870581865310669,-0.30661505460739136,0.424589067697525,1.8816375732421875,-0.1262056976556778,0.6638628244400024,2.419100284576416,0.3789614140987396,0.42863768339157104,2.4171836376190186,0.29465436935424805,0.6727960109710693,2.4998815059661865,0.44479450583457947,0.4289124608039856,2.4970314502716064,0.33392271399497986,0.613540768623352,2.573990821838379,0.03396248444914818,0.4349173605442047,2.5713727474212646,-0.06912665069103241,0.5626040697097778,0.6918182969093323,-5.845403805437854e-08,0.606779158115387,0.663804829120636,-0.004738857038319111,0.6292387843132019,0.627164363861084,-0.00977358315140009,0.627437949180603,0.5825757384300232,-0.013039670884609222,0.6307771801948547,0.5440566539764404,-0.016368145123124123,0.5805086493492126,0.5705335736274719,-0.019475487992167473,0.5661939978599548,0.5001545548439026,-0.023759903386235237,0.5594393014907837,0.4770519733428955,-0.024477167055010796,0.5553073883056641,0.46154525876045227,-0.024497216567397118,0.5444570779800415,0.5741984248161316,-0.020445797592401505,0.5330184698104858,0.5004551410675049,-0.021919718012213707,0.5287886261940002,0.4724215865135193,-0.020798197016119957,0.5301267504692078,0.45622360706329346,-0.02178196795284748,0.5131328701972961,0.5871620178222656,-0.020712753757834435,0.5007238984107971,0.5206130743026733,-0.022148368880152702,0.49651700258255005,0.49247080087661743,-0.021906176581978798,0.49851319193840027,0.4740658700466156,-0.023896723985671997,0.4845108985900879,0.6091262102127075,-0.020742718130350113,0.46185123920440674,0.568891167640686,-0.021637247875332832,0.44978833198547363,0.5423456430435181,-0.01992775872349739,0.4443405866622925,0.5206928849220276,-0.019566664472222328,0.0,0.0,0.0,0.0,0.0,0.0,0.0,0.0,0.0,0.0,0.0,0.0,0.0,0.0,0.0,0.0,0.0,0.0,0.0,0.0,0.0,0.0,0.0,0.0,0.0,0.0,0.0,0.0,0.0,0.0,0.0,0.0,0.0,0.0,0.0,0.0,0.0,0.0,0.0,0.0,0.0,0.0,0.0,0.0,0.0,0.0,0.0,0.0,0.0,0.0,0.0,0.0,0.0,0.0,0.0,0.0,0.0,0.0,0.0,0.0,0.0,0.0,0.0,1
0.42194169759750366,0.25106778740882874,-1.2492386102676392,0.4443439841270447,0.18828371167182922,-1.1804046630859375,0.4649050831794739,0.18971124291419983,-1.1803457736968994,0.48394331336021423,0.19165070354938507,-1.1796447038650513,0.3837180733680725,0.19180195033550262,-1.1794438362121582,0.36019647121429443,0.196495920419693,-1.179947853088379,0.3407744765281677,0.20135337114334106,-1.1798659563064575,0.520177960395813,0.23084522783756256,-0.7167959809303284,0.3137874901294708,0.24299496412277222,-0.7133980989456177,0.4583054482936859,0.32471588253974915,-1.0712885856628418,0.3855403959751129,0.33333680033683777,-1.0739572048187256,0.6672576665878296,0.5436503887176514,-0.4742863178253174,0.16587238013744354,0.554239809513092,-0.3613070845603943,0.8924857974052429,0.9288349151611328,-1.0041826963424683,0.07724489271640778,0.9399403929710388,-0.556727945804596,0.6705528497695923,0.5047971606254578,-1.8797321319580078,0.30454015731811523,1.030889630317688,-1.2005622386932373,0.6231614351272583,0.41759511828422546,-2.0988011360168457,0.34099623560905457,1.0742028951644897,-1.3426307439804077,0.5791113972663879,0.3881068527698517,-1.9885259866714478,0.37174227833747864,1.0200376510620117,-1.3493056297302246,0.5870742201805115,0.41630733013153076,-1.869844675064087,0.36919888854026794,1.0122712850570679,-1.2250815629959106,0.5697543621063232,1.3142167329788208,-0.028912559151649475,0.2631196975708008,1.3061528205871582,0.03840676322579384,0.565874457359314,1.8874261379241943,-0.2838646173477173,0.2762545943260193,1.8825831413269043,-0.24941107630729675,0.5700825452804565,2.4518771171569824,0.3715757429599762,0.2955736219882965,2.4360883235931396,0.275810182094574,0.5822100043296814,2.5361111164093018,0.4361582398414612,0.2969052195549011,2.5143520832061768,0.32283005118370056,0.5102012753486633,2.6272263526916504,-0.009177039377391338,0.307683527469635,2.6233057975769043,-0.12336491048336029,0.6953779458999634,0.5090911984443665,2.3795222148237372e-07,0.719075620174408,0.442111611366272,0.0017905374988913536,0.7062771320343018,0.3954096734523773,-0.00047277964767999947,0.6853489875793457,0.35579726099967957,-0.004311663564294577,0.6805422902107239,0.3219849467277527,-0.00864841602742672,0.5897983908653259,0.37771040201187134,-0.00170894677285105,0.516065239906311,0.3646853566169739,-0.00891526322811842,0.4686058759689331,0.3577883839607239,-0.013951340690255165,0.43212881684303284,0.3525972366333008,-0.017644116654992104,0.5638224482536316,0.40483808517456055,-0.010137294419109821,0.4807109236717224,0.3849515914916992,-0.020162031054496765,0.42901676893234253,0.373142808675766,-0.02665136195719242,0.3917270302772522,0.36382514238357544,-0.029797788709402084,0.5458307862281799,0.4418240785598755,-0.01818649098277092,0.46923357248306274,0.41582560539245605,-0.027705352753400803,0.42277902364730835,0.3995782136917114,-0.03474762290716171,0.38788092136383057,0.38788923621177673,-0.0374261699616909,0.5383588671684265,0.4864678680896759,-0.02575758844614029,0.47449955344200134,0.4540663957595825,-0.031758856028318405,0.436593621969223,0.43670350313186646,-0.03293955698609352,0.4071162939071655,0.4217093586921692,-0.031793735921382904,0.0,0.0,0.0,0.0,0.0,0.0,0.0,0.0,0.0,0.0,0.0,0.0,0.0,0.0,0.0,0.0,0.0,0.0,0.0,0.0,0.0,0.0,0.0,0.0,0.0,0.0,0.0,0.0,0.0,0.0,0.0,0.0,0.0,0.0,0.0,0.0,0.0,0.0,0.0,0.0,0.0,0.0,0.0,0.0,0.0,0.0,0.0,0.0,0.0,0.0,0.0,0.0,0.0,0.0,0.0,0.0,0.0,0.0,0.0,0.0,0.0,0.0,0.0,1
0.48422712087631226,0.283530056476593,-0.7029310464859009,0.5136899352073669,0.24286247789859772,-0.630911111831665,0.5292583703994751,0.2455516755580902,-0.6306278109550476,0.5448868274688721,0.24864794313907623,-0.6301745176315308,0.4719162881374359,0.2408885508775711,-0.6358396410942078,0.4581572413444519,0.2418384999036789,-0.6366184949874878,0.44479674100875854,0.2430281937122345,-0.6364821195602417,0.5685775279998779,0.27769339084625244,-0.2062256783246994,0.43014630675315857,0.26886066794395447,-0.23209019005298615,0.5104197263717651,0.3372664749622345,-0.5398852825164795,0.45625782012939453,0.3392062783241272,-0.5489861369132996,0.6859719157218933,0.5391717553138733,0.005620255134999752,0.2969897985458374,0.5421075224876404,-0.03854050487279892,0.7958000898361206,0.8915079236030579,0.010069577023386955,0.1860109269618988,0.8876309990882874,-0.5548813939094543,0.7123857736587524,0.929722011089325,-0.293381005525589,0.33300137519836426,0.6021546721458435,-1.2916512489318848,0.7009485960006714,0.96281898021698,-0.3509693145751953,0.3989415168762207,0.5028168559074402,-1.4497915506362915,0.6826479434967041,0.9303660988807678,-0.37975698709487915,0.39984914660453796,0.47158849239349365,-1.3920029401779175,0.679446280002594,0.9284611940383911,-0.31136780977249146,0.3890881836414337,0.5216216444969177,-1.2894667387008667,0.6294857263565063,1.1942235231399536,-0.015366420149803162,0.37638601660728455,1.1575530767440796,0.02209647372364998,0.6379209756851196,1.7799569368362427,-0.2597729563713074,0.3942609429359436,1.796211838722229,-0.2908281683921814,0.6646073460578918,2.316929340362549,0.12542012333869934,0.4377171993255615,2.3231236934661865,-0.01794670894742012,0.6808411478996277,2.3987553119659424,0.1602400541305542,0.44184693694114685,2.397376298904419,0.0016221670666709542,0.6178971529006958,2.4615111351013184,-0.21328134834766388,0.4564993977546692,2.4765465259552,-0.40347355604171753,0.0,0.0,0.0,0.0,0.0,0.0,0.0,0.0,0.0,0.0,0.0,0.0,0.0,0.0,0.0,0.0,0.0,0.0,0.0,0.0,0.0,0.0,0.0,0.0,0.0,0.0,0.0,0.0,0.0,0.0,0.0,0.0,0.0,0.0,0.0,0.0,0.0,0.0,0.0,0.0,0.0,0.0,0.0,0.0,0.0,0.0,0.0,0.0,0.0,0.0,0.0,0.0,0.0,0.0,0.0,0.0,0.0,0.0,0.0,0.0,0.0,0.0,0.0,0.32520410418510437,0.6049258708953857,1.1610722161492504e-08,0.31218692660331726,0.5280163884162903,0.021940190345048904,0.3144301772117615,0.475801557302475,0.030143441632390022,0.31612735986709595,0.4402966797351837,0.03217106685042381,0.3155721127986908,0.41407379508018494,0.03367103263735771,0.3782297968864441,0.4370243549346924,0.03727029263973236,0.41721266508102417,0.3907409906387329,0.043296460062265396,0.43832850456237793,0.372968852519989,0.04373399168252945,0.454073965549469,0.36057049036026,0.04357117787003517,0.40458500385284424,0.4525066018104553,0.023703131824731827,0.444322794675827,0.40132492780685425,0.034046389162540436,0.4644879102706909,0.3795391619205475,0.035463299602270126,0.4798520803451538,0.36503586173057556,0.03421944007277489,0.4253223240375519,0.47524160146713257,0.00965188629925251,0.4612298011779785,0.4286453127861023,0.020906580612063408,0.47639626264572144,0.4080311059951782,0.024253282696008682,0.48477408289909363,0.3913995325565338,0.02343170717358589,0.44165027141571045,0.5032064318656921,-0.0038190623745322227,0.4699152708053589,0.46740907430648804,0.0067251892760396,0.4819842278957367,0.44453808665275574,0.013655096292495728,0.48729991912841797,0.42458194494247437,0.01712353713810444,1
0.410395085811615,0.27542543411254883,-1.8266937732696533,0.44482988119125366,0.20650488138198853,-1.7768522500991821,0.4674850404262543,0.20081590116024017,-1.777075171470642,0.48586711287498474,0.1962040513753891,-1.777068853378296,0.4020112156867981,0.21961694955825806,-1.7567495107650757,0.38760536909103394,0.2241286337375641,-1.7572908401489258,0.378858745098114,0.2270035594701767,-1.7571662664413452,0.5421897172927856,0.21799540519714355,-1.3237133026123047,0.38958948850631714,0.25459349155426025,-1.2305662631988525,0.46134987473487854,0.3332425057888031,-1.6439071893692017,0.40826329588890076,0.3443645238876343,-1.618035912513733,0.7455509305000305,0.48618924617767334,-0.9105023145675659,0.3310542106628418,0.49360913038253784,-0.843755841255188,0.8471359014511108,0.8762532472610474,-0.9151420593261719,0.22326450049877167,0.6998704671859741,-1.4233946800231934,0.8027227520942688,1.1363751888275146,-1.1926007270812988,0.4154926836490631,0.49100831151008606,-2.127535343170166,0.8090907335281372,1.221821665763855,-1.2639120817184448,0.43584638833999634,0.3944736123085022,-2.2906126976013184,0.7835610508918762,1.214402437210083,-1.3312664031982422,0.476071298122406,0.3969998359680176,-2.226473331451416,0.7698174715042114,1.1902968883514404,-1.2245829105377197,0.47543320059776306,0.433190256357193,-2.1282427310943604,0.691341757774353,1.1637089252471924,-0.02251751907169819,0.4210830628871918,1.1621578931808472,0.030502820387482643,0.68868488073349,1.7303600311279297,-0.3663073778152466,0.44235649704933167,1.7528502941131592,-0.2603340148925781,0.7063502073287964,2.280108690261841,0.44019371271133423,0.46280890703201294,2.308326005935669,0.3254784941673279,0.7206263542175293,2.359220266342163,0.5169402956962585,0.470621258020401,2.386368751525879,0.37076765298843384,0.6524664163589478,2.4490315914154053,0.07145821303129196,0.47411227226257324,2.479356050491333,-0.13946126401424408,0.0,0.0,0.0,0.0,0.0,0.0,0.0,0.0,0.0,0.0,0.0,0.0,0.0,0.0,0.0,0.0,0.0,0.0,0.0,0.0,0.0,0.0,0.0,0.0,0.0,0.0,0.0,0.0,0.0,0.0,0.0,0.0,0.0,0.0,0.0,0.0,0.0,0.0,0.0,0.0,0.0,0.0,0.0,0.0,0.0,0.0,0.0,0.0,0.0,0.0,0.0,0.0,0.0,0.0,0.0,0.0,0.0,0.0,0.0,0.0,0.0,0.0,0.0,0.4273318946361542,0.48190465569496155,-1.6199813046569034e-07,0.387626051902771,0.45977383852005005,-0.006293704267591238,0.35676103830337524,0.4253055453300476,-0.015306715853512287,0.3349668085575104,0.3969276547431946,-0.025462141260504723,0.3145136535167694,0.3804669976234436,-0.03721298649907112,0.3910331428050995,0.4128298759460449,-0.017075981944799423,0.3968179523944855,0.37529119849205017,-0.026271067559719086,0.40242835879325867,0.35397863388061523,-0.03362521901726723,0.4083481431007385,0.3364422917366028,-0.039603035897016525,0.42266955971717834,0.4188738763332367,-0.02180374786257744,0.42866718769073486,0.3749692142009735,-0.02652938850224018,0.43401914834976196,0.3483071029186249,-0.031122200191020966,0.4394915699958801,0.3276740312576294,-0.037761855870485306,0.4524889588356018,0.4303605556488037,-0.026883777230978012,0.4603308439254761,0.38775354623794556,-0.03365970775485039,0.46440213918685913,0.3603875935077667,-0.037140484899282455,0.4667382836341858,0.33829817175865173,-0.04115372523665428,0.47946155071258545,0.4467889368534088,-0.0325731486082077,0.4897943437099457,0.41182684898376465,-0.03921566531062126,0.4925929009914398,0.3848295509815216,-0.0402272567152977,0.4921609163284302,0.3604888916015625,-0.04190264269709587,1
0.5911957621574402,0.13728554546833038,-0.2608462870121002,0.6070637106895447,0.10926391184329987,-0.18264493346214294,0.6193150281906128,0.10894091427326202,-0.18267427384853363,0.6319371461868286,0.1076885461807251,-0.18251270055770874,0.573337197303772,0.10823298245668411,-0.18902073800563812,0.5634508728981018,0.10810847580432892,-0.18912391364574432,0.5532746315002441,0.10786867141723633,-0.18856659531593323,0.6451709270477295,0.11475546658039093,0.20377278327941895,0.545198380947113,0.1249900534749031,0.17490451037883759,0.6075881719589233,0.17201685905456543,-0.11159452050924301,0.5702661871910095,0.1725606620311737,-0.11992426216602325,0.7449837923049927,0.26977846026420593,0.3298928141593933,0.44675254821777344,0.28406819701194763,0.29447034001350403,0.8749821782112122,0.4253922402858734,0.3141694962978363,0.32694560289382935,0.47735804319381714,-0.1766807734966278,0.8922554850578308,0.6998919248580933,0.008475041016936302,0.48750215768814087,0.299922376871109,-0.8233725428581238,0.898065447807312,0.7729292511940002,-0.04530727490782738,0.5297744274139404,0.23242788016796112,-0.9726129770278931,0.8723939061164856,0.7672956585884094,-0.1133604645729065,0.5499800443649292,0.20913170278072357,-0.913830578327179,0.8641719818115234,0.7488905787467957,-0.02412022463977337,0.543460488319397,0.22859883308410645,-0.8202371597290039,0.7072926759719849,0.6762108206748962,0.0117349186912179,0.4914918839931488,0.7109543085098267,-0.007861131802201271,0.7192336320877075,1.0379475355148315,-0.7801856398582458,0.49630245566368103,1.0624070167541504,-0.827419102191925,0.7289059162139893,1.5789597034454346,-0.5496100783348083,0.506345272064209,1.6310126781463623,-0.9621628522872925,0.7222573757171631,1.6346468925476074,-0.5218221545219421,0.5028749704360962,1.698699951171875,-0.9819514155387878,0.7462841868400574,1.780321717262268,-0.8357154130935669,0.5592879056930542,1.8098938465118408,-1.4391039609909058,0.9135423302650452,0.7044810056686401,1.6807966574106104e-07,0.882763147354126,0.7236002683639526,-0.008320851251482964,0.8623026609420776,0.7555491924285889,-0.010785176418721676,0.8512113094329834,0.7841789722442627,-0.012553310953080654,0.8419860601425171,0.8064144849777222,-0.013884815387427807,0.8869792222976685,0.7958401441574097,-0.003505145665258169,0.8717134594917297,0.8246195912361145,-0.007516072131693363,0.8579617142677307,0.8285524845123291,-0.01163019984960556,0.8477180004119873,0.823179304599762,-0.013850554823875427,0.9038816690444946,0.7940036654472351,-0.0009192946017719805,0.8925943970680237,0.8201038837432861,-0.002718748291954398,0.8785408139228821,0.8227885961532593,-0.0057677929289639,0.8676440715789795,0.8156885504722595,-0.00859232246875763,0.9171369075775146,0.7859874367713928,0.0007045333622954786,0.9072287082672119,0.8103835582733154,-0.0009479646105319262,0.8938583135604858,0.8134768009185791,-0.0018232163274660707,0.8828660249710083,0.8066071271896362,-0.002824606141075492,0.9273057579994202,0.7750690579414368,0.0014693893026560545,0.9214540719985962,0.7967693209648132,-0.000362205522833392,0.9099847078323364,0.8016201853752136,0.0001225699088536203,0.9002730846405029,0.7975708246231079,0.001019264804199338,0.0,0.0,0.0,0.0,0.0,0.0,0.0,0.0,0.0,0.0,0.0,0.0,0.0,0.0,0.0,0.0,0.0,0.0,0.0,0.0,0.0,0.0,0.0,0.0,0.0,0.0,0.0,0.0,0.0,0.0,0.0,0.0,0.0,0.0,0.0,0.0,0.0,0.0,0.0,0.0,0.0,0.0,0.0,0.0,0.0,0.0,0.0,0.0,0.0,0.0,0.0,0.0,0.0,0.0,0.0,0.0,0.0,0.0,0.0,0.0,0.0,0.0,0.0,1
0.579447865486145,0.3192092776298523,-2.13494610786438,0.6041443347930908,0.24979571998119354,-2.0847296714782715,0.6260302066802979,0.2537984251976013,-2.085204839706421,0.643994927406311,0.2584361433982849,-2.0849668979644775,0.5348094701766968,0.24917756021022797,-2.079484224319458,0.5168066620826721,0.2536375820636749,-2.080378532409668,0.49525126814842224,0.2597390115261078,-2.0803263187408447,0.6906700730323792,0.29283320903778076,-1.6583760976791382,0.4504982829093933,0.29594171047210693,-1.6401965618133545,0.6073638200759888,0.40784594416618347,-1.9642231464385986,0.5324787497520447,0.4093586504459381,-1.9603118896484375,0.7678974866867065,0.6128900647163391,-1.294299602508545,0.32388561964035034,0.5756475329399109,-1.2982739210128784,0.8748086094856262,1.0446171760559082,-1.3742995262145996,0.11983021348714828,0.8772932291030884,-1.9813779592514038,0.8001524209976196,1.2791714668273926,-1.6571381092071533,0.4071178436279297,0.6342371106147766,-2.653127908706665,0.803216278553009,1.3720470666885376,-1.7667903900146484,0.45831337571144104,0.5731373429298401,-2.811164379119873,0.7582147121429443,1.352945327758789,-1.7427797317504883,0.483031690120697,0.5195492506027222,-2.71639084815979,0.7392528653144836,1.3265968561172485,-1.6552432775497437,0.4665030539035797,0.5421513319015503,-2.635061740875244,0.6570969223976135,1.1664782762527466,-0.02199699357151985,0.4065183699131012,1.163816213607788,0.027013787999749184,0.6449338793754578,1.6406875848770142,0.06720984727144241,0.4240187108516693,1.6342500448226929,0.11252818256616592,0.6596143245697021,2.053231716156006,0.9635581970214844,0.4381743371486664,2.0233447551727295,0.9949498176574707,0.6626912951469421,2.119701385498047,1.0483756065368652,0.4388403296470642,2.0789012908935547,1.0792090892791748,0.6183541417121887,2.239520788192749,0.6587140560150146,0.46805357933044434,2.218646764755249,0.6927399039268494,0.0,0.0,0.0,0.0,0.0,0.0,0.0,0.0,0.0,0.0,0.0,0.0,0.0,0.0,0.0,0.0,0.0,0.0,0.0,0.0,0.0,0.0,0.0,0.0,0.0,0.0,0.0,0.0,0.0,0.0,0.0,0.0,0.0,0.0,0.0,0.0,0.0,0.0,0.0,0.0,0.0,0.0,0.0,0.0,0.0,0.0,0.0,0.0,0.0,0.0,0.0,0.0,0.0,0.0,0.0,0.0,0.0,0.0,0.0,0.0,0.0,0.0,0.0,0.37601664662361145,0.6482688188552856,-1.6504523614457867e-07,0.37695538997650146,0.5726355910301208,0.018463386222720146,0.4012538492679596,0.527633547782898,0.024075176566839218,0.4302706718444824,0.4972931742668152,0.026471752673387527,0.4552476704120636,0.4839199483394623,0.027696628123521805,0.4249967932701111,0.5208521485328674,0.004117658361792564,0.4740733802318573,0.4711209535598755,0.0046820747666060925,0.4971753656864166,0.45072752237319946,0.01144110132008791,0.5137097835540771,0.43651503324508667,0.01705339178442955,0.4502484202384949,0.5425230860710144,-0.0072455033659935,0.5031579732894897,0.48550811409950256,-0.009062804281711578,0.5271973609924316,0.46203431487083435,-0.005608761217445135,0.5457723736763,0.4462313950061798,-0.0024097326677292585,0.47268229722976685,0.5699105262756348,-0.016465453431010246,0.5199834704399109,0.5112356543540955,-0.01898347958922386,0.541416585445404,0.480788916349411,-0.016303986310958862,0.5567278861999512,0.4580706059932709,-0.01398476306349039,0.48988866806030273,0.5987950563430786,-0.023340370506048203,0.5242509841918945,0.5427747368812561,-0.021984728053212166,0.5372543334960938,0.5135814547538757,-0.015519821085035801,0.5469028949737549,0.4905399978160858,-0.010454792529344559,1
0.5255838632583618,0.31157007813453674,-1.4460320472717285,0.5505687594413757,0.2592846751213074,-1.3679505586624146,0.5676485896110535,0.26130959391593933,-1.3680822849273682,0.5844261050224304,0.26390138268470764,-1.3677529096603394,0.5020138025283813,0.2571318447589874,-1.379814863204956,0.4886382520198822,0.25756123661994934,-1.3802621364593506,0.4738003611564636,0.2587503492832184,-1.3799203634262085,0.6089983582496643,0.30408522486686707,-0.9020158052444458,0.4443478584289551,0.2899365723133087,-0.9700770378112793,0.5568984150886536,0.3811277449131012,-1.27482008934021,0.49382129311561584,0.37338733673095703,-1.2965400218963623,0.7190128564834595,0.6457760334014893,-0.5092240571975708,0.28993380069732666,0.6126123666763306,-0.7105818390846252,0.8568016290664673,1.0901967287063599,-0.5365740060806274,0.1805790811777115,1.0046298503875732,-1.2603846788406372,0.8489813804626465,1.392519235610962,-1.0302536487579346,0.4007677137851715,0.7195025682449341,-1.9995893239974976,0.862167239189148,1.4987845420837402,-1.098637342453003,0.4438784718513489,0.6185504198074341,-2.1605379581451416,0.8219932317733765,1.486965298652649,-1.1520888805389404,0.4432640075683594,0.5709412693977356,-2.0649752616882324,0.8047455549240112,1.4556241035461426,-1.0644667148590088,0.43722066283226013,0.5995303392410278,-1.9796183109283447,0.6292616128921509,1.3374661207199097,0.07548949867486954,0.3581599295139313,1.3272020816802979,-0.06760412454605103,0.6271482706069946,1.885575532913208,0.008794674649834633,0.37715303897857666,1.8711472749710083,-0.0976872593164444,0.6259679198265076,2.332606077194214,1.0072662830352783,0.371737539768219,2.346766710281372,0.666398823261261,0.6240978837013245,2.408997058868408,1.104806661605835,0.36131399869918823,2.41975998878479,0.7286649942398071,0.6103805303573608,2.4886162281036377,0.7647510170936584,0.42195653915405273,2.5211472511291504,0.297166109085083,0.0,0.0,0.0,0.0,0.0,0.0,0.0,0.0,0.0,0.0,0.0,0.0,0.0,0.0,0.0,0.0,0.0,0.0,0.0,0.0,0.0,0.0,0.0,0.0,0.0,0.0,0.0,0.0,0.0,0.0,0.0,0.0,0.0,0.0,0.0,0.0,0.0,0.0,0.0,0.0,0.0,0.0,0.0,0.0,0.0,0.0,0.0,0.0,0.0,0.0,0.0,0.0,0.0,0.0,0.0,0.0,0.0,0.0,0.0,0.0,0.0,0.0,0.0,0.43103596568107605,0.7005892395973206,1.3012896715736133e-07,0.39790865778923035,0.6421796083450317,-0.010763448663055897,0.38609781861305237,0.5802638530731201,-0.020174754783511162,0.38192301988601685,0.5334488153457642,-0.02925059013068676,0.3661920428276062,0.5084003210067749,-0.038532182574272156,0.44523152709007263,0.5444715023040771,-0.018143242225050926,0.4760194420814514,0.4820152819156647,-0.030849698930978775,0.4955730140209198,0.4453997313976288,-0.04003962129354477,0.5110769271850586,0.4158594608306885,-0.046077366918325424,0.4790707230567932,0.5584017634391785,-0.021027468144893646,0.5069053173065186,0.48723703622817993,-0.02938491851091385,0.5246760845184326,0.44420909881591797,-0.03484205901622772,0.5392714738845825,0.40766727924346924,-0.0390419065952301,0.5061187148094177,0.5771164894104004,-0.024791818112134933,0.5302279591560364,0.5089293718338013,-0.031181516125798225,0.543735921382904,0.4698605239391327,-0.03344150260090828,0.553741991519928,0.43789219856262207,-0.03471161425113678,0.5274405479431152,0.5990084409713745,-0.02989872172474861,0.5476295351982117,0.5420845746994019,-0.03357778862118721,0.5574096441268921,0.5094847083091736,-0.031739819794893265,0.5646660327911377,0.4824175238609314,-0.02967037819325924,1
0.575502336025238,0.09380027651786804,-2.403700113296509,0.6063231229782104,0.02512984350323677,-2.327608585357666,0.6289457082748413,0.024368582293391228,-2.3282358646392822,0.6522639989852905,0.02295871265232563,-2.3283188343048096,0.545507550239563,0.02721700631082058,-2.3309831619262695,0.5203224420547485,0.02726755104959011,-2.331897258758545,0.4971276819705963,0.027191907167434692,-2.3317809104919434,0.6944047212600708,0.05338611453771591,-1.7549335956573486,0.4590854048728943,0.054639823734760284,-1.765053153038025,0.6082206964492798,0.16874542832374573,-2.1756255626678467,0.538772463798523,0.16760258376598358,-2.1810050010681152,0.8441502451896667,0.47174036502838135,-1.187269926071167,0.3158826231956482,0.4981335401535034,-1.336990237236023,0.8983942270278931,1.0023835897445679,-1.3642548322677612,0.3314949870109558,0.9953662753105164,-2.0066630840301514,0.8574011921882629,1.3385664224624634,-2.0148658752441406,0.48324519395828247,0.6286065578460693,-2.872368574142456,0.8612737655639648,1.4318506717681885,-2.1403298377990723,0.5291607975959778,0.5225403904914856,-3.0719873905181885,0.8296348452568054,1.395552396774292,-2.1885054111480713,0.5252700448036194,0.43218567967414856,-3.0020413398742676,0.8123353719711304,1.3651777505874634,-2.0478150844573975,0.5190184116363525,0.48673340678215027,-2.8609068393707275,0.7251299619674683,1.2560230493545532,0.028508657589554787,0.4228212833404541,1.2494920492172241,-0.020426707342267036,0.7289990782737732,1.8895303010940552,-0.06989187002182007,0.4555633068084717,1.8546216487884521,-0.1273254156112671,0.7227419018745422,2.3847403526306152,1.4386370182037354,0.46464091539382935,2.3403921127319336,1.1278398036956787,0.7274466156959534,2.4552712440490723,1.5770319700241089,0.4649723470211029,2.4116718769073486,1.2304508686065674,0.6796919107437134,2.588613271713257,1.0875736474990845,0.5008665323257446,2.54950213432312,0.6653122901916504,0.0,0.0,0.0,0.0,0.0,0.0,0.0,0.0,0.0,0.0,0.0,0.0,0.0,0.0,0.0,0.0,0.0,0.0,0.0,0.0,0.0,0.0,0.0,0.0,0.0,0.0,0.0,0.0,0.0,0.0,0.0,0.0,0.0,0.0,0.0,0.0,0.0,0.0,0.0,0.0,0.0,0.0,0.0,0.0,0.0,0.0,0.0,0.0,0.0,0.0,0.0,0.0,0.0,0.0,0.0,0.0,0.0,0.0,0.0,0.0,0.0,0.0,0.0,0.5161460041999817,0.570144772529602,1.492237515776651e-07,0.4780969023704529,0.4994291663169861,0.0034746211022138596,0.46691209077835083,0.4266996681690216,0.0019355573458597064,0.4684201776981354,0.36128348112106323,-0.00020576524548232555,0.45499154925346375,0.3182598352432251,-0.0027414055075496435,0.495641827583313,0.39300984144210815,-0.007325897924602032,0.518709123134613,0.3074752986431122,-0.014105444774031639,0.5332089066505432,0.26844727993011475,-0.01636144146323204,0.543984591960907,0.23943880200386047,-0.016588132828474045,0.5310031771659851,0.40196746587753296,-0.013484543189406395,0.550442099571228,0.30660226941108704,-0.015312234871089458,0.5615517497062683,0.2632879316806793,-0.01460666861385107,0.5694775581359863,0.2346833050251007,-0.01485881581902504,0.5628570914268494,0.41792142391204834,-0.018973173573613167,0.5771639347076416,0.32873356342315674,-0.019761167466640472,0.5834488272666931,0.28700366616249084,-0.01639792136847973,0.5870336294174194,0.25666314363479614,-0.015099169686436653,0.5908034443855286,0.438293993473053,-0.024143563583493233,0.5973075032234192,0.3644295632839203,-0.024072447791695595,0.5992732048034668,0.32597804069519043,-0.01916579157114029,0.6000201106071472,0.29281294345855713,-0.015403784811496735,1
0.5458736419677734,0.24390020966529846,-3.056670665740967,0.5848982334136963,0.1831587851047516,-2.9799692630767822,0.604806125164032,0.18624188005924225,-2.980884552001953,0.6211231350898743,0.18858753144741058,-2.9811244010925293,0.524057924747467,0.17666897177696228,-2.9963271617889404,0.5051242113113403,0.17480607330799103,-2.9976043701171875,0.4860662519931793,0.17362430691719055,-2.9978020191192627,0.6454578638076782,0.22664934396743774,-2.312077045440674,0.4546084403991699,0.20165903866291046,-2.38610577583313,0.5760859251022339,0.3335050046443939,-2.783475637435913,0.50792396068573,0.3281230032444,-2.8082096576690674,0.7943699955940247,0.6033999919891357,-1.657779335975647,0.25964677333831787,0.6129448413848877,-1.8305658102035522,0.8832964897155762,1.0370521545410156,-1.743804931640625,0.24260282516479492,1.1656434535980225,-2.569456100463867,0.8172405362129211,0.950249969959259,-2.2454164028167725,0.4901235103607178,0.7220690846443176,-3.428626298904419,0.8070787191390991,0.951288104057312,-2.386686325073242,0.534654974937439,0.6417685747146606,-3.6273446083068848,0.8010425567626953,0.9083982110023499,-2.3904199600219727,0.5441759824752808,0.5721758604049683,-3.563105344772339,0.786438524723053,0.9174748063087463,-2.2625277042388916,0.5461558103561401,0.6134790182113647,-3.418874740600586,0.6958732604980469,1.3831747770309448,0.01933479867875576,0.3791956305503845,1.3957632780075073,-0.011054420843720436,0.7156882882118225,2.0040760040283203,0.13987573981285095,0.4289851784706116,2.040320634841919,0.39980003237724304,0.7149372100830078,2.5424766540527344,1.815730094909668,0.44725823402404785,2.5325400829315186,1.9115588665008545,0.719912052154541,2.6185684204101562,1.974786400794983,0.4491734504699707,2.6034345626831055,2.0471298694610596,0.660955011844635,2.7773921489715576,1.4408224821090698,0.48840242624282837,2.7531254291534424,1.470834732055664,0.0,0.0,0.0,0.0,0.0,0.0,0.0,0.0,0.0,0.0,0.0,0.0,0.0,0.0,0.0,0.0,0.0,0.0,0.0,0.0,0.0,0.0,0.0,0.0,0.0,0.0,0.0,0.0,0.0,0.0,0.0,0.0,0.0,0.0,0.0,0.0,0.0,0.0,0.0,0.0,0.0,0.0,0.0,0.0,0.0,0.0,0.0,0.0,0.0,0.0,0.0,0.0,0.0,0.0,0.0,0.0,0.0,0.0,0.0,0.0,0.0,0.0,0.0,0.46447768807411194,0.684013843536377,-6.783012196365235e-08,0.42671674489974976,0.616843581199646,0.004125095438212156,0.41234397888183594,0.551214337348938,0.0017542012501507998,0.4113907814025879,0.49587997794151306,-0.0016036282759159803,0.40234896540641785,0.4567776322364807,-0.004706581588834524,0.44724422693252563,0.5209279656410217,-0.009411226958036423,0.47779741883277893,0.4439951777458191,-0.01496080681681633,0.4933749735355377,0.4141601026058197,-0.014785321429371834,0.5029584169387817,0.39403989911079407,-0.013441714458167553,0.48535850644111633,0.5298299193382263,-0.015135370194911957,0.511528730392456,0.4401800036430359,-0.016482705250382423,0.5240778923034668,0.40778887271881104,-0.013569124974310398,0.5314047932624817,0.3892138600349426,-0.01226872019469738,0.5201132297515869,0.5443732738494873,-0.02004580944776535,0.5418265461921692,0.4589370787143707,-0.019936218857765198,0.5497986674308777,0.42505982518196106,-0.015433045104146004,0.552842915058136,0.40266406536102295,-0.013480821624398232,0.550787091255188,0.5631018280982971,-0.024519097059965134,0.5640804171562195,0.4961327910423279,-0.023602735251188278,0.5681749582290649,0.4633895456790924,-0.018364598974585533,0.5687509179115295,0.4378379285335541,-0.014573678374290466,1
0.5085685849189758,0.2306130826473236,-0.6652714610099792,0.5443941354751587,0.17849251627922058,-0.6007809638977051,0.5643189549446106,0.1796259880065918,-0.6007212400436401,0.5813590288162231,0.18105338513851166,-0.6004143953323364,0.49593448638916016,0.1775781363248825,-0.5852991938591003,0.48455357551574707,0.17885078489780426,-0.5857524275779724,0.4732302129268646,0.18012025952339172,-0.585387647151947,0.6186361312866211,0.21435043215751648,-0.20646364986896515,0.4665498733520508,0.21044978499412537,-0.1288682520389557,0.5533700585365295,0.2876947224140167,-0.5114680528640747,0.4891456663608551,0.29001253843307495,-0.49005407094955444,0.7898237109184265,0.46142181754112244,0.02109595760703087,0.3762055039405823,0.4633066952228546,0.053972452878952026,0.8866710662841797,0.8099781274795532,0.07556307315826416,0.26145797967910767,0.7576561570167542,-0.5387994050979614,0.8633062243461609,1.141958475112915,-0.235773965716362,0.4376600682735443,0.5253146290779114,-1.5094389915466309,0.8759231567382812,1.2645066976547241,-0.29246291518211365,0.4621508717536926,0.4347670376300812,-1.7096316814422607,0.8442228436470032,1.2529786825180054,-0.39628398418426514,0.4627804756164551,0.3924468457698822,-1.6502710580825806,0.8303940892219543,1.2147717475891113,-0.28231412172317505,0.4634858965873718,0.4270994961261749,-1.514553427696228,0.6988722681999207,1.1638903617858887,-0.013904994353652,0.4393249452114105,1.1495572328567505,0.022271588444709778,0.6946778893470764,1.808414340019226,-0.596346914768219,0.4300892949104309,1.8032526969909668,-0.4734322428703308,0.6972132325172424,2.4327807426452637,-0.09324012696743011,0.4437534213066101,2.4323909282684326,-0.23381459712982178,0.7083125710487366,2.5183839797973633,-0.045638278126716614,0.44691357016563416,2.522348165512085,-0.2235894501209259,0.647696852684021,2.6174588203430176,-0.47792449593544006,0.4609110951423645,2.6138556003570557,-0.7336447834968567,0.0,0.0,0.0,0.0,0.0,0.0,0.0,0.0,0.0,0.0,0.0,0.0,0.0,0.0,0.0,0.0,0.0,0.0,0.0,0.0,0.0,0.0,0.0,0.0,0.0,0.0,0.0,0.0,0.0,0.0,0.0,0.0,0.0,0.0,0.0,0.0,0.0,0.0,0.0,0.0,0.0,0.0,0.0,0.0,0.0,0.0,0.0,0.0,0.0,0.0,0.0,0.0,0.0,0.0,0.0,0.0,0.0,0.0,0.0,0.0,0.0,0.0,0.0,0.44628310203552246,0.49781012535095215,2.3910291702122777e-07,0.4050368070602417,0.46274614334106445,-0.0030832565389573574,0.3769546151161194,0.433597207069397,-0.010476264171302319,0.37125444412231445,0.4132208228111267,-0.018864192068576813,0.3793138563632965,0.40172940492630005,-0.028330760076642036,0.41350170969963074,0.3761172890663147,-0.013102944940328598,0.43076300621032715,0.3273358941078186,-0.019101770594716072,0.4444745182991028,0.30292075872421265,-0.022552981972694397,0.4563494026660919,0.28642773628234863,-0.025602038949728012,0.4501146376132965,0.3766402304172516,-0.019362814724445343,0.46820876002311707,0.31810784339904785,-0.021592862904071808,0.48062506318092346,0.290919691324234,-0.024276014417409897,0.4910770058631897,0.2725159525871277,-0.028341567143797874,0.4823443591594696,0.3872191905975342,-0.025691408663988113,0.4995293617248535,0.3314685821533203,-0.028266532346606255,0.5101850032806396,0.303300678730011,-0.030200500041246414,0.5168891549110413,0.2817014157772064,-0.03347889333963394,0.5099382400512695,0.4066900908946991,-0.032150253653526306,0.5258145332336426,0.3622346520423889,-0.034663815051317215,0.5359064936637878,0.3393360674381256,-0.03247940540313721,0.5437939167022705,0.31970781087875366,-0.03144817054271698,1
0.4955236315727234,0.25624650716781616,-1.1352620124816895,0.5263872742652893,0.20899389684200287,-1.067774772644043,0.5507017970085144,0.20954108238220215,-1.067854404449463,0.5666964054107666,0.2083360254764557,-1.067456841468811,0.4820777475833893,0.21172958612442017,-1.0490050315856934,0.4730003774166107,0.2126651108264923,-1.0492422580718994,0.4632819592952728,0.21252351999282837,-1.0488322973251343,0.5897765159606934,0.23472175002098083,-0.623540997505188,0.45327645540237427,0.2572113275527954,-0.549098551273346,0.5383724570274353,0.31873276829719543,-0.9687305688858032,0.4730275273323059,0.3249829411506653,-0.9488113522529602,0.7750008702278137,0.5301445722579956,-0.339765727519989,0.3250133693218231,0.5291034579277039,-0.2003239095211029,0.9047495722770691,0.9434917569160461,-0.452756404876709,0.09746790677309036,0.8412363529205322,-0.8460311889648438,0.9674931764602661,1.2999253273010254,-0.878805935382843,0.29825085401535034,0.5460827946662903,-1.636690378189087,1.0015456676483154,1.3851689100265503,-0.9643303751945496,0.36714833974838257,0.4402726888656616,-1.8064892292022705,0.9629119634628296,1.393141269683838,-1.0220582485198975,0.37700822949409485,0.41147932410240173,-1.6913645267486572,0.935843288898468,1.3752001523971558,-0.9196933507919312,0.36945274472236633,0.44734111428260803,-1.6262727975845337,0.6675230264663696,1.3565971851348877,-0.002922037383541465,0.375607430934906,1.3220306634902954,0.012782241217792034,0.6406809091567993,1.8133089542388916,-0.4330316185951233,0.38598212599754333,1.684133529663086,-0.4318850636482239,0.6345735192298889,2.4379374980926514,0.4980602264404297,0.39946243166923523,2.281400203704834,0.10705749690532684,0.6445996165275574,2.531574010848999,0.5921613574028015,0.40633806586265564,2.380589485168457,0.15197154879570007,0.5823560953140259,2.6108429431915283,0.19936704635620117,0.39650991559028625,2.4244494438171387,-0.37685784697532654,0.0,0.0,0.0,0.0,0.0,0.0,0.0,0.0,0.0,0.0,0.0,0.0,0.0,0.0,0.0,0.0,0.0,0.0,0.0,0.0,0.0,0.0,0.0,0.0,0.0,0.0,0.0,0.0,0.0,0.0,0.0,0.0,0.0,0.0,0.0,0.0,0.0,0.0,0.0,0.0,0.0,0.0,0.0,0.0,0.0,0.0,0.0,0.0,0.0,0.0,0.0,0.0,0.0,0.0,0.0,0.0,0.0,0.0,0.0,0.0,0.0,0.0,0.0,0.30467724800109863,0.5868034362792969,1.833079181778885e-07,0.2673155665397644,0.5233717560768127,-0.00506005622446537,0.250221312046051,0.4655379354953766,-0.013834617100656033,0.23671051859855652,0.41970717906951904,-0.023936614394187927,0.21320146322250366,0.38916394114494324,-0.03561678156256676,0.3484092056751251,0.4321647882461548,-0.012160495854914188,0.39740169048309326,0.38305264711380005,-0.018067460507154465,0.43002647161483765,0.35880330204963684,-0.022885790094733238,0.45707419514656067,0.3418976664543152,-0.026442553848028183,0.39208802580833435,0.4526194632053375,-0.015765802934765816,0.44194844365119934,0.38856714963912964,-0.016271427273750305,0.47247767448425293,0.35477375984191895,-0.018108513206243515,0.49920332431793213,0.3334354758262634,-0.021814242005348206,0.42399680614471436,0.4780791699886322,-0.01966054178774357,0.4711625277996063,0.41808009147644043,-0.01994042471051216,0.4969089925289154,0.3841565251350403,-0.022116150707006454,0.5186665654182434,0.3579736053943634,-0.025322970002889633,0.44712957739830017,0.5055716037750244,-0.024275219067931175,0.49049925804138184,0.46216490864753723,-0.023096134886145592,0.5153264403343201,0.4383009970188141,-0.01996418833732605,0.534975528717041,0.41553059220314026,-0.018476419150829315,1
0.4958864152431488,0.3521215319633484,-1.5889101028442383,0.51820307970047,0.2878232002258301,-1.5182514190673828,0.5412753820419312,0.2891295254230499,-1.5173934698104858,0.5606428384780884,0.29090967774391174,-1.5165655612945557,0.45669636130332947,0.2923699617385864,-1.5249966382980347,0.4319925308227539,0.2966780364513397,-1.5255814790725708,0.4071895480155945,0.303092896938324,-1.5252255201339722,0.584165632724762,0.33123779296875,-1.032906174659729,0.3421245813369751,0.36638638377189636,-1.0549324750900269,0.5358690023422241,0.4294353723526001,-1.4022386074066162,0.4637385904788971,0.4437558948993683,-1.410827398300171,0.7231798768043518,0.6764985918998718,-0.7467491626739502,0.21115688979625702,0.6678378582000732,-0.7129644155502319,0.9312384724617004,0.9860011339187622,-1.2726491689682007,0.0896521806716919,0.9292327761650085,-0.6692623496055603,0.7304846048355103,0.7918189764022827,-2.158860683441162,0.0987602174282074,1.3055176734924316,-0.8748680353164673,0.6945193409919739,0.6930071115493774,-2.383836269378662,0.07317225635051727,1.411051869392395,-0.945991039276123,0.6399103403091431,0.6490731835365295,-2.2640998363494873,0.12390603870153427,1.4216762781143188,-1.020466685295105,0.6467756032943726,0.6833469271659851,-2.151095390319824,0.1418069303035736,1.388725757598877,-0.9226657748222351,0.6456197500228882,1.4999598264694214,0.07710430026054382,0.33021050691604614,1.493781328201294,-0.06771626323461533,0.6412553787231445,2.1963136196136475,0.034463148564100266,0.36099058389663696,2.1816372871398926,-0.03694535046815872,0.6184054017066956,2.7624640464782715,0.8410292863845825,0.3468973636627197,2.756037950515747,0.5349870324134827,0.6102146506309509,2.8568203449249268,0.9239900708198547,0.3384910523891449,2.8520073890686035,0.5866783261299133,0.6047012805938721,2.96227765083313,0.5147193670272827,0.3936954438686371,2.9535024166107178,0.13673439621925354,0.7934141159057617,0.8014332056045532,3.5209441762162896e-07,0.821125864982605,0.7059210538864136,-0.026035357266664505,0.8041704893112183,0.6310747861862183,-0.04944989085197449,0.7727993726730347,0.569507360458374,-0.06741516292095184,0.7576334476470947,0.5191724300384521,-0.0852934867143631,0.7252421379089355,0.6211957931518555,-0.08615876734256744,0.622347891330719,0.5696110725402832,-0.12032625824213028,0.5638059377670288,0.5418164134025574,-0.1308986246585846,0.5175511240959167,0.5209892988204956,-0.13517573475837708,0.6860782504081726,0.6672184467315674,-0.08690312504768372,0.570050060749054,0.5965747833251953,-0.12884873151779175,0.5035485625267029,0.5590861439704895,-0.14116306602954865,0.45419377088546753,0.5293096303939819,-0.14478422701358795,0.6555512547492981,0.7098160982131958,-0.08545129001140594,0.5533474087715149,0.6365127563476562,-0.11697232723236084,0.49229317903518677,0.6001390814781189,-0.12705835700035095,0.44302085041999817,0.5704924464225769,-0.12936727702617645,0.6384368538856506,0.7485091686248779,-0.08450327068567276,0.554082453250885,0.6879841685295105,-0.1052093356847763,0.5070204734802246,0.6540800333023071,-0.11199147254228592,0.46856439113616943,0.6248983144760132,-0.11382526159286499,0.0,0.0,0.0,0.0,0.0,0.0,0.0,0.0,0.0,0.0,0.0,0.0,0.0,0.0,0.0,0.0,0.0,0.0,0.0,0.0,0.0,0.0,0.0,0.0,0.0,0.0,0.0,0.0,0.0,0.0,0.0,0.0,0.0,0.0,0.0,0.0,0.0,0.0,0.0,0.0,0.0,0.0,0.0,0.0,0.0,0.0,0.0,0.0,0.0,0.0,0.0,0.0,0.0,0.0,0.0,0.0,0.0,0.0,0.0,0.0,0.0,0.0,0.0,1
0.4886491894721985,0.3378468453884125,-1.674210548400879,0.5179237127304077,0.27465692162513733,-1.5939018726348877,0.5396431684494019,0.27433955669403076,-1.5937445163726807,0.5580818057060242,0.27352017164230347,-1.593186378479004,0.45786648988723755,0.28129035234451294,-1.5927857160568237,0.43584123253822327,0.28416407108306885,-1.5929752588272095,0.41635218262672424,0.2868731915950775,-1.5925860404968262,0.584235429763794,0.3136141896247864,-1.0615489482879639,0.39221763610839844,0.3134651780128479,-1.0666086673736572,0.5288547873497009,0.41275709867477417,-1.4719822406768799,0.45308631658554077,0.41494837403297424,-1.474730372428894,0.7238625884056091,0.6855214834213257,-0.6152662038803101,0.2415664941072464,0.6814824938774109,-0.7477077841758728,0.8064228892326355,1.2280312776565552,-0.6015201807022095,0.19947417080402374,1.2019462585449219,-1.3051021099090576,0.8124788999557495,1.4854071140289307,-1.1744381189346313,0.37678542733192444,0.8615805506706238,-2.2278573513031006,0.8343008160591125,1.587077260017395,-1.2718794345855713,0.41130122542381287,0.7278532385826111,-2.428158760070801,0.8107855916023254,1.5663436651229858,-1.363747000694275,0.4071730077266693,0.6801820993423462,-2.360750913619995,0.7882585525512695,1.526672601699829,-1.2296640872955322,0.4093637466430664,0.7228298187255859,-2.2254936695098877,0.6635886430740356,1.505175232887268,0.056331563740968704,0.3385988473892212,1.4988406896591187,-0.04647650942206383,0.6626365780830383,2.180323839187622,-0.17308953404426575,0.3691825270652771,2.1875851154327393,-0.1406107395887375,0.6640056371688843,2.7741217613220215,0.8587225079536438,0.371497243642807,2.7545409202575684,0.6136378049850464,0.6668869256973267,2.8771555423736572,0.9599515795707703,0.3663747310638428,2.8434572219848633,0.6738617420196533,0.6329145431518555,2.968086004257202,0.5413187742233276,0.4302506446838379,2.9659993648529053,0.16133847832679749,0.0,0.0,0.0,0.0,0.0,0.0,0.0,0.0,0.0,0.0,0.0,0.0,0.0,0.0,0.0,0.0,0.0,0.0,0.0,0.0,0.0,0.0,0.0,0.0,0.0,0.0,0.0,0.0,0.0,0.0,0.0,0.0,0.0,0.0,0.0,0.0,0.0,0.0,0.0,0.0,0.0,0.0,0.0,0.0,0.0,0.0,0.0,0.0,0.0,0.0,0.0,0.0,0.0,0.0,0.0,0.0,0.0,0.0,0.0,0.0,0.0,0.0,0.0,0.34768813848495483,0.9118961095809937,1.993519305187874e-07,0.31238022446632385,0.8458497524261475,-0.018099555745720863,0.3010977804660797,0.7622566223144531,-0.0373641699552536,0.29627203941345215,0.6889861822128296,-0.05346303433179855,0.2752964496612549,0.6362788677215576,-0.0710987001657486,0.3736039996147156,0.7252851128578186,-0.05623011663556099,0.40786421298980713,0.6255664825439453,-0.07871152460575104,0.42755869030952454,0.5708911418914795,-0.08998162299394608,0.44482219219207764,0.5254144668579102,-0.09649284929037094,0.41118156909942627,0.7491174936294556,-0.05834933742880821,0.44516807794570923,0.6358382105827332,-0.07690519094467163,0.4656195640563965,0.5715086460113525,-0.08484777063131332,0.4834241271018982,0.5207394957542419,-0.09079582989215851,0.4390053153038025,0.7807995080947876,-0.05941502004861832,0.4713871479034424,0.6783550977706909,-0.07472840696573257,0.4911618232727051,0.6213279962539673,-0.0810980349779129,0.5051102638244629,0.5778741240501404,-0.08559838682413101,0.4601900279521942,0.8140240907669067,-0.06095719709992409,0.48700839281082153,0.7367196679115295,-0.0738668292760849,0.5017246603965759,0.6911450028419495,-0.07716615498065948,0.513666570186615,0.6515250205993652,-0.07870135456323624,1
0.5614944696426392,0.27448412775993347,0.029724687337875366,0.5888904929161072,0.24350441992282867,0.10722335427999496,0.6024991273880005,0.24667474627494812,0.10767803341150284,0.6165899038314819,0.24930961430072784,0.10812598466873169,0.5550782084465027,0.24313050508499146,0.12647345662117004,0.5441197156906128,0.2455250322818756,0.12584146857261658,0.5345225930213928,0.24750448763370514,0.12597200274467468,0.6464782953262329,0.2857719361782074,0.4556410312652588,0.5306395292282104,0.28266555070877075,0.5473181009292603,0.5823076963424683,0.3274722695350647,0.15893280506134033,0.5409376621246338,0.3263285458087921,0.18405482172966003,0.7574576139450073,0.5306809544563293,0.434813916683197,0.4435439705848694,0.5301364660263062,0.6485788226127625,0.8203762173652649,0.8687745928764343,0.11276153475046158,0.325531929731369,0.8100120425224304,0.13457752764225006,0.703525185585022,0.876675546169281,-0.3276403844356537,0.45771265029907227,0.476936936378479,-0.6645485162734985,0.684969425201416,0.8906241059303284,-0.41145914793014526,0.48835134506225586,0.4012799859046936,-0.8288252949714661,0.6771152019500732,0.8614341616630554,-0.4140663146972656,0.5072608590126038,0.377838134765625,-0.7697371244430542,0.6765322685241699,0.8611475229263306,-0.3389246463775635,0.5001162886619568,0.41210564970970154,-0.6673113703727722,0.7181981205940247,1.0997332334518433,-0.07636107504367828,0.4898551106452942,1.1274234056472778,0.08276839554309845,0.7201225757598877,1.7437500953674316,-0.42781656980514526,0.4722861647605896,1.7507697343826294,-0.33737674355506897,0.7311579585075378,2.4082705974578857,-0.36689579486846924,0.5375108122825623,2.3451294898986816,-0.3017274737358093,0.7477260828018188,2.492938756942749,-0.3628466725349426,0.5526185631752014,2.419281244277954,-0.30349719524383545,0.6638535857200623,2.5904290676116943,-0.7805626392364502,0.5405454635620117,2.5141031742095947,-0.6934691667556763,0.0,0.0,0.0,0.0,0.0,0.0,0.0,0.0,0.0,0.0,0.0,0.0,0.0,0.0,0.0,0.0,0.0,0.0,0.0,0.0,0.0,0.0,0.0,0.0,0.0,0.0,0.0,0.0,0.0,0.0,0.0,0.0,0.0,0.0,0.0,0.0,0.0,0.0,0.0,0.0,0.0,0.0,0.0,0.0,0.0,0.0,0.0,0.0,0.0,0.0,0.0,0.0,0.0,0.0,0.0,0.0,0.0,0.0,0.0,0.0,0.0,0.0,0.0,0.0,0.0,0.0,0.0,0.0,0.0,0.0,0.0,0.0,0.0,0.0,0.0,0.0,0.0,0.0,0.0,0.0,0.0,0.0,0.0,0.0,0.0,0.0,0.0,0.0,0.0,0.0,0.0,0.0,0.0,0.0,0.0,0.0,0.0,0.0,0.0,0.0,0.0,0.0,0.0,0.0,0.0,0.0,0.0,0.0,0.0,0.0,0.0,0.0,0.0,0.0,0.0,0.0,0.0,0.0,0.0,0.0,0.0,0.0,0.0,0.0,0.0,0.0,1
0.5139007568359375,0.2395387589931488,-0.855391800403595,0.5329530835151672,0.19241221249103546,-0.7904233932495117,0.5520108938217163,0.1903788149356842,-0.7903777360916138,0.5702757835388184,0.18916653096675873,-0.7895281910896301,0.49077630043029785,0.20033882558345795,-0.7682391405105591,0.4787217676639557,0.20367079973220825,-0.7685576677322388,0.46613645553588867,0.20712657272815704,-0.7683860659599304,0.6091774702072144,0.21897906064987183,-0.3940662741661072,0.4536171853542328,0.2517044246196747,-0.28951743245124817,0.5539189577102661,0.2950386703014374,-0.706989586353302,0.4959386885166168,0.30533361434936523,-0.6794113516807556,0.748656153678894,0.5196126103401184,-0.188355952501297,0.3953021168708801,0.526809573173523,-0.05167175456881523,0.8346483111381531,0.8812401294708252,-0.520172119140625,0.2486582100391388,0.8674696683883667,-0.45271530747413635,0.5850538015365601,0.908344030380249,-1.0624074935913086,0.3882555663585663,0.5147372484207153,-1.1743221282958984,0.5318678617477417,0.9324977993965149,-1.1756806373596191,0.42814207077026367,0.4161965250968933,-1.3283724784851074,0.513268232345581,0.8775882720947266,-1.1347968578338623,0.42118963599205017,0.400588721036911,-1.2559717893600464,0.537992537021637,0.8669498562812805,-1.0602834224700928,0.4201984405517578,0.4348173439502716,-1.1671802997589111,0.6625936031341553,1.162414789199829,-0.03314995765686035,0.4431089758872986,1.1320453882217407,0.04227226600050926,0.6447868943214417,1.7535078525543213,-0.28899291157722473,0.4135538935661316,1.709051489830017,-0.2028760462999344,0.6402052044868469,2.3405983448028564,0.3253595232963562,0.4239937365055084,2.244511842727661,0.2704368829727173,0.6485407948493958,2.428330898284912,0.3851986527442932,0.4230799078941345,2.3234786987304688,0.31017425656318665,0.5976962447166443,2.492990732192993,-0.014359205961227417,0.4391903281211853,2.3981289863586426,-0.09967122226953506,0.0,0.0,0.0,0.0,0.0,0.0,0.0,0.0,0.0,0.0,0.0,0.0,0.0,0.0,0.0,0.0,0.0,0.0,0.0,0.0,0.0,0.0,0.0,0.0,0.0,0.0,0.0,0.0,0.0,0.0,0.0,0.0,0.0,0.0,0.0,0.0,0.0,0.0,0.0,0.0,0.0,0.0,0.0,0.0,0.0,0.0,0.0,0.0,0.0,0.0,0.0,0.0,0.0,0.0,0.0,0.0,0.0,0.0,0.0,0.0,0.0,0.0,0.0,0.3457099199295044,0.5482726097106934,-5.6085841748654275e-08,0.3455577492713928,0.4875633716583252,0.01079441886395216,0.3652423024177551,0.44958382844924927,0.016610465943813324,0.38159188628196716,0.4219985604286194,0.01837313175201416,0.3868064880371094,0.39659661054611206,0.01951673813164234,0.4106031656265259,0.4241149425506592,0.024144215509295464,0.44580748677253723,0.38282549381256104,0.023297490552067757,0.4662880003452301,0.3608560860157013,0.020137038081884384,0.48310190439224243,0.3457281291484833,0.017739851027727127,0.4322335720062256,0.43825873732566833,0.013384722173213959,0.47238317131996155,0.3935798406600952,0.01565667800605297,0.49414464831352234,0.3697955310344696,0.012440853752195835,0.5118292570114136,0.3515346348285675,0.008699453435838223,0.44896796345710754,0.4593490660190582,0.0014705813955515623,0.48795583844184875,0.41627106070518494,0.002807436278089881,0.5075975656509399,0.3919154703617096,0.0007458436884917319,0.5220839977264404,0.3707004189491272,-0.00219174986705184,0.46142733097076416,0.4859086871147156,-0.010511433705687523,0.4926390051841736,0.4528222382068634,-0.008007069118320942,0.510016143321991,0.43255615234375,-0.005186308640986681,0.5216740369796753,0.4142782390117645,-0.004194992128759623,1
0.5450834035873413,0.2394733875989914,-1.9141778945922852,0.5908510684967041,0.18883493542671204,-1.8462692499160767,0.6110725998878479,0.18955597281455994,-1.8467216491699219,0.6294534802436829,0.19000202417373657,-1.8462823629379272,0.5268601179122925,0.1896725744009018,-1.8291314840316772,0.5108418464660645,0.18970678746700287,-1.8297193050384521,0.4944206774234772,0.18986131250858307,-1.8294916152954102,0.6668317914009094,0.2247210443019867,-1.3474787473678589,0.47914940118789673,0.2105235457420349,-1.2927888631820679,0.5859670042991638,0.3055150806903839,-1.7280174493789673,0.512653648853302,0.3054884076118469,-1.7138779163360596,0.80793297290802,0.5662184953689575,-0.9229510426521301,0.33113282918930054,0.5044162273406982,-0.8270689249038696,0.9409447908401489,0.9953466653823853,-0.8854051828384399,0.15279975533485413,0.8907252550125122,-1.4151666164398193,0.9619873762130737,1.338832139968872,-1.2910397052764893,0.3881981372833252,0.5967134237289429,-2.2482504844665527,0.9780648350715637,1.442213773727417,-1.370102882385254,0.49247246980667114,0.5149837732315063,-2.424617052078247,0.939497172832489,1.433014988899231,-1.433058500289917,0.48030370473861694,0.446511447429657,-2.324049234390259,0.9194100499153137,1.4037015438079834,-1.325594186782837,0.459599107503891,0.4746984839439392,-2.2341294288635254,0.682328999042511,1.3039747476577759,-0.027833160012960434,0.3850586712360382,1.227182388305664,0.03683433681726456,0.651253342628479,1.9313442707061768,-0.21847228705883026,0.3847768008708954,1.9024404287338257,-0.09577416628599167,0.6706972718238831,2.4598963260650635,0.7262207269668579,0.4036628305912018,2.394456624984741,0.7252314686775208,0.6871843934059143,2.5537493228912354,0.8140551447868347,0.4105949401855469,2.468195676803589,0.7915619611740112,0.5992390513420105,2.6151506900787354,0.36427366733551025,0.40940696001052856,2.5780370235443115,0.2966182827949524,0.0,0.0,0.0,0.0,0.0,0.0,0.0,0.0,0.0,0.0,0.0,0.0,0.0,0.0,0.0,0.0,0.0,0.0,0.0,0.0,0.0,0.0,0.0,0.0,0.0,0.0,0.0,0.0,0.0,0.0,0.0,0.0,0.0,0.0,0.0,0.0,0.0,0.0,0.0,0.0,0.0,0.0,0.0,0.0,0.0,0.0,0.0,0.0,0.0,0.0,0.0,0.0,0.0,0.0,0.0,0.0,0.0,0.0,0.0,0.0,0.0,0.0,0.0,0.39088475704193115,0.6023318767547607,2.6595412805363594e-07,0.3545764088630676,0.5439075827598572,-0.022876102477312088,0.34566330909729004,0.4853716492652893,-0.039466772228479385,0.3607543706893921,0.44174227118492126,-0.05251041054725647,0.3814990520477295,0.418019562959671,-0.06438027322292328,0.4179871380329132,0.46248966455459595,-0.03757822513580322,0.46000155806541443,0.4089226722717285,-0.05528877303004265,0.4893621504306793,0.38018831610679626,-0.06577170640230179,0.5141577124595642,0.3616597652435303,-0.07166147232055664,0.45637014508247375,0.4857923090457916,-0.035637903958559036,0.5006484985351562,0.4228687584400177,-0.04885776340961456,0.5306243896484375,0.3874528110027313,-0.05545489490032196,0.5562983751296997,0.3622071444988251,-0.05979544669389725,0.48599645495414734,0.5102741718292236,-0.03506346419453621,0.5283632874488831,0.4492045044898987,-0.04704190790653229,0.5553773641586304,0.41285252571105957,-0.05258362367749214,0.5776391625404358,0.3857909142971039,-0.05535305663943291,0.5070926547050476,0.5341184139251709,-0.03609730675816536,0.5421268939971924,0.48460251092910767,-0.045687656849622726,0.5626863241195679,0.45424288511276245,-0.04806138575077057,0.5796495676040649,0.42894667387008667,-0.04802190139889717,1
0.5193186402320862,0.22671346366405487,-2.339935779571533,0.5604162812232971,0.17428360879421234,-2.2602992057800293,0.5825859308242798,0.17579306662082672,-2.2609548568725586,0.6013592481613159,0.1760430485010147,-2.26047945022583,0.5041964054107666,0.1662207543849945,-2.2741518020629883,0.4838409423828125,0.16171196103096008,-2.2748701572418213,0.4665001332759857,0.1554681807756424,-2.274545431137085,0.6281206011772156,0.2123524695634842,-1.6413462162017822,0.42183399200439453,0.169525146484375,-1.707187294960022,0.5452045202255249,0.30089494585990906,-2.095122814178467,0.4809064269065857,0.2798515260219574,-2.1169896125793457,0.7609251737594604,0.5213639140129089,-1.109602689743042,0.20665821433067322,0.5010764002799988,-1.1882355213165283,0.9729937314987183,0.8911550641059875,-1.4913184642791748,0.05321424454450607,0.9263278841972351,-1.840407371520996,0.7328351140022278,0.9942036867141724,-2.481926918029785,0.3008016049861908,0.6372295618057251,-2.778568744659424,0.7005974650382996,1.0374391078948975,-2.705075740814209,0.3762103319168091,0.5322636961936951,-2.987786054611206,0.6400851011276245,0.9767331480979919,-2.645960569381714,0.37972575426101685,0.4794546663761139,-2.9098098278045654,0.64771568775177,0.9801421761512756,-2.48644757270813,0.36979663372039795,0.5085815191268921,-2.767484664916992,0.6551137566566467,1.2835105657577515,-0.004655097145587206,0.3405154347419739,1.2508023977279663,0.01426358800381422,0.6527608036994934,1.8937264680862427,-0.6737897396087646,0.35088464617729187,1.843442678451538,-0.6395272016525269,0.6538185477256775,2.465803623199463,0.5235363245010376,0.36257001757621765,2.46799635887146,0.2329375445842743,0.6622156500816345,2.557053804397583,0.6357355713844299,0.36409902572631836,2.568639039993286,0.30084702372550964,0.5986555814743042,2.642747402191162,0.133138507604599,0.3779136836528778,2.6545071601867676,-0.3236410319805145,0.0,0.0,0.0,0.0,0.0,0.0,0.0,0.0,0.0,0.0,0.0,0.0,0.0,0.0,0.0,0.0,0.0,0.0,0.0,0.0,0.0,0.0,0.0,0.0,0.0,0.0,0.0,0.0,0.0,0.0,0.0,0.0,0.0,0.0,0.0,0.0,0.0,0.0,0.0,0.0,0.0,0.0,0.0,0.0,0.0,0.0,0.0,0.0,0.0,0.0,0.0,0.0,0.0,0.0,0.0,0.0,0.0,0.0,0.0,0.0,0.0,0.0,0.0,0.3252146244049072,0.6068640947341919,1.9098233394743147e-07,0.30432143807411194,0.5354701280593872,0.00230233883485198,0.31285685300827026,0.4754851162433624,-0.0014194733230397105,0.3305790424346924,0.4281338155269623,-0.005793399177491665,0.33355751633644104,0.39240479469299316,-0.011842756532132626,0.34006932377815247,0.46159476041793823,-0.019744280725717545,0.3861110806465149,0.39826855063438416,-0.027581103146076202,0.41267645359039307,0.36261996626853943,-0.0284404419362545,0.43221116065979004,0.3362062871456146,-0.028112497180700302,0.37552210688591003,0.483374685049057,-0.02730310708284378,0.4246180057525635,0.40683239698410034,-0.03425072878599167,0.45163625478744507,0.3644826412200928,-0.037102341651916504,0.47211572527885437,0.3315141797065735,-0.03898564726114273,0.40813687443733215,0.5106731653213501,-0.03316822648048401,0.4507901072502136,0.43425464630126953,-0.039183054119348526,0.4736320674419403,0.3910856246948242,-0.043240126222372055,0.4905165433883667,0.3566117584705353,-0.046180758625268936,0.436043918132782,0.54185551404953,-0.038064733147621155,0.46767210960388184,0.4829263389110565,-0.042098335921764374,0.4844975769519806,0.44673824310302734,-0.04224004969000816,0.49769896268844604,0.4137277603149414,-0.041793689131736755,1
0.5059937238693237,0.3950576186180115,-2.487302303314209,0.5484369993209839,0.3223702609539032,-2.4400739669799805,0.5703874230384827,0.3203941285610199,-2.4402928352355957,0.5847266912460327,0.31878870725631714,-2.4401016235351562,0.49621638655662537,0.3259672224521637,-2.4436373710632324,0.4731464982032776,0.32645347714424133,-2.4444684982299805,0.4604540467262268,0.32661059498786926,-2.4441041946411133,0.6044697165489197,0.3629171550273895,-1.8922789096832275,0.41048163175582886,0.36794623732566833,-1.9117720127105713,0.5337225198745728,0.47269877791404724,-2.258723258972168,0.460391104221344,0.477895051240921,-2.266866445541382,0.7798596620559692,0.6527301669120789,-1.2954790592193604,0.22445504367351532,0.6133343577384949,-1.3675646781921387,0.9500730633735657,1.0397840738296509,-1.1226451396942139,0.11416520923376083,1.0100233554840088,-2.0749857425689697,0.9074541926383972,1.4709450006484985,-1.3994472026824951,0.41766515374183655,0.7086153030395508,-2.8627803325653076,0.9121084213256836,1.5718615055084229,-1.4853416681289673,0.477390855550766,0.599664568901062,-3.0509886741638184,0.8509200215339661,1.5685850381851196,-1.5160585641860962,0.4939413070678711,0.5589624643325806,-2.9355547428131104,0.8320776224136353,1.546252727508545,-1.417064905166626,0.4847259521484375,0.5903427600860596,-2.8392462730407715,0.6804276704788208,1.4782369136810303,-0.003537023440003395,0.352896124124527,1.48479163646698,0.013257088139653206,0.6674154996871948,2.10610032081604,0.13460642099380493,0.3718012273311615,2.0774996280670166,0.26147085428237915,0.6784579157829285,2.7171030044555664,1.4772248268127441,0.38704612851142883,2.639582633972168,1.3602583408355713,0.693537175655365,2.803917169570923,1.6108052730560303,0.390730082988739,2.715249538421631,1.4593250751495361,0.610960066318512,2.933680295944214,1.1457555294036865,0.41330552101135254,2.8531265258789062,0.9153264760971069,0.0,0.0,0.0,0.0,0.0,0.0,0.0,0.0,0.0,0.0,0.0,0.0,0.0,0.0,0.0,0.0,0.0,0.0,0.0,0.0,0.0,0.0,0.0,0.0,0.0,0.0,0.0,0.0,0.0,0.0,0.0,0.0,0.0,0.0,0.0,0.0,0.0,0.0,0.0,0.0,0.0,0.0,0.0,0.0,0.0,0.0,0.0,0.0,0.0,0.0,0.0,0.0,0.0,0.0,0.0,0.0,0.0,0.0,0.0,0.0,0.0,0.0,0.0,0.43269723653793335,0.7390809655189514,1.9601975509431213e-07,0.38858580589294434,0.6891208291053772,-0.02201983518898487,0.35317349433898926,0.6233981847763062,-0.03947332873940468,0.3202335238456726,0.5781503915786743,-0.05558983236551285,0.2857365608215332,0.5617173314094543,-0.07226340472698212,0.43240270018577576,0.564328134059906,-0.029886165633797646,0.45615142583847046,0.4977286458015442,-0.04046181961894035,0.47395583987236023,0.4603969156742096,-0.04857565090060234,0.49046236276626587,0.4307640790939331,-0.05546826869249344,0.48110854625701904,0.5736031532287598,-0.03045249730348587,0.5056753158569336,0.4967213571071625,-0.0344700925052166,0.520366907119751,0.45395737886428833,-0.039529673755168915,0.5343992114067078,0.4185161292552948,-0.046545445919036865,0.5215552449226379,0.590369462966919,-0.032646678388118744,0.5460720658302307,0.5176181793212891,-0.03811110556125641,0.5558151602745056,0.47671476006507874,-0.04370546713471413,0.5637481212615967,0.4418189227581024,-0.04945569857954979,0.5546926856040955,0.6109766960144043,-0.03709166869521141,0.5850971937179565,0.5536929965019226,-0.04208759218454361,0.6008417010307312,0.5274549722671509,-0.0422133132815361,0.6128222942352295,0.5038101077079773,-0.04290406033396721,1
0.5888570547103882,0.26615625619888306,-0.6580316424369812,0.6121057271957397,0.20694823563098907,-0.5683883428573608,0.6273083686828613,0.2078835666179657,-0.5681326389312744,0.6417108774185181,0.2097245156764984,-0.5676404237747192,0.5681074857711792,0.20424054563045502,-0.5908463597297668,0.5533941984176636,0.20245833694934845,-0.5914069414138794,0.5381148457527161,0.2011696994304657,-0.5911787152290344,0.6595762968063354,0.2370011955499649,-0.0637083426117897,0.5073078870773315,0.22198514640331268,-0.1612672507762909,0.6089696288108826,0.3233277201652527,-0.461281955242157,0.5574750304222107,0.31840774416923523,-0.49131566286087036,0.7623239159584045,0.49777257442474365,0.22944143414497375,0.35440805554389954,0.49128198623657227,-0.009458665736019611,0.9015577435493469,0.8389464616775513,0.039148084819316864,0.27543163299560547,0.9042003750801086,-0.4926384389400482,0.8428118824958801,0.8669834136962891,-0.6249842047691345,0.4613545536994934,0.5874536633491516,-1.2445133924484253,0.8191075325012207,0.907185435295105,-0.7306303977966309,0.523298442363739,0.49028652906417847,-1.4178162813186646,0.7981230020523071,0.8614439368247986,-0.7466321587562561,0.5263779163360596,0.4436143934726715,-1.3605655431747437,0.8023269772529602,0.8535071015357971,-0.644274890422821,0.5175430178642273,0.47704997658729553,-1.2320013046264648,0.7028497457504272,1.1644593477249146,0.02278660610318184,0.4246303141117096,1.1455074548721313,-0.017311373725533485,0.7887006998062134,1.681067943572998,-0.5361337065696716,0.4044683873653412,1.7157788276672363,-0.5929111242294312,0.7848345041275024,2.283724546432495,-0.1437443196773529,0.46236753463745117,2.31610107421875,-0.45915788412094116,0.7779145240783691,2.366115093231201,-0.10749644041061401,0.47478723526000977,2.401994228363037,-0.45810142159461975,0.7935099601745605,2.4624087810516357,-0.47881826758384705,0.4823972284793854,2.487947940826416,-0.9257300496101379,0.0,0.0,0.0,0.0,0.0,0.0,0.0,0.0,0.0,0.0,0.0,0.0,0.0,0.0,0.0,0.0,0.0,0.0,0.0,0.0,0.0,0.0,0.0,0.0,0.0,0.0,0.0,0.0,0.0,0.0,0.0,0.0,0.0,0.0,0.0,0.0,0.0,0.0,0.0,0.0,0.0,0.0,0.0,0.0,0.0,0.0,0.0,0.0,0.0,0.0,0.0,0.0,0.0,0.0,0.0,0.0,0.0,0.0,0.0,0.0,0.0,0.0,0.0,0.4831007122993469,0.5908874273300171,2.9564123593672775e-08,0.4566694498062134,0.5366615056991577,-0.007232436910271645,0.4414341449737549,0.4835105836391449,-0.017600923776626587,0.4338564872741699,0.44066983461380005,-0.028109220787882805,0.4283883571624756,0.41208168864250183,-0.03837870806455612,0.5006452202796936,0.447028785943985,-0.01741115003824234,0.5281018018722534,0.38764697313308716,-0.02860010415315628,0.543408215045929,0.360247403383255,-0.03593159466981888,0.5565037131309509,0.3407306671142578,-0.03981264308094978,0.5309703946113586,0.4613828957080841,-0.02124120108783245,0.5601920485496521,0.39069879055023193,-0.02654786966741085,0.5755924582481384,0.3580281734466553,-0.027878468856215477,0.5883418321609497,0.3365625739097595,-0.029418013989925385,0.555456817150116,0.480762243270874,-0.02578311413526535,0.580605149269104,0.4128577411174774,-0.0296606607735157,0.5931134223937988,0.3802719712257385,-0.027701091021299362,0.6025148034095764,0.3580794334411621,-0.02677689492702484,0.5755754709243774,0.5045284032821655,-0.03129243478178978,0.5928967595100403,0.450814813375473,-0.03267715871334076,0.5991949439048767,0.42258697748184204,-0.027565477415919304,0.6036239266395569,0.4017946720123291,-0.023424949496984482,1
0.47901755571365356,0.3791453242301941,-1.1133428812026978,0.5040774345397949,0.31720447540283203,-1.0413053035736084,0.5267931222915649,0.31341224908828735,-1.041487216949463,0.5475031733512878,0.3106044828891754,-1.0410568714141846,0.45478320121765137,0.328724205493927,-1.0347812175750732,0.44088906049728394,0.33300745487213135,-1.035111665725708,0.4274562895298004,0.33688727021217346,-1.0348855257034302,0.5792866349220276,0.33891862630844116,-0.5927172303199768,0.4140324592590332,0.36565786600112915,-0.5635403990745544,0.5262573957443237,0.43427005410194397,-0.9452930688858032,0.45861372351646423,0.44524022936820984,-0.9387450218200684,0.7274361848831177,0.684512734413147,-0.2239702194929123,0.3370794653892517,0.6833979487419128,-0.3379404842853546,0.7738481163978577,1.074326992034912,-0.12252428382635117,0.22354952991008759,1.0786373615264893,-0.769018292427063,0.8048425912857056,1.4060559272766113,-0.5541355013847351,0.3836142420768738,0.7691599130630493,-1.5821995735168457,0.8200143575668335,1.502296805381775,-0.6193340420722961,0.4261508882045746,0.657212495803833,-1.7616901397705078,0.7999602556228638,1.486405849456787,-0.7224296927452087,0.42449650168418884,0.6257752180099487,-1.6994552612304688,0.7862120866775513,1.4549695253372192,-0.6075753569602966,0.41803422570228577,0.6586856245994568,-1.5814225673675537,0.6701687574386597,1.4234520196914673,0.04026726260781288,0.39168182015419006,1.4112311601638794,-0.03049861453473568,0.6654817461967468,2.0402448177337646,-0.19934265315532684,0.40589776635169983,1.9882673025131226,-0.16423743963241577,0.6630521416664124,2.620469570159912,0.7478988766670227,0.4179910719394684,2.527395486831665,0.5256600975990295,0.666572093963623,2.712106466293335,0.839820384979248,0.4162746071815491,2.6086502075195312,0.5801347494125366,0.6345940828323364,2.7914793491363525,0.4581826329231262,0.4519747197628021,2.705941915512085,0.11457202583551407,0.0,0.0,0.0,0.0,0.0,0.0,0.0,0.0,0.0,0.0,0.0,0.0,0.0,0.0,0.0,0.0,0.0,0.0,0.0,0.0,0.0,0.0,0.0,0.0,0.0,0.0,0.0,0.0,0.0,0.0,0.0,0.0,0.0,0.0,0.0,0.0,0.0,0.0,0.0,0.0,0.0,0.0,0.0,0.0,0.0,0.0,0.0,0.0,0.0,0.0,0.0,0.0,0.0,0.0,0.0,0.0,0.0,0.0,0.0,0.0,0.0,0.0,0.0,0.38192081451416016,0.7954802513122559,-7.466762497188029e-08,0.4344058930873871,0.7556079626083374,-0.00015958868607413024,0.45998209714889526,0.6850982308387756,0.00035075261257588863,0.46265846490859985,0.6191220879554749,-0.00042545958422124386,0.4546668529510498,0.5782281756401062,0.00021725078113377094,0.46959492564201355,0.6190834641456604,0.004536207299679518,0.49214980006217957,0.5539836287498474,-0.0004281173169147223,0.49632495641708374,0.5565218329429626,-0.006602713838219643,0.49506789445877075,0.5661130547523499,-0.010234844870865345,0.44624200463294983,0.6147196292877197,0.0017030066810548306,0.4701596796512604,0.5556575059890747,0.0029069227166473866,0.47749754786491394,0.5593147873878479,-0.0006622443324886262,0.4784780740737915,0.5700131058692932,-0.004817616194486618,0.4214864671230316,0.6203888058662415,-0.001619783346541226,0.4489613473415375,0.5679147243499756,0.0006605894304811954,0.459515243768692,0.5697596669197083,0.0012686689151450992,0.4622676372528076,0.5802123546600342,-0.0004243713920004666,0.39717385172843933,0.6314650774002075,-0.005010337568819523,0.4188299775123596,0.5929545760154724,-0.0005801165825687349,0.4273477792739868,0.5956284403800964,0.005900375545024872,0.42717474699020386,0.6077665090560913,0.010260733775794506,1
0.48566383123397827,0.22109755873680115,-1.298852562904358,0.5115695595741272,0.18112383782863617,-1.2232927083969116,0.5327163338661194,0.18240830302238464,-1.2234432697296143,0.5524876117706299,0.18393047153949738,-1.223046064376831,0.46299681067466736,0.1858544647693634,-1.2094701528549194,0.4490918517112732,0.18969392776489258,-1.2100670337677002,0.43491989374160767,0.19363440573215485,-1.2101216316223145,0.5958442687988281,0.2260143905878067,-0.7559753060340881,0.4215531349182129,0.23929981887340546,-0.711076557636261,0.53012615442276,0.28687170147895813,-1.1282271146774292,0.4607826769351959,0.2978501319885254,-1.1173946857452393,0.7556949853897095,0.583200216293335,-0.4807884693145752,0.3358146548271179,0.5569199323654175,-0.4113539159297943,0.8834120035171509,0.975568413734436,-0.8070006370544434,0.09834661334753036,0.7951249480247498,-1.1268059015274048,0.9038489460945129,0.9148218035697937,-1.4131500720977783,0.3504907190799713,0.4979102313518524,-1.974069595336914,0.9192230105400085,0.903069257736206,-1.5378458499908447,0.40863561630249023,0.40292254090309143,-2.1679139137268066,0.9195488691329956,0.8794419169425964,-1.558935284614563,0.41062822937965393,0.38408008217811584,-2.052889823913574,0.9017369151115417,0.894064724445343,-1.4492377042770386,0.4023626744747162,0.4207729399204254,-1.966550588607788,0.6639080047607422,1.3571454286575317,0.007698418106883764,0.37655916810035706,1.3343505859375,0.002644090447574854,0.639315128326416,1.9694981575012207,-0.20399518311023712,0.3773399591445923,1.9436081647872925,-0.1861167848110199,0.65884929895401,2.544492483139038,0.6892349720001221,0.39305487275123596,2.501865863800049,0.5444988012313843,0.6699875593185425,2.640399932861328,0.7789360284805298,0.3957861065864563,2.5865061283111572,0.6046203374862671,0.5925123691558838,2.7012202739715576,0.336747944355011,0.3990498185157776,2.6755332946777344,0.11902300268411636,0.0,0.0,0.0,0.0,0.0,0.0,0.0,0.0,0.0,0.0,0.0,0.0,0.0,0.0,0.0,0.0,0.0,0.0,0.0,0.0,0.0,0.0,0.0,0.0,0.0,0.0,0.0,0.0,0.0,0.0,0.0,0.0,0.0,0.0,0.0,0.0,0.0,0.0,0.0,0.0,0.0,0.0,0.0,0.0,0.0,0.0,0.0,0.0,0.0,0.0,0.0,0.0,0.0,0.0,0.0,0.0,0.0,0.0,0.0,0.0,0.0,0.0,0.0,0.32036784291267395,0.5633866786956787,2.0264172917450196e-07,0.2898164987564087,0.5034465193748474,-0.014582174830138683,0.28747060894966125,0.44832807779312134,-0.026307206600904465,0.2966651916503906,0.4017353951931,-0.03690319135785103,0.28561529517173767,0.3713289499282837,-0.04806038737297058,0.3651152551174164,0.41407668590545654,-0.021302567794919014,0.41142553091049194,0.36855873465538025,-0.03248567134141922,0.4414352774620056,0.34367501735687256,-0.04100968688726425,0.4653920531272888,0.3259463608264923,-0.04669167846441269,0.3974784314632416,0.43628644943237305,-0.023153049871325493,0.4448517858982086,0.3788505494594574,-0.03091154247522354,0.47528600692749023,0.34696903824806213,-0.03679138794541359,0.5002378225326538,0.3253134489059448,-0.04163414239883423,0.4197753071784973,0.4619743824005127,-0.026275819167494774,0.4623993933200836,0.4051842987537384,-0.03362981602549553,0.48737677931785583,0.3721626102924347,-0.039025574922561646,0.5064697265625,0.3487456142902374,-0.0427345409989357,0.43601974844932556,0.4871927499771118,-0.030908964574337006,0.4708695411682129,0.43852248787879944,-0.03591900318861008,0.4907117187976837,0.4098028540611267,-0.037123892456293106,0.5060936212539673,0.387031227350235,-0.03766239434480667,1
0.4148188531398773,0.194512739777565,-0.9340120553970337,0.45622700452804565,0.14696642756462097,-0.8740997314453125,0.4718340337276459,0.14658579230308533,-0.8740537762641907,0.49483123421669006,0.14582543075084686,-0.8734943270683289,0.4127649664878845,0.15158163011074066,-0.8548701405525208,0.3945155143737793,0.1549985259771347,-0.8553012609481812,0.38587719202041626,0.15600843727588654,-0.854744553565979,0.5282801389694214,0.17691001296043396,-0.46909061074256897,0.38945603370666504,0.18766051530838013,-0.3872758150100708,0.4563123285770416,0.2655322253704071,-0.7823296785354614,0.3975546956062317,0.26691514253616333,-0.7606984376907349,0.6890686750411987,0.46577152609825134,-0.2253413200378418,0.25345394015312195,0.4457124173641205,-0.1013178825378418,0.8717060089111328,0.8036127090454102,-0.3745073080062866,0.09990014880895615,0.7903461456298828,-0.6976048946380615,0.7788300514221191,1.1069462299346924,-0.888360321521759,0.3584693372249603,0.4526880979537964,-1.5287901163101196,0.7717618942260742,1.2031047344207764,-0.9884306192398071,0.40900516510009766,0.3605979084968567,-1.7158949375152588,0.720079779624939,1.185779094696045,-1.0095056295394897,0.41720566153526306,0.32917478680610657,-1.6132131814956665,0.7131679058074951,1.1648446321487427,-0.9073134660720825,0.40758055448532104,0.3752555847167969,-1.5172886848449707,0.6107858419418335,1.2287847995758057,-0.054121244698762894,0.3456188440322876,1.2234814167022705,0.061972230672836304,0.6126428842544556,1.7803255319595337,-0.4571312367916107,0.34138602018356323,1.8048217296600342,-0.29534071683883667,0.6480148434638977,2.3601298332214355,0.1897720992565155,0.3803332448005676,2.3920507431030273,0.17736756801605225,0.6675186157226562,2.4554264545440674,0.24753162264823914,0.3897436857223511,2.4823782444000244,0.20957620441913605,0.5868762731552124,2.507793426513672,-0.16836121678352356,0.37793171405792236,2.5558831691741943,-0.25184935331344604,0.0,0.0,0.0,0.0,0.0,0.0,0.0,0.0,0.0,0.0,0.0,0.0,0.0,0.0,0.0,0.0,0.0,0.0,0.0,0.0,0.0,0.0,0.0,0.0,0.0,0.0,0.0,0.0,0.0,0.0,0.0,0.0,0.0,0.0,0.0,0.0,0.0,0.0,0.0,0.0,0.0,0.0,0.0,0.0,0.0,0.0,0.0,0.0,0.0,0.0,0.0,0.0,0.0,0.0,0.0,0.0,0.0,0.0,0.0,0.0,0.0,0.0,0.0,0.33963432908058167,0.5011706352233887,-1.4718926877321792e-07,0.3021281957626343,0.45663321018218994,-0.009836897253990173,0.285527765750885,0.40459638833999634,-0.022827332839369774,0.2722355127334595,0.3743740916252136,-0.03681835159659386,0.26452937722206116,0.3533824384212494,-0.051064975559711456,0.3875676393508911,0.307176798582077,-0.007697582244873047,0.4181411564350128,0.2861129343509674,-0.017417054623365402,0.4220385253429413,0.2894666790962219,-0.029148809611797333,0.4228948652744293,0.29216259717941284,-0.03745880350470543,0.4224187135696411,0.3254218101501465,-0.012293748557567596,0.45037591457366943,0.292108416557312,-0.01443797443062067,0.4492505192756653,0.2882192134857178,-0.01957429200410843,0.4469648599624634,0.2899072766304016,-0.02486429177224636,0.4456755518913269,0.355432391166687,-0.018551453948020935,0.4704333543777466,0.31743794679641724,-0.021118301898241043,0.46827855706214905,0.3159385621547699,-0.019813979044556618,0.466876745223999,0.31780368089675903,-0.02002670429646969,0.4588509202003479,0.39302825927734375,-0.02621658705174923,0.4795675575733185,0.36089441180229187,-0.024999136105179787,0.47823795676231384,0.3601799011230469,-0.01594778522849083,0.47380781173706055,0.36425215005874634,-0.009130924008786678,1
0.42551741003990173,0.5014528632164001,-0.47377029061317444,0.44713789224624634,0.473512202501297,-0.4061780869960785,0.46294036507606506,0.4740672707557678,-0.4064711928367615,0.4747351109981537,0.47322967648506165,-0.40655916929244995,0.4163793623447418,0.47532185912132263,-0.4143882393836975,0.4034295082092285,0.47652360796928406,-0.41443219780921936,0.3967987895011902,0.4782562255859375,-0.4140337109565735,0.490339457988739,0.4975115954875946,-0.0680025964975357,0.39906710386276245,0.5143622159957886,-0.09874863922595978,0.4580865800380707,0.5361122488975525,-0.34078195691108704,0.421215295791626,0.5526264905929565,-0.3508206307888031,0.6113465428352356,0.6245195269584656,-0.06497026234865189,0.31937485933303833,0.8085097670555115,-0.018785439431667328,0.6231447458267212,0.3947065472602844,-0.21862450242042542,0.2971037030220032,1.031506061553955,-0.31473398208618164,0.643198549747467,0.05791207030415535,-0.19299565255641937,0.39510074257850647,0.867928683757782,-0.7784360647201538,0.6177008748054504,0.013453210704028606,-0.2778942883014679,0.4209326207637787,0.8498111963272095,-0.9080298542976379,0.613021969795227,0.01120395865291357,-0.27509555220603943,0.43407386541366577,0.8084949254989624,-0.8933262825012207,0.6042671203613281,0.046372417360544205,-0.2133030891418457,0.43382057547569275,0.8119723796844482,-0.7937508225440979,0.5958670377731323,1.3231245279312134,-0.01939847134053707,0.3978375792503357,1.3316584825515747,0.02436664141714573,0.5776200294494629,1.5979315042495728,-0.2362651526927948,0.39371228218078613,1.4404889345169067,-0.11495707184076309,0.5459930300712585,1.9245216846466064,0.3688616454601288,0.45864254236221313,1.6524717807769775,0.3773600459098816,0.5518170595169067,1.948126196861267,0.4426841139793396,0.47163575887680054,1.6726692914962769,0.43240243196487427,0.510281503200531,2.06548810005188,0.25465214252471924,0.48350000381469727,1.7519139051437378,0.20860576629638672,0.0,0.0,0.0,0.0,0.0,0.0,0.0,0.0,0.0,0.0,0.0,0.0,0.0,0.0,0.0,0.0,0.0,0.0,0.0,0.0,0.0,0.0,0.0,0.0,0.0,0.0,0.0,0.0,0.0,0.0,0.0,0.0,0.0,0.0,0.0,0.0,0.0,0.0,0.0,0.0,0.0,0.0,0.0,0.0,0.0,0.0,0.0,0.0,0.0,0.0,0.0,0.0,0.0,0.0,0.0,0.0,0.0,0.0,0.0,0.0,0.0,0.0,0.0,0.0,0.0,0.0,0.0,0.0,0.0,0.0,0.0,0.0,0.0,0.0,0.0,0.0,0.0,0.0,0.0,0.0,0.0,0.0,0.0,0.0,0.0,0.0,0.0,0.0,0.0,0.0,0.0,0.0,0.0,0.0,0.0,0.0,0.0,0.0,0.0,0.0,0.0,0.0,0.0,0.0,0.0,0.0,0.0,0.0,0.0,0.0,0.0,0.0,0.0,0.0,0.0,0.0,0.0,0.0,0.0,0.0,0.0,0.0,0.0,0.0,0.0,0.0,1
0.4738085865974426,0.49094951152801514,-0.20038843154907227,0.4951894283294678,0.4642467796802521,-0.1552717387676239,0.5057039856910706,0.464623361825943,-0.15516559779644012,0.515737771987915,0.4640870988368988,-0.154811292886734,0.46298208832740784,0.46422532200813293,-0.14962409436702728,0.4518401622772217,0.46435314416885376,-0.14975330233573914,0.440300315618515,0.46426647901535034,-0.14940914511680603,0.5224196910858154,0.48109084367752075,0.10603706538677216,0.42049640417099,0.4827035963535309,0.13843636214733124,0.493621826171875,0.5282981395721436,-0.09648487716913223,0.4541712701320648,0.5397526025772095,-0.0888945460319519,0.6031893491744995,0.6312540173530579,0.1580056995153427,0.3296968638896942,0.6635295152664185,0.198085755109787,0.6420888304710388,0.9202890396118164,0.04200771450996399,0.3095342218875885,0.8546603322029114,-0.2343755066394806,0.6206001043319702,1.105022668838501,-0.18614910542964935,0.40093183517456055,0.5673822164535522,-0.7471059560775757,0.6209625005722046,1.1625479459762573,-0.22754211723804474,0.4152470529079437,0.5148566961288452,-0.8652811050415039,0.6037410497665405,1.1520529985427856,-0.2577904462814331,0.41797107458114624,0.49788570404052734,-0.8117126226425171,0.5924278497695923,1.139629602432251,-0.2079009711742401,0.4289870858192444,0.5281643867492676,-0.7468997240066528,0.595204770565033,1.2047616243362427,-0.020735207945108414,0.3990897536277771,1.198101282119751,0.02726159431040287,0.5969932675361633,1.7758039236068726,-0.4201067388057709,0.39242324233055115,1.7840349674224854,-0.3125491738319397,0.607039749622345,2.32364559173584,-0.2483421266078949,0.42443305253982544,2.3142099380493164,-0.3332204818725586,0.6145416498184204,2.3852007389068604,-0.22291231155395508,0.4273362159729004,2.380744457244873,-0.33568254113197327,0.5741080641746521,2.506347417831421,-0.48204749822616577,0.44792813062667847,2.479262590408325,-0.6375601291656494,0.0,0.0,0.0,0.0,0.0,0.0,0.0,0.0,0.0,0.0,0.0,0.0,0.0,0.0,0.0,0.0,0.0,0.0,0.0,0.0,0.0,0.0,0.0,0.0,0.0,0.0,0.0,0.0,0.0,0.0,0.0,0.0,0.0,0.0,0.0,0.0,0.0,0.0,0.0,0.0,0.0,0.0,0.0,0.0,0.0,0.0,0.0,0.0,0.0,0.0,0.0,0.0,0.0,0.0,0.0,0.0,0.0,0.0,0.0,0.0,0.0,0.0,0.0,0.0,0.0,0.0,0.0,0.0,0.0,0.0,0.0,0.0,0.0,0.0,0.0,0.0,0.0,0.0,0.0,0.0,0.0,0.0,0.0,0.0,0.0,0.0,0.0,0.0,0.0,0.0,0.0,0.0,0.0,0.0,0.0,0.0,0.0,0.0,0.0,0.0,0.0,0.0,0.0,0.0,0.0,0.0,0.0,0.0,0.0,0.0,0.0,0.0,0.0,0.0,0.0,0.0,0.0,0.0,0.0,0.0,0.0,0.0,0.0,0.0,0.0,0.0,1
0.5521398782730103,0.3894946873188019,-0.1342133730649948,0.5700787305831909,0.35075587034225464,-0.08911044895648956,0.5827491283416748,0.3478779196739197,-0.0887603685259819,0.594978392124176,0.3442908823490143,-0.08831467479467392,0.5338084697723389,0.35416439175605774,-0.07977133244276047,0.5216074585914612,0.3538074195384979,-0.08016156405210495,0.5094276666641235,0.3527120053768158,-0.080217145383358,0.6084979772567749,0.3477862775325775,0.15168005228042603,0.48962125182151794,0.36703404784202576,0.20632211863994598,0.569182276725769,0.42511335015296936,-0.04168330505490303,0.5307615995407104,0.43528181314468384,-0.027263229712843895,0.6977530121803284,0.5413780212402344,0.193194180727005,0.4164873957633972,0.5381887555122375,0.2493092119693756,0.754214882850647,0.8546623587608337,-3.7141806387808174e-05,0.40680235624313354,0.7737153768539429,-0.05982332304120064,0.6734990477561951,0.8317703008651733,-0.2746366262435913,0.5087448358535767,0.5737257599830627,-0.46733981370925903,0.6463675498962402,0.8780608773231506,-0.32759931683540344,0.536207377910614,0.518998920917511,-0.5607125759124756,0.6508036255836487,0.8331336379051208,-0.3200403153896332,0.5375241637229919,0.48627549409866333,-0.505128026008606,0.6494668126106262,0.8240822553634644,-0.280243456363678,0.536745548248291,0.5151037573814392,-0.45891767740249634,0.6769410371780396,1.0775649547576904,-0.0303864274173975,0.4744911789894104,1.0657466650009155,0.036094777286052704,0.6917797327041626,1.5856791734695435,-0.25034287571907043,0.4887564182281494,1.6138546466827393,-0.09921994805335999,0.708583652973175,2.0365469455718994,0.014135820791125298,0.52076256275177,2.0806281566619873,-0.06872998923063278,0.7180386185646057,2.087280035018921,0.0486786849796772,0.5269110202789307,2.1396968364715576,-0.06487356871366501,0.6816095113754272,2.186386823654175,-0.15491880476474762,0.5309846997261047,2.221388578414917,-0.29481905698776245,0.0,0.0,0.0,0.0,0.0,0.0,0.0,0.0,0.0,0.0,0.0,0.0,0.0,0.0,0.0,0.0,0.0,0.0,0.0,0.0,0.0,0.0,0.0,0.0,0.0,0.0,0.0,0.0,0.0,0.0,0.0,0.0,0.0,0.0,0.0,0.0,0.0,0.0,0.0,0.0,0.0,0.0,0.0,0.0,0.0,0.0,0.0,0.0,0.0,0.0,0.0,0.0,0.0,0.0,0.0,0.0,0.0,0.0,0.0,0.0,0.0,0.0,0.0,0.49743127822875977,0.5487887859344482,-8.245361726721967e-08,0.4873633086681366,0.5068256855010986,0.005128246732056141,0.48958054184913635,0.4755367338657379,0.0063721719197928905,0.5010195374488831,0.45650237798690796,0.005885855760425329,0.5139528512954712,0.45152533054351807,0.005497689824551344,0.49468812346458435,0.4683423936367035,0.00643337843939662,0.5117762088775635,0.43798351287841797,0.007464182563126087,0.5205127000808716,0.43171587586402893,0.008695206604897976,0.5267289280891418,0.4271608889102936,0.009244836866855621,0.5118757486343384,0.4748230576515198,0.002521923976019025,0.5275006890296936,0.43857651948928833,0.0038902468513697386,0.5345789194107056,0.4302036464214325,0.0037731630727648735,0.5386829972267151,0.4251815378665924,0.002983728889375925,0.5287611484527588,0.48531368374824524,-0.0010863639181479812,0.5415063500404358,0.45062050223350525,0.0004460803174879402,0.5462449789047241,0.43817874789237976,0.0015781475231051445,0.5480183362960815,0.42860567569732666,0.0014220032608136535,0.5438935160636902,0.4989737570285797,-0.004337327554821968,0.5549339056015015,0.4713168442249298,-0.0014806939288973808,0.5605813264846802,0.4569825232028961,0.0019404598278924823,0.5643802881240845,0.4444780945777893,0.003908583428710699,1
0.4874083399772644,0.4629707336425781,-0.2027757465839386,0.5058315992355347,0.4289131760597229,-0.1658911257982254,0.515832245349884,0.42846110463142395,-0.16593913733959198,0.5301052927970886,0.42691507935523987,-0.16603882610797882,0.4766092300415039,0.4250960052013397,-0.1615421175956726,0.468066930770874,0.4219380021095276,-0.16164062917232513,0.4592963755130768,0.41344836354255676,-0.16128583252429962,0.5379980802536011,0.43311262130737305,0.07225213199853897,0.4389863908290863,0.4262737035751343,0.08913987129926682,0.4940171241760254,0.49420684576034546,-0.11185097694396973,0.4665326178073883,0.48904600739479065,-0.10790880769491196,0.6010554432868958,0.6223822832107544,0.17535728216171265,0.333261638879776,0.5863843560218811,0.1144997850060463,0.6461840271949768,0.8889978528022766,0.08435777574777603,0.2674378752708435,0.7733705043792725,-0.21392500400543213,0.6042830348014832,0.9583736658096313,-0.16351798176765442,0.42961111664772034,0.5834816098213196,-0.545904278755188,0.6030813455581665,1.0040161609649658,-0.2280699908733368,0.46732252836227417,0.5219748020172119,-0.6091664433479309,0.5985361337661743,0.9731783270835876,-0.23569229245185852,0.4718034267425537,0.49809449911117554,-0.5723816156387329,0.5958496928215027,0.9691953063011169,-0.17409494519233704,0.4635535180568695,0.5222019553184509,-0.5360157489776611,0.560522198677063,1.0528744459152222,0.041366953402757645,0.3815779387950897,1.1192158460617065,-0.03796479105949402,0.7092702388763428,1.3973835706710815,-0.3894064426422119,0.48739248514175415,1.5108181238174438,-0.3645143210887909,0.6718161106109619,1.918317437171936,-0.12907753884792328,0.518168568611145,2.073791027069092,-0.361319363117218,0.6444700360298157,1.9693611860275269,-0.09658606350421906,0.5130468606948853,2.139418363571167,-0.35841429233551025,0.7022634148597717,2.1443257331848145,-0.19237898290157318,0.5510004758834839,2.2785677909851074,-0.563925564289093,0.6337798237800598,0.9594852924346924,2.0904425923617964e-07,0.6159471869468689,0.950765073299408,-0.012793541885912418,0.5929665565490723,0.9613981246948242,-0.01594064012169838,0.574428915977478,0.9767105579376221,-0.01661750301718712,0.5594590902328491,0.9902787804603577,-0.016430124640464783,0.6006414294242859,0.990464985370636,-0.005226079374551773,0.579650342464447,1.002575397491455,-0.007488537579774857,0.56461101770401,1.0052529573440552,-0.010135555639863014,0.5535892844200134,1.0055259466171265,-0.011761168949306011,0.6048296689987183,0.9982806444168091,0.000991938402876258,0.5852338075637817,1.0096153020858765,-0.0008619315340183675,0.5703185796737671,1.0133817195892334,-0.00429215794429183,0.557890772819519,1.0135879516601562,-0.006800973322242498,0.6061870455741882,1.0014665126800537,0.006213712505996227,0.5879877209663391,1.0123153924942017,0.0049813189543783665,0.5738165378570557,1.0157629251480103,0.0034636426717042923,0.5613968968391418,1.0169864892959595,0.002475645625963807,0.6059485673904419,1.0010037422180176,0.010245361365377903,0.5890805125236511,1.0120031833648682,0.009336343966424465,0.5759571194648743,1.016558289527893,0.009103577584028244,0.565130889415741,1.0185062885284424,0.009283775463700294,0.0,0.0,0.0,0.0,0.0,0.0,0.0,0.0,0.0,0.0,0.0,0.0,0.0,0.0,0.0,0.0,0.0,0.0,0.0,0.0,0.0,0.0,0.0,0.0,0.0,0.0,0.0,0.0,0.0,0.0,0.0,0.0,0.0,0.0,0.0,0.0,0.0,0.0,0.0,0.0,0.0,0.0,0.0,0.0,0.0,0.0,0.0,0.0,0.0,0.0,0.0,0.0,0.0,0.0,0.0,0.0,0.0,0.0,0.0,0.0,0.0,0.0,0.0,1
0.45404696464538574,0.4259570837020874,-0.260894775390625,0.4739692211151123,0.39906105399131775,-0.20931260287761688,0.48490723967552185,0.40113094449043274,-0.20932383835315704,0.4953673779964447,0.40278300642967224,-0.2092314213514328,0.44327178597450256,0.39092352986335754,-0.20874342322349548,0.4335302412509918,0.3877261281013489,-0.20898452401161194,0.4246521592140198,0.38410982489585876,-0.20869013667106628,0.5006811022758484,0.4172500967979431,0.061717260628938675,0.40665823221206665,0.40243807435035706,0.05792182683944702,0.4674321711063385,0.4657087028026581,-0.15839484333992004,0.43355005979537964,0.4539657235145569,-0.16041378676891327,0.5520775318145752,0.590181291103363,0.15042175352573395,0.29905396699905396,0.5384377837181091,0.12823855876922607,0.6245059967041016,0.8524728417396545,0.08145827800035477,0.2724102735519409,0.7563092112541199,-0.14906726777553558,0.6148489713668823,0.940782368183136,-0.17969781160354614,0.41155368089675903,0.574505090713501,-0.5398144125938416,0.6230854392051697,0.9743083715438843,-0.24372689425945282,0.43281397223472595,0.5333948731422424,-0.6251305937767029,0.5944706201553345,0.9636967182159424,-0.27121397852897644,0.4412000775337219,0.5005486011505127,-0.6069325804710388,0.5922421216964722,0.9571995139122009,-0.19881491363048553,0.43230295181274414,0.5184221863746643,-0.5373646020889282,0.5066320896148682,0.9485302567481995,0.0028667361475527287,0.34874239563941956,0.946346640586853,0.0010991455055773258,0.55952388048172,1.2382196187973022,-0.6728722453117371,0.3998861014842987,1.2523447275161743,-0.5903586745262146,0.5747901201248169,1.772653579711914,-0.5782110095024109,0.41982537508010864,1.8114405870437622,-0.7242364883422852,0.5763775706291199,1.823419213294983,-0.5594350695610046,0.4223756194114685,1.8808395862579346,-0.735000491142273,0.5540953278541565,1.9878147840499878,-0.7408340573310852,0.44518765807151794,1.9971858263015747,-0.984465479850769,0.0,0.0,0.0,0.0,0.0,0.0,0.0,0.0,0.0,0.0,0.0,0.0,0.0,0.0,0.0,0.0,0.0,0.0,0.0,0.0,0.0,0.0,0.0,0.0,0.0,0.0,0.0,0.0,0.0,0.0,0.0,0.0,0.0,0.0,0.0,0.0,0.0,0.0,0.0,0.0,0.0,0.0,0.0,0.0,0.0,0.0,0.0,0.0,0.0,0.0,0.0,0.0,0.0,0.0,0.0,0.0,0.0,0.0,0.0,0.0,0.0,0.0,0.0,0.41041502356529236,0.5657031536102295,7.552193892479409e-08,0.4376049041748047,0.555789053440094,0.0011042184196412563,0.45291969180107117,0.5354917645454407,-0.000342063169227913,0.4641563296318054,0.513761579990387,-0.0022897315211594105,0.4731452167034149,0.49955448508262634,-0.004271511919796467,0.4370808005332947,0.5226163268089294,-0.005011446308344603,0.45755985379219055,0.49665260314941406,-0.008620373904705048,0.46731045842170715,0.4929840564727783,-0.009501212276518345,0.47470277547836304,0.4906572997570038,-0.009738744236528873,0.42459920048713684,0.514816164970398,-0.008011892437934875,0.44857773184776306,0.4880233407020569,-0.011150246486067772,0.46224838495254517,0.48178786039352417,-0.011661014519631863,0.47256988286972046,0.4789925813674927,-0.012458020821213722,0.4137507379055023,0.509113609790802,-0.010975290089845657,0.437343955039978,0.48369452357292175,-0.013810457661747932,0.45212480425834656,0.47457000613212585,-0.014664992690086365,0.4634941816329956,0.46987029910087585,-0.015888357535004616,0.4052276015281677,0.5045403838157654,-0.013605528511106968,0.41891440749168396,0.4814291298389435,-0.015850847586989403,0.4304945468902588,0.4696938395500183,-0.016529761254787445,0.44076526165008545,0.46099260449409485,-0.017475079745054245,1
0.5125829577445984,0.44509953260421753,-1.0736558437347412,0.5284433960914612,0.4047502875328064,-1.0479785203933716,0.5380131006240845,0.40339168906211853,-1.048241376876831,0.5487245321273804,0.4029659926891327,-1.048335313796997,0.4942253530025482,0.4060472548007965,-1.050998568534851,0.47892850637435913,0.4026097357273102,-1.0513521432876587,0.4662294387817383,0.40165382623672485,-1.051245927810669,0.5488219261169434,0.41278666257858276,-0.761974036693573,0.43845343589782715,0.4093362092971802,-0.7800489664077759,0.5318936109542847,0.47547903656959534,-0.9537680745124817,0.4884900152683258,0.4772917926311493,-0.9591105580329895,0.639001190662384,0.5481176376342773,-0.46692031621932983,0.33477291464805603,0.5716211795806885,-0.5667802095413208,0.8218228220939636,0.7000108957290649,-0.405209481716156,0.26711827516555786,0.8179117441177368,-0.8200228810310364,1.0396023988723755,0.771022617816925,-0.6761904954910278,0.4095795750617981,0.7276623845100403,-1.2492661476135254,1.1173608303070068,0.8066664338111877,-0.7344649434089661,0.44619688391685486,0.7205270528793335,-1.3315140008926392,1.1056089401245117,0.8018575310707092,-0.8116146326065063,0.4578728675842285,0.6598880290985107,-1.3403106927871704,1.0607880353927612,0.8018690347671509,-0.7198616862297058,0.4532508850097656,0.6696510910987854,-1.2622413635253906,0.5945709347724915,0.9586362838745117,0.026383349671959877,0.4125860631465912,0.994489312171936,-0.02308967523276806,0.6954036951065063,1.2472712993621826,-0.25659117102622986,0.48456597328186035,1.3156954050064087,-0.23817534744739532,0.6987139582633972,1.6829800605773926,0.022980889305472374,0.5599331259727478,1.729285478591919,-0.09627379477024078,0.6824091076850891,1.7362931966781616,0.05146811157464981,0.5625372529029846,1.7765898704528809,-0.0843377411365509,0.7432381510734558,1.8443048000335693,-0.15694138407707214,0.6229793429374695,1.8861558437347412,-0.35519346594810486,0.0,0.0,0.0,0.0,0.0,0.0,0.0,0.0,0.0,0.0,0.0,0.0,0.0,0.0,0.0,0.0,0.0,0.0,0.0,0.0,0.0,0.0,0.0,0.0,0.0,0.0,0.0,0.0,0.0,0.0,0.0,0.0,0.0,0.0,0.0,0.0,0.0,0.0,0.0,0.0,0.0,0.0,0.0,0.0,0.0,0.0,0.0,0.0,0.0,0.0,0.0,0.0,0.0,0.0,0.0,0.0,0.0,0.0,0.0,0.0,0.0,0.0,0.0,0.4448796808719635,0.6936246752738953,1.1924632303816907e-07,0.42804601788520813,0.6455501317977905,0.00452934205532074,0.42621010541915894,0.6023608446121216,0.007544897962361574,0.43167224526405334,0.5692719221115112,0.009540613740682602,0.4380880892276764,0.5474708676338196,0.012414311990141869,0.4883822202682495,0.5726479887962341,0.018519209697842598,0.5035960674285889,0.5387701988220215,0.02570696920156479,0.5119940042495728,0.5217961072921753,0.02867705374956131,0.5210109949111938,0.5085214972496033,0.030728017911314964,0.5104783177375793,0.5860018730163574,0.01819365657866001,0.5287764072418213,0.545768141746521,0.025842715054750443,0.5385340452194214,0.52238529920578,0.03010670281946659,0.5477504134178162,0.5054532289505005,0.033630311489105225,0.5233200192451477,0.601336658000946,0.017449310049414635,0.5407900810241699,0.5670292377471924,0.024178950116038322,0.5508489608764648,0.5450418591499329,0.02814038097858429,0.5585638880729675,0.5266022086143494,0.03158584237098694,0.529259443283081,0.6181712746620178,0.01668768748641014,0.5427350401878357,0.5866995453834534,0.025470897555351257,0.5496276617050171,0.5693419575691223,0.03236120939254761,0.5544943809509277,0.5545539855957031,0.03790244087576866,1
0.46664148569107056,0.30395445227622986,-0.9134166836738586,0.4960838258266449,0.2668798267841339,-0.8800767064094543,0.512897253036499,0.2683437168598175,-0.8801809549331665,0.5263396501541138,0.270131379365921,-0.8796485066413879,0.44643792510032654,0.2657252550125122,-0.8707650303840637,0.4305393695831299,0.26517483592033386,-0.8710311651229858,0.4181085228919983,0.2649073004722595,-0.8708821535110474,0.5479284524917603,0.2885757088661194,-0.604122519493103,0.40278974175453186,0.2816266119480133,-0.5617278814315796,0.5021063089370728,0.35615721344947815,-0.8039065599441528,0.4396487772464752,0.3551378548145294,-0.792738139629364,0.6438077092170715,0.4955533742904663,-0.4257001280784607,0.2984142303466797,0.5254004001617432,-0.3816224932670593,0.7310024499893188,0.8244154453277588,-0.46722468733787537,0.309251606464386,0.8861880898475647,-0.7069801092147827,0.5614460706710815,0.9368873238563538,-0.7123059034347534,0.41614240407943726,0.570336103439331,-1.0459154844284058,0.5127950310707092,0.9993133544921875,-0.7755657434463501,0.4454721510410309,0.49949392676353455,-1.1196153163909912,0.47730541229248047,0.9595632553100586,-0.7765713930130005,0.4353184700012207,0.4657585024833679,-1.0613977909088135,0.47886306047439575,0.9453989267349243,-0.703797459602356,0.4355190694332123,0.48927992582321167,-1.027209997177124,0.5785812139511108,1.0081477165222168,-0.00785677321255207,0.3736395239830017,1.0008634328842163,0.012774919159710407,0.5603832006454468,1.4323359727859497,-0.13030734658241272,0.36571162939071655,1.4107204675674438,-0.030247246846556664,0.5336498022079468,1.786670207977295,0.3629212975502014,0.36139437556266785,1.8142166137695312,0.23305077850818634,0.5317497253417969,1.8309637308120728,0.413440078496933,0.3584345877170563,1.8676577806472778,0.25652876496315,0.5064653158187866,1.9353957176208496,0.20739848911762238,0.3768153190612793,1.9693920612335205,-0.002181223127990961,0.0,0.0,0.0,0.0,0.0,0.0,0.0,0.0,0.0,0.0,0.0,0.0,0.0,0.0,0.0,0.0,0.0,0.0,0.0,0.0,0.0,0.0,0.0,0.0,0.0,0.0,0.0,0.0,0.0,0.0,0.0,0.0,0.0,0.0,0.0,0.0,0.0,0.0,0.0,0.0,0.0,0.0,0.0,0.0,0.0,0.0,0.0,0.0,0.0,0.0,0.0,0.0,0.0,0.0,0.0,0.0,0.0,0.0,0.0,0.0,0.0,0.0,0.0,0.3968530595302582,0.5782552361488342,-2.0991276272752657e-08,0.36804455518722534,0.5363329648971558,-0.006956641562283039,0.3534919321537018,0.49581098556518555,-0.014578510075807571,0.3585582971572876,0.46338415145874023,-0.02201981656253338,0.37437379360198975,0.45084741711616516,-0.029007580131292343,0.39802175760269165,0.4697054624557495,-0.013213993981480598,0.4215995669364929,0.42823880910873413,-0.020811626687645912,0.4358741343021393,0.40912532806396484,-0.02511233277618885,0.44825688004493713,0.3961239457130432,-0.02758721448481083,0.42672085762023926,0.48076513409614563,-0.014268293045461178,0.4509459435939789,0.4260052442550659,-0.01821814477443695,0.4639844596385956,0.39984646439552307,-0.0199403278529644,0.4752221405506134,0.38432127237319946,-0.021679216995835304,0.4497784972190857,0.4966728687286377,-0.01580112613737583,0.47197425365448,0.44271963834762573,-0.019563868641853333,0.482189804315567,0.4176377058029175,-0.019574040547013283,0.48924532532691956,0.4026857614517212,-0.01945842243731022,0.4683821201324463,0.5161985754966736,-0.01793237403035164,0.4847779870033264,0.47621309757232666,-0.020114710554480553,0.4916684031486511,0.45473888516426086,-0.017937112599611282,0.4954221248626709,0.4388514757156372,-0.015559009276330471,1
0.44191375374794006,0.4115656018257141,-1.1185369491577148,0.4646521508693695,0.3358646333217621,-1.1094735860824585,0.48394775390625,0.330256849527359,-1.1098806858062744,0.498732328414917,0.3253926634788513,-1.1101510524749756,0.4110255837440491,0.34744375944137573,-1.0751330852508545,0.3988479971885681,0.34961360692977905,-1.0756977796554565,0.3850858807563782,0.3518792390823364,-1.0757853984832764,0.5288494825363159,0.3314439356327057,-0.9116915464401245,0.37383535504341125,0.3771730065345764,-0.7615184783935547,0.4871256947517395,0.45036956667900085,-1.0335137844085693,0.4254865050315857,0.4588504731655121,-0.9907459020614624,0.6965593099594116,0.5727430582046509,-0.7929764986038208,0.33933669328689575,0.5646906495094299,-0.4603138864040375,0.791537880897522,0.9327355027198792,-0.8246378898620605,0.12462661415338516,0.8081254959106445,-0.9092411994934082,0.5739244222640991,0.974571943283081,-0.787006676197052,0.29483261704444885,0.6067575812339783,-1.427142858505249,0.5131958723068237,1.007888913154602,-0.8189893960952759,0.35811078548431396,0.5806529521942139,-1.523804783821106,0.4843813478946686,0.9605770707130432,-0.7827950119972229,0.37842077016830444,0.5189539194107056,-1.4104952812194824,0.4980814456939697,0.95503169298172,-0.762525200843811,0.37503963708877563,0.5431973934173584,-1.396042823791504,0.6379272937774658,1.0670504570007324,-0.11991848796606064,0.42753171920776367,1.0626170635223389,0.12395425885915756,0.6078148484230042,1.440319538116455,-0.4611520767211914,0.35898450016975403,1.445360779762268,-0.10680452734231949,0.6041030883789062,1.792919397354126,0.12406069040298462,0.4365224242210388,1.832594394683838,0.29451262950897217,0.6193034052848816,1.8318729400634766,0.19047264754772186,0.4738999903202057,1.883194088935852,0.3320959210395813,0.5169351696968079,1.9732967615127563,-0.02787480689585209,0.3846731185913086,1.9966011047363281,0.06215959042310715,0.0,0.0,0.0,0.0,0.0,0.0,0.0,0.0,0.0,0.0,0.0,0.0,0.0,0.0,0.0,0.0,0.0,0.0,0.0,0.0,0.0,0.0,0.0,0.0,0.0,0.0,0.0,0.0,0.0,0.0,0.0,0.0,0.0,0.0,0.0,0.0,0.0,0.0,0.0,0.0,0.0,0.0,0.0,0.0,0.0,0.0,0.0,0.0,0.0,0.0,0.0,0.0,0.0,0.0,0.0,0.0,0.0,0.0,0.0,0.0,0.0,0.0,0.0,0.28746652603149414,0.6333463191986084,-7.298243787090541e-08,0.3135775923728943,0.6160185933113098,0.011095182970166206,0.3424660563468933,0.5853716731071472,0.012519740499556065,0.37002527713775635,0.5506096482276917,0.011571344919502735,0.3888070583343506,0.5233445167541504,0.010196510702371597,0.3840843141078949,0.5815331935882568,-0.0006801717099733651,0.429585725069046,0.5370455980300903,-0.004630386829376221,0.4501993656158447,0.5174601674079895,-0.004925200715661049,0.4671524167060852,0.5037679076194763,-0.005134362727403641,0.3873918652534485,0.5743076205253601,-0.011827605776488781,0.4392436742782593,0.5191200971603394,-0.01787107065320015,0.4647108316421509,0.494319885969162,-0.01824873313307762,0.48318231105804443,0.4794938564300537,-0.017928319051861763,0.38068631291389465,0.5650174021720886,-0.021929102018475533,0.4312361776828766,0.5154662132263184,-0.026841532438993454,0.4582975208759308,0.4904235899448395,-0.027659667655825615,0.4801670014858246,0.4742835760116577,-0.02831066958606243,0.36531466245651245,0.5525370240211487,-0.030757857486605644,0.40683919191360474,0.5185918211936951,-0.03467029333114624,0.43026381731033325,0.5001034140586853,-0.03409763053059578,0.45069801807403564,0.48718389868736267,-0.03327330946922302,1
0.4908054769039154,0.4265911877155304,-0.9692676663398743,0.5127705335617065,0.3836546242237091,-0.929085373878479,0.5263070464134216,0.38531604409217834,-0.9290775060653687,0.5381837487220764,0.38588711619377136,-0.9285777807235718,0.47286540269851685,0.3796776533126831,-0.9371355772018433,0.4601207673549652,0.37861916422843933,-0.9375042915344238,0.44735103845596313,0.3776506781578064,-0.9375840425491333,0.5562130212783813,0.40441712737083435,-0.6207218170166016,0.4318186342716217,0.39698266983032227,-0.6572754383087158,0.5179785490036011,0.477222740650177,-0.8465298414230347,0.46881356835365295,0.4711558520793915,-0.8593789935112,0.6536960601806641,0.5945529937744141,-0.3710743188858032,0.31447452306747437,0.5681593418121338,-0.4525509476661682,0.7349085211753845,0.9291556477546692,-0.4633912146091461,0.32294967770576477,0.9017836451530457,-0.7385733127593994,0.6636657118797302,0.8753373026847839,-0.7216904163360596,0.4387902617454529,0.6788912415504456,-1.0730617046356201,0.6526767611503601,0.8667078614234924,-0.7660022974014282,0.46965575218200684,0.6068670153617859,-1.1527812480926514,0.643047034740448,0.8321031332015991,-0.7509074211120605,0.4608752727508545,0.5670785307884216,-1.093458652496338,0.6339105367660522,0.8420311212539673,-0.725764274597168,0.45870572328567505,0.5958099961280823,-1.0596237182617188,0.5910977721214294,1.0697818994522095,0.009584657847881317,0.38443535566329956,1.064820408821106,-0.003477464895695448,0.5940422415733337,1.5008422136306763,-0.14768725633621216,0.39723384380340576,1.5247178077697754,-0.1272672414779663,0.6025866270065308,1.8811737298965454,0.2375718355178833,0.42164769768714905,1.9235297441482544,0.08362900465726852,0.6099878549575806,1.9356346130371094,0.27884384989738464,0.424144983291626,1.976859450340271,0.10176397860050201,0.5700398087501526,2.001091718673706,0.03703843429684639,0.43253272771835327,2.0556094646453857,-0.18761934340000153,0.0,0.0,0.0,0.0,0.0,0.0,0.0,0.0,0.0,0.0,0.0,0.0,0.0,0.0,0.0,0.0,0.0,0.0,0.0,0.0,0.0,0.0,0.0,0.0,0.0,0.0,0.0,0.0,0.0,0.0,0.0,0.0,0.0,0.0,0.0,0.0,0.0,0.0,0.0,0.0,0.0,0.0,0.0,0.0,0.0,0.0,0.0,0.0,0.0,0.0,0.0,0.0,0.0,0.0,0.0,0.0,0.0,0.0,0.0,0.0,0.0,0.0,0.0,0.4428091049194336,0.6854346394538879,-3.391316738543537e-08,0.4132517874240875,0.6469622254371643,-0.0023728287778794765,0.3983393609523773,0.6063447594642639,-0.006543895695358515,0.39102381467819214,0.572874128818512,-0.01036775577813387,0.3809863328933716,0.5524235367774963,-0.014222606085240841,0.4352889358997345,0.5803674459457397,-0.012726477347314358,0.4502039849758148,0.5355045199394226,-0.016202276572585106,0.4604990482330322,0.514805257320404,-0.01703966222703457,0.46914142370224,0.49870389699935913,-0.01737700030207634,0.46491244435310364,0.5879327654838562,-0.014430839568376541,0.4779713749885559,0.5376954078674316,-0.014456593431532383,0.4846743047237396,0.5135299563407898,-0.013077735900878906,0.4894377887248993,0.49642592668533325,-0.013397489674389362,0.48835331201553345,0.5989335179328918,-0.015605593100190163,0.5010773539543152,0.5503845810890198,-0.016756758093833923,0.5046880841255188,0.5256986618041992,-0.015239031985402107,0.504499077796936,0.5087443590164185,-0.014889901503920555,0.5067535042762756,0.611602246761322,-0.01673317141830921,0.5198938846588135,0.5739247798919678,-0.01731216348707676,0.5233249664306641,0.5559633374214172,-0.014013497158885002,0.5224011540412903,0.5418470501899719,-0.01161220483481884,1
0.4911046624183655,0.4148932099342346,-0.8401262164115906,0.5185533165931702,0.38093000650405884,-0.8022086024284363,0.5312808752059937,0.3816441595554352,-0.8021167516708374,0.5441137552261353,0.3815314471721649,-0.8017610311508179,0.4785083830356598,0.37706640362739563,-0.7917024493217468,0.4675125181674957,0.37554967403411865,-0.7920080423355103,0.45378318428993225,0.37401464581489563,-0.7916716933250427,0.5643455982208252,0.39126715064048767,-0.5102116465568542,0.4472385048866272,0.38936227560043335,-0.4771999716758728,0.5176134705543518,0.46155110001564026,-0.7299739122390747,0.4695248603820801,0.45485496520996094,-0.7212296724319458,0.6779001355171204,0.5819793343544006,-0.33603939414024353,0.3407443165779114,0.570975124835968,-0.21795007586479187,0.8538665771484375,0.8954499363899231,-0.3004837930202484,0.178224116563797,0.7714223265647888,-0.650831401348114,0.811257541179657,1.1694893836975098,-0.4293145537376404,0.4412810206413269,0.5500036478042603,-1.0051815509796143,0.8178850412368774,1.2573097944259644,-0.46101874113082886,0.49616074562072754,0.49303367733955383,-1.097622036933899,0.7734745740890503,1.2611240148544312,-0.4738365709781647,0.5119844079017639,0.46722015738487244,-0.9931280016899109,0.7632327079772949,1.2378441095352173,-0.43792256712913513,0.4905375838279724,0.4936141073703766,-0.9850866198539734,0.6276779770851135,1.1578303575515747,-0.03634437546133995,0.4164396822452545,1.1542631387710571,0.04216692969202995,0.6024220585823059,1.6282674074172974,-0.1661573052406311,0.40498828887939453,1.5907008647918701,-0.09620855748653412,0.616197943687439,2.0337843894958496,0.2660578787326813,0.42753714323043823,1.9926427602767944,0.25409749150276184,0.6327968835830688,2.095322608947754,0.30964165925979614,0.436666339635849,2.0497870445251465,0.2821916937828064,0.5584965944290161,2.1782989501953125,0.03666960820555687,0.4212948679924011,2.1428303718566895,-0.016535619273781776,0.0,0.0,0.0,0.0,0.0,0.0,0.0,0.0,0.0,0.0,0.0,0.0,0.0,0.0,0.0,0.0,0.0,0.0,0.0,0.0,0.0,0.0,0.0,0.0,0.0,0.0,0.0,0.0,0.0,0.0,0.0,0.0,0.0,0.0,0.0,0.0,0.0,0.0,0.0,0.0,0.0,0.0,0.0,0.0,0.0,0.0,0.0,0.0,0.0,0.0,0.0,0.0,0.0,0.0,0.0,0.0,0.0,0.0,0.0,0.0,0.0,0.0,0.0,0.0,0.0,0.0,0.0,0.0,0.0,0.0,0.0,0.0,0.0,0.0,0.0,0.0,0.0,0.0,0.0,0.0,0.0,0.0,0.0,0.0,0.0,0.0,0.0,0.0,0.0,0.0,0.0,0.0,0.0,0.0,0.0,0.0,0.0,0.0,0.0,0.0,0.0,0.0,0.0,0.0,0.0,0.0,0.0,0.0,0.0,0.0,0.0,0.0,0.0,0.0,0.0,0.0,0.0,0.0,0.0,0.0,0.0,0.0,0.0,0.0,0.0,0.0,1
0.49104052782058716,0.40585190057754517,-1.0813556909561157,0.5097038149833679,0.3563656210899353,-1.061281442642212,0.5215798616409302,0.3522244393825531,-1.061470866203308,0.5318281650543213,0.3480941951274872,-1.0614702701568604,0.46938419342041016,0.3637251853942871,-1.0533757209777832,0.4562876224517822,0.3645876348018646,-1.0536366701126099,0.4454750418663025,0.36526158452033997,-1.0535298585891724,0.5425142049789429,0.3542462885379791,-0.7844498753547668,0.43644580245018005,0.37241798639297485,-0.7434388399124146,0.5176469087600708,0.43520650267601013,-0.9584131240844727,0.46990305185317993,0.44695281982421875,-0.9467768669128418,0.6641887426376343,0.5014396905899048,-0.5210452079772949,0.3677625060081482,0.5161768794059753,-0.5042380094528198,0.7980841398239136,0.6797868609428406,-0.572862446308136,0.2387111634016037,0.7112233638763428,-0.8612284660339355,0.8703140020370483,0.8284156918525696,-0.861242949962616,0.38875171542167664,0.5531800389289856,-1.369287371635437,0.917163074016571,0.8938640356063843,-0.9185497164726257,0.42591485381126404,0.4967727065086365,-1.4790589809417725,0.8887796401977539,0.889413595199585,-0.9772942662239075,0.4439393877983093,0.46505749225616455,-1.4385449886322021,0.8662756085395813,0.871581494808197,-0.8889609575271606,0.4384530484676361,0.4833877980709076,-1.362086534500122,0.6274644136428833,0.9405848979949951,-0.05029764026403427,0.4251481890678406,0.9085232019424438,0.0535573735833168,0.6270409226417542,1.2099264860153198,-0.639960527420044,0.335506409406662,1.1224581003189087,-0.44121187925338745,0.5033143758773804,1.5903078317642212,-0.2518972158432007,0.39508453011512756,1.5016554594039917,-0.24313397705554962,0.48788174986839294,1.6233484745025635,-0.20765316486358643,0.4215680658817291,1.545866847038269,-0.22642271220684052,0.44909706711769104,1.751745581626892,-0.43790221214294434,0.36204642057418823,1.6461045742034912,-0.5016847848892212,0.8612955212593079,0.8074304461479187,4.611568158452428e-07,0.8378750681877136,0.8409643173217773,-0.023315180093050003,0.8320531845092773,0.8797100782394409,-0.04115963727235794,0.8400721549987793,0.92274010181427,-0.05335548147559166,0.8432645797729492,0.9601320624351501,-0.06451642513275146,0.8835553526878357,0.8829526305198669,-0.05206209421157837,0.8851349353790283,0.9552612900733948,-0.06922085583209991,0.882239580154419,0.9933112263679504,-0.07590111345052719,0.8803884387016296,1.0199803113937378,-0.07860764116048813,0.9125558137893677,0.8756449222564697,-0.044564731419086456,0.9155815839767456,0.9514999389648438,-0.05970205366611481,0.9112341403961182,0.9923765063285828,-0.06062272936105728,0.9067903757095337,1.0187077522277832,-0.06040757894515991,0.9329038858413696,0.869644284248352,-0.03688761964440346,0.9381970763206482,0.9416614174842834,-0.048948366194963455,0.9329825043678284,0.977385938167572,-0.049174144864082336,0.927163302898407,1.0005159378051758,-0.048608094453811646,0.9453722238540649,0.8672621846199036,-0.030383942648768425,0.9498655796051025,0.9241117238998413,-0.04043601080775261,0.943594753742218,0.9513872265815735,-0.04159437119960785,0.9367151260375977,0.9689893126487732,-0.04079020023345947,0.4059857726097107,0.5603605508804321,-1.3217879768490093e-07,0.4081536531448364,0.5159882307052612,0.003061820287257433,0.4263550043106079,0.4880341589450836,0.0014578270493075252,0.4499610662460327,0.47946467995643616,-0.0005209054797887802,0.46663549542427063,0.48338189721107483,-0.002695750677958131,0.43321600556373596,0.47663283348083496,-0.011487206444144249,0.4662092924118042,0.44566646218299866,-0.016786161810159683,0.4818878471851349,0.43626803159713745,-0.017488302662968636,0.49357983469963074,0.42940962314605713,-0.017383873462677002,0.44569331407546997,0.4887714982032776,-0.015467673540115356,0.48238351941108704,0.453473299741745,-0.0203629732131958,0.4997374713420868,0.43990132212638855,-0.02024254947900772,0.5114298462867737,0.4307869076728821,-0.020491819828748703,0.45645204186439514,0.5039465427398682,-0.018529998138546944,0.4913409650325775,0.4702107012271881,-0.0226261205971241,0.5065829753875732,0.45417049527168274,-0.022816820070147514,0.5168287754058838,0.4418124854564667,-0.02316911518573761,0.4649208188056946,0.519400417804718,-0.020952165126800537,0.4923025667667389,0.4923460781574249,-0.022641360759735107,0.5058829188346863,0.47693192958831787,-0.021781785413622856,0.5160245895385742,0.46476665139198303,-0.021417923271656036,1
0.4909592568874359,0.40562716126441956,-0.33411866426467896,0.5079538226127625,0.37052175402641296,-0.3034535050392151,0.5195869207382202,0.36893218755722046,-0.30320143699645996,0.5296214818954468,0.36667314171791077,-0.3028765022754669,0.4702572226524353,0.37357643246650696,-0.29847103357315063,0.4584925174713135,0.3743385374546051,-0.29874491691589355,0.4489421248435974,0.3747200667858124,-0.2985721826553345,0.5402784943580627,0.37204042077064514,-0.08225052058696747,0.43855899572372437,0.38515087962150574,-0.05673136189579964,0.5166179537773132,0.4328548014163971,-0.24442610144615173,0.47194162011146545,0.43947315216064453,-0.2378881424665451,0.6232330799102783,0.507107675075531,0.05734514072537422,0.37281325459480286,0.5109961032867432,0.01244427915662527,0.667995810508728,0.7338548302650452,0.09823272377252579,0.30568069219589233,0.7502465844154358,-0.20838992297649384,0.6934292912483215,0.8888717889785767,-0.04461907222867012,0.44429436326026917,0.5775970220565796,-0.5593862533569336,0.7033020853996277,0.9417873024940491,-0.07613880187273026,0.4751265048980713,0.5360625982284546,-0.6550147533416748,0.6867197155952454,0.9263613224029541,-0.13003481924533844,0.4749186038970947,0.5114094614982605,-0.6084167957305908,0.6777835488319397,0.9128575921058655,-0.0703694075345993,0.4691630005836487,0.5226262211799622,-0.551170825958252,0.5743528008460999,0.9780747890472412,0.004552571102976799,0.42336612939834595,0.9681936502456665,-0.000660619349218905,0.5701462030410767,1.3720248937606812,-0.13617606461048126,0.3977322280406952,1.374511957168579,-0.1360096037387848,0.5422653555870056,1.6965508460998535,0.12201126664876938,0.3955233097076416,1.7216259241104126,-0.058642059564590454,0.5412944555282593,1.7394740581512451,0.15099182724952698,0.39486294984817505,1.7689462900161743,-0.055288076400756836,0.5301435589790344,1.8030356168746948,-0.01292408723384142,0.41183996200561523,1.8378331661224365,-0.2836829721927643,0.6889607310295105,0.9010170698165894,3.095077261150436e-08,0.6699588894844055,0.9173628091812134,-0.011478339321911335,0.6633536219596863,0.9473957419395447,-0.015359058044850826,0.6588837504386902,0.9699503183364868,-0.016910959035158157,0.6568747758865356,0.9827772378921509,-0.01641950011253357,0.7064382433891296,0.9617152810096741,-0.010808493942022324,0.6876678466796875,0.9865235090255737,-0.015835946425795555,0.6771701574325562,0.974214494228363,-0.018981898203492165,0.6780330538749695,0.9623174667358398,-0.0204757172614336,0.7151338458061218,0.9606353044509888,-0.0061331987380981445,0.6939884424209595,0.9843658804893494,-0.011215554550290108,0.6829208135604858,0.972169041633606,-0.013286011293530464,0.6840505003929138,0.9606553316116333,-0.014129158109426498,0.7175237536430359,0.9593213200569153,-0.0021923480089753866,0.6961376667022705,0.9817901849746704,-0.006568347103893757,0.6862562894821167,0.9706382155418396,-0.005821157246828079,0.6876837015151978,0.9596821665763855,-0.004593870136886835,0.7163683176040649,0.9583194851875305,0.0008843091782182455,0.6979170441627502,0.9772824048995972,-0.0020363375078886747,0.6913751363754272,0.9688025712966919,-0.0010048841359093785,0.6933689713478088,0.9589017033576965,0.0003455918631516397,0.44836780428886414,0.6027879118919373,-3.758915312346289e-08,0.4282993674278259,0.5760183334350586,-0.008712026290595531,0.41420498490333557,0.5499520301818848,-0.0166489090770483,0.40632933378219604,0.5249024629592896,-0.023413315415382385,0.4025670886039734,0.5045329928398132,-0.029965616762638092,0.4532308578491211,0.5350529551506042,-0.018865780904889107,0.4608359932899475,0.5009270310401917,-0.024058811366558075,0.4662992060184479,0.4832548201084137,-0.026294786483049393,0.4721826910972595,0.4679257273674011,-0.028540553525090218,0.47417840361595154,0.5388285517692566,-0.01894216425716877,0.48141151666641235,0.499310165643692,-0.024192148819565773,0.48678967356681824,0.4778207540512085,-0.026637159287929535,0.49288228154182434,0.46242034435272217,-0.0295664444565773,0.49038827419281006,0.5489974021911621,-0.018989695236086845,0.5045637488365173,0.5139692425727844,-0.025119496509432793,0.5146907567977905,0.4939996600151062,-0.02761264517903328,0.5243564248085022,0.47835594415664673,-0.029788993299007416,0.502339243888855,0.5620418787002563,-0.01933223009109497,0.520606279373169,0.5378090739250183,-0.02455757185816765,0.5317820310592651,0.5234939455986023,-0.025615088641643524,0.5424585342407227,0.5099183320999146,-0.026534399017691612,1
0.4927957057952881,0.41806313395500183,-1.2844594717025757,0.5111235976219177,0.3754216432571411,-1.2565090656280518,0.522663414478302,0.3731295168399811,-1.256711721420288,0.5326576232910156,0.3702040910720825,-1.256587028503418,0.4738791882991791,0.3783929646015167,-1.260912537574768,0.46242642402648926,0.37867775559425354,-1.261195182800293,0.4531340003013611,0.37897270917892456,-1.2611443996429443,0.5446036458015442,0.37481069564819336,-0.9597966074943542,0.44226449728012085,0.39052614569664,-0.9774252772331238,0.5166107416152954,0.4485280215740204,-1.1602574586868286,0.47383373975753784,0.45248183608055115,-1.1655815839767456,0.6238526105880737,0.5096582770347595,-0.6332532167434692,0.37080708146095276,0.5173826813697815,-0.755220890045166,0.7411774396896362,0.7172731161117554,-0.6349302530288696,0.24816763401031494,0.7517491579055786,-1.059024453163147,0.8200898170471191,0.7814717888832092,-0.9102970957756042,0.41260701417922974,0.5992897152900696,-1.4269033670425415,0.8609795570373535,0.8107970356941223,-0.9807130098342896,0.46692338585853577,0.5618984699249268,-1.515582799911499,0.8430380821228027,0.8168528079986572,-1.0139353275299072,0.48273587226867676,0.5109038949012756,-1.4875236749649048,0.8216541409492493,0.8092190027236938,-0.9327556490898132,0.47549882531166077,0.5276358723640442,-1.4208571910858154,0.5744986534118652,0.8390659689903259,0.024702319875359535,0.4021384119987488,0.8601759672164917,-0.02125997468829155,0.6537173390388489,1.0838309526443481,-0.43391847610473633,0.44820094108581543,1.0841223001480103,-0.44876283407211304,0.5644079446792603,1.4857338666915894,-0.16713356971740723,0.44849953055381775,1.4920399188995361,-0.32160684466362,0.5415511131286621,1.5256026983261108,-0.13802216947078705,0.4436325430870056,1.5371613502502441,-0.30640411376953125,0.5607264041900635,1.6494203805923462,-0.3303469121456146,0.47171300649642944,1.648755431175232,-0.5465046167373657,0.8261588215827942,0.7730336785316467,3.455344881331257e-07,0.81080162525177,0.7924959659576416,-0.02607198804616928,0.8132437467575073,0.8180621266365051,-0.0460880771279335,0.8199431300163269,0.8454407453536987,-0.0599544532597065,0.8267817497253418,0.8686399459838867,-0.07233371585607529,0.8385291695594788,0.8068104982376099,-0.06235291063785553,0.8541720509529114,0.8505124449729919,-0.08094178885221481,0.851121723651886,0.8780129551887512,-0.08537490665912628,0.8447638154029846,0.8944033980369568,-0.08579934388399124,0.8596625328063965,0.7955887913703918,-0.05463827773928642,0.8816770315170288,0.8430111408233643,-0.07370706647634506,0.8817234635353088,0.8798460364341736,-0.0757385864853859,0.87773197889328,0.903509259223938,-0.07567261159420013,0.8745903968811035,0.790691614151001,-0.04646117612719536,0.8999105095863342,0.8328650593757629,-0.061189915984869,0.9007869362831116,0.867692232131958,-0.06386075168848038,0.8980478048324585,0.8910012245178223,-0.06454725563526154,0.883846640586853,0.7889151573181152,-0.0393761470913887,0.9051677584648132,0.8229628801345825,-0.049755554646253586,0.9050885438919067,0.8469164967536926,-0.0526747889816761,0.9016013741493225,0.8635538220405579,-0.0539398156106472,0.0,0.0,0.0,0.0,0.0,0.0,0.0,0.0,0.0,0.0,0.0,0.0,0.0,0.0,0.0,0.0,0.0,0.0,0.0,0.0,0.0,0.0,0.0,0.0,0.0,0.0,0.0,0.0,0.0,0.0,0.0,0.0,0.0,0.0,0.0,0.0,0.0,0.0,0.0,0.0,0.0,0.0,0.0,0.0,0.0,0.0,0.0,0.0,0.0,0.0,0.0,0.0,0.0,0.0,0.0,0.0,0.0,0.0,0.0,0.0,0.0,0.0,0.0,1
0.4511951506137848,0.3083633780479431,-0.6303207874298096,0.4695432186126709,0.27532827854156494,-0.5926738381385803,0.48254871368408203,0.2741314172744751,-0.5922890901565552,0.4954739212989807,0.2733152210712433,-0.5919135212898254,0.440345823764801,0.2802729308605194,-0.580963671207428,0.4309295117855072,0.2817024290561676,-0.5811716318130493,0.4213781952857971,0.2826439142227173,-0.5806769728660583,0.5246036052703857,0.2915865182876587,-0.3446374535560608,0.4121561646461487,0.30154260993003845,-0.29824092984199524,0.481273889541626,0.35170984268188477,-0.5377382040023804,0.43809670209884644,0.35389041900634766,-0.5257279872894287,0.6336250305175781,0.49439388513565063,-0.16213835775852203,0.33539077639579773,0.5037376284599304,-0.12665249407291412,0.7240171432495117,0.7231112718582153,-0.09437692910432816,0.2365914136171341,0.7663619518280029,-0.3943953514099121,0.7476896047592163,0.9369849562644958,-0.2998489737510681,0.3553531765937805,0.5859711766242981,-0.8741423487663269,0.7708560824394226,1.0193979740142822,-0.33369189500808716,0.3912493586540222,0.5100547671318054,-0.9783662557601929,0.7401238679885864,1.010070562362671,-0.3774198293685913,0.39668288826942444,0.4835042655467987,-0.91779625415802,0.7327728867530823,0.979758083820343,-0.3210914731025696,0.3904419541358948,0.5082806348800659,-0.8641411662101746,0.5809140205383301,0.946110188961029,-0.00963679514825344,0.39879071712493896,0.9520565271377563,0.014118512161076069,0.5870926976203918,1.367132544517517,-0.06870292872190475,0.40261411666870117,1.396127462387085,-0.040685079991817474,0.604580283164978,1.6758061647415161,0.30157551169395447,0.41847890615463257,1.69609797000885,0.2756812274456024,0.6134063005447388,1.7323755025863647,0.3365507125854492,0.416797399520874,1.7378662824630737,0.2992878258228302,0.580827534198761,1.783254861831665,0.10742436349391937,0.44683799147605896,1.8283956050872803,0.04706916958093643,0.0,0.0,0.0,0.0,0.0,0.0,0.0,0.0,0.0,0.0,0.0,0.0,0.0,0.0,0.0,0.0,0.0,0.0,0.0,0.0,0.0,0.0,0.0,0.0,0.0,0.0,0.0,0.0,0.0,0.0,0.0,0.0,0.0,0.0,0.0,0.0,0.0,0.0,0.0,0.0,0.0,0.0,0.0,0.0,0.0,0.0,0.0,0.0,0.0,0.0,0.0,0.0,0.0,0.0,0.0,0.0,0.0,0.0,0.0,0.0,0.0,0.0,0.0,0.3560888171195984,0.5673398971557617,-1.6274609038191556e-07,0.3453134000301361,0.5098369717597961,0.019350582733750343,0.35255199670791626,0.47190991044044495,0.032400086522102356,0.36064693331718445,0.4443024694919586,0.041900936514139175,0.36514174938201904,0.4217204749584198,0.050602540373802185,0.39340144395828247,0.46378645300865173,0.03276600316166878,0.4127781391143799,0.42455166578292847,0.040678657591342926,0.4228636622428894,0.40418142080307007,0.0428151972591877,0.43172550201416016,0.38497790694236755,0.04305033013224602,0.41525745391845703,0.4736250936985016,0.02503638155758381,0.4385558068752289,0.4307750463485718,0.03253387287259102,0.4490658938884735,0.408435583114624,0.031900305300951004,0.45910272002220154,0.38742896914482117,0.029719524085521698,0.43080177903175354,0.48831844329833984,0.017816970124840736,0.4531150758266449,0.44839173555374146,0.02362653613090515,0.46231263875961304,0.4221208095550537,0.023039216175675392,0.4703714847564697,0.39855143427848816,0.02082362025976181,0.44254270195961,0.5076821446418762,0.012125193141400814,0.4620341360569,0.47565925121307373,0.017771918326616287,0.47045865654945374,0.4533218741416931,0.021052610129117966,0.47679537534713745,0.43147391080856323,0.022294441238045692,1
0.5718148946762085,0.3290078938007355,-0.8616191148757935,0.5909134745597839,0.2901160418987274,-0.8337444067001343,0.6047963500022888,0.28946980834007263,-0.8338554501533508,0.6165828108787537,0.28907638788223267,-0.8336750864982605,0.5564970970153809,0.29376471042633057,-0.8200920820236206,0.544603705406189,0.2945159375667572,-0.8204396963119507,0.5358154773712158,0.2942202389240265,-0.8203978538513184,0.6429651975631714,0.3010058104991913,-0.5920151472091675,0.5227362513542175,0.3055283725261688,-0.5312474966049194,0.5989858508110046,0.3706260919570923,-0.7641847729682922,0.5553424954414368,0.3724115788936615,-0.7481715083122253,0.7612152099609375,0.477783739566803,-0.39959806203842163,0.4408387243747711,0.4793000817298889,-0.3220636546611786,0.8706628084182739,0.7030858993530273,-0.44364410638809204,0.3553599417209625,0.7546454668045044,-0.6361230611801147,0.8028535842895508,0.7733078598976135,-0.6245063543319702,0.5101889967918396,0.5592551827430725,-1.0369130373001099,0.794901430606842,0.8068750500679016,-0.6638008952140808,0.5478143095970154,0.5034318566322327,-1.116946816444397,0.7688707113265991,0.7849465608596802,-0.6611856818199158,0.5458387136459351,0.4752885401248932,-1.0448577404022217,0.7628561854362488,0.7825313210487366,-0.6240118741989136,0.5415787696838379,0.493617445230484,-1.0149548053741455,0.7017267942428589,0.9439564943313599,-0.05256444215774536,0.5003527402877808,0.9456968903541565,0.056275129318237305,0.6976959705352783,1.276502013206482,-0.4365948736667633,0.4801976680755615,1.3330082893371582,-0.05408376455307007,0.6758002638816833,1.644938588142395,-0.08800298720598221,0.5339096784591675,1.6622475385665894,0.28670090436935425,0.676522433757782,1.699310541152954,-0.05494040250778198,0.5510684251785278,1.703352451324463,0.3132796883583069,0.6425641775131226,1.7736341953277588,-0.3234003484249115,0.5252723693847656,1.798388957977295,0.040561530739068985,0.0,0.0,0.0,0.0,0.0,0.0,0.0,0.0,0.0,0.0,0.0,0.0,0.0,0.0,0.0,0.0,0.0,0.0,0.0,0.0,0.0,0.0,0.0,0.0,0.0,0.0,0.0,0.0,0.0,0.0,0.0,0.0,0.0,0.0,0.0,0.0,0.0,0.0,0.0,0.0,0.0,0.0,0.0,0.0,0.0,0.0,0.0,0.0,0.0,0.0,0.0,0.0,0.0,0.0,0.0,0.0,0.0,0.0,0.0,0.0,0.0,0.0,0.0,0.5001558661460876,0.5718260407447815,7.588201356156787e-08,0.477230966091156,0.5317073464393616,-0.004348365124315023,0.46554282307624817,0.49327564239501953,-0.008472606539726257,0.4658483862876892,0.46093684434890747,-0.012231334112584591,0.4665140211582184,0.4420607388019562,-0.015804845839738846,0.5173493027687073,0.47381460666656494,-0.010268337093293667,0.538244903087616,0.4281799793243408,-0.013541960157454014,0.5516552329063416,0.4052606225013733,-0.0149131640791893,0.5632720589637756,0.3887849450111389,-0.015635067597031593,0.5431775450706482,0.4835757911205292,-0.01057104766368866,0.5641700625419617,0.4297895133495331,-0.012053445912897587,0.576042652130127,0.40146908164024353,-0.0128395427018404,0.5862358808517456,0.38306233286857605,-0.014281428419053555,0.562893271446228,0.4977763891220093,-0.01105580199509859,0.5824601054191589,0.44700533151626587,-0.013521376065909863,0.5907498598098755,0.42029568552970886,-0.016224566847085953,0.5966259837150574,0.40260598063468933,-0.018284188583493233,0.5789486765861511,0.5136163830757141,-0.011745229363441467,0.6046719551086426,0.48412078619003296,-0.013606966473162174,0.6192002296447754,0.4662013053894043,-0.015211081132292747,0.6310960650444031,0.45114651322364807,-0.01625647582113743,1
0.5749001502990723,0.32775065302848816,-0.5226063132286072,0.594963788986206,0.29083287715911865,-0.4989442825317383,0.6074515581130981,0.2904217839241028,-0.4991230368614197,0.6197479963302612,0.2901802659034729,-0.4991404116153717,0.5616130828857422,0.29504576325416565,-0.4792410433292389,0.5504094362258911,0.29567429423332214,-0.4795610308647156,0.5408246517181396,0.29778507351875305,-0.47974029183387756,0.645343542098999,0.3022979199886322,-0.3087064325809479,0.5335152745246887,0.31112533807754517,-0.22265386581420898,0.6026374101638794,0.3674006760120392,-0.44578877091407776,0.5604126453399658,0.37260159850120544,-0.4215549826622009,0.7478198409080505,0.48012399673461914,-0.2675014138221741,0.4662931561470032,0.4631090462207794,-0.09368652105331421,0.7460019588470459,0.7094629406929016,-0.5112942457199097,0.3846077620983124,0.6703779101371765,-0.37678366899490356,0.5146987438201904,0.6539909839630127,-0.6779660582542419,0.5287920236587524,0.5172995924949646,-0.671504557132721,0.469398558139801,0.6752775311470032,-0.7476416826248169,0.5764740705490112,0.4855106770992279,-0.7461609840393066,0.4492207467556,0.6068291068077087,-0.6920672059059143,0.5698891878128052,0.4666641056537628,-0.677338719367981,0.47717756032943726,0.6272134184837341,-0.657809317111969,0.5675159692764282,0.4745958745479584,-0.65212482213974,0.6891981363296509,0.9224445223808289,-0.05755800008773804,0.5048543810844421,0.9141741991043091,0.06045921891927719,0.6765883564949036,1.2320135831832886,-0.3039777874946594,0.48563337326049805,1.2395211458206177,-0.18766826391220093,0.6441985368728638,1.566988468170166,-0.007988727651536465,0.5286604166030884,1.5828863382339478,0.025115463882684708,0.6429052948951721,1.609054684638977,0.021917451173067093,0.5446078181266785,1.6271613836288452,0.042519159615039825,0.6059135794639587,1.7038501501083374,-0.18064925074577332,0.506658673286438,1.7177373170852661,-0.1852259486913681,0.0,0.0,0.0,0.0,0.0,0.0,0.0,0.0,0.0,0.0,0.0,0.0,0.0,0.0,0.0,0.0,0.0,0.0,0.0,0.0,0.0,0.0,0.0,0.0,0.0,0.0,0.0,0.0,0.0,0.0,0.0,0.0,0.0,0.0,0.0,0.0,0.0,0.0,0.0,0.0,0.0,0.0,0.0,0.0,0.0,0.0,0.0,0.0,0.0,0.0,0.0,0.0,0.0,0.0,0.0,0.0,0.0,0.0,0.0,0.0,0.0,0.0,0.0,0.5130935907363892,0.5452052354812622,5.783342160725624e-08,0.49365630745887756,0.5106732249259949,-0.009522786363959312,0.48088738322257996,0.47573116421699524,-0.01893702894449234,0.47460994124412537,0.44465070962905884,-0.02729172632098198,0.4667487144470215,0.42309847474098206,-0.03554579243063927,0.5231478214263916,0.46094000339508057,-0.019589291885495186,0.5422612428665161,0.4212125539779663,-0.026891671121120453,0.5541842579841614,0.40222007036209106,-0.0306994765996933,0.5645487308502197,0.388349711894989,-0.03306931257247925,0.5460749268531799,0.47136572003364563,-0.01943727768957615,0.5657002925872803,0.4236888289451599,-0.02409461699426174,0.5768283605575562,0.39899760484695435,-0.02632608264684677,0.5865093469619751,0.3827233910560608,-0.028922831639647484,0.563744068145752,0.4836927652359009,-0.01947098970413208,0.5818861126899719,0.4387662708759308,-0.02323833853006363,0.5907226800918579,0.41452038288116455,-0.024815509095788002,0.5965015292167664,0.3976386785507202,-0.02652190811932087,0.577498733997345,0.49802377820014954,-0.020244408398866653,0.5942307114601135,0.46654149889945984,-0.022998517379164696,0.6025816798210144,0.44739606976509094,-0.023007113486528397,0.6079257726669312,0.43074944615364075,-0.022985806688666344,1
0.4784650206565857,0.3743136525154114,-1.9489481449127197,0.517959475517273,0.32705435156822205,-1.917413353919983,0.5406180024147034,0.33241695165634155,-1.917890191078186,0.5602160692214966,0.33677995204925537,-1.9181320667266846,0.4521196782588959,0.3207053244113922,-1.9097427129745483,0.43170222640037537,0.3220771551132202,-1.9104864597320557,0.41190776228904724,0.32422009110450745,-1.9104015827178955,0.6008988618850708,0.36400097608566284,-1.5808370113372803,0.36807781457901,0.3483673930168152,-1.5470225811004639,0.5128394961357117,0.45230183005332947,-1.8063364028930664,0.4430326521396637,0.4485573172569275,-1.7973333597183228,0.6756986975669861,0.5667063593864441,-1.2783520221710205,0.309426873922348,0.5741437077522278,-1.2119455337524414,0.8124368786811829,0.7609742283821106,-1.3702895641326904,0.16662803292274475,0.8083031177520752,-1.6132723093032837,0.7979771494865417,0.8113749027252197,-1.6358520984649658,0.29529160261154175,0.6031879186630249,-2.0930705070495605,0.8120461702346802,0.8417069315910339,-1.7338708639144897,0.32503485679626465,0.5618723630905151,-2.203373432159424,0.7789385318756104,0.8215665817260742,-1.7154767513275146,0.3549773097038269,0.512703537940979,-2.153407573699951,0.760543704032898,0.8191820383071899,-1.635669469833374,0.3590567409992218,0.5334480404853821,-2.083186626434326,0.5907756090164185,0.9857088923454285,-0.045180145651102066,0.4088720381259918,1.0075750350952148,0.047049373388290405,0.6329916715621948,1.182193636894226,0.1059064045548439,0.41983264684677124,1.2534382343292236,0.3871619999408722,0.610634446144104,1.3520503044128418,1.0088080167770386,0.468345582485199,1.4558957815170288,1.2258204221725464,0.6030035614967346,1.3714863061904907,1.1027226448059082,0.4850146770477295,1.487736463546753,1.3093597888946533,0.5836572051048279,1.4990744590759277,0.8774064779281616,0.4721762537956238,1.5808147192001343,1.0660309791564941,0.0,0.0,0.0,0.0,0.0,0.0,0.0,0.0,0.0,0.0,0.0,0.0,0.0,0.0,0.0,0.0,0.0,0.0,0.0,0.0,0.0,0.0,0.0,0.0,0.0,0.0,0.0,0.0,0.0,0.0,0.0,0.0,0.0,0.0,0.0,0.0,0.0,0.0,0.0,0.0,0.0,0.0,0.0,0.0,0.0,0.0,0.0,0.0,0.0,0.0,0.0,0.0,0.0,0.0,0.0,0.0,0.0,0.0,0.0,0.0,0.0,0.0,0.0,0.27068355679512024,0.7245801687240601,6.949858999405478e-08,0.24111123383045197,0.6664808392524719,-0.02362237684428692,0.244771808385849,0.6181495785713196,-0.038665350526571274,0.27535897493362427,0.583043098449707,-0.04955818131566048,0.3051087558269501,0.5601406693458557,-0.05943378061056137,0.3235234022140503,0.5999657511711121,-0.037901271134614944,0.37321561574935913,0.5435645580291748,-0.05430220812559128,0.4030923843383789,0.515660285949707,-0.06277818977832794,0.4294636845588684,0.4971398711204529,-0.06773223727941513,0.3595687747001648,0.6232557892799377,-0.03403724357485771,0.4103165864944458,0.5585411787033081,-0.0480276420712471,0.44045302271842957,0.5239824652671814,-0.05386638641357422,0.46677085757255554,0.5007001757621765,-0.05742466449737549,0.38440176844596863,0.6484498977661133,-0.031459394842386246,0.4297666549682617,0.5849233269691467,-0.04404605180025101,0.45479816198349,0.548368513584137,-0.0475001260638237,0.4770433306694031,0.52092045545578,-0.048527974635362625,0.40063047409057617,0.6745364665985107,-0.030785704031586647,0.4392901062965393,0.6231926083564758,-0.03998475894331932,0.46032965183258057,0.5935742259025574,-0.041781675070524216,0.47831273078918457,0.5693284273147583,-0.04137101396918297,1
0.45194491744041443,0.34598058462142944,-0.8924362063407898,0.4755026698112488,0.2957741916179657,-0.8543944358825684,0.4921128749847412,0.29607924818992615,-0.8546749353408813,0.5048715472221375,0.2962888479232788,-0.8543984293937683,0.43201082944869995,0.29710039496421814,-0.8424538373947144,0.4145241677761078,0.29815495014190674,-0.8426152467727661,0.39665183424949646,0.29929712414741516,-0.8423916697502136,0.5257054567337036,0.3160350024700165,-0.5879588723182678,0.3776095509529114,0.32114121317863464,-0.5343786478042603,0.4851214289665222,0.385610431432724,-0.7915806770324707,0.4269474148750305,0.39208510518074036,-0.7769826054573059,0.6404794454574585,0.5084799528121948,-0.39617422223091125,0.309078574180603,0.5228890776634216,-0.38391101360321045,0.7569320797920227,0.7586753368377686,-0.4867786467075348,0.22479160130023956,0.8218145370483398,-0.7405826449394226,0.7339423894882202,0.8841111063957214,-0.7677351832389832,0.3775636851787567,0.5919116139411926,-1.195631742477417,0.7387287020683289,0.9366099834442139,-0.8362124562263489,0.4054137170314789,0.5393539071083069,-1.2826244831085205,0.7041429281234741,0.912365198135376,-0.8283794522285461,0.4046175479888916,0.5066514611244202,-1.2265468835830688,0.6835581064224243,0.8675523996353149,-0.7721143960952759,0.40099698305130005,0.522790253162384,-1.1816647052764893,0.5710111856460571,0.9963454008102417,-0.024741461500525475,0.3750440776348114,0.9942507147789001,0.028939206153154373,0.5872282981872559,1.3019146919250488,-0.4543214440345764,0.40563148260116577,1.3565949201583862,-0.26187366247177124,0.5868357419967651,1.6663869619369507,-0.05055266618728638,0.4218824505805969,1.7563613653182983,0.005240456201136112,0.5812092423439026,1.7204761505126953,-0.010077879764139652,0.4239528775215149,1.8146536350250244,0.028053268790245056,0.5779622197151184,1.803053379058838,-0.24696406722068787,0.43736767768859863,1.899688720703125,-0.2622511088848114,0.725382924079895,0.8833309412002563,2.7371373789719655e-07,0.6870269775390625,0.902332067489624,-0.012852051295340061,0.6587664484977722,0.9503856301307678,-0.017639003694057465,0.6424784660339355,0.9944509267807007,-0.020139940083026886,0.6412402987480164,1.0325050354003906,-0.024064576253294945,0.6816188097000122,0.9854262471199036,-0.01718784123659134,0.6778110861778259,1.0339605808258057,-0.025143224745988846,0.6759807467460632,1.0633362531661987,-0.032236725091934204,0.6753926277160645,1.08353590965271,-0.03711847960948944,0.7109240293502808,0.9884774684906006,-0.014983443543314934,0.7077310085296631,1.0369094610214233,-0.020820515230298042,0.7051010131835938,1.0674264430999756,-0.028214987367391586,0.7028654217720032,1.089010238647461,-0.03442616015672684,0.7386132478713989,0.9845995903015137,-0.013361141085624695,0.7375064492225647,1.031875491142273,-0.018588082864880562,0.7364886403083801,1.0603631734848022,-0.021360687911510468,0.7348995208740234,1.0827168226242065,-0.02410624362528324,0.7637255787849426,0.9745873808860779,-0.01245184801518917,0.764779269695282,1.0176339149475098,-0.017902854830026627,0.7651432752609253,1.0414152145385742,-0.018184136599302292,0.7641797661781311,1.0599243640899658,-0.018051955848932266,0.3727627396583557,0.6045354008674622,-1.470338020226336e-07,0.3461216688156128,0.5545729994773865,0.006974425632506609,0.34075063467025757,0.5120903849601746,0.01027616672217846,0.3491654396057129,0.4780157208442688,0.012112588621675968,0.3482118844985962,0.4563133716583252,0.013806816190481186,0.40003669261932373,0.4837759733200073,0.007482076995074749,0.419523686170578,0.4360610246658325,0.009221681393682957,0.4313863217830658,0.41093891859054565,0.0100177600979805,0.4412418007850647,0.39221376180648804,0.010250687599182129,0.43017953634262085,0.49734261631965637,0.0037057616282254457,0.449844628572464,0.43924376368522644,0.0051010530441999435,0.45963001251220703,0.4077231287956238,0.005474715027958155,0.46669802069664,0.3874456286430359,0.005213068798184395,0.4523301124572754,0.5157012343406677,0.0005107420729473233,0.4737333357334137,0.463312566280365,0.001406762283295393,0.4823005795478821,0.43222522735595703,0.0014194071991369128,0.4873197078704834,0.40980470180511475,0.001545362756587565,0.4690443277359009,0.5365707278251648,-0.00207120506092906,0.49214568734169006,0.4984642565250397,-0.00021815513900946826,0.5017253160476685,0.4732602834701538,0.0019619956146925688,0.5064814686775208,0.4507901072502136,0.003957883920520544,1
0.5394159555435181,0.47912439703941345,-0.49722880125045776,0.5598415732383728,0.450898677110672,-0.4575330317020416,0.5670625567436218,0.4518553912639618,-0.45756688714027405,0.5767600536346436,0.4523276388645172,-0.45733126997947693,0.5300479531288147,0.44163018465042114,-0.4698742926120758,0.5151777267456055,0.43699491024017334,-0.4700491428375244,0.5044084787368774,0.43140414357185364,-0.4698704183101654,0.5721941590309143,0.4551238417625427,-0.18365760147571564,0.4727756083011627,0.44138017296791077,-0.24903269112110138,0.5488589406013489,0.5139316916465759,-0.3910951316356659,0.5092984437942505,0.5052716135978699,-0.4110114574432373,0.6246307492256165,0.5986292362213135,0.013008303940296173,0.3542479872703552,0.5719090700149536,-0.1389978528022766,0.7007883787155151,0.8995542526245117,-0.052121590822935104,0.2775993049144745,0.8186414241790771,-0.36409813165664673,0.6662715077400208,0.8872665762901306,-0.39892691373825073,0.43283694982528687,0.6331929564476013,-0.679887592792511,0.667794406414032,0.9028952717781067,-0.47292089462280273,0.4762381613254547,0.5889100432395935,-0.7515498995780945,0.6557600498199463,0.8615602850914001,-0.4643987715244293,0.4835178852081299,0.5629217624664307,-0.7158156633377075,0.6420013904571533,0.86332768201828,-0.407083123922348,0.4744524359703064,0.5722127556800842,-0.6702658534049988,0.5743489861488342,1.0138050317764282,0.05622372776269913,0.4048154354095459,1.0177738666534424,-0.05232136696577072,0.6632899641990662,1.3043060302734375,-0.2504456639289856,0.48245254158973694,1.3491485118865967,-0.34494560956954956,0.6250869035720825,1.701973795890808,0.0005667225341312587,0.48237141966819763,1.7562146186828613,-0.2132466733455658,0.6053388118743896,1.7518218755722046,0.027316978201270103,0.47382885217666626,1.8094462156295776,-0.20030584931373596,0.6463355422019958,1.853908896446228,-0.153084397315979,0.5136687755584717,1.9050142765045166,-0.4238189160823822,0.0,0.0,0.0,0.0,0.0,0.0,0.0,0.0,0.0,0.0,0.0,0.0,0.0,0.0,0.0,0.0,0.0,0.0,0.0,0.0,0.0,0.0,0.0,0.0,0.0,0.0,0.0,0.0,0.0,0.0,0.0,0.0,0.0,0.0,0.0,0.0,0.0,0.0,0.0,0.0,0.0,0.0,0.0,0.0,0.0,0.0,0.0,0.0,0.0,0.0,0.0,0.0,0.0,0.0,0.0,0.0,0.0,0.0,0.0,0.0,0.0,0.0,0.0,0.45105212926864624,0.6358205080032349,-5.010296533214387e-08,0.436116099357605,0.594024658203125,-0.002972168382257223,0.43968045711517334,0.5585392117500305,-0.0048203603364527225,0.4559602439403534,0.5367810130119324,-0.006187702063471079,0.4709039628505707,0.524926483631134,-0.007529024966061115,0.48083800077438354,0.5482670664787292,-0.003627605503425002,0.5044400095939636,0.5195930600166321,-0.006113519426435232,0.5176764130592346,0.5063393712043762,-0.007776331156492233,0.5294480919837952,0.4960762858390808,-0.009183733724057674,0.5008365511894226,0.5609764456748962,-0.004339945036917925,0.5254511833190918,0.5255458354949951,-0.006662352010607719,0.5390627980232239,0.5074392557144165,-0.008547781966626644,0.5508061647415161,0.49478593468666077,-0.010119610466063023,0.5143504738807678,0.5735206007957458,-0.0053090061992406845,0.5365707278251648,0.5390329360961914,-0.008458031341433525,0.5490207672119141,0.5196877717971802,-0.010948492214083672,0.5588878989219666,0.5045512914657593,-0.012477620504796505,0.5227249264717102,0.5853318572044373,-0.006363777443766594,0.5419264435768127,0.5571339130401611,-0.007960663177073002,0.5510074496269226,0.5402684211730957,-0.00788157805800438,0.5583952069282532,0.5258020758628845,-0.00756359938532114,1
0.4460114538669586,0.45048987865448,0.1688772290945053,0.45649582147598267,0.4275106191635132,0.22841744124889374,0.46276822686195374,0.4263615012168884,0.22856123745441437,0.4689818322658539,0.42520809173583984,0.22873513400554657,0.4371384084224701,0.42684096097946167,0.21525922417640686,0.42988935112953186,0.4252716898918152,0.21502690017223358,0.4228339195251465,0.4240303337574005,0.2150617092847824,0.47048521041870117,0.4310479164123535,0.4490491449832916,0.4114529490470886,0.42663371562957764,0.3868717551231384,0.45140019059181213,0.4695005416870117,0.2477928102016449,0.4276295602321625,0.46616271138191223,0.22865979373455048,0.5189635753631592,0.5628830194473267,0.4332285523414612,0.3225448727607727,0.5354462265968323,0.32484403252601624,0.560379147529602,0.7050593495368958,0.11827538162469864,0.258300244808197,0.6714686155319214,0.05222054198384285,0.4949739873409271,0.5848151445388794,-0.2784591615200043,0.3399644196033478,0.7405681014060974,-0.27771490812301636,0.47147005796432495,0.5500489473342896,-0.36888784170150757,0.35321709513664246,0.7699501514434814,-0.35079535841941833,0.46558254957199097,0.5160835385322571,-0.32267704606056213,0.3725418150424957,0.7495829463005066,-0.3452736735343933,0.467644065618515,0.5272794961929321,-0.27270999550819397,0.36980265378952026,0.7411466240882874,-0.2829504609107971,0.4787040650844574,0.841204047203064,0.05565674975514412,0.35483318567276,0.8614267706871033,-0.053822897374629974,0.6295363306999207,0.8484398126602173,-0.5510077476501465,0.37577980756759644,0.8950754404067993,-0.7229642271995544,0.6310761570930481,1.227264642715454,-0.6480629444122314,0.42529401183128357,1.236438274383545,-0.7406848669052124,0.6122507452964783,1.2697737216949463,-0.6545466780662537,0.417153537273407,1.25767183303833,-0.7334532141685486,0.6594687104225159,1.3893877267837524,-0.797764778137207,0.467536062002182,1.401604175567627,-0.8477733731269836,0.48736298084259033,0.5634375810623169,-9.022323332885662e-09,0.4987398087978363,0.5400112867355347,-0.005298010539263487,0.5015355944633484,0.5170342326164246,-0.009760606102645397,0.4943147301673889,0.5005523562431335,-0.01331583596765995,0.48577404022216797,0.489431232213974,-0.016790244728326797,0.4718295931816101,0.5041965842247009,-0.009987148456275463,0.45678818225860596,0.48457178473472595,-0.013778313994407654,0.44938138127326965,0.4775224030017853,-0.0170733779668808,0.4418286085128784,0.47087982296943665,-0.019657019525766373,0.45696234703063965,0.5151157975196838,-0.009613345377147198,0.44046446681022644,0.4913554787635803,-0.011877963319420815,0.43373844027519226,0.48292648792266846,-0.013713017106056213,0.4289014935493469,0.4769926369190216,-0.015942705795168877,0.4459087550640106,0.5277969837188721,-0.009190408512949944,0.4335792660713196,0.5040947794914246,-0.010539218783378601,0.428379625082016,0.49459484219551086,-0.010630724020302296,0.4240993559360504,0.4877474009990692,-0.011715369299054146,0.43868762254714966,0.5411452651023865,-0.009100396186113358,0.43245449662208557,0.5193957686424255,-0.009751291014254093,0.42954379320144653,0.5069118142127991,-0.008266469463706017,0.4268312156200409,0.4962232708930969,-0.007484838366508484,0.3232264816761017,0.7584817409515381,1.7345186620332242e-07,0.3466818332672119,0.7699242830276489,-0.007600852288305759,0.369238018989563,0.7912993431091309,-0.013154590502381325,0.3834402859210968,0.8123868107795715,-0.017719890922307968,0.3933139443397522,0.8293489217758179,-0.02248559519648552,0.3614323139190674,0.7804364562034607,-0.025475267320871353,0.3777986764907837,0.8015033602714539,-0.0369514562189579,0.3862426280975342,0.8173261880874634,-0.042889855802059174,0.3937471807003021,0.8324107527732849,-0.04722931608557701,0.3468163013458252,0.7809474468231201,-0.02830149047076702,0.3564866781234741,0.7999184131622314,-0.041335444897413254,0.3647373914718628,0.8182650208473206,-0.046918198466300964,0.37223973870277405,0.8350406289100647,-0.050924599170684814,0.32989856600761414,0.7826741337776184,-0.031034812331199646,0.3307000696659088,0.8016288876533508,-0.045523613691329956,0.33364933729171753,0.8180134296417236,-0.05130653455853462,0.33718594908714294,0.8325637578964233,-0.05447933450341225,0.3123537600040436,0.7846348881721497,-0.03387442231178284,0.3049110472202301,0.8030465245246887,-0.047871463000774384,0.3003429174423218,0.8160335421562195,-0.05338852107524872,0.29692867398262024,0.8286530375480652,-0.056461118161678314,1
0.47775429487228394,0.3250592052936554,-0.6534456610679626,0.4948977828025818,0.2982417941093445,-0.6296895742416382,0.5060960054397583,0.2971290349960327,-0.6296936273574829,0.5177791118621826,0.2961500287055969,-0.6294335722923279,0.4722215533256531,0.3024296760559082,-0.6148372888565063,0.46702852845191956,0.30354201793670654,-0.6151862740516663,0.4629076421260834,0.3046298325061798,-0.6149923205375671,0.5480668544769287,0.30862918496131897,-0.4152829051017761,0.4725940227508545,0.3200910687446594,-0.3444459140300751,0.49998030066490173,0.35263797640800476,-0.567633867263794,0.4730234742164612,0.35912618041038513,-0.547989010810852,0.6621052622795105,0.46278026700019836,-0.22717125713825226,0.42415475845336914,0.46722304821014404,-0.19161716103553772,0.725944995880127,0.6653758883476257,-0.19740009307861328,0.3139609396457672,0.6605026125907898,-0.43677467107772827,0.710388720035553,0.8490859270095825,-0.3802114427089691,0.45709481835365295,0.5140976905822754,-0.7954173684120178,0.7072350978851318,0.9080776572227478,-0.4159417748451233,0.48086223006248474,0.4690626859664917,-0.8915565609931946,0.6872352957725525,0.8964013457298279,-0.4594573378562927,0.4798051416873932,0.4511319696903229,-0.837029755115509,0.684323787689209,0.8799329400062561,-0.39943844079971313,0.47651442885398865,0.46301043033599854,-0.785986065864563,0.5870541930198669,0.9209375977516174,-0.015596437267959118,0.43597936630249023,0.8813412189483643,0.018687274307012558,0.5672425031661987,1.2434210777282715,-0.13711801171302795,0.418213427066803,1.2459921836853027,-0.07897689938545227,0.5503016710281372,1.542488694190979,0.2064448595046997,0.41646456718444824,1.5448715686798096,0.15664133429527283,0.551573634147644,1.5872050523757935,0.23766915500164032,0.41446954011917114,1.5844632387161255,0.17226088047027588,0.5299953818321228,1.6463963985443115,0.030946159735322,0.4265555441379547,1.6620304584503174,-0.06762279570102692,0.7071112394332886,0.8356591463088989,2.2217147943592863e-07,0.6833435893058777,0.8509641289710999,-0.0064835622906684875,0.6703662276268005,0.8752762675285339,-0.00838493276387453,0.6644213795661926,0.8999438881874084,-0.008555649779736996,0.6624763011932373,0.9199383854866028,-0.0080012958496809,0.6969706416130066,0.9033297896385193,-0.004361147526651621,0.6843396425247192,0.9330423474311829,-0.004183337092399597,0.6726059317588806,0.9381710886955261,-0.003776169614866376,0.6636295914649963,0.9369606375694275,-0.002702451543882489,0.7111119031906128,0.9036636352539062,0.00026829028502106667,0.6963860392570496,0.931244969367981,0.00314301042817533,0.6838638186454773,0.9325752854347229,0.005106285214424133,0.6742645502090454,0.9285373687744141,0.00630124332383275,0.7200361490249634,0.8990393877029419,0.0046703931875526905,0.7080697417259216,0.9229136109352112,0.008491771295666695,0.6970940828323364,0.9250584244728088,0.010756551288068295,0.68901127576828,0.9209180474281311,0.011575434356927872,0.7249875068664551,0.8924022912979126,0.008431235328316689,0.7170112133026123,0.9121100902557373,0.011838491074740887,0.7076154947280884,0.9158320426940918,0.014410177245736122,0.7000857591629028,0.9132969379425049,0.016411200165748596,0.4576517343521118,0.5024977326393127,3.656173674926322e-08,0.4731065034866333,0.4876800775527954,0.00189234409481287,0.4868776500225067,0.46470990777015686,0.002233897102996707,0.4937590956687927,0.4406925141811371,0.002128593623638153,0.4955482482910156,0.4233548641204834,0.0014065180439502,0.48055920004844666,0.442331999540329,-0.0029685241170227528,0.4867396950721741,0.4105271100997925,-0.005191907752305269,0.4909912645816803,0.39479467272758484,-0.006012698635458946,0.49453386664390564,0.382102370262146,-0.006608213298022747,0.4772111177444458,0.43686792254447937,-0.006170504726469517,0.48839497566223145,0.40429842472076416,-0.00869208388030529,0.49510452151298523,0.38681933283805847,-0.010123766027390957,0.5002117156982422,0.3734284043312073,-0.011266575194895267,0.47384437918663025,0.43615806102752686,-0.00903252512216568,0.48799800872802734,0.4052422046661377,-0.012081912718713284,0.4963311553001404,0.3874412178993225,-0.014153813943266869,0.5022742748260498,0.37394753098487854,-0.015601661056280136,0.4706549346446991,0.4387545585632324,-0.011350690387189388,0.4831881821155548,0.4116465449333191,-0.014154400676488876,0.4911001920700073,0.39616328477859497,-0.01480139885097742,0.49812448024749756,0.3827251195907593,-0.015083793550729752,1
0.463388055562973,0.2757483720779419,-1.4569443464279175,0.49072760343551636,0.232342928647995,-1.4326426982879639,0.5047218203544617,0.2323242574930191,-1.4329652786254883,0.5184274315834045,0.23433011770248413,-1.4330739974975586,0.45516157150268555,0.22753238677978516,-1.4168864488601685,0.4429049491882324,0.2255844622850418,-1.4173330068588257,0.4311012327671051,0.22359348833560944,-1.417179822921753,0.564878523349762,0.2590486407279968,-1.1551830768585205,0.41992348432540894,0.23255814611911774,-1.0825178623199463,0.48369383811950684,0.31964385509490967,-1.3412036895751953,0.4461343288421631,0.31528517603874207,-1.3209574222564697,0.6775105595588684,0.45564499497413635,-0.8480017781257629,0.35049474239349365,0.46836239099502563,-0.7919013500213623,0.7980742454528809,0.7792471647262573,-0.7928796410560608,0.2731159031391144,0.7710639238357544,-1.1595734357833862,0.7711117267608643,1.0235297679901123,-0.9876943826675415,0.40748387575149536,0.5244700908660889,-1.6587778329849243,0.8022910356521606,1.1501623392105103,-1.0472744703292847,0.4384946823120117,0.4807998538017273,-1.7647377252578735,0.7639265060424805,1.1424918174743652,-1.0842978954315186,0.44210585951805115,0.44994157552719116,-1.717106580734253,0.7499539852142334,1.1179046630859375,-1.0031745433807373,0.4380435347557068,0.4708676338195801,-1.6488230228424072,0.6077561378479004,0.9451839923858643,-0.03420304134488106,0.42663535475730896,0.9318414330482483,0.03710579127073288,0.6035164594650269,1.3854349851608276,-0.05439264327287674,0.4290474057197571,1.3529140949249268,0.08081810176372528,0.6192053556442261,1.6526424884796143,0.6587916612625122,0.4497932493686676,1.6722701787948608,0.6551909446716309,0.6251434683799744,1.6872332096099854,0.7243964076042175,0.4531048834323883,1.7112650871276855,0.7038683295249939,0.5863387584686279,1.7850226163864136,0.45766109228134155,0.4635898172855377,1.8207861185073853,0.42365312576293945,0.0,0.0,0.0,0.0,0.0,0.0,0.0,0.0,0.0,0.0,0.0,0.0,0.0,0.0,0.0,0.0,0.0,0.0,0.0,0.0,0.0,0.0,0.0,0.0,0.0,0.0,0.0,0.0,0.0,0.0,0.0,0.0,0.0,0.0,0.0,0.0,0.0,0.0,0.0,0.0,0.0,0.0,0.0,0.0,0.0,0.0,0.0,0.0,0.0,0.0,0.0,0.0,0.0,0.0,0.0,0.0,0.0,0.0,0.0,0.0,0.0,0.0,0.0,0.4322417974472046,0.5099631547927856,1.9787863436704356e-07,0.4652661979198456,0.5063958168029785,-0.009380358271300793,0.4817902445793152,0.4769720435142517,-0.015698660165071487,0.4855367839336395,0.44603508710861206,-0.019503597170114517,0.48345959186553955,0.4218827784061432,-0.024418028071522713,0.4751775860786438,0.46571433544158936,-0.029933111742138863,0.4886632561683655,0.428584486246109,-0.04189486429095268,0.49346351623535156,0.4048389494419098,-0.04749803990125656,0.49626782536506653,0.3831840753555298,-0.05108403041958809,0.4552549421787262,0.45294156670570374,-0.029677530750632286,0.4689365327358246,0.40944695472717285,-0.04238211363554001,0.47585150599479675,0.3802880048751831,-0.04888550937175751,0.48078352212905884,0.3558613359928131,-0.05301957577466965,0.43653610348701477,0.4454691410064697,-0.02890399657189846,0.44824162125587463,0.4004240036010742,-0.04032458737492561,0.4563503861427307,0.37134021520614624,-0.04840673506259918,0.4628039598464966,0.3465166985988617,-0.05344584211707115,0.42175424098968506,0.442599356174469,-0.027811285108327866,0.42903822660446167,0.4070894122123718,-0.03855717182159424,0.4346292316913605,0.38444867730140686,-0.04566475749015808,0.4401358962059021,0.3637460470199585,-0.05017170310020447,1
0.453360378742218,0.33870354294776917,-0.34710004925727844,0.4672868847846985,0.3071805238723755,-0.305181086063385,0.47764110565185547,0.3072763979434967,-0.3049498200416565,0.4880419373512268,0.30702394247055054,-0.30478909611701965,0.43914350867271423,0.30478647351264954,-0.30486273765563965,0.428602933883667,0.3032512962818146,-0.30527085065841675,0.4181492328643799,0.3018990159034729,-0.30494052171707153,0.5052264332771301,0.3123231530189514,-0.0499354749917984,0.4015367031097412,0.3077712059020996,-0.048133134841918945,0.4694034159183502,0.3739158809185028,-0.24786415696144104,0.4349980354309082,0.37598568201065063,-0.24767017364501953,0.5799139738082886,0.4438774287700653,0.061999816447496414,0.3279592990875244,0.46185004711151123,0.029090499505400658,0.6674326658248901,0.6062154173851013,0.08002298325300217,0.2824937701225281,0.6598223447799683,-0.3801823854446411,0.6924399137496948,0.8125821352005005,-0.0823560357093811,0.41551095247268677,0.5025352239608765,-0.8583844900131226,0.6975914835929871,0.86612868309021,-0.11601920425891876,0.4393898844718933,0.4693169593811035,-0.9635015726089478,0.674102783203125,0.8621039986610413,-0.15903422236442566,0.44087904691696167,0.44792696833610535,-0.9172731637954712,0.6691727042198181,0.8472355604171753,-0.10120288282632828,0.43742284178733826,0.45931991934776306,-0.8527092933654785,0.548437237739563,0.9111241698265076,-0.03051850199699402,0.38195011019706726,0.9147112965583801,0.03344806283712387,0.5447100400924683,1.2589865922927856,-0.30594533681869507,0.3819420337677002,1.266149640083313,-0.21798434853553772,0.5419885516166687,1.568929672241211,-0.05471213534474373,0.39629456400871277,1.5921056270599365,-0.10071984678506851,0.5482979416847229,1.6068840026855469,-0.029069319367408752,0.3980749547481537,1.6336742639541626,-0.09495852142572403,0.5123581290245056,1.6848647594451904,-0.24654307961463928,0.4070926308631897,1.707385540008545,-0.3556365370750427,0.6907971501350403,0.8060774207115173,2.155929621494579e-07,0.664060115814209,0.821829080581665,-0.008289455436170101,0.6507251858711243,0.8475267291069031,-0.010465119034051895,0.6473015546798706,0.873805582523346,-0.010438348166644573,0.6436625123023987,0.8932490348815918,-0.009324937127530575,0.6800796389579773,0.8695263266563416,-0.006534382700920105,0.6695387363433838,0.8998787999153137,-0.006390360649675131,0.6627156138420105,0.9147260785102844,-0.005605943500995636,0.6575103998184204,0.9243378043174744,-0.00486297532916069,0.6943439245223999,0.8720918893814087,-0.0016233633505180478,0.6801464557647705,0.9016618132591248,-0.0008349462295882404,0.670287013053894,0.9121958613395691,0.0007611730834469199,0.6618069410324097,0.9171616435050964,0.0019194510532543063,0.7022724151611328,0.8710987567901611,0.002903818152844906,0.6870741844177246,0.8975396156311035,0.003743306500837207,0.6769604682922363,0.9057891368865967,0.0053587728179991245,0.6686402559280396,0.9086740016937256,0.006324890069663525,0.7055997848510742,0.8681023120880127,0.0067222933284938335,0.6922189593315125,0.8864885568618774,0.007390593644231558,0.6825072169303894,0.893099308013916,0.008569073863327503,0.6745489239692688,0.8954534530639648,0.009771049953997135,0.4111742079257965,0.5123012065887451,4.1511441395414295e-08,0.4287481904029846,0.5000537633895874,0.0016782782040536404,0.44223493337631226,0.47901204228401184,0.0029960814863443375,0.4480647146701813,0.457269549369812,0.0032851051073521376,0.4489395320415497,0.43864452838897705,0.0032345547806471586,0.43763476610183716,0.45769134163856506,0.0051194471307098866,0.445545494556427,0.4301249086856842,0.0037922190967947245,0.44911912083625793,0.41433387994766235,0.0020923076663166285,0.45165517926216125,0.40119001269340515,0.00036954652750864625,0.43108490109443665,0.4494054317474365,0.0018501181621104479,0.43934574723243713,0.4194815754890442,-0.0009164297953248024,0.44386759400367737,0.4013505280017853,-0.004736575298011303,0.44722527265548706,0.38529038429260254,-0.007519063074141741,0.4244146943092346,0.4443877041339874,-0.0016869577812030911,0.43416064977645874,0.4150490462779999,-0.005114709958434105,0.43979352712631226,0.3970181345939636,-0.008047815412282944,0.443885862827301,0.3803471028804779,-0.01000439003109932,0.41806459426879883,0.4425750970840454,-0.004897494334727526,0.4272835850715637,0.4184401035308838,-0.008119690231978893,0.4331289231777191,0.40464919805526733,-0.009136810898780823,0.43892720341682434,0.39119383692741394,-0.009620457887649536,1
0.5508154630661011,0.3088173270225525,-0.42336344718933105,0.561682403087616,0.2953679859638214,-0.3900313973426819,0.5692151784896851,0.29616639018058777,-0.38989341259002686,0.5765643119812012,0.2966422438621521,-0.3897588849067688,0.5420385599136353,0.29683718085289,-0.38833296298980713,0.5360950827598572,0.2984386086463928,-0.38872116804122925,0.5301211476325989,0.3000190556049347,-0.3884320855140686,0.5869603753089905,0.30895593762397766,-0.2154383659362793,0.5264713168144226,0.31011906266212463,-0.21007773280143738,0.5654330253601074,0.3340025842189789,-0.28182947635650635,0.53916996717453,0.33341583609580994,-0.2948909401893616,0.6612681150436401,0.4379301071166992,-0.11241841316223145,0.4723893105983734,0.40710291266441345,-0.1468847095966339,0.693233847618103,0.5789157748222351,-0.08244232833385468,0.41795048117637634,0.5495043992996216,-0.34613269567489624,0.676176130771637,0.7688083648681641,-0.14224651455879211,0.5137577652931213,0.4257429838180542,-0.6009905338287354,0.6687246561050415,0.8117033839225769,-0.1843084841966629,0.5368951559066772,0.3840695023536682,-0.6823750138282776,0.6464306116104126,0.8062856197357178,-0.22780558466911316,0.5365710854530334,0.3623024523258209,-0.6485719680786133,0.6454771161079407,0.7929832935333252,-0.12838003039360046,0.5331531167030334,0.3843415677547455,-0.5940425992012024,0.6105483770370483,0.7071494460105896,0.008518116548657417,0.5046944618225098,0.6991381049156189,-0.007130690850317478,0.6047242879867554,0.9556033611297607,-0.0857972651720047,0.514072060585022,0.8994527459144592,-0.22460296750068665,0.6016260981559753,1.2239470481872559,0.12032859027385712,0.5249612331390381,1.2329661846160889,-0.18519683182239532,0.5995672345161438,1.2491446733474731,0.14530295133590698,0.5275454521179199,1.2647663354873657,-0.18097048997879028,0.6011064648628235,1.3483976125717163,0.056260980665683746,0.5451557040214539,1.3576174974441528,-0.3318057954311371,0.6898266673088074,0.7321593761444092,3.781740787189847e-08,0.6669535040855408,0.7455785870552063,0.0019185952842235565,0.654165506362915,0.7646003365516663,0.004662577528506517,0.6488885283470154,0.7825074791908264,0.00758607080206275,0.646399974822998,0.7945431470870972,0.011077940464019775,0.6711819171905518,0.7984111309051514,0.00545922014862299,0.661925733089447,0.8218985795974731,0.010926429182291031,0.6571854948997498,0.8236538767814636,0.014549687504768372,0.6539188027381897,0.8243787288665771,0.01702946238219738,0.6854472160339355,0.7986310124397278,0.006736333016306162,0.6735067367553711,0.814321756362915,0.013774245046079159,0.6661705374717712,0.8122029304504395,0.017691537737846375,0.6615012884140015,0.8080714344978333,0.01964910700917244,0.694818913936615,0.7927117347717285,0.008462326601147652,0.6835627555847168,0.8061321973800659,0.015034640207886696,0.6766999959945679,0.8055594563484192,0.019394511356949806,0.6726199984550476,0.8014445900917053,0.021567808464169502,0.7015460133552551,0.7858556509017944,0.01021307148039341,0.6933717131614685,0.7984480261802673,0.017038051038980484,0.6865147948265076,0.8002178072929382,0.022482382133603096,0.6820456385612488,0.7971352934837341,0.02631167694926262,0.0,0.0,0.0,0.0,0.0,0.0,0.0,0.0,0.0,0.0,0.0,0.0,0.0,0.0,0.0,0.0,0.0,0.0,0.0,0.0,0.0,0.0,0.0,0.0,0.0,0.0,0.0,0.0,0.0,0.0,0.0,0.0,0.0,0.0,0.0,0.0,0.0,0.0,0.0,0.0,0.0,0.0,0.0,0.0,0.0,0.0,0.0,0.0,0.0,0.0,0.0,0.0,0.0,0.0,0.0,0.0,0.0,0.0,0.0,0.0,0.0,0.0,0.0,1
0.4475703835487366,0.34318479895591736,-0.8789995908737183,0.46452921628952026,0.3013431131839752,-0.8566214442253113,0.4800436496734619,0.2982296347618103,-0.8567913770675659,0.4894850254058838,0.296541303396225,-0.8571814298629761,0.4296885132789612,0.310141921043396,-0.8425809144973755,0.4190405309200287,0.31145480275154114,-0.8429087400436401,0.41168755292892456,0.3119742274284363,-0.8429208993911743,0.5100521445274353,0.30500683188438416,-0.645784318447113,0.4108363687992096,0.3200414478778839,-0.5813408493995667,0.4794764518737793,0.37085065245628357,-0.7926932573318481,0.43638700246810913,0.3820362985134125,-0.7738374471664429,0.6225806474685669,0.4506423771381378,-0.45319730043411255,0.36201056838035583,0.46627065539360046,-0.42855459451675415,0.7117314338684082,0.648128092288971,-0.48350220918655396,0.2911212146282196,0.6579445004463196,-0.7380258440971375,0.7382083535194397,0.8284666538238525,-0.7455964088439941,0.4012215733528137,0.511145293712616,-1.1522499322891235,0.746010422706604,0.8846845626831055,-0.803852915763855,0.42861780524253845,0.45839735865592957,-1.23092520236969,0.7305428385734558,0.8825792670249939,-0.8373247981071472,0.4299289286136627,0.4391079843044281,-1.198256254196167,0.7254602909088135,0.8676508069038391,-0.7617937922477722,0.42720699310302734,0.44832783937454224,-1.1451202630996704,0.5859586000442505,0.8807032108306885,-0.0243971087038517,0.4301319718360901,0.8885204792022705,0.02574368380010128,0.6030005812644958,1.182741403579712,-0.3068637251853943,0.441420316696167,1.217112421989441,-0.20133309066295624,0.609224796295166,1.4062048196792603,0.20652525126934052,0.4293890595436096,1.4445234537124634,0.22181911766529083,0.6095972061157227,1.439037561416626,0.2622697055339813,0.42459577322006226,1.4706854820251465,0.2665270268917084,0.6036547422409058,1.5044301748275757,0.12943166494369507,0.44884687662124634,1.5613471269607544,0.10954636335372925,0.7460596561431885,0.8212259411811829,2.1329823596261122e-07,0.7193198800086975,0.8402058482170105,-0.012905189767479897,0.7073069214820862,0.86892169713974,-0.015860024839639664,0.7016115784645081,0.8974148035049438,-0.01499791070818901,0.695920467376709,0.91771000623703,-0.012379364110529423,0.7460015416145325,0.8899458050727844,-0.009547875262796879,0.737260103225708,0.9259756207466125,-0.0052380855195224285,0.722954511642456,0.9296231865882874,-0.00017835367179941386,0.7128501534461975,0.9252769351005554,0.003849125001579523,0.759093701839447,0.8882455825805664,0.000352035160176456,0.7463095784187317,0.9219010472297668,0.006044971290975809,0.7315189242362976,0.922995924949646,0.009820383042097092,0.7203071117401123,0.9179697036743164,0.012064686976373196,0.7643433213233948,0.8833799362182617,0.010169319808483124,0.7524666786193848,0.9112182855606079,0.015825733542442322,0.7397562861442566,0.9140744805335999,0.018275562673807144,0.7298514246940613,0.9098879098892212,0.019143633544445038,0.7646907567977905,0.8766556978225708,0.018977545201778412,0.7552732825279236,0.8986306190490723,0.022605936974287033,0.7433265447616577,0.9035413861274719,0.024312635883688927,0.7336385250091553,0.9019142985343933,0.025863585993647575,0.40493014454841614,0.5202813744544983,-4.539195241903826e-09,0.38317450881004333,0.4939573407173157,-0.0022907776292413473,0.37232139706611633,0.46231719851493835,-0.007255127187818289,0.368686318397522,0.43541404604911804,-0.012870942242443562,0.36261940002441406,0.4172280430793762,-0.019268037751317024,0.4041864573955536,0.4407428503036499,-0.009167450480163097,0.4177201986312866,0.4062514305114746,-0.01339816115796566,0.42746976017951965,0.39062806963920593,-0.015857430174946785,0.4361918866634369,0.3785712718963623,-0.01780436933040619,0.4252145290374756,0.44796022772789,-0.012398695573210716,0.4399377405643463,0.40785595774650574,-0.015116450376808643,0.45003414154052734,0.38764914870262146,-0.01746523194015026,0.45823508501052856,0.3747723698616028,-0.020276261493563652,0.4429287016391754,0.4597201943397522,-0.015610100701451302,0.456635981798172,0.4194781482219696,-0.01919582672417164,0.4641569256782532,0.39657825231552124,-0.02223341166973114,0.4688399136066437,0.3806256353855133,-0.024874107912182808,0.45786526799201965,0.47495993971824646,-0.018822982907295227,0.4725988507270813,0.4473001956939697,-0.021852141246199608,0.48049163818359375,0.4301002323627472,-0.02297963760793209,0.4861278235912323,0.41590946912765503,-0.02390865795314312,1
0.5289283990859985,0.2749406397342682,-0.8278433680534363,0.5463499426841736,0.24187053740024567,-0.7946745157241821,0.5570156574249268,0.24254219233989716,-0.7948936223983765,0.5676572322845459,0.24407796561717987,-0.7950414419174194,0.5194316506385803,0.2422446459531784,-0.8154295682907104,0.5100829601287842,0.24223516881465912,-0.816016674041748,0.5009403228759766,0.24148224294185638,-0.8153699040412903,0.5841582417488098,0.26194626092910767,-0.5680114030838013,0.4847869277000427,0.2544820010662079,-0.5696651935577393,0.5446205139160156,0.31029388308525085,-0.7332554459571838,0.5088878273963928,0.30697187781333923,-0.7399828433990479,0.6595703363418579,0.41389766335487366,-0.37407568097114563,0.375637412071228,0.39201921224594116,-0.4203181266784668,0.7049075365066528,0.6312981247901917,-0.2665424942970276,0.33167386054992676,0.6384981274604797,-0.7397440671920776,0.6992676258087158,0.777069628238678,-0.2760358154773712,0.47167855501174927,0.45254337787628174,-1.0140327215194702,0.7065061926841736,0.829865038394928,-0.28069961071014404,0.5063737630844116,0.39750906825065613,-1.0533552169799805,0.6892538070678711,0.8161509037017822,-0.29585936665534973,0.506034255027771,0.36882245540618896,-1.0007729530334473,0.6817014217376709,0.8008836507797241,-0.2761130928993225,0.5031359791755676,0.38793858885765076,-0.9895352125167847,0.584312915802002,0.7704091668128967,-0.039305221289396286,0.43030858039855957,0.767072856426239,0.040376968681812286,0.5721046328544617,0.9559631943702698,-0.6013221740722656,0.3904966711997986,1.0222980976104736,0.019209232181310654,0.5761081576347351,1.285309076309204,-0.3172607123851776,0.3820825219154358,1.287811279296875,0.4036446511745453,0.5777398943901062,1.3211969137191772,-0.28548404574394226,0.38483041524887085,1.3162367343902588,0.4451078474521637,0.5523756742477417,1.4504348039627075,-0.48950210213661194,0.3813919425010681,1.4425952434539795,0.2940395176410675,0.7036381363868713,0.7822043299674988,1.6307710382079676e-07,0.6926789283752441,0.8070762157440186,-0.008972038514912128,0.6880898475646973,0.8347020149230957,-0.008781439624726772,0.6844471096992493,0.8562079668045044,-0.00685901427641511,0.6811785697937012,0.8705642819404602,-0.0035325924400240183,0.7160205841064453,0.8446803092956543,0.003977235406637192,0.7010554671287537,0.8649307489395142,0.004742227960377932,0.6887836456298828,0.8713070154190063,0.0036449870094656944,0.6806216835975647,0.8734776973724365,0.003042241558432579,0.7169944643974304,0.8429841995239258,0.009655478410422802,0.7000746130943298,0.8596035242080688,0.010648590512573719,0.6888030767440796,0.8612251281738281,0.008132517337799072,0.6817306876182556,0.8613548278808594,0.006279835477471352,0.7139732241630554,0.8396288156509399,0.014064624905586243,0.6982823014259338,0.8545293211936951,0.013727700337767601,0.6886585354804993,0.8546702265739441,0.010836385190486908,0.6828373074531555,0.852634847164154,0.009199438616633415,0.7095982432365417,0.8360233306884766,0.017726130783557892,0.6976801156997681,0.8492013216018677,0.01724054478108883,0.689483106136322,0.8511995077133179,0.015823572874069214,0.6841726899147034,0.8502456545829773,0.01544745173305273,0.4814518988132477,0.4534733295440674,1.4837134187928314e-08,0.462822288274765,0.41972023248672485,-0.007350735366344452,0.45325079560279846,0.3888750672340393,-0.014356141909956932,0.45754873752593994,0.3632180988788605,-0.020727621391415596,0.4688186049461365,0.3465901017189026,-0.026586228981614113,0.4907169044017792,0.3677549362182617,-0.011969131417572498,0.5059720873832703,0.3342849314212799,-0.01701451651751995,0.5152952075004578,0.318442702293396,-0.019837653264403343,0.5230376720428467,0.30640846490859985,-0.02164415828883648,0.5138240456581116,0.3758985996246338,-0.012579298578202724,0.5322099328041077,0.33483049273490906,-0.01576324552297592,0.540794312953949,0.31745368242263794,-0.016873516142368317,0.5471596121788025,0.30626344680786133,-0.018027588725090027,0.5312496423721313,0.3867643475532532,-0.013673321343958378,0.5484556555747986,0.34835875034332275,-0.01683475263416767,0.5553954839706421,0.32900741696357727,-0.01591089926660061,0.5598250031471252,0.31423479318618774,-0.015402226708829403,0.5442009568214417,0.39967459440231323,-0.015407820232212543,0.5602335929870605,0.3693907856941223,-0.017531588673591614,0.5659550428390503,0.35234957933425903,-0.014991951175034046,0.5691973567008972,0.337262898683548,-0.012713462114334106,1
0.4668594300746918,0.2861552834510803,-0.4446752965450287,0.4851319193840027,0.26080605387687683,-0.43163052201271057,0.49391499161720276,0.2607862949371338,-0.4318985044956207,0.5029569864273071,0.2607278525829315,-0.4322128891944885,0.467871755361557,0.2614406645298004,-0.4174135625362396,0.463908851146698,0.2613171637058258,-0.4177815020084381,0.46006321907043457,0.26103678345680237,-0.4176894724369049,0.5312029123306274,0.2746051847934723,-0.3002484440803528,0.46281367540359497,0.2733739912509918,-0.2340058833360672,0.4836118817329407,0.31873100996017456,-0.3900716304779053,0.46086716651916504,0.3167852759361267,-0.37052416801452637,0.6223751902580261,0.4129699170589447,-0.21414785087108612,0.397257536649704,0.4125286936759949,-0.12510623037815094,0.7066045999526978,0.581990122795105,-0.13742420077323914,0.2937816381454468,0.5752235054969788,-0.31383001804351807,0.6764439344406128,0.7858577370643616,-0.18478477001190186,0.4315086901187897,0.43614986538887024,-0.5230104327201843,0.6686387062072754,0.8476988673210144,-0.2028338611125946,0.4648831784725189,0.3985484540462494,-0.5801393985748291,0.6470300555229187,0.8385012149810791,-0.2227402925491333,0.468482106924057,0.37035417556762695,-0.5249686241149902,0.643980860710144,0.823735237121582,-0.18900670111179352,0.4634567201137543,0.3892498016357422,-0.5071729421615601,0.5670334100723267,0.8302201628684998,-0.04309307783842087,0.44135189056396484,0.8277156352996826,0.04380544275045395,0.5595450401306152,1.100266695022583,0.012724481523036957,0.44051823019981384,1.0752127170562744,0.13677603006362915,0.5541360974311829,1.3198268413543701,0.32740581035614014,0.45122066140174866,1.333054780960083,0.3706488311290741,0.5556995868682861,1.3468735218048096,0.36277318000793457,0.453639417886734,1.3609799146652222,0.3929530084133148,0.5402159690856934,1.4378230571746826,0.24498704075813293,0.45781201124191284,1.4463056325912476,0.25494688749313354,0.67583167552948,0.7964548468589783,1.598620684717389e-07,0.6476782560348511,0.8078410625457764,-0.003574667265638709,0.6307677626609802,0.8307529091835022,-0.005819939076900482,0.6235387325286865,0.8528881669044495,-0.007095786742866039,0.6269834637641907,0.8700207471847534,-0.008131937123835087,0.6535796523094177,0.8560172915458679,-0.0088270278647542,0.6430390477180481,0.8878983855247498,-0.012526385486125946,0.6322177648544312,0.8915667533874512,-0.014080395922064781,0.6245620846748352,0.8875560164451599,-0.013854471035301685,0.6709400415420532,0.8587203621864319,-0.00744768837466836,0.6572936177253723,0.8905630707740784,-0.009631318040192127,0.6454465985298157,0.8922203779220581,-0.008861619979143143,0.6380003094673157,0.8848849534988403,-0.007883474230766296,0.6835408210754395,0.8561501502990723,-0.005908391438424587,0.6699223518371582,0.884599506855011,-0.006015213206410408,0.6584252119064331,0.8870523571968079,-0.0038147263694554567,0.6516565084457397,0.8798785209655762,-0.0022021278273314238,0.6908665895462036,0.8508085608482361,-0.004639056511223316,0.6803438067436218,0.8746410608291626,-0.003072625957429409,0.669590413570404,0.8790651559829712,-8.333285222761333e-05,0.6627417802810669,0.8750464916229248,0.0023243180476129055,0.45465707778930664,0.4548991918563843,-9.497532005298126e-08,0.4565845727920532,0.438306599855423,0.0012604360235854983,0.4626045823097229,0.41766494512557983,0.0022680596448481083,0.4702947735786438,0.3991704285144806,0.0024462873116135597,0.47705280780792236,0.38400790095329285,0.0029115094803273678,0.47106632590293884,0.38940441608428955,0.007165315095335245,0.47920870780944824,0.359355628490448,0.0073497723788022995,0.48185989260673523,0.34878045320510864,0.0066714962013065815,0.4852166175842285,0.33984124660491943,0.005660370457917452,0.4795890748500824,0.3909209668636322,0.004698853474110365,0.4868549406528473,0.3593711256980896,0.004146314691752195,0.4901233911514282,0.34556567668914795,0.0018719196086749434,0.4926045536994934,0.33343034982681274,-0.000275073922239244,0.48684582114219666,0.3962917625904083,0.0016189118614420295,0.4948276877403259,0.3671756684780121,-7.485310106858378e-06,0.4971514046192169,0.35124194622039795,-0.001877777511253953,0.498492032289505,0.33782243728637695,-0.0034868342336267233,0.49356937408447266,0.40548187494277954,-0.0014173093950375915,0.502377450466156,0.3824280798435211,-0.002895141951739788,0.5067153573036194,0.3677366375923157,-0.003356645116582513,0.5108992457389832,0.35494139790534973,-0.0037550339475274086,1
0.5292691588401794,0.3835124671459198,-0.6110059022903442,0.535859227180481,0.35438603162765503,-0.5887317061424255,0.5419176816940308,0.3550509810447693,-0.5887191891670227,0.5476382374763489,0.3557334244251251,-0.5888339281082153,0.5124067068099976,0.35302257537841797,-0.5927429795265198,0.5022305250167847,0.35332176089286804,-0.5930370092391968,0.4905325472354889,0.3530712425708771,-0.5933030843734741,0.5479016304016113,0.3665215075016022,-0.3850240707397461,0.46914029121398926,0.36136677861213684,-0.4062294363975525,0.540008008480072,0.4148818552494049,-0.5254634618759155,0.5094819068908691,0.41384702920913696,-0.5331383943557739,0.6100472211837769,0.4783763587474823,-0.28075549006462097,0.37479573488235474,0.48753899335861206,-0.24187035858631134,0.6661237478256226,0.6666295528411865,-0.47710269689559937,0.30822253227233887,0.6697264313697815,-0.20524057745933533,0.5598878264427185,0.5313848853111267,-0.8481789827346802,0.3154087960720062,0.8482774496078491,-0.35230597853660583,0.5411359667778015,0.48927268385887146,-0.9460488557815552,0.309937059879303,0.8993261456489563,-0.3849186301231384,0.5355350375175476,0.469050794839859,-0.9064305424690247,0.332663357257843,0.8957226872444153,-0.4382858872413635,0.5421242117881775,0.4825495183467865,-0.8434015512466431,0.3367983102798462,0.8792049288749695,-0.3760260343551636,0.5871468186378479,0.8445082902908325,0.0014779011253267527,0.44281044602394104,0.8572668433189392,0.00037133696605451405,0.5936007499694824,1.1592808961868286,-0.1261458545923233,0.45857539772987366,1.1804383993148804,-0.1671300232410431,0.5898778438568115,1.429126262664795,0.1254439502954483,0.46749091148376465,1.4577767848968506,0.007175857666879892,0.5888606309890747,1.4632679224014282,0.15684044361114502,0.4673989415168762,1.4879539012908936,0.02935558557510376,0.5817347764968872,1.5484987497329712,0.03465237468481064,0.49171900749206543,1.5842854976654053,-0.11315007507801056,0.5567870140075684,0.5393795371055603,7.166687510107295e-08,0.5798419117927551,0.5186583995819092,-0.00283875223249197,0.5952649712562561,0.49854645133018494,-0.007575483527034521,0.6000356674194336,0.47770971059799194,-0.011823712848126888,0.599353551864624,0.46148496866226196,-0.016115592792630196,0.5695213079452515,0.4773111939430237,-0.01296286378055811,0.5652047991752625,0.44629964232444763,-0.017050687223672867,0.559476375579834,0.43159133195877075,-0.01879764162003994,0.552924633026123,0.4193483591079712,-0.020272059366106987,0.5498083233833313,0.47880497574806213,-0.014339080080389977,0.5457961559295654,0.44364750385284424,-0.017632119357585907,0.5420637130737305,0.426064670085907,-0.018673351034522057,0.5388522148132324,0.412998229265213,-0.02029210701584816,0.532029926776886,0.4845556318759918,-0.015145148150622845,0.5276069045066833,0.4506440758705139,-0.018067985773086548,0.525753915309906,0.43342629075050354,-0.018840311095118523,0.5242262482643127,0.420064777135849,-0.02014743909239769,0.5166268348693848,0.4921514391899109,-0.015843059867620468,0.5078364610671997,0.4692400395870209,-0.017765460535883904,0.5028045177459717,0.45457300543785095,-0.017466170713305473,0.4997265934944153,0.44049355387687683,-0.01762205734848976,0.3102850317955017,0.8433088064193726,6.770916050058418e-10,0.337652325630188,0.8568385243415833,-0.010959294624626637,0.3550793528556824,0.8781328797340393,-0.016873734071850777,0.36551278829574585,0.9021367430686951,-0.020428914576768875,0.3759039342403412,0.9215332269668579,-0.02309078723192215,0.32795801758766174,0.9068107604980469,-0.011570492759346962,0.3397394120693207,0.9352070689201355,-0.013005501590669155,0.3475760817527771,0.9482370615005493,-0.01410367526113987,0.3535841703414917,0.9576036930084229,-0.014782628044486046,0.3124728202819824,0.9100373983383179,-0.006334435194730759,0.3289194107055664,0.9378923773765564,-0.005940193310379982,0.3407597541809082,0.9473374485969543,-0.004910918418318033,0.3483181893825531,0.9526877999305725,-0.00474757282063365,0.30303776264190674,0.9087949991226196,-0.0014386915136128664,0.31964898109436035,0.9324792623519897,-0.001185593893751502,0.33143025636672974,0.9398015737533569,0.0019676326774060726,0.3390587866306305,0.9425188899040222,0.003966765943914652,0.29745158553123474,0.9056445360183716,0.002610947471112013,0.3114739656448364,0.9251748323440552,0.0027124725747853518,0.322028785943985,0.9311654567718506,0.0057861036621034145,0.32979270815849304,0.9329613447189331,0.00838698074221611,1
0.5027280449867249,0.3408140242099762,-0.7826927900314331,0.5179497003555298,0.3105650246143341,-0.7478038668632507,0.5284463167190552,0.3109442889690399,-0.7478066086769104,0.5371309518814087,0.30999061465263367,-0.7480272054672241,0.4857599139213562,0.3092823624610901,-0.7487505078315735,0.4742322862148285,0.30877479910850525,-0.7492357492446899,0.46485576033592224,0.30816686153411865,-0.7491317987442017,0.5492427945137024,0.32029351592063904,-0.48378339409828186,0.45336446166038513,0.3179367482662201,-0.49320441484451294,0.5246396064758301,0.37746843695640564,-0.6766768097877502,0.4836391806602478,0.37946078181266785,-0.6795040369033813,0.6232007741928101,0.44277429580688477,-0.27166420221328735,0.37028712034225464,0.46625807881355286,-0.34721070528030396,0.7234710454940796,0.5968405604362488,-0.12825413048267365,0.34044936299324036,0.6656922101974487,-0.666638970375061,0.7479068040847778,0.7896849513053894,-0.22197386622428894,0.45040860772132874,0.5251272320747375,-1.0466539859771729,0.7618542909622192,0.8448820114135742,-0.24808022379875183,0.47726064920425415,0.4768093526363373,-1.1247702836990356,0.740476131439209,0.8434983491897583,-0.29142266511917114,0.473703533411026,0.44839543104171753,-1.093400239944458,0.7336111068725586,0.8262416124343872,-0.23763033747673035,0.4695185124874115,0.46771302819252014,-1.0390182733535767,0.5981491208076477,0.8720375299453735,-0.0012590948026627302,0.44310569763183594,0.8894529938697815,0.0031677414663136005,0.6027986407279968,1.1761443614959717,-0.2120128571987152,0.4562029242515564,1.2022069692611694,-0.04931125417351723,0.6042391061782837,1.4517061710357666,0.13381680846214294,0.4724487364292145,1.4884510040283203,0.19797983765602112,0.605065107345581,1.4886207580566406,0.17445304989814758,0.4710158407688141,1.5247409343719482,0.2216406613588333,0.5922104120254517,1.5689464807510376,-0.010159185156226158,0.5028563141822815,1.6076287031173706,-0.006149674765765667,0.7484084963798523,0.787523090839386,2.010979471833707e-07,0.727526068687439,0.8096762299537659,-0.012971916235983372,0.7205789089202881,0.8381268382072449,-0.017276925966143608,0.7190162539482117,0.8653374910354614,-0.018683841452002525,0.7153509855270386,0.8849583864212036,-0.018690910190343857,0.7577347159385681,0.8553605079650879,-0.010222464799880981,0.7489757537841797,0.8923428654670715,-0.01256786659359932,0.7346959114074707,0.9032948017120361,-0.01399767305701971,0.7226516008377075,0.9071347713470459,-0.01433913316577673,0.768744945526123,0.8532693386077881,-0.0030847240705043077,0.7570723295211792,0.8920135498046875,-0.0046043661423027515,0.7408940196037292,0.8993881940841675,-0.005057002883404493,0.7280216217041016,0.8995872139930725,-0.004961326252669096,0.7722986936569214,0.8501739501953125,0.0033065113238990307,0.7615942358970642,0.8830084800720215,0.0024043279699981213,0.7479580640792847,0.8904005885124207,0.0018372181802988052,0.73703533411026,0.8908366560935974,0.0015924028120934963,0.7707061171531677,0.8472484350204468,0.00862438976764679,0.7623002529144287,0.8723533749580383,0.0077535901218652725,0.7518824338912964,0.8807365894317627,0.007537947501987219,0.7426642179489136,0.8827667832374573,0.008038021624088287,0.4688568115234375,0.5211659669876099,1.2964338225174288e-07,0.44381532073020935,0.4958382546901703,-0.0034612880554050207,0.4245258867740631,0.4697573482990265,-0.010297683998942375,0.4070360064506531,0.4505970776081085,-0.01763458177447319,0.39078670740127563,0.4402517080307007,-0.025713417679071426,0.45253464579582214,0.4467964172363281,-0.01237780973315239,0.4637441635131836,0.4134538769721985,-0.01687864400446415,0.4728381037712097,0.39470070600509644,-0.019262149930000305,0.4806685447692871,0.3805001676082611,-0.02113216370344162,0.4732135534286499,0.4492403268814087,-0.015091003850102425,0.4834997057914734,0.40939968824386597,-0.016806332394480705,0.4914672076702118,0.38814008235931396,-0.018532922491431236,0.4990297853946686,0.371753454208374,-0.021209850907325745,0.492495059967041,0.45531463623046875,-0.01760091632604599,0.5005587339401245,0.417599081993103,-0.018254898488521576,0.5065513253211975,0.39649856090545654,-0.019683951511979103,0.5112513899803162,0.3791963756084442,-0.022144172340631485,0.5095837712287903,0.4642430245876312,-0.020475799217820168,0.5169424414634705,0.43384554982185364,-0.021040061488747597,0.5209143757820129,0.4168904423713684,-0.020200194790959358,0.5238130688667297,0.4014468789100647,-0.020197611302137375,1
0.48397693037986755,0.3352198302745819,-0.9844664335250854,0.5061461329460144,0.30408257246017456,-0.9806501269340515,0.5173013210296631,0.3064393997192383,-0.9808870553970337,0.5268456935882568,0.3079055845737457,-0.9808889627456665,0.47338852286338806,0.2957143187522888,-0.9793025255203247,0.4633863866329193,0.2926413416862488,-0.9796270132064819,0.4550899565219879,0.28982943296432495,-0.9798428416252136,0.5420640707015991,0.31388723850250244,-0.8093209266662598,0.4467550218105316,0.2919323742389679,-0.804644763469696,0.5013096928596497,0.36781951785087585,-0.9042693972587585,0.4630112051963806,0.360737681388855,-0.9032636880874634,0.6104857325553894,0.42689549922943115,-0.6079134345054626,0.35315006971359253,0.36269399523735046,-0.6426783800125122,0.6260063648223877,0.6323859095573425,-0.6267046928405762,0.2992617189884186,0.5937696099281311,-0.8828445672988892,0.5147823691368103,0.7273245453834534,-0.6590635180473328,0.40112772583961487,0.4968213140964508,-1.1013457775115967,0.48649030923843384,0.7748631238937378,-0.6916705965995789,0.4287070333957672,0.45303866267204285,-1.161341905593872,0.46883803606033325,0.7540542483329773,-0.6824702024459839,0.4381754994392395,0.420930951833725,-1.116225242614746,0.4759911894798279,0.7404928803443909,-0.6525186896324158,0.433140367269516,0.4317345917224884,-1.081195592880249,0.5445629358291626,0.7006264925003052,-0.010335829108953476,0.399992972612381,0.6802740097045898,0.01106267236173153,0.6341400742530823,0.8515408039093018,-0.46755361557006836,0.25748392939567566,0.8319953083992004,-0.4192953109741211,0.6365622282028198,1.1385449171066284,-0.12460298836231232,0.2559952139854431,1.143929362297058,-0.17770884931087494,0.6218900680541992,1.1649960279464722,-0.09161538630723953,0.2761807143688202,1.1834875345230103,-0.15412476658821106,0.6503915786743164,1.3125585317611694,-0.24664504826068878,0.219903826713562,1.304640293121338,-0.3236862123012543,0.5024486780166626,0.7150200605392456,2.0275274437153712e-07,0.48861274123191833,0.7173041105270386,-0.017893340438604355,0.47092127799987793,0.736916720867157,-0.022830341011285782,0.45536747574806213,0.7562907338142395,-0.02414548769593239,0.441204309463501,0.7684715390205383,-0.024037916213274002,0.4821079671382904,0.7681095004081726,-0.015861550346016884,0.45927831530570984,0.7881343364715576,-0.02356789819896221,0.4422604739665985,0.7885470986366272,-0.028389399871230125,0.4286319613456726,0.7838847637176514,-0.03070206381380558,0.4784241318702698,0.7690470218658447,-0.0077192289754748344,0.45324939489364624,0.7841556072235107,-0.015633869916200638,0.436331570148468,0.7785106301307678,-0.021273473277688026,0.4230569303035736,0.7692216038703918,-0.02421380765736103,0.4740466773509979,0.7663167715072632,-0.0008728511165827513,0.45138609409332275,0.7795108556747437,-0.008322244510054588,0.4360940456390381,0.7741898894309998,-0.013813654892146587,0.4250546991825104,0.7655500173568726,-0.0164139736443758,0.4702974259853363,0.7627431750297546,0.004714867100119591,0.4523433744907379,0.7728757262229919,-0.0013347280910238624,0.44094225764274597,0.770351767539978,-0.00545309204608202,0.4325007200241089,0.7651568651199341,-0.007404576055705547,0.4043148159980774,0.4906444549560547,1.9233915793392953e-08,0.39020195603370667,0.45965731143951416,-0.01191925723105669,0.38914328813552856,0.42952850461006165,-0.01936228945851326,0.4002549946308136,0.40619489550590515,-0.02475947141647339,0.4147559106349945,0.39738234877586365,-0.029072046279907227,0.4310579001903534,0.4310198426246643,-0.017392873764038086,0.4478258192539215,0.39742425084114075,-0.02444070391356945,0.45877158641815186,0.3793906569480896,-0.027860000729560852,0.4684127867221832,0.3671647310256958,-0.029801292344927788,0.44931313395500183,0.4412441849708557,-0.015454522334039211,0.46582597494125366,0.4020698368549347,-0.02284274622797966,0.47749051451683044,0.38004761934280396,-0.025860615074634552,0.4872099757194519,0.3646833002567291,-0.027549350634217262,0.4619655907154083,0.4500660300254822,-0.014276843518018723,0.4801522195339203,0.41314882040023804,-0.0222440455108881,0.49104222655296326,0.3922384977340698,-0.025381891056895256,0.5001016855239868,0.376587450504303,-0.026278939098119736,0.4697708487510681,0.45656895637512207,-0.013841653242707253,0.49105414748191833,0.43174415826797485,-0.02034659869968891,0.5042473077774048,0.41789254546165466,-0.02270091325044632,0.5155287384986877,0.40665310621261597,-0.02325868047773838,1
0.5195029377937317,0.32452625036239624,-0.7523900270462036,0.5342372059822083,0.29293787479400635,-0.7532695531845093,0.5445793867111206,0.29157450795173645,-0.7534565329551697,0.5571280717849731,0.29017123579978943,-0.7534596920013428,0.5133938193321228,0.2947801947593689,-0.7294731140136719,0.5075209140777588,0.29339155554771423,-0.7298210859298706,0.5015071034431458,0.29303520917892456,-0.7299837470054626,0.5880063772201538,0.29863840341567993,-0.6303045153617859,0.5034568309783936,0.3008171319961548,-0.5179105997085571,0.5411143898963928,0.35729363560676575,-0.6914934515953064,0.5136781930923462,0.35771697759628296,-0.6595155000686646,0.6865759491920471,0.43923625349998474,-0.519404411315918,0.46524906158447266,0.41281118988990784,-0.34061235189437866,0.6394776701927185,0.6519790291786194,-0.6646274328231812,0.4155137538909912,0.6308454871177673,-0.6407507658004761,0.5218654274940491,0.7450585961341858,-0.7380141615867615,0.4899212419986725,0.47320255637168884,-0.9726364016532898,0.4885755479335785,0.7847061157226562,-0.7718288898468018,0.5005966424942017,0.42585426568984985,-1.037408709526062,0.47047892212867737,0.7592207789421082,-0.7459018230438232,0.5066643357276917,0.4065312147140503,-0.9750709533691406,0.47817736864089966,0.7519851922988892,-0.7204612493515015,0.5058051347732544,0.4212493300437927,-0.9504650831222534,0.6245964765548706,0.7152587175369263,-0.07977692782878876,0.4961528778076172,0.6865535974502563,0.08019889891147614,0.6551167368888855,0.7927931547164917,-0.8142552375793457,0.2786237895488739,0.8026187419891357,-0.4709007740020752,0.6527449488639832,1.160351276397705,-0.6711363196372986,0.23543985188007355,1.1466315984725952,-0.37902745604515076,0.6442325711250305,1.2071621417999268,-0.6594970226287842,0.25215741991996765,1.1979451179504395,-0.37377527356147766,0.6421331167221069,1.3151520490646362,-0.9111853837966919,0.1617872714996338,1.27875554561615,-0.616630494594574,0.5266556143760681,0.7467203140258789,3.0674195272695215e-07,0.5003002882003784,0.7443479895591736,-0.015908870846033096,0.4787333011627197,0.7547938823699951,-0.022928480058908463,0.45823976397514343,0.7640318870544434,-0.026624195277690887,0.4404153823852539,0.771263837814331,-0.029324160888791084,0.4949747920036316,0.7907978892326355,-0.013206485658884048,0.4753589630126953,0.817474365234375,-0.01308018434792757,0.46177321672439575,0.8206405639648438,-0.01153118722140789,0.45276159048080444,0.8183338642120361,-0.00984047632664442,0.5042072534561157,0.797974169254303,-0.004192397929728031,0.48105451464653015,0.8188483715057373,-0.00226163724437356,0.46744203567504883,0.8159387111663818,-0.0009474738035351038,0.4591524004936218,0.8096538782119751,-0.00016066133684944361,0.5099960565567017,0.798839271068573,0.004043936729431152,0.48967134952545166,0.8157488107681274,0.006139565259218216,0.4779655933380127,0.8131129145622253,0.006220534909516573,0.4708772599697113,0.8072989583015442,0.005786191206425428,0.5130327343940735,0.7973361611366272,0.011031215079128742,0.4974633753299713,0.8119543790817261,0.011903048492968082,0.48699840903282166,0.80976802110672,0.012042219750583172,0.48075011372566223,0.8041754961013794,0.012409002520143986,0.47646263241767883,0.482080340385437,6.808759422938238e-08,0.46288251876831055,0.4549970030784607,-0.0015382259152829647,0.4617224335670471,0.43160945177078247,-0.004536311607807875,0.47114187479019165,0.41808003187179565,-0.007757778745144606,0.48062270879745483,0.4124847948551178,-0.011282277293503284,0.4807514250278473,0.4153030812740326,-0.007122933864593506,0.49729305505752563,0.39040666818618774,-0.011496741324663162,0.5088487267494202,0.3785213232040405,-0.013804993592202663,0.5184121131896973,0.371243953704834,-0.015188650228083134,0.49796241521835327,0.4219609498977661,-0.009777679108083248,0.5155772566795349,0.39207491278648376,-0.01260234322398901,0.5276700854301453,0.37813377380371094,-0.014208498410880566,0.5372493267059326,0.3699735105037689,-0.01558323111385107,0.5120183229446411,0.4320314824581146,-0.01250497717410326,0.5292286276817322,0.4028282165527344,-0.015361546538770199,0.5405417084693909,0.38828814029693604,-0.017221910879015923,0.5492432117462158,0.378909170627594,-0.018595466390252113,0.5229188799858093,0.4440930187702179,-0.01526407990604639,0.5376473069190979,0.42096200585365295,-0.01782562956213951,0.5468316674232483,0.4084722697734833,-0.018279125913977623,0.5543190836906433,0.3992944061756134,-0.018285585567355156,1
0.380994975566864,0.3711354434490204,-0.6533061861991882,0.39575621485710144,0.32971155643463135,-0.6390959620475769,0.40714120864868164,0.32675060629844666,-0.6392465829849243,0.4171110987663269,0.3245002329349518,-0.6396708488464355,0.3683163523674011,0.3402167558670044,-0.6314162015914917,0.3608267903327942,0.34166648983955383,-0.6317638754844666,0.35340356826782227,0.3427814543247223,-0.6319366693496704,0.43560585379600525,0.3309302031993866,-0.4739081859588623,0.35080620646476746,0.35115674138069153,-0.43428856134414673,0.4034382700920105,0.3926592469215393,-0.5816216468811035,0.3689958453178406,0.4038451015949249,-0.5704159140586853,0.5176311731338501,0.4552578628063202,-0.3054141104221344,0.30166399478912354,0.45563316345214844,-0.33716267347335815,0.599307656288147,0.5979575514793396,-0.29614967107772827,0.2247748076915741,0.6573679447174072,-0.5064435601234436,0.5157908797264099,0.6576501131057739,-0.40624403953552246,0.33230704069137573,0.5085873603820801,-0.68682861328125,0.48998403549194336,0.6828650832176208,-0.4377652704715729,0.3545849919319153,0.4718799889087677,-0.7339967489242554,0.478289932012558,0.6576909422874451,-0.4379861354827881,0.35475432872772217,0.449290931224823,-0.7046085000038147,0.479233980178833,0.6532962322235107,-0.406389057636261,0.3521830439567566,0.45835986733436584,-0.6756271123886108,0.44556766748428345,0.8574173450469971,-0.012217806652188301,0.31174713373184204,0.8278665542602539,0.013214590027928352,0.41900572180747986,1.108486294746399,-0.0699881762266159,0.27874523401260376,1.0962119102478027,-0.018661044538021088,0.39946454763412476,1.316707730293274,0.32651591300964355,0.2649276852607727,1.3519399166107178,0.21675503253936768,0.3978107273578644,1.346289873123169,0.3722934424877167,0.2590230405330658,1.386136531829834,0.2446473091840744,0.38272419571876526,1.4090354442596436,0.2800730764865875,0.27925530076026917,1.4587210416793823,0.10574404150247574,0.0,0.0,0.0,0.0,0.0,0.0,0.0,0.0,0.0,0.0,0.0,0.0,0.0,0.0,0.0,0.0,0.0,0.0,0.0,0.0,0.0,0.0,0.0,0.0,0.0,0.0,0.0,0.0,0.0,0.0,0.0,0.0,0.0,0.0,0.0,0.0,0.0,0.0,0.0,0.0,0.0,0.0,0.0,0.0,0.0,0.0,0.0,0.0,0.0,0.0,0.0,0.0,0.0,0.0,0.0,0.0,0.0,0.0,0.0,0.0,0.0,0.0,0.0,0.3204544186592102,0.5386776328086853,-1.0091249613708442e-08,0.3065069913864136,0.5103464722633362,-0.006633169483393431,0.3014625906944275,0.482865571975708,-0.013041823171079159,0.29949772357940674,0.46085619926452637,-0.018591489642858505,0.2908848524093628,0.4473314881324768,-0.024239573627710342,0.3346182107925415,0.472440630197525,-0.0162681695073843,0.347551167011261,0.4381086826324463,-0.022239478304982185,0.3561966121196747,0.41832584142684937,-0.02500062808394432,0.3640453815460205,0.403569757938385,-0.026825806125998497,0.3555605113506317,0.4798422157764435,-0.01611262373626232,0.3674606382846832,0.43879276514053345,-0.021977141499519348,0.3749942481517792,0.4152379333972931,-0.02398514375090599,0.38248294591903687,0.39774012565612793,-0.025491321459412575,0.3709544241428375,0.4887748658657074,-0.01571609452366829,0.38407284021377563,0.4512335956096649,-0.021019767969846725,0.39146900177001953,0.4280351996421814,-0.022685492411255836,0.39712831377983093,0.4096388816833496,-0.023500259965658188,0.3818611204624176,0.4984741508960724,-0.015592040494084358,0.3926584720611572,0.4736150801181793,-0.018210934475064278,0.3961816430091858,0.4570257067680359,-0.017649086192250252,0.39762574434280396,0.4425875246524811,-0.016987577080726624,1
0.472587913274765,0.3615628778934479,-0.5637049078941345,0.48791927099227905,0.3236559331417084,-0.5442304015159607,0.49535784125328064,0.3220071792602539,-0.5444129109382629,0.5031493902206421,0.32037755846977234,-0.5444023609161377,0.46048712730407715,0.32578402757644653,-0.5426095724105835,0.4478071331977844,0.325959175825119,-0.5428897738456726,0.4366379380226135,0.3262748420238495,-0.5427392721176147,0.5076522827148438,0.3249700367450714,-0.3776252865791321,0.4252120554447174,0.3445361852645874,-0.367202490568161,0.4868432879447937,0.3780144155025482,-0.4956821799278259,0.4575656056404114,0.3872571885585785,-0.4922577440738678,0.5803850889205933,0.45308011770248413,-0.224593847990036,0.3529626727104187,0.4494989812374115,-0.28517988324165344,0.646709680557251,0.5991019606590271,-0.14540491998195648,0.30735069513320923,0.6350991725921631,-0.4986664652824402,0.6295475363731384,0.7798982858657837,-0.18751683831214905,0.4443839490413666,0.49477168917655945,-0.6295059323310852,0.6255357265472412,0.8427849411964417,-0.1935688853263855,0.46884265542030334,0.45112890005111694,-0.6594690084457397,0.6111915111541748,0.8339043259620667,-0.2100033015012741,0.46844229102134705,0.43384167551994324,-0.6200342774391174,0.6085922718048096,0.816233217716217,-0.19121146202087402,0.4656456410884857,0.44454124569892883,-0.6119750738143921,0.5162723660469055,0.7985112071037292,-0.014026684686541557,0.3786516785621643,0.792517900466919,0.015069246292114258,0.49488896131515503,0.9906036853790283,-0.20634742081165314,0.36975976824760437,0.9868560433387756,0.04452747479081154,0.45682382583618164,1.1970776319503784,0.03092079795897007,0.371687114238739,1.235304594039917,0.2529851198196411,0.45018404722213745,1.2149314880371094,0.05449920892715454,0.37079736590385437,1.255421757698059,0.2729032337665558,0.44427329301834106,1.309448003768921,-0.07807770371437073,0.3807617425918579,1.356647253036499,0.13726285099983215,0.6357689499855042,0.7894262075424194,2.3005775062756584e-07,0.6138721704483032,0.8003273010253906,-0.00989491306245327,0.6006696224212646,0.8211172819137573,-0.014663970097899437,0.5939894914627075,0.8453754782676697,-0.01782977022230625,0.5866463780403137,0.8638709187507629,-0.020112989470362663,0.6250468492507935,0.8481482267379761,-0.00798814743757248,0.6090989112854004,0.8762409090995789,-0.010941166430711746,0.5973671674728394,0.8879290819168091,-0.01245908997952938,0.5884042978286743,0.894825279712677,-0.013083599507808685,0.6358435750007629,0.8512438535690308,-0.0040391660295426846,0.6161772012710571,0.8763598203659058,-0.005990609526634216,0.603476881980896,0.88011634349823,-0.00653111794963479,0.5946646928787231,0.8788244128227234,-0.00673452066257596,0.6411511898040771,0.8494691252708435,-0.0008300018380396068,0.6225664019584656,0.8715031743049622,-0.0021020201966166496,0.6108019948005676,0.874775230884552,-0.0014200402656570077,0.6028696298599243,0.872637152671814,-0.0009829439222812653,0.6426623463630676,0.8461205363273621,0.0014622013550251722,0.6289520263671875,0.8642169237136841,0.0006094258278608322,0.6185011863708496,0.8678402900695801,0.0014403205132111907,0.6115012764930725,0.8659772872924805,0.002396166091784835,0.4419656991958618,0.49981606006622314,-3.858729868966293e-08,0.4276968538761139,0.4758373200893402,-0.009638122282922268,0.4169084131717682,0.45308035612106323,-0.01800677925348282,0.4162232279777527,0.4315621256828308,-0.025042584165930748,0.4214915931224823,0.41427937150001526,-0.03138411045074463,0.4547637701034546,0.43833184242248535,-0.01804252527654171,0.463805228471756,0.4091494381427765,-0.022781340405344963,0.4686910808086395,0.39479169249534607,-0.023745546117424965,0.4717606008052826,0.3835931122303009,-0.024374499917030334,0.4731898903846741,0.4451262354850769,-0.016383280977606773,0.4817051291465759,0.409077912569046,-0.02057878114283085,0.4851331412792206,0.390301376581192,-0.021707329899072647,0.4869304299354553,0.37705135345458984,-0.023393958806991577,0.48690739274024963,0.45452216267585754,-0.014890382066369057,0.49683529138565063,0.4193059504032135,-0.019161732867360115,0.4998069703578949,0.40131303668022156,-0.01990584097802639,0.5003249645233154,0.3883354663848877,-0.020777199417352676,0.49665185809135437,0.4646991491317749,-0.01408031489700079,0.5098406076431274,0.4434276819229126,-0.018417933955788612,0.5158334374427795,0.4305984675884247,-0.019683072343468666,0.5197128653526306,0.4188123345375061,-0.02033105120062828,1
0.4694274365901947,0.3024539649486542,-0.4592549800872803,0.4833708703517914,0.27671942114830017,-0.4279235899448395,0.4916825294494629,0.2760067880153656,-0.42797011137008667,0.4986446499824524,0.27460920810699463,-0.42805442214012146,0.4573829174041748,0.2759968042373657,-0.43362975120544434,0.4468047618865967,0.2757255733013153,-0.43387848138809204,0.439140647649765,0.27599969506263733,-0.4338109493255615,0.5062138438224792,0.28025689721107483,-0.2212163656949997,0.4303857386112213,0.2860349118709564,-0.24786372482776642,0.48446124792099,0.3283795416355133,-0.37704601883888245,0.4548315405845642,0.3285142779350281,-0.38483405113220215,0.5630059242248535,0.38224852085113525,-0.06649813055992126,0.3691231608390808,0.3891390264034271,-0.18541166186332703,0.5944826006889343,0.5498104691505432,0.052786700427532196,0.3292635381221771,0.5398209691047668,-0.4344727098941803,0.6243338584899902,0.6901140213012695,-0.028196603059768677,0.4402182102203369,0.4236360490322113,-0.701049268245697,0.6177545785903931,0.7315813899040222,-0.04811115935444832,0.46616706252098083,0.3911367654800415,-0.7635906934738159,0.6042181849479675,0.7251006364822388,-0.08748187124729156,0.46550703048706055,0.36849382519721985,-0.7350908517837524,0.6027077436447144,0.7103696465492249,-0.043064963072538376,0.4621013104915619,0.3842944800853729,-0.6918805241584778,0.5242525339126587,0.7160147428512573,0.0015709024155512452,0.407618910074234,0.7234870791435242,-0.0007490580319426954,0.5330687165260315,0.9443280696868896,-0.2362666130065918,0.4025228023529053,0.9550870060920715,0.09718858450651169,0.5260704159736633,1.1960641145706177,0.003761346684768796,0.39650315046310425,1.2036347389221191,0.31411629915237427,0.5192447304725647,1.220406413078308,0.027173325419425964,0.3961776793003082,1.229224681854248,0.332928866147995,0.5237080454826355,1.312132716178894,-0.14324799180030823,0.4021250605583191,1.3184438943862915,0.16426095366477966,0.6285920143127441,0.6860203146934509,8.987933597381925e-08,0.611128032207489,0.6911003589630127,-0.004206323064863682,0.6007714867591858,0.707508385181427,-0.004337960388511419,0.5968919396400452,0.7247780561447144,-0.003803625237196684,0.5973610877990723,0.7375910878181458,-0.0025853451807051897,0.6152737140655518,0.7308878302574158,0.0013205663999542594,0.6054614186286926,0.7467329502105713,0.001157597522251308,0.5994980931282043,0.7453069090843201,0.000407704763347283,0.5970525741577148,0.7405010461807251,0.00016033841529861093,0.6239147782325745,0.7316083312034607,0.0037609345745295286,0.6139455437660217,0.7459819912910461,0.004043133929371834,0.6073151230812073,0.7450171113014221,0.00259689730592072,0.603869616985321,0.7408946752548218,0.001415792852640152,0.6289607286453247,0.7294307351112366,0.005653511267155409,0.61924809217453,0.7424137592315674,0.006039483938366175,0.6125150918960571,0.7435517907142639,0.005127462092787027,0.609013020992279,0.7408254742622375,0.004460729658603668,0.6313644647598267,0.7265529036521912,0.007184889633208513,0.6234166026115417,0.7394683957099915,0.00770751666277647,0.6169359087944031,0.7420836687088013,0.007880840450525284,0.6131485104560852,0.7400985360145569,0.008143354207277298,0.45141252875328064,0.42156878113746643,-2.3122376902051656e-08,0.4312954545021057,0.4039406180381775,-0.000969917222391814,0.42179346084594727,0.3835807144641876,-0.002642066450789571,0.42185211181640625,0.3645816743373871,-0.00467059388756752,0.4235767722129822,0.352674663066864,-0.0065907263197004795,0.44234347343444824,0.36087766289711,-0.002143518067896366,0.4486987888813019,0.3365105986595154,-0.0038693018723279238,0.4540027976036072,0.32696714997291565,-0.0038683265447616577,0.4585074782371521,0.3215859830379486,-0.0035887439735233784,0.4595412015914917,0.36423322558403015,-0.0036365606356412172,0.46669793128967285,0.3323047161102295,-0.005423623602837324,0.47057676315307617,0.3193797171115875,-0.005844100844115019,0.4731363356113434,0.3139183819293976,-0.005788279231637716,0.4739287793636322,0.37215468287467957,-0.005320522002875805,0.4808940589427948,0.3436204791069031,-0.0077546462416648865,0.4836414158344269,0.3298272490501404,-0.007969251833856106,0.48443275690078735,0.32224687933921814,-0.007207282353192568,0.48633167147636414,0.38367408514022827,-0.006993940565735102,0.49521419405937195,0.3635254502296448,-0.007834944874048233,0.500083863735199,0.3515525162220001,-0.007039149757474661,0.5029542446136475,0.3421327471733093,-0.005735995713621378,1
0.6226497292518616,0.4554269015789032,-0.001294905785471201,0.6393000483512878,0.43002864718437195,0.020329538732767105,0.6475602388381958,0.43112853169441223,0.02017262950539589,0.6559404134750366,0.43235716223716736,0.02008870802819729,0.6203429698944092,0.4275498688220978,0.03863828629255295,0.61589515209198,0.4266712963581085,0.038313888013362885,0.6115514636039734,0.4257785379886627,0.03816412016749382,0.6771817207336426,0.44372981786727905,0.14877937734127045,0.6089528799057007,0.4345391094684601,0.22513702511787415,0.6372424364089966,0.48623305559158325,0.04815583676099777,0.615119457244873,0.48080354928970337,0.07039368897676468,0.7554168105125427,0.5459491014480591,0.09791728109121323,0.5374488234519958,0.5301745533943176,0.2699018120765686,0.7389870882034302,0.7337111830711365,-0.1097206100821495,0.47948431968688965,0.6717000603675842,-0.0020883569959551096,0.5943535566329956,0.7676519751548767,-0.23522977530956268,0.5582128763198853,0.5389485955238342,-0.2819859981536865,0.5573862791061401,0.791067361831665,-0.27337250113487244,0.5792837142944336,0.5062087774276733,-0.33459773659706116,0.5456701517105103,0.7690587639808655,-0.24531574547290802,0.5917637348175049,0.4806647300720215,-0.2903822064399719,0.5558825731277466,0.7637106776237488,-0.22079475224018097,0.5874099731445312,0.49433842301368713,-0.2706638276576996,0.6621986031532288,0.8399192094802856,-0.08947362005710602,0.5438365936279297,0.8296593427658081,0.08911114931106567,0.5490726232528687,0.8545131087303162,-0.6472662687301636,0.4122963845729828,0.8167174458503723,-0.40049201250076294,0.5230763554573059,1.1258615255355835,-0.8226645588874817,0.41706785559654236,1.1220444440841675,-0.6960505247116089,0.5190953612327576,1.1664254665374756,-0.8346135020256042,0.43415284156799316,1.1729168891906738,-0.7261919379234314,0.4825529456138611,1.2299683094024658,-0.9598352313041687,0.38855764269828796,1.2256585359573364,-0.8702429533004761,0.5999954342842102,0.7729062438011169,-4.9450211037083136e-08,0.5772829055786133,0.7690118551254272,0.0012408617185428739,0.5537988543510437,0.7754266262054443,0.0023473696783185005,0.5343063473701477,0.7834956645965576,0.002764819422736764,0.5203179121017456,0.7887686491012573,0.002781293820589781,0.5548515319824219,0.7689940929412842,0.0006754770874977112,0.5334901213645935,0.7764138579368591,-0.0003737587539944798,0.5223694443702698,0.7805044651031494,-0.0012551050167530775,0.5123019218444824,0.7832227945327759,-0.002458060160279274,0.5586246252059937,0.7793189883232117,-0.0010696380631998181,0.5430068969726562,0.7968878149986267,-0.0024545916821807623,0.5354468822479248,0.8086276650428772,-0.00470719626173377,0.5293098092079163,0.8173128962516785,-0.007359963841736317,0.5636855363845825,0.790997326374054,-0.0027843613643199205,0.5497488379478455,0.8084908127784729,-0.004400284960865974,0.5418429970741272,0.8192093968391418,-0.006680172868072987,0.535223662853241,0.8272107839584351,-0.009224103763699532,0.5690812468528748,0.8022668957710266,-0.00426635192707181,0.557214081287384,0.8180040717124939,-0.005704786162823439,0.5505304336547852,0.8288031816482544,-0.006945102009922266,0.5446202158927917,0.8383265137672424,-0.008401668630540371,0.5660926103591919,0.5701720714569092,-8.00965480607374e-08,0.5601704120635986,0.5419336557388306,0.0028063433710485697,0.5656775236129761,0.5199885368347168,0.0028599880170077085,0.5756095051765442,0.5057603716850281,0.0017608212074264884,0.5861451625823975,0.4981604814529419,0.0005572065711021423,0.591659426689148,0.5073508024215698,0.003642559051513672,0.6050665378570557,0.48813846707344055,0.0025465786457061768,0.6112034320831299,0.47993606328964233,0.0016559490468353033,0.6154148578643799,0.47354933619499207,0.0009722014656290412,0.6026225090026855,0.5162787437438965,0.0001799819292500615,0.6151415109634399,0.4932950437068939,-0.0004624657449312508,0.6214683651924133,0.48215383291244507,-0.0018860572017729282,0.6257480978965759,0.47413966059684753,-0.0033688340336084366,0.6103522181510925,0.5279532074928284,-0.003395716194063425,0.6247987747192383,0.5053735971450806,-0.005721498746424913,0.6312143206596375,0.49262139201164246,-0.00754095334559679,0.6350196003913879,0.4822597801685333,-0.00878707692027092,0.6155960559844971,0.5407020449638367,-0.006606151349842548,0.6315119862556458,0.5268653631210327,-0.008991941809654236,0.6408200263977051,0.517831027507782,-0.009678011760115623,0.647835373878479,0.5093152523040771,-0.009883212856948376,1
0.43200594186782837,0.34281718730926514,-0.9238919019699097,0.4489491879940033,0.3155061900615692,-0.9015067219734192,0.4588314890861511,0.31551796197891235,-0.9016939401626587,0.46939367055892944,0.3169313669204712,-0.9018748998641968,0.4210754930973053,0.3138967454433441,-0.8957129716873169,0.41089707612991333,0.3135024905204773,-0.8959903717041016,0.40256232023239136,0.3133297562599182,-0.8959164619445801,0.4893626272678375,0.328586608171463,-0.688996434211731,0.39188331365585327,0.31910261511802673,-0.6583582758903503,0.4452029764652252,0.37439626455307007,-0.8353724479675293,0.415335088968277,0.3736739456653595,-0.8265878558158875,0.5521906018257141,0.4531678855419159,-0.5274878740310669,0.3200533092021942,0.4320794343948364,-0.5460211038589478,0.559525728225708,0.6439850926399231,-0.7590414881706238,0.3263934850692749,0.6342671513557434,-0.8920825719833374,0.4800996780395508,0.7255526185035706,-1.106075406074524,0.4146706163883209,0.46060630679130554,-1.2093870639801025,0.45371755957603455,0.7682453393936157,-1.184936285018921,0.43066954612731934,0.4138999283313751,-1.2694603204727173,0.4382757544517517,0.7454758286476135,-1.1501344442367554,0.43168511986732483,0.3949233293533325,-1.2481001615524292,0.44321027398109436,0.7274904251098633,-1.0970929861068726,0.43042129278182983,0.4035414457321167,-1.2027159929275513,0.4810105860233307,0.7699719071388245,-0.009923698380589485,0.35453933477401733,0.7702078223228455,0.010556595399975777,0.5249237418174744,0.9382014870643616,-0.4463975429534912,0.32621678709983826,0.9593082070350647,-0.4120803475379944,0.5060659646987915,1.1025943756103516,-0.019835690036416054,0.31168311834335327,1.125968337059021,-0.04701503366231918,0.4976023733615875,1.122385025024414,0.02621060609817505,0.3092806935310364,1.1512608528137207,-0.00513668404892087,0.4969685673713684,1.1923426389694214,-0.09802743792533875,0.3242352604866028,1.2317390441894531,-0.14183786511421204,0.4769989550113678,0.7370445728302002,1.0138095518641421e-07,0.45637428760528564,0.7364357709884644,-0.007431517820805311,0.4350683391094208,0.7473325729370117,-0.010918947868049145,0.41959837079048157,0.7658532857894897,-0.012269807048141956,0.4148132801055908,0.7835368514060974,-0.013658376410603523,0.4462796747684479,0.7596976161003113,-0.017182597890496254,0.4261153042316437,0.7853022813796997,-0.02202100120484829,0.4152592122554779,0.7979030609130859,-0.02372472546994686,0.4060734212398529,0.8065088391304016,-0.024667514488101006,0.455533504486084,0.7709827423095703,-0.015530585311353207,0.4361170530319214,0.7969558238983154,-0.018957199528813362,0.4225737750530243,0.8093581199645996,-0.019960695877671242,0.4121510982513428,0.8166948556900024,-0.02114761620759964,0.4642760455608368,0.7792862057685852,-0.013802179135382175,0.44558972120285034,0.8019915223121643,-0.01682095229625702,0.4337416887283325,0.8112742304801941,-0.017435293644666672,0.42396941781044006,0.8166999220848083,-0.018115706741809845,0.4721868336200714,0.7855827212333679,-0.01239352859556675,0.4588111639022827,0.8024839758872986,-0.015302509069442749,0.44910985231399536,0.8099769949913025,-0.015743831172585487,0.44041845202445984,0.8143491744995117,-0.016122868284583092,0.4152822196483612,0.48025625944137573,-4.52603288181308e-08,0.39617979526519775,0.45908138155937195,-0.0020873744506388903,0.3830541670322418,0.4336976110935211,-0.005640002433210611,0.37395673990249634,0.4128129780292511,-0.009525603614747524,0.3647885322570801,0.3985328674316406,-0.013446464203298092,0.40629830956459045,0.41834333539009094,-0.004745127633213997,0.41367873549461365,0.38928428292274475,-0.00790946651250124,0.41920164227485657,0.37801289558410645,-0.010196147486567497,0.4248502552509308,0.3683299422264099,-0.011934058740735054,0.4246375560760498,0.4212661385536194,-0.006850325036793947,0.4312903881072998,0.3898577094078064,-0.007717452943325043,0.4351157546043396,0.37537696957588196,-0.00817914493381977,0.4385014772415161,0.36440783739089966,-0.009684243239462376,0.4399780333042145,0.4266274571418762,-0.00926264189183712,0.4460947811603546,0.39701712131500244,-0.010806393809616566,0.44743573665618896,0.38244733214378357,-0.010276416316628456,0.4476815462112427,0.37067070603370667,-0.010657243430614471,0.4531913697719574,0.43359872698783875,-0.011912303976714611,0.4588128626346588,0.4110757112503052,-0.012792334891855717,0.4599461555480957,0.398111492395401,-0.011008140631020069,0.4595375061035156,0.38665807247161865,-0.010020604357123375,1
0.48548823595046997,0.3115852475166321,-0.7888292670249939,0.5031598210334778,0.27014192938804626,-0.7799556255340576,0.512900710105896,0.26643311977386475,-0.7802223563194275,0.5225846171379089,0.26308244466781616,-0.7803947925567627,0.47388505935668945,0.27442461252212524,-0.7807875871658325,0.46483033895492554,0.2774464190006256,-0.7810391187667847,0.4562714993953705,0.2757997214794159,-0.780977189540863,0.532136082649231,0.2617301046848297,-0.6116300821304321,0.4522019028663635,0.2759164571762085,-0.5888012647628784,0.5034416913986206,0.3356589674949646,-0.7173557281494141,0.47107285261154175,0.3370857834815979,-0.7168847918510437,0.6190130710601807,0.3684709668159485,-0.40940895676612854,0.39042747020721436,0.3727780878543854,-0.4730105996131897,0.6564327478408813,0.5268608331680298,-0.22083310782909393,0.3800591230392456,0.5821325778961182,-0.6865952610969543,0.6172571778297424,0.6152228116989136,-0.08822712302207947,0.4559444785118103,0.4138007164001465,-0.8652331233024597,0.6071993112564087,0.6591783761978149,-0.06597557663917542,0.4766571521759033,0.36833879351615906,-0.8876789808273315,0.6030486822128296,0.6387240290641785,-0.07627101242542267,0.47724682092666626,0.33704596757888794,-0.8568172454833984,0.5923346281051636,0.6324735283851624,-0.08195195347070694,0.47277069091796875,0.3509857952594757,-0.8495726585388184,0.5660397410392761,0.7077282071113586,-0.019797617569565773,0.4370691776275635,0.7039490342140198,0.020135710015892982,0.5563688278198242,0.9244492650032043,-0.25302305817604065,0.4501425623893738,0.9532708525657654,0.09522682428359985,0.5433381795883179,1.0986982583999634,0.025551026687026024,0.4687778055667877,1.1010143756866455,0.4040840268135071,0.5382397174835205,1.1160715818405151,0.05717192962765694,0.4704154431819916,1.1113876104354858,0.439047247171402,0.5350176095962524,1.2056241035461426,-0.07295198738574982,0.48735660314559937,1.2186245918273926,0.33225005865097046,0.0,0.0,0.0,0.0,0.0,0.0,0.0,0.0,0.0,0.0,0.0,0.0,0.0,0.0,0.0,0.0,0.0,0.0,0.0,0.0,0.0,0.0,0.0,0.0,0.0,0.0,0.0,0.0,0.0,0.0,0.0,0.0,0.0,0.0,0.0,0.0,0.0,0.0,0.0,0.0,0.0,0.0,0.0,0.0,0.0,0.0,0.0,0.0,0.0,0.0,0.0,0.0,0.0,0.0,0.0,0.0,0.0,0.0,0.0,0.0,0.0,0.0,0.0,0.46097615361213684,0.4071042835712433,-9.281481538891967e-08,0.44363972544670105,0.37768319249153137,0.001746887108311057,0.4364367723464966,0.35150912404060364,-4.0102935599861667e-05,0.44192761182785034,0.3269403874874115,-0.0018944822950288653,0.4494101405143738,0.30989569425582886,-0.0028549577109515667,0.4614875614643097,0.33788326382637024,-0.0068420954048633575,0.4761548340320587,0.3108222782611847,-0.006261652335524559,0.4813723564147949,0.3031899929046631,-0.001403602072969079,0.4840649962425232,0.3002721667289734,0.002590223914012313,0.48197096586227417,0.34366387128829956,-0.008961418643593788,0.49677762389183044,0.30665263533592224,-0.00990488100796938,0.499472051858902,0.29873502254486084,-0.005484525579959154,0.5002251267433167,0.2998296618461609,-0.0015774271450936794,0.4978632628917694,0.3517821133136749,-0.010151268914341927,0.5112079977989197,0.3160463273525238,-0.010349061340093613,0.5122522115707397,0.3072423040866852,-0.004122184123843908,0.5122091174125671,0.30523601174354553,0.0008281078771688044,0.5088018178939819,0.3622438311576843,-0.011020181700587273,0.521296501159668,0.33231455087661743,-0.00856052152812481,0.5221508145332336,0.32181671261787415,-0.00207153451628983,0.5211611986160278,0.3177271783351898,0.003261909820139408,1
0.44124215841293335,0.35411036014556885,-0.4849160313606262,0.45477256178855896,0.3228793442249298,-0.4607016146183014,0.4637277126312256,0.3240702450275421,-0.4608467221260071,0.4733070433139801,0.32554009556770325,-0.46075406670570374,0.43208131194114685,0.3217259347438812,-0.46119529008865356,0.4243710935115814,0.321932315826416,-0.4614340662956238,0.41640710830688477,0.322733998298645,-0.46141910552978516,0.4931238293647766,0.3381939232349396,-0.28452569246292114,0.40851321816444397,0.33752554655075073,-0.28593048453330994,0.4529017508029938,0.3853033781051636,-0.4148637354373932,0.42789387702941895,0.38743191957473755,-0.4150613248348236,0.5560048222541809,0.4573243260383606,-0.15356385707855225,0.35406795144081116,0.44843995571136475,-0.24764275550842285,0.6153162717819214,0.6233483552932739,-0.2312425673007965,0.3121996521949768,0.621519148349762,-0.47961440682411194,0.5301825404167175,0.69720059633255,-0.4371147155761719,0.3989333510398865,0.46726933121681213,-0.6587004065513611,0.5148406624794006,0.7410478591918945,-0.4827021658420563,0.4226948320865631,0.4284803569316864,-0.702648401260376,0.4974445700645447,0.7162954807281494,-0.4631863236427307,0.4179549813270569,0.40486109256744385,-0.6751630306243896,0.4972127377986908,0.7047237157821655,-0.43209710717201233,0.4151833653450012,0.4233952462673187,-0.6474118232727051,0.5007340312004089,0.7522491216659546,0.038799118250608444,0.3976284861564636,0.7788828611373901,-0.03798290714621544,0.6238160729408264,0.8147128224372864,-0.25695857405662537,0.4506385922431946,0.8687731027603149,-0.36167189478874207,0.5859299898147583,0.9800184965133667,-0.19372962415218353,0.5130325555801392,0.998911440372467,-0.30237463116645813,0.5643301010131836,0.9968659281730652,-0.1866520792245865,0.5123435258865356,1.007404088973999,-0.2893744111061096,0.6104246377944946,1.0719408988952637,-0.2908920347690582,0.5647647976875305,1.0718131065368652,-0.3868897259235382,0.5458157658576965,0.7093053460121155,1.948689885011845e-07,0.5212627053260803,0.7024946212768555,-0.008635208941996098,0.49596890807151794,0.7131658792495728,-0.014202685095369816,0.48203322291374207,0.735296905040741,-0.016947012394666672,0.4839356541633606,0.7538419365882874,-0.019604334607720375,0.5177443623542786,0.7338705658912659,-0.024221297353506088,0.4975050985813141,0.7609497308731079,-0.03018486686050892,0.4810585677623749,0.7686668038368225,-0.03135979548096657,0.46793365478515625,0.770633339881897,-0.03125017136335373,0.5295134782791138,0.7473177909851074,-0.021122634410858154,0.5067671537399292,0.7732415199279785,-0.025873886421322823,0.4918392300605774,0.772017776966095,-0.025013061240315437,0.48401105403900146,0.7648686766624451,-0.02420221082866192,0.5371326208114624,0.7550270557403564,-0.017264408990740776,0.5155460238456726,0.7772794961929321,-0.02011256106197834,0.502578854560852,0.7731853723526001,-0.01892298273742199,0.49676766991615295,0.7638576626777649,-0.017955830320715904,0.5412850379943848,0.7584360241889954,-0.013812495395541191,0.5230676531791687,0.7768591642379761,-0.015448551625013351,0.5113794207572937,0.7741556763648987,-0.014858797192573547,0.5057433247566223,0.766946017742157,-0.014387798495590687,0.39301595091819763,0.48233383893966675,-2.233149842822968e-08,0.38812607526779175,0.4661802649497986,-0.002199792070314288,0.38427719473838806,0.4464204013347626,-0.006127477623522282,0.37829360365867615,0.4278126358985901,-0.010103099048137665,0.37437912821769714,0.41363221406936646,-0.014405617490410805,0.41714540123939514,0.43726038932800293,-0.004734131041914225,0.42923590540885925,0.4124777317047119,-0.0064493343234062195,0.4339657723903656,0.4040021598339081,-0.007725592236965895,0.4379761219024658,0.39611905813217163,-0.008981926366686821,0.4235246777534485,0.4385359287261963,-0.006547675468027592,0.4374113082885742,0.41220173239707947,-0.008456267416477203,0.44237127900123596,0.40022754669189453,-0.009894603863358498,0.4471619725227356,0.39170512557029724,-0.011521867476403713,0.4257810413837433,0.441091388463974,-0.008512217551469803,0.4389127194881439,0.4153853952884674,-0.010821299627423286,0.44335949420928955,0.4010048508644104,-0.01212583389133215,0.448047935962677,0.39036017656326294,-0.013486592099070549,0.42425259947776794,0.44423800706863403,-0.010479915887117386,0.4341564178466797,0.4248277544975281,-0.01175806112587452,0.43943941593170166,0.41240158677101135,-0.011340010911226273,0.44483715295791626,0.40193814039230347,-0.011286440305411816,1
0.4763544201850891,0.3962344825267792,-0.32015785574913025,0.4900345802307129,0.3678828775882721,-0.2886337637901306,0.4988740086555481,0.3659284710884094,-0.2886419892311096,0.5077968239784241,0.3644901216030121,-0.2887529730796814,0.4653768539428711,0.37509581446647644,-0.28531110286712646,0.45719021558761597,0.3775758147239685,-0.2855875492095947,0.4493226110935211,0.37981119751930237,-0.28558841347694397,0.5256165266036987,0.3774859309196472,-0.1192331314086914,0.4449841380119324,0.39061668515205383,-0.10228399932384491,0.49497175216674805,0.4213796555995941,-0.25631481409072876,0.46701711416244507,0.42906519770622253,-0.25121012330055237,0.6025658845901489,0.518576443195343,-0.0014933840138837695,0.39411461353302,0.5153258442878723,-0.09833286702632904,0.6268991827964783,0.6968368887901306,-0.04694952070713043,0.39660945534706116,0.7083902359008789,-0.3690045475959778,0.6638618111610413,0.8580818772315979,-0.260225385427475,0.46335822343826294,0.5481900572776794,-0.6776484251022339,0.6742450594902039,0.9058431386947632,-0.2961627244949341,0.47993016242980957,0.49679067730903625,-0.7411651015281677,0.663823127746582,0.9026954770088196,-0.32846033573150635,0.4790705144405365,0.48199141025543213,-0.7100604772567749,0.6562272310256958,0.8919106125831604,-0.276761919260025,0.47738736867904663,0.4967798590660095,-0.6655756235122681,0.553135871887207,0.8559197187423706,0.013241371139883995,0.4272020757198334,0.8519901037216187,-0.01142164971679449,0.5652133822441101,1.0305081605911255,-0.4764827787876129,0.4708235263824463,1.0257656574249268,-0.44366654753685,0.5530017614364624,1.3208624124526978,-0.3407309055328369,0.4425770342350006,1.3277570009231567,-0.3907116949558258,0.5470255017280579,1.3595213890075684,-0.3245227634906769,0.42910274863243103,1.3653196096420288,-0.38292911648750305,0.5472174286842346,1.4263343811035156,-0.47890838980674744,0.47386741638183594,1.4439104795455933,-0.5646343231201172,0.6718953847885132,0.85093092918396,1.169782919419049e-07,0.6541351079940796,0.8708078861236572,-0.0069397492334246635,0.6457756757736206,0.8934199213981628,-0.010991795919835567,0.6444546580314636,0.9152119159698486,-0.013913278467953205,0.6420707702636719,0.9333485960960388,-0.016314415261149406,0.6739705801010132,0.9112900495529175,-0.007292309310287237,0.6692560911178589,0.9377555251121521,-0.010592726990580559,0.6619924902915955,0.9482802152633667,-0.012983382679522038,0.6555512547492981,0.9539646506309509,-0.014501300640404224,0.6867290735244751,0.9110164046287537,-0.00522033404558897,0.680147647857666,0.9396353363990784,-0.007554875686764717,0.6705386638641357,0.9465544819831848,-0.008788508363068104,0.6625120639801025,0.946840226650238,-0.009622378274798393,0.6942858695983887,0.9079259037971497,-0.0034970324486494064,0.6887376308441162,0.932033121585846,-0.0051436354406178,0.679927408695221,0.9386446475982666,-0.005382517818361521,0.6723110675811768,0.9397145509719849,-0.005699522793292999,0.6982097625732422,0.9034200310707092,-0.002393953036516905,0.6945850253105164,0.9228857755661011,-0.0038303027395159006,0.6880778074264526,0.9294120669364929,-0.003452327800914645,0.6819736361503601,0.9308741092681885,-0.0027677700854837894,0.4634648561477661,0.5492510795593262,6.485261216937488e-09,0.4441400170326233,0.5324830412864685,-0.006591872312128544,0.4273703098297119,0.515704870223999,-0.013597052544355392,0.4121306538581848,0.5023155212402344,-0.02020195685327053,0.39876967668533325,0.49373653531074524,-0.027273988351225853,0.46137669682502747,0.497428834438324,-0.012573402374982834,0.4611745774745941,0.47212108969688416,-0.016139034181833267,0.46199581027030945,0.4576817750930786,-0.019075440242886543,0.4631608724594116,0.4443983733654022,-0.022085940465331078,0.4766039550304413,0.4989008605480194,-0.013228042051196098,0.47674697637557983,0.472337007522583,-0.015718769282102585,0.4756866693496704,0.4564158320426941,-0.018453139811754227,0.4758239686489105,0.4424936771392822,-0.02218029648065567,0.4891781806945801,0.5046511888504028,-0.013963724486529827,0.49198898673057556,0.4789034426212311,-0.016906697303056717,0.49148693680763245,0.46280619502067566,-0.019680781289935112,0.4907740652561188,0.4486900866031647,-0.023029664531350136,0.4994181990623474,0.5132506489753723,-0.015193257480859756,0.5095133185386658,0.4970284104347229,-0.018593350425362587,0.5152287483215332,0.4860987365245819,-0.020334778353571892,0.5197935104370117,0.47477102279663086,-0.02229752205312252,1
0.4404541850090027,0.39024192094802856,-0.6334073543548584,0.45552507042884827,0.3623506426811218,-0.5956124663352966,0.4653332233428955,0.36278513073921204,-0.5956779718399048,0.4757789671421051,0.36338964104652405,-0.5958333611488342,0.4290779232978821,0.36110788583755493,-0.5969533920288086,0.4198117256164551,0.3602679371833801,-0.5972563028335571,0.41081780195236206,0.35944318771362305,-0.5971773266792297,0.4939381182193756,0.374850869178772,-0.3571244776248932,0.39932698011398315,0.3678596317768097,-0.37127211689949036,0.4561460614204407,0.42097988724708557,-0.542330265045166,0.4241825044155121,0.42172619700431824,-0.5463073253631592,0.5671607255935669,0.5166725516319275,-0.16757023334503174,0.32764098048210144,0.5123001933097839,-0.2601326107978821,0.6335329413414001,0.7067156434059143,-0.1585499793291092,0.3038180470466614,0.7043876647949219,-0.5890235304832458,0.6879434585571289,0.8773385286331177,-0.4214971959590912,0.3974847197532654,0.5189768671989441,-0.9721720814704895,0.7092627882957458,0.9219226241111755,-0.4679122865200043,0.4208518862724304,0.4716172218322754,-1.0364453792572021,0.6933191418647766,0.9250481724739075,-0.502518355846405,0.42351144552230835,0.4511333405971527,-1.0095375776290894,0.6822078824043274,0.913478434085846,-0.4397966265678406,0.41914352774620056,0.47160589694976807,-0.9647046327590942,0.54743891954422,0.8674953579902649,0.016848500818014145,0.4072171747684479,0.8763768076896667,-0.01510644145309925,0.5665501356124878,1.0980738401412964,-0.6081472039222717,0.46740683913230896,1.1293506622314453,-0.34420642256736755,0.5567848682403564,1.383720874786377,-0.5279718637466431,0.44313710927963257,1.3847484588623047,-0.24114206433296204,0.5492945909500122,1.4331902265548706,-0.5167242884635925,0.4300256669521332,1.4220772981643677,-0.22716791927814484,0.5604268312454224,1.4737827777862549,-0.6849008798599243,0.4777405858039856,1.4864505529403687,-0.3888171315193176,0.6902666687965393,0.8592358827590942,1.1705839852993449e-07,0.6761999130249023,0.8812699913978577,-0.009055719710886478,0.6782971620559692,0.9084069132804871,-0.009803542867302895,0.6839888095855713,0.9291177988052368,-0.00893314927816391,0.689063549041748,0.9432226419448853,-0.0070984214544296265,0.7084991931915283,0.9088134169578552,4.6277622459456325e-05,0.7224361300468445,0.9314305782318115,0.00017280715110246092,0.7296531796455383,0.9485086798667908,-0.0004307151248212904,0.7345203161239624,0.9596078395843506,-0.0008318116306327283,0.7168523669242859,0.9052082300186157,0.004478035494685173,0.7279540300369263,0.930038332939148,0.0046993098221719265,0.7324255704879761,0.9469189643859863,0.0028783646412193775,0.7351950407028198,0.9594787955284119,0.0018962874310091138,0.719915509223938,0.9030972719192505,0.007863196544349194,0.727935791015625,0.9284496903419495,0.006900238338857889,0.7310183048248291,0.9438562393188477,0.005091080907732248,0.7326207756996155,0.9553277492523193,0.004491465166211128,0.7194098830223083,0.9028776288032532,0.010456479154527187,0.725342869758606,0.9238795042037964,0.009255219250917435,0.7281478047370911,0.9368432760238647,0.008814280852675438,0.7293015122413635,0.9459326267242432,0.009222368709743023,0.3835832476615906,0.5303575992584229,1.5790593721476398e-08,0.36480093002319336,0.508499264717102,-0.00759759359061718,0.3555450439453125,0.487190842628479,-0.014460677281022072,0.35369449853897095,0.4682776927947998,-0.020815303549170494,0.35343730449676514,0.45420411229133606,-0.02737264893949032,0.3946370482444763,0.46628624200820923,-0.01146086398512125,0.41139712929725647,0.44114604592323303,-0.016164997592568398,0.42110365629196167,0.4289539158344269,-0.01977071538567543,0.42959386110305786,0.41960829496383667,-0.02238473854959011,0.41219213604927063,0.4753398597240448,-0.01145952194929123,0.42922651767730713,0.44640326499938965,-0.013692064210772514,0.4392590820789337,0.4309520423412323,-0.016324231401085854,0.4479605555534363,0.4212953448295593,-0.019412968307733536,0.4249330759048462,0.4865453243255615,-0.012002730742096901,0.44058284163475037,0.45979928970336914,-0.01432275865226984,0.4486583173274994,0.44411221146583557,-0.01677076332271099,0.4548249840736389,0.432761549949646,-0.019186927005648613,0.43471843004226685,0.49942389130592346,-0.01323614176362753,0.44838231801986694,0.47831353545188904,-0.015222199261188507,0.45564937591552734,0.465481162071228,-0.015748003497719765,0.460784375667572,0.4545500874519348,-0.01631809212267399,1
0.5870116949081421,0.21466834843158722,-0.9981629252433777,0.5954341292381287,0.17811395227909088,-0.9704174995422363,0.6030746698379517,0.17709985375404358,-0.9707666635513306,0.6084850430488586,0.17687000334262848,-0.9711551666259766,0.5630931854248047,0.18376873433589935,-0.9691750407218933,0.5542170405387878,0.1859145164489746,-0.9696645736694336,0.5386559963226318,0.18441706895828247,-0.9696148037910461,0.607570469379425,0.20143218338489532,-0.7320206761360168,0.5151594281196594,0.20681115984916687,-0.7350738048553467,0.5986259579658508,0.24992118775844574,-0.9050162434577942,0.5488721132278442,0.26490944623947144,-0.9051613807678223,0.6661006212234497,0.3694899380207062,-0.5642232298851013,0.4047202467918396,0.3670252561569214,-0.5360561013221741,0.75433748960495,0.5692621469497681,-0.5182759761810303,0.33137252926826477,0.5412905216217041,-0.8687408566474915,0.7991971373558044,0.7891334295272827,-0.635474681854248,0.514218807220459,0.3754766881465912,-1.1272709369659424,0.8253101110458374,0.8556651473045349,-0.6789398193359375,0.5555933713912964,0.3309272229671478,-1.1802271604537964,0.8044894933700562,0.8599973320960999,-0.69194495677948,0.562038779258728,0.3131122589111328,-1.1313105821609497,0.7861849665641785,0.8398438692092896,-0.6395453214645386,0.5535972714424133,0.3203808665275574,-1.1104323863983154,0.5941967368125916,0.7609589695930481,-0.0545588918030262,0.4333856999874115,0.7566084265708923,0.054800618439912796,0.5503280758857727,1.011191487312317,-0.1869177371263504,0.41600871086120605,1.0520374774932861,0.06360112875699997,0.5734832286834717,1.1444746255874634,0.45823073387145996,0.4480551779270172,1.1853419542312622,0.7095171213150024,0.5831745862960815,1.1545653343200684,0.5292083024978638,0.45494112372398376,1.1982247829437256,0.7794224619865417,0.5533950328826904,1.2568011283874512,0.4630414545536041,0.4636996388435364,1.2948049306869507,0.7134702205657959,0.816709578037262,0.779871940612793,1.5822510590624006e-07,0.8093907237052917,0.7979893684387207,-0.02198912762105465,0.8053275346755981,0.8229671716690063,-0.03279488906264305,0.7919477224349976,0.8492270708084106,-0.039455633610486984,0.7783730030059814,0.869416356086731,-0.04432779923081398,0.8447141647338867,0.8372523188591003,-0.023366456851363182,0.8434442281723022,0.872306227684021,-0.02941465936601162,0.8271639943122864,0.8840047717094421,-0.03338322788476944,0.8137028813362122,0.8860576748847961,-0.035130251199007034,0.8517524003982544,0.8395690321922302,-0.01332559809088707,0.8539476990699768,0.8770751953125,-0.019628887996077538,0.8376352787017822,0.8901801109313965,-0.02427021414041519,0.8219894766807556,0.8876516222953796,-0.02633015252649784,0.852193295955658,0.8419008255004883,-0.004290987737476826,0.8555278182029724,0.8724310994148254,-0.008123183622956276,0.8415212035179138,0.8846545219421387,-0.013764881528913975,0.8280295133590698,0.8851829171180725,-0.016755806282162666,0.8489807844161987,0.8454762697219849,0.0031352427322417498,0.8514847159385681,0.8686051368713379,0.0006971988477744162,0.843620777130127,0.8790512681007385,-0.0030500683933496475,0.8336153030395508,0.8815773725509644,-0.005105307791382074,0.5154313445091248,0.3844040632247925,-3.926135150322807e-08,0.505036473274231,0.34372907876968384,-0.0008666719659231603,0.5115581154823303,0.3145463466644287,-0.0008474498754367232,0.5302584767341614,0.29137495160102844,0.0013158289948478341,0.5447666645050049,0.273490309715271,0.0058112358674407005,0.5591551661491394,0.3064228296279907,-0.005895511247217655,0.5833165049552917,0.27125781774520874,-7.765730697428808e-05,0.5927898287773132,0.25685709714889526,0.010019556619226933,0.5985898375511169,0.2473824918270111,0.01842566579580307,0.5770365595817566,0.32242852449417114,-0.0016367200296372175,0.6034947633743286,0.28395357728004456,6.0275604482740164e-05,0.6113135814666748,0.2651798725128174,0.00915165152400732,0.615105390548706,0.2532074451446533,0.018204189836978912,0.5853167176246643,0.3394022285938263,0.003858632408082485,0.6073755621910095,0.3074851632118225,0.006659409496933222,0.6134675741195679,0.28845399618148804,0.016734089702367783,0.6152238845825195,0.27600181102752686,0.02614171802997589,0.5858315825462341,0.3548893928527832,0.00957026518881321,0.6024228930473328,0.33043593168258667,0.016581661999225616,0.6065236330032349,0.3128398060798645,0.025902917608618736,0.605971097946167,0.30096346139907837,0.03455580025911331,1
0.5770413875579834,0.2558628022670746,-0.3183325231075287,0.5872001051902771,0.21165265142917633,-0.28443461656570435,0.5998212695121765,0.2162415087223053,-0.28459253907203674,0.6064147353172302,0.21912698447704315,-0.28500697016716003,0.5574957132339478,0.1977553367614746,-0.2836470901966095,0.5458469390869141,0.19511957466602325,-0.284088671207428,0.5369495153427124,0.1929507702589035,-0.2840258479118347,0.6140755414962769,0.2365545779466629,-0.10729920864105225,0.5254063606262207,0.21683983504772186,-0.11304652690887451,0.5895332098007202,0.29078638553619385,-0.2538146376609802,0.5399278402328491,0.28111907839775085,-0.25480878353118896,0.6772553324699402,0.38724687695503235,-0.05291970819234848,0.41648492217063904,0.37515971064567566,-0.08093369752168655,0.7765156030654907,0.6050943732261658,-0.04532087594270706,0.37440812587738037,0.5762382745742798,-0.43353262543678284,0.7691522836685181,0.8020145297050476,-0.14275391399860382,0.5237256288528442,0.37579622864723206,-0.6663347482681274,0.7717759013175964,0.8753063678741455,-0.15701819956302643,0.5627686977386475,0.3298802971839905,-0.6943680644035339,0.7472934722900391,0.8696906566619873,-0.15096305310726166,0.5583673715591431,0.29834017157554626,-0.6304121613502502,0.7423257231712341,0.8475542664527893,-0.13779570162296295,0.5538417100906372,0.3177731931209564,-0.6405128240585327,0.6186569929122925,0.7884206771850586,-0.03272123634815216,0.45826011896133423,0.7921667695045471,0.03309985250234604,0.5893848538398743,1.0593353509902954,-0.27296164631843567,0.4456247389316559,1.0798181295394897,-0.10863642394542694,0.6034507155418396,1.237565517425537,0.1230163425207138,0.4710691571235657,1.2519484758377075,0.3132176697254181,0.6059328317642212,1.2617595195770264,0.17067988216876984,0.4706248342990875,1.2677655220031738,0.36560797691345215,0.5865116119384766,1.339769959449768,0.09199987351894379,0.4937879145145416,1.373390793800354,0.306803822517395,0.7712079882621765,0.810371994972229,2.844981281668879e-07,0.7430367469787598,0.8268650770187378,-0.010725538246333599,0.7237341403961182,0.8531948924064636,-0.0161642637103796,0.712328314781189,0.8805463910102844,-0.019766177982091904,0.7030861377716064,0.9021125435829163,-0.02286606840789318,0.7546448111534119,0.8848859667778015,-0.008738121949136257,0.7384275794029236,0.9197750687599182,-0.011873806826770306,0.7241443991661072,0.929357647895813,-0.01447250135242939,0.7128721475601196,0.9315031170845032,-0.01563940942287445,0.7721739411354065,0.8856200575828552,-0.004284702707082033,0.7549299597740173,0.9214185476303101,-0.005923406686633825,0.7393426895141602,0.927600622177124,-0.00749023025855422,0.7273334264755249,0.9239993691444397,-0.00844798143953085,0.7835366129875183,0.8810247182846069,-0.00044965598499402404,0.7697678208351135,0.9127712249755859,-0.0008374445023946464,0.755384624004364,0.9201211333274841,-0.0016559479990974069,0.7437687516212463,0.918994128704071,-0.002596193691715598,0.7890624403953552,0.8742824196815491,0.0024654304143041372,0.7778105735778809,0.900682806968689,0.0019076731987297535,0.7663482427597046,0.9093413352966309,0.002189263701438904,0.7563379406929016,0.91071617603302,0.002724236808717251,0.5188028812408447,0.4132511019706726,-2.786539994303894e-07,0.49332624673843384,0.3735467791557312,0.009020551107823849,0.48694875836372375,0.3390333354473114,0.012118232436478138,0.49387577176094055,0.30822938680648804,0.01386216189712286,0.5048822164535522,0.29150131344795227,0.016305476427078247,0.5207840204238892,0.31981074810028076,0.005291110370308161,0.5275187492370605,0.28002166748046875,0.014065616764128208,0.525495707988739,0.273105263710022,0.026326607912778854,0.5258108377456665,0.2732209265232086,0.034795891493558884,0.5453600287437439,0.32728826999664307,0.0015760186361148953,0.54911869764328,0.2788029909133911,0.007131813559681177,0.5456812381744385,0.26846837997436523,0.016130028292536736,0.5439786911010742,0.2710699737071991,0.022876020520925522,0.564414381980896,0.33827516436576843,-0.0005535874515771866,0.5654889345169067,0.2887530028820038,0.004231514874845743,0.5599097013473511,0.2772485613822937,0.014671238139271736,0.5577681064605713,0.2763548791408539,0.02207079716026783,0.5771324038505554,0.35231858491897583,-0.0019679528195410967,0.5822874903678894,0.3112488389015198,0.0041700368747115135,0.5769542455673218,0.2980329096317291,0.014112594537436962,0.5719118714332581,0.2953939735889435,0.022147707641124725,1
0.4416655898094177,0.3856377601623535,-0.42761898040771484,0.46200141310691833,0.3499031066894531,-0.4005141854286194,0.4703361392021179,0.3507876992225647,-0.400474488735199,0.4804907441139221,0.35218778252601624,-0.400909960269928,0.43794235587120056,0.3472871780395508,-0.39372584223747253,0.42881640791893005,0.3461504578590393,-0.39420822262763977,0.42390337586402893,0.3447473645210266,-0.3943282961845398,0.49350565671920776,0.36497053503990173,-0.21595922112464905,0.41658225655555725,0.3534698486328125,-0.18293821811676025,0.45380663871765137,0.42073723673820496,-0.3552297353744507,0.42578133940696716,0.416103333234787,-0.3475762903690338,0.5512356162071228,0.5077353715896606,-0.15614767372608185,0.3282966613769531,0.4773256480693817,-0.14367271959781647,0.6148579716682434,0.668115496635437,-0.41078656911849976,0.310658723115921,0.6740138530731201,-0.46624821424484253,0.5174444317817688,0.6690487265586853,-0.7416129112243652,0.4312511384487152,0.5329111218452454,-0.7780194282531738,0.5055723190307617,0.7047943472862244,-0.8237310647964478,0.4586668014526367,0.4971834123134613,-0.8512977361679077,0.4927079677581787,0.6772614121437073,-0.7838402986526489,0.4600469172000885,0.47832736372947693,-0.7997540235519409,0.49369198083877563,0.6775104403495789,-0.73497474193573,0.45645713806152344,0.49339228868484497,-0.7650917172431946,0.5150354504585266,0.9277082681655884,-0.01784740760922432,0.36648494005203247,0.9285364747047424,0.020079340785741806,0.5194371938705444,1.2309526205062866,-0.06468065083026886,0.3693482279777527,1.2569324970245361,-0.002435749862343073,0.5230367183685303,1.4835944175720215,0.3820047676563263,0.3710470497608185,1.5303254127502441,0.30009615421295166,0.5282029509544373,1.5258301496505737,0.43468594551086426,0.36777886748313904,1.5723309516906738,0.3341846466064453,0.5054340362548828,1.5740163326263428,0.3116018772125244,0.3854717016220093,1.629118800163269,0.15510109066963196,0.0,0.0,0.0,0.0,0.0,0.0,0.0,0.0,0.0,0.0,0.0,0.0,0.0,0.0,0.0,0.0,0.0,0.0,0.0,0.0,0.0,0.0,0.0,0.0,0.0,0.0,0.0,0.0,0.0,0.0,0.0,0.0,0.0,0.0,0.0,0.0,0.0,0.0,0.0,0.0,0.0,0.0,0.0,0.0,0.0,0.0,0.0,0.0,0.0,0.0,0.0,0.0,0.0,0.0,0.0,0.0,0.0,0.0,0.0,0.0,0.0,0.0,0.0,0.43336716294288635,0.5167808532714844,-7.90457761468133e-08,0.4141164720058441,0.49417930841445923,-0.0028006990905851126,0.40471866726875305,0.47110095620155334,-0.0064401342533528805,0.404582679271698,0.44869762659072876,-0.010248493403196335,0.40297895669937134,0.4305700957775116,-0.014048541896045208,0.42907994985580444,0.44850584864616394,-0.00649291044101119,0.4377039074897766,0.4167749285697937,-0.01062535960227251,0.44330066442489624,0.4009006917476654,-0.01305707823485136,0.4488426446914673,0.3900080919265747,-0.014637264423072338,0.4487823247909546,0.45235925912857056,-0.00789932906627655,0.4570102095603943,0.4156520664691925,-0.010259194299578667,0.46141427755355835,0.39726266264915466,-0.011467994190752506,0.46545156836509705,0.3857921361923218,-0.01292385347187519,0.4647144675254822,0.45993560552597046,-0.009492484852671623,0.47375428676605225,0.42546454071998596,-0.012484261766076088,0.4768499433994293,0.40657955408096313,-0.013114451430737972,0.47894757986068726,0.39342936873435974,-0.013559884391725063,0.4779074788093567,0.46998149156570435,-0.011209186166524887,0.4847784638404846,0.4427224397659302,-0.012599620036780834,0.48599520325660706,0.42876097559928894,-0.011081925593316555,0.4862348735332489,0.41859254240989685,-0.009787230752408504,1
0.41048797965049744,0.3887694776058197,-0.5973299741744995,0.4235021471977234,0.35944128036499023,-0.5676273107528687,0.4335816502571106,0.3599783480167389,-0.5676383972167969,0.4441401958465576,0.360728919506073,-0.5677655935287476,0.39857012033462524,0.36070066690444946,-0.5597778558731079,0.38920435309410095,0.36207258701324463,-0.5601994395256042,0.37985843420028687,0.36379632353782654,-0.5601908564567566,0.4647544026374817,0.36932462453842163,-0.35199055075645447,0.3685052692890167,0.376401424407959,-0.3168535828590393,0.4285213351249695,0.4207659065723419,-0.5129010081291199,0.3966883718967438,0.4259963035583496,-0.5035352110862732,0.5396682024002075,0.5211072564125061,-0.2091488540172577,0.3053693175315857,0.5047955513000488,-0.23541641235351562,0.5994453430175781,0.6737843155860901,-0.18498310446739197,0.2653511166572571,0.6602610945701599,-0.5793618559837341,0.5735582113265991,0.8296875357627869,-0.330584853887558,0.3698838949203491,0.5093615055084229,-1.0031323432922363,0.5733766555786133,0.8850017786026001,-0.3653903901576996,0.3935867249965668,0.46828651428222656,-1.0930430889129639,0.5568121075630188,0.8764215111732483,-0.39321812987327576,0.39847880601882935,0.4449363350868225,-1.0467872619628906,0.551213800907135,0.85468590259552,-0.3443700671195984,0.39400720596313477,0.4682628810405731,-0.9962700009346008,0.4694663882255554,0.9210464358329773,-0.011365233920514584,0.32438555359840393,0.9219391345977783,0.014563563279807568,0.46595144271850586,1.2251688241958618,-0.27600592374801636,0.3179423213005066,1.2180250883102417,-0.1313062608242035,0.45676690340042114,1.5126286745071411,0.052661679685115814,0.3164004981517792,1.512985348701477,0.07298684120178223,0.45819440484046936,1.5549720525741577,0.09184228628873825,0.3089272677898407,1.5553370714187622,0.09648708999156952,0.4370039403438568,1.6208994388580322,-0.08526179194450378,0.34256651997566223,1.6185609102249146,-0.12073998153209686,0.584591805934906,0.8376507759094238,1.6236450051110296e-07,0.5579609274864197,0.8517636656761169,-0.006408217363059521,0.5408984422683716,0.8701981902122498,-0.009526390582323074,0.5336900353431702,0.8925899863243103,-0.011445781216025352,0.5292820930480957,0.9113892316818237,-0.012764926999807358,0.5682477355003357,0.8867627382278442,-0.006272724363952875,0.5600982308387756,0.9170092344284058,-0.008594902232289314,0.5507009029388428,0.9285345077514648,-0.010033576749265194,0.5430234670639038,0.9347182512283325,-0.01078452542424202,0.5826585292816162,0.8924562931060791,-0.004137909039855003,0.570992112159729,0.9247546195983887,-0.006292263045907021,0.5593534708023071,0.9318134188652039,-0.007504780776798725,0.5505371689796448,0.9315028786659241,-0.008272171020507812,0.5922009944915771,0.8939818739891052,-0.0022598570212721825,0.581046998500824,0.9240559339523315,-0.003783032763749361,0.5698742270469666,0.9298393726348877,-0.004005839582532644,0.5616108775138855,0.9279680252075195,-0.00414408789947629,0.5983185172080994,0.8931871652603149,-0.0009012657683342695,0.5897466540336609,0.9178988933563232,-0.0020841641817241907,0.5805034041404724,0.9237058758735657,-0.0015106966020539403,0.5731346607208252,0.9224072694778442,-0.0006969367386773229,0.3715428113937378,0.5051385164260864,-7.833723714156804e-08,0.3554385304450989,0.4784732758998871,0.0018975696293637156,0.35209912061691284,0.45620277523994446,0.001582286087796092,0.35626980662345886,0.44028934836387634,0.00018050134531222284,0.36100175976753235,0.43258482217788696,-0.0016437906306236982,0.37496623396873474,0.4455486834049225,0.003251896006986499,0.3891153931617737,0.4282495975494385,0.003434974467381835,0.3959011733531952,0.42456430196762085,0.0029367581009864807,0.40180283784866333,0.4211947023868561,0.0021739720832556486,0.39114639163017273,0.4522162675857544,0.0005963684525340796,0.4030510187149048,0.43010106682777405,0.0028279724065214396,0.40868639945983887,0.4245295822620392,0.00309201842173934,0.4136369228363037,0.4219755232334137,0.0020728595554828644,0.4045761823654175,0.4616844356060028,-0.002250606892630458,0.4155900478363037,0.4384866952896118,-0.0012567572994157672,0.4206114709377289,0.4295085370540619,-0.0007515193428844213,0.4246269762516022,0.4229487180709839,-0.0013043187791481614,0.415211945772171,0.47329455614089966,-0.005058562848716974,0.42502960562705994,0.453578382730484,-0.003653929103165865,0.42922359704971313,0.44322821497917175,-0.001226064981892705,0.4323177933692932,0.4342750608921051,0.00012809730833396316,1
0.3619447648525238,0.3467956483364105,-0.4332262873649597,0.3796372711658478,0.30907168984413147,-0.42291030287742615,0.3877795934677124,0.3079001009464264,-0.4228995740413666,0.3994906544685364,0.30629608035087585,-0.42282623052597046,0.36258238554000854,0.30841177701950073,-0.40389126539230347,0.35941368341445923,0.3070916533470154,-0.40415602922439575,0.3540474474430084,0.3070787489414215,-0.4039650857448578,0.43217864632606506,0.3128274083137512,-0.27765145897865295,0.36331647634506226,0.3152454197406769,-0.19103054702281952,0.3818425238132477,0.3789617121219635,-0.3721521496772766,0.3569278120994568,0.38002240657806396,-0.3476676940917969,0.5401830673217773,0.4523622393608093,-0.1571543961763382,0.292815625667572,0.44804608821868896,-0.05447423458099365,0.6287292242050171,0.6644142270088196,-0.15039609372615814,0.19338399171829224,0.6588449478149414,-0.29736918210983276,0.6859989762306213,0.8558252453804016,-0.33204731345176697,0.3389931917190552,0.48920291662216187,-0.6463110446929932,0.7183980941772461,0.8934316039085388,-0.36887961626052856,0.3675466775894165,0.440333753824234,-0.7217774391174316,0.687981128692627,0.9015254974365234,-0.40476807951927185,0.3759189546108246,0.41365399956703186,-0.6743155717849731,0.6720512509346008,0.8901530504226685,-0.3498290479183197,0.3703742027282715,0.43416303396224976,-0.6388856172561646,0.4716545045375824,0.9177301526069641,-0.0448278933763504,0.32628434896469116,0.9160606861114502,0.04728102684020996,0.4398302435874939,1.2756919860839844,-0.044134218245744705,0.3051317036151886,1.2575017213821411,0.06838163733482361,0.43845659494400024,1.5376207828521729,0.2763783931732178,0.3050686717033386,1.5327122211456299,0.3137381970882416,0.44532036781311035,1.5766254663467407,0.30546602606773376,0.30694088339805603,1.566741943359375,0.3321381211280823,0.4042961001396179,1.6399556398391724,0.12678822875022888,0.3012079894542694,1.6555222272872925,0.1431601196527481,0.0,0.0,0.0,0.0,0.0,0.0,0.0,0.0,0.0,0.0,0.0,0.0,0.0,0.0,0.0,0.0,0.0,0.0,0.0,0.0,0.0,0.0,0.0,0.0,0.0,0.0,0.0,0.0,0.0,0.0,0.0,0.0,0.0,0.0,0.0,0.0,0.0,0.0,0.0,0.0,0.0,0.0,0.0,0.0,0.0,0.0,0.0,0.0,0.0,0.0,0.0,0.0,0.0,0.0,0.0,0.0,0.0,0.0,0.0,0.0,0.0,0.0,0.0,0.32674330472946167,0.49045807123184204,-4.408564180380381e-08,0.31170275807380676,0.45492780208587646,0.0007879101322032511,0.3089880645275116,0.42517802119255066,-0.0012611065758392215,0.31466904282569885,0.4037283658981323,-0.004670868162065744,0.3225993514060974,0.39093631505966187,-0.008432062342762947,0.33413025736808777,0.40319138765335083,-0.0014934064820408821,0.35605350136756897,0.37185579538345337,-0.005638426169753075,0.3675079047679901,0.35856178402900696,-0.008197600021958351,0.3755497634410858,0.34817057847976685,-0.00966259092092514,0.3545907139778137,0.4114821255207062,-0.005116976797580719,0.3749309480190277,0.373917818069458,-0.007291178684681654,0.3845093250274658,0.3575252890586853,-0.008990440517663956,0.39065858721733093,0.3466073274612427,-0.010714486241340637,0.37258198857307434,0.42388126254081726,-0.008919562213122845,0.39067015051841736,0.3856406509876251,-0.010800828225910664,0.39812982082366943,0.36811506748199463,-0.01072229165583849,0.40145552158355713,0.355612576007843,-0.010869769379496574,0.38839906454086304,0.4390815496444702,-0.01278611458837986,0.4030105173587799,0.40802669525146484,-0.013487777672708035,0.40919142961502075,0.3900456428527832,-0.011619508266448975,0.4122025668621063,0.3744818866252899,-0.009980705566704273,1
0.47307437658309937,0.378145694732666,-0.887043833732605,0.49533843994140625,0.349386066198349,-0.8444258570671082,0.5088826417922974,0.3512507379055023,-0.844200611114502,0.5208414793014526,0.3525742292404175,-0.843938946723938,0.46093687415122986,0.34434908628463745,-0.8413258790969849,0.4492386281490326,0.3424302935600281,-0.8418444395065308,0.43847936391830444,0.34065964818000793,-0.8414751887321472,0.5451662540435791,0.3658382296562195,-0.5338873863220215,0.4235725402832031,0.3474191427230835,-0.5271991491317749,0.4955591559410095,0.4242549240589142,-0.769162654876709,0.45407596230506897,0.41688892245292664,-0.7681661248207092,0.6256552934646606,0.5471419095993042,-0.2539277672767639,0.3258541226387024,0.5146030783653259,-0.32670971751213074,0.6788919568061829,0.7869877219200134,-0.21726247668266296,0.24722790718078613,0.7531968951225281,-0.6885647177696228,0.7398775815963745,0.925971269607544,-0.5144063234329224,0.4076201021671295,0.5760373473167419,-1.225277304649353,0.7572804093360901,0.9788030982017517,-0.5576058030128479,0.44691553711891174,0.5205610394477844,-1.336839199066162,0.7412213087081909,0.9757897853851318,-0.6178002953529358,0.44935569167137146,0.4921012222766876,-1.2881168127059937,0.7286487817764282,0.9544396996498108,-0.5418234467506409,0.44520458579063416,0.5114139914512634,-1.2163833379745483,0.5495052337646484,0.975590169429779,-0.004725529812276363,0.3677619695663452,0.9704083800315857,0.008428545668721199,0.5378650426864624,1.3452589511871338,-0.18291015923023224,0.3612028658390045,1.3535674810409546,-0.14125627279281616,0.5383731126785278,1.6576802730560303,0.26521947979927063,0.36900433897972107,1.6445413827896118,0.23592332005500793,0.541115403175354,1.7101155519485474,0.2967216372489929,0.36890390515327454,1.6838468313217163,0.26098737120628357,0.5185078382492065,1.7610645294189453,0.03996767848730087,0.38515257835388184,1.7671325206756592,-0.03369637578725815,0.7425830364227295,0.9135119318962097,2.0384997867495258e-07,0.7394657135009766,0.9476150274276733,-0.008420764468610287,0.7435843348503113,0.9817649722099304,-0.006204587873071432,0.7436670660972595,1.0066132545471191,-0.002260267036035657,0.7407969832420349,1.0219202041625977,0.0029846474062651396,0.7717883586883545,0.990721583366394,0.010487861931324005,0.7584327459335327,1.0155478715896606,0.013801531866192818,0.743609607219696,1.024419903755188,0.011475443840026855,0.7333601117134094,1.0272634029388428,0.009610890410840511,0.7684624791145325,0.9827622175216675,0.017073558643460274,0.7565702199935913,1.0050714015960693,0.022586487233638763,0.7432894110679626,1.0146125555038452,0.018899323418736458,0.7312619090080261,1.0199646949768066,0.014909380115568638,0.7608345150947571,0.9737786054611206,0.022346187382936478,0.7512908577919006,0.9943218231201172,0.026824723929166794,0.740120530128479,1.005447268486023,0.023148680105805397,0.7297114133834839,1.011689305305481,0.019514670595526695,0.7521889209747314,0.9648407697677612,0.02676040679216385,0.7440341114997864,0.985617458820343,0.030743401497602463,0.7354740500450134,0.9962496757507324,0.031018108129501343,0.7271662354469299,1.0018986463546753,0.03089745156466961,0.41427263617515564,0.5874010920524597,2.9816174418328956e-08,0.3912031948566437,0.559400200843811,-0.004262250382453203,0.37355583906173706,0.5331041216850281,-0.01082117110490799,0.3648713231086731,0.5112823843955994,-0.017419645562767982,0.3634449243545532,0.4974372386932373,-0.023933859542012215,0.41347652673721313,0.506320595741272,-0.007716326043009758,0.43307769298553467,0.4750227928161621,-0.009900232776999474,0.4436013698577881,0.46249833703041077,-0.010908766649663448,0.45329439640045166,0.45263269543647766,-0.01175774447619915,0.43643760681152344,0.51533442735672,-0.00929323211312294,0.4545442461967468,0.47737595438957214,-0.009515197947621346,0.464362770318985,0.4594964385032654,-0.009797225706279278,0.4735371768474579,0.44785088300704956,-0.01125289499759674,0.4541187882423401,0.5264357328414917,-0.011199519038200378,0.4696110486984253,0.4907890856266022,-0.011751488782465458,0.47784194350242615,0.4723045229911804,-0.011652475222945213,0.4844543933868408,0.4579790234565735,-0.01239697728306055,0.46789807081222534,0.538589358329773,-0.013548744842410088,0.4812227487564087,0.5073134303092957,-0.014050730504095554,0.48782068490982056,0.4901878535747528,-0.012151199392974377,0.4927777647972107,0.47443506121635437,-0.010809536091983318,1
0.6743685603141785,0.2544524669647217,-1.3474496603012085,0.700391411781311,0.2162228673696518,-1.3022291660308838,0.7120569944381714,0.22090129554271698,-1.302594542503357,0.7232291102409363,0.22535806894302368,-1.3027769327163696,0.6567016839981079,0.19828371703624725,-1.3176567554473877,0.642905056476593,0.19213318824768066,-1.3180887699127197,0.6288633346557617,0.18582719564437866,-1.3179229497909546,0.7282127737998962,0.24239209294319153,-0.9477458000183105,0.6057527661323547,0.1931937038898468,-1.0233179330825806,0.6833285093307495,0.29816335439682007,-1.2057963609695435,0.6404808759689331,0.2827543318271637,-1.226963758468628,0.7793671488761902,0.4153638184070587,-0.6390461325645447,0.45536884665489197,0.3679041862487793,-0.8118115663528442,0.8420623540878296,0.6488600969314575,-0.6109546422958374,0.3441165089607239,0.590615451335907,-1.2719508409500122,0.8801482319831848,0.8522519469261169,-0.8620246052742004,0.5601379871368408,0.464250773191452,-1.6657689809799194,0.8989518284797668,0.9241714477539062,-0.9362893104553223,0.5964719653129578,0.39891180396080017,-1.7416225671768188,0.8767514228820801,0.9202765822410583,-0.9587836265563965,0.6062437891960144,0.3707229495048523,-1.7005844116210938,0.8664358258247375,0.904459536075592,-0.8757778406143188,0.593828558921814,0.3849428594112396,-1.6495962142944336,0.6794118285179138,0.8528144359588623,-0.00949854962527752,0.5035803318023682,0.858740508556366,0.011175325140357018,0.717169463634491,1.0899649858474731,-0.9027482271194458,0.48195523023605347,1.090171456336975,-0.5265454053878784,0.6975703239440918,1.364745855331421,-0.19043108820915222,0.5325422286987305,1.3110929727554321,0.34680983424186707,0.687105119228363,1.395056962966919,-0.1186901107430458,0.5362018346786499,1.3337130546569824,0.43803828954696655,0.6921654343605042,1.5057960748672485,-0.333468496799469,0.5548197031021118,1.4500805139541626,0.28538212180137634,0.880126953125,0.8372341394424438,2.6625710347616405e-07,0.8727169036865234,0.8558564186096191,-0.02180803380906582,0.8713691830635071,0.8900670409202576,-0.02765928953886032,0.867841362953186,0.9217679500579834,-0.02878357656300068,0.8655121326446533,0.9463383555412292,-0.027868499979376793,0.9069510102272034,0.9101427793502808,-0.016648253425955772,0.8964731693267822,0.9531159996986389,-0.02464323490858078,0.879340410232544,0.9698066115379333,-0.030588841065764427,0.8632713556289673,0.9791382551193237,-0.033965934067964554,0.9005410671234131,0.9136058688163757,-0.006397325079888105,0.8848320841789246,0.9551006555557251,-0.015383575111627579,0.8644272089004517,0.9693177938461304,-0.02233787067234516,0.8457705974578857,0.9776510000228882,-0.02619875967502594,0.8909230828285217,0.9146606922149658,0.002045700326561928,0.8756605982780457,0.9498744606971741,-0.008069082163274288,0.8580973744392395,0.9614753127098083,-0.015388946048915386,0.8423123359680176,0.9661408066749573,-0.01877635344862938,0.8810063004493713,0.9138462543487549,0.009071487002074718,0.8687220811843872,0.9401218891143799,-0.0009012749069370329,0.8567259311676025,0.9477226734161377,-0.00709022069349885,0.845300555229187,0.9516856670379639,-0.009725851938128471,0.5798376202583313,0.47070005536079407,-1.8198881290842905e-09,0.5569475889205933,0.4348774552345276,-0.009834661148488522,0.5472548007965088,0.40090271830558777,-0.018804555758833885,0.5524694919586182,0.3690871596336365,-0.026346363127231598,0.5685625672340393,0.35019969940185547,-0.033135756850242615,0.5960969924926758,0.382064551115036,-0.017658187076449394,0.6152483224868774,0.34163883328437805,-0.023903004825115204,0.6265730857849121,0.323024719953537,-0.026275184005498886,0.6367546319961548,0.30911436676979065,-0.027821825817227364,0.6223984956741333,0.3924454152584076,-0.01776251383125782,0.6405425667762756,0.34523189067840576,-0.02214897610247135,0.6506463289260864,0.32047396898269653,-0.024020541459321976,0.6589749455451965,0.30269142985343933,-0.026410650461912155,0.6420847773551941,0.4049426317214966,-0.01829051785171032,0.6582855582237244,0.359617680311203,-0.02351711131632328,0.6659094095230103,0.3351234495639801,-0.024602094665169716,0.6710710525512695,0.31556376814842224,-0.025706347078084946,0.656486451625824,0.41800013184547424,-0.01946323923766613,0.6730402112007141,0.3815802037715912,-0.02439338155090809,0.6807830929756165,0.36024099588394165,-0.02468058653175831,0.6864736676216125,0.34036678075790405,-0.024497171863913536,1
0.4281460642814636,0.35070639848709106,-0.5056801438331604,0.4375861585140228,0.3274705111980438,-0.4807419776916504,0.4474109709262848,0.3263176679611206,-0.480987012386322,0.45633140206336975,0.3244478106498718,-0.48113101720809937,0.4122034013271332,0.33021703362464905,-0.4768553674221039,0.4038413166999817,0.3309577703475952,-0.47707515954971313,0.39525651931762695,0.33110636472702026,-0.4769369959831238,0.4642806947231293,0.32824593782424927,-0.2781457006931305,0.3861970901489258,0.34709760546684265,-0.2582635283470154,0.445782333612442,0.37302178144454956,-0.42035216093063354,0.4143834710121155,0.37730318307876587,-0.4147357940673828,0.542000949382782,0.4426804482936859,-0.12465443462133408,0.32401975989341736,0.4471380114555359,-0.17813903093338013,0.615148663520813,0.6062775254249573,-0.03382037952542305,0.26053550839424133,0.6387909650802612,-0.43154484033584595,0.6250153183937073,0.806248664855957,-0.16298478841781616,0.3799777925014496,0.4834415018558502,-0.8167408108711243,0.6345372200012207,0.8528537750244141,-0.189360111951828,0.40498167276382446,0.4435672163963318,-0.9150403738021851,0.6122398376464844,0.842829704284668,-0.25439950823783875,0.4081016182899475,0.4233854413032532,-0.8751972317695618,0.6068483591079712,0.8295323848724365,-0.19130447506904602,0.40381693840026855,0.4384882152080536,-0.8093096017837524,0.4956638813018799,0.8552910089492798,-0.012396559119224548,0.3532814085483551,0.8560885190963745,0.015000864863395691,0.4911872446537018,1.1824032068252563,-0.1326822191476822,0.34295889735221863,1.2180324792861938,-0.046507593244314194,0.47381049394607544,1.473719835281372,0.19393999874591827,0.3414783477783203,1.5167876482009888,0.13083416223526,0.47390204668045044,1.509752631187439,0.23230504989624023,0.33920130133628845,1.5510505437850952,0.14682184159755707,0.4569982886314392,1.587715744972229,0.0750807523727417,0.35739269852638245,1.6388887166976929,-0.0666775032877922,0.6208109855651855,0.784987211227417,1.4405641479697806e-07,0.6001767516136169,0.7950138449668884,-0.008062810637056828,0.5878726243972778,0.8149864673614502,-0.011956393718719482,0.5804763436317444,0.8363054990768433,-0.014127984642982483,0.5729235410690308,0.852354884147644,-0.015388231724500656,0.6107569932937622,0.8354348540306091,-0.009903648868203163,0.5963146686553955,0.8625745177268982,-0.0135880121961236,0.5833001732826233,0.865535318851471,-0.01531818974763155,0.5736920833587646,0.8637676239013672,-0.015786917880177498,0.6211653351783752,0.8395451903343201,-0.006238867063075304,0.6039349436759949,0.8659060597419739,-0.008779434487223625,0.5900341272354126,0.8669880032539368,-0.009599869139492512,0.5802111625671387,0.8630174994468689,-0.009939621202647686,0.6270754933357239,0.8397959470748901,-0.0028346183244138956,0.6111342310905457,0.8621436357498169,-0.004617413971573114,0.5982565879821777,0.8634841442108154,-0.004892340395599604,0.5890697836875916,0.8596331477165222,-0.005062442738562822,0.6297251582145691,0.8383684158325195,-3.299560194136575e-05,0.6173519492149353,0.8559606075286865,-0.0017742229392752051,0.6069067716598511,0.8581992387771606,-0.0017779830377548933,0.5990566611289978,0.8554128408432007,-0.0012006156612187624,0.38048890233039856,0.5079622268676758,-3.8529176293877754e-08,0.36387473344802856,0.48675504326820374,-0.001975841587409377,0.35416126251220703,0.46527984738349915,-0.005149242468178272,0.3536497950553894,0.44698116183280945,-0.008635551668703556,0.35922157764434814,0.4357914924621582,-0.011985966935753822,0.3820708692073822,0.44648680090904236,-0.003601034404709935,0.39270150661468506,0.42057815194129944,-0.005258212797343731,0.3985469937324524,0.4103832542896271,-0.0061369528993964195,0.4038926959037781,0.40265530347824097,-0.006906501948833466,0.3975202441215515,0.4516965448856354,-0.005112065933644772,0.4073772728443146,0.4211612939834595,-0.005977371241897345,0.41248613595962524,0.4066929817199707,-0.007008289452642202,0.4174730181694031,0.39735034108161926,-0.008519367314875126,0.41023534536361694,0.460895299911499,-0.006813240237534046,0.42022714018821716,0.4308687448501587,-0.008655769750475883,0.42430174350738525,0.4151090979576111,-0.00969800166785717,0.42691901326179504,0.40425944328308105,-0.01068960316479206,0.4212767481803894,0.47330141067504883,-0.008589180186390877,0.43185335397720337,0.45139583945274353,-0.009946389123797417,0.43643465638160706,0.4378795921802521,-0.009556028060615063,0.43943971395492554,0.4268902838230133,-0.0091661736369133,1
0.4173942506313324,0.2915673553943634,-0.5569286346435547,0.4402464032173157,0.263477623462677,-0.5262647271156311,0.45260024070739746,0.26670798659324646,-0.5263937711715698,0.46355223655700684,0.26988285779953003,-0.5264132618904114,0.41354209184646606,0.2587748169898987,-0.5151745080947876,0.4072427749633789,0.25778353214263916,-0.515444278717041,0.4009975492954254,0.2568565905094147,-0.5152496099472046,0.47873058915138245,0.28431838750839233,-0.2976287305355072,0.39824527502059937,0.2698539197444916,-0.24759617447853088,0.43588966131210327,0.33277568221092224,-0.4669359624385834,0.40126878023147583,0.32916104793548584,-0.45339545607566833,0.5537133812904358,0.42124801874160767,-0.16346809267997742,0.33052003383636475,0.42844507098197937,-0.10090402513742447,0.6676791906356812,0.5611228942871094,-0.17605212330818176,0.21805337071418762,0.5574663877487183,-0.4394625127315521,0.6980994343757629,0.7852104306221008,-0.3642803430557251,0.34997060894966125,0.4146048128604889,-0.8174333572387695,0.7093590497970581,0.8256598114967346,-0.4062766134738922,0.3835344910621643,0.3698834478855133,-0.909700870513916,0.6863056421279907,0.823329508304596,-0.43973731994628906,0.38757190108299255,0.350791335105896,-0.8523889780044556,0.680098295211792,0.8091065883636475,-0.3810964524745941,0.3844277262687683,0.3653417229652405,-0.8091112971305847,0.5068722367286682,0.8875541090965271,-0.035655222833156586,0.35939159989356995,0.8894950747489929,0.03832806646823883,0.5286911725997925,1.214156985282898,-0.1978588104248047,0.38512176275253296,1.2360942363739014,-0.07586123049259186,0.5418202877044678,1.5224559307098389,0.1772911250591278,0.40836262702941895,1.5564568042755127,0.13359743356704712,0.5470549464225769,1.5628597736358643,0.19695259630680084,0.4148436188697815,1.597998023033142,0.1479140818119049,0.5231327414512634,1.640077829360962,-0.019029809162020683,0.4137609899044037,1.6754730939865112,-0.10515175759792328,0.7054856419563293,0.7643072009086609,1.4101561873758328e-07,0.6819533109664917,0.7867589592933655,-0.0020620778668671846,0.6700947284698486,0.8117266297340393,-0.0021315154153853655,0.6667560935020447,0.8327857255935669,-0.0019577713683247566,0.6701276302337646,0.8438772559165955,-0.001398758846335113,0.7025718092918396,0.8378175497055054,0.0028949063271284103,0.6920274496078491,0.8552293181419373,0.004057553596794605,0.6818518042564392,0.8522404432296753,0.0032548969611525536,0.676164448261261,0.8454718589782715,0.002601183485239744,0.716535747051239,0.8323464393615723,0.003837751457467675,0.7056605219841003,0.8500427007675171,0.006845592521131039,0.6949965953826904,0.8490087389945984,0.006208258680999279,0.6882489919662476,0.8414793014526367,0.004694928880780935,0.7262003421783447,0.8218742609024048,0.004660539794713259,0.7170888185501099,0.8397815823554993,0.007163807284086943,0.7073100209236145,0.8411461114883423,0.007165536284446716,0.7004162073135376,0.8346559405326843,0.0061134337447583675,0.7318824529647827,0.8097995519638062,0.00526889692991972,0.7256904244422913,0.8245018124580383,0.006840321701020002,0.7176278233528137,0.8274929523468018,0.008239260874688625,0.7112165093421936,0.8238453269004822,0.009161722846329212,0.3467472195625305,0.4338300824165344,-2.3399941539992142e-08,0.3335777521133423,0.40146100521087646,-0.0008410293376073241,0.3331810534000397,0.3778396248817444,-0.002408580854535103,0.34134089946746826,0.36453962326049805,-0.004632273688912392,0.34991514682769775,0.36021125316619873,-0.00740271108224988,0.36105331778526306,0.3634832203388214,-0.0017327253008261323,0.3771260678768158,0.33948075771331787,-0.0040123434737324715,0.38686028122901917,0.3289221227169037,-0.005576679017394781,0.3951801359653473,0.3208561837673187,-0.006659140810370445,0.3793617784976959,0.3726755678653717,-0.0039020483382046223,0.3953837752342224,0.3446647524833679,-0.004760175012052059,0.40396079421043396,0.32968100905418396,-0.006547049153596163,0.4109407663345337,0.3191751539707184,-0.008536715060472488,0.3932119607925415,0.3844872713088989,-0.0062404535710811615,0.40915966033935547,0.35772866010665894,-0.007999802939593792,0.4161463975906372,0.34247156977653503,-0.009778967127203941,0.42076513171195984,0.33111757040023804,-0.011237339116632938,0.4026634097099304,0.3968677222728729,-0.00864274799823761,0.41805461049079895,0.3757874369621277,-0.009843423962593079,0.42659392952919006,0.36383575201034546,-0.009573088958859444,0.43340617418289185,0.35366174578666687,-0.009219962172210217,1
0.5316839814186096,0.1902296543121338,-1.094832181930542,0.5634185671806335,0.15397413074970245,-1.0561829805374146,0.5794995427131653,0.15585540235042572,-1.0562403202056885,0.5919497013092041,0.15758152306079865,-1.0562455654144287,0.5182201862335205,0.1500251144170761,-1.045420527458191,0.5086001753807068,0.14865614473819733,-1.0460588932037354,0.4986210763454437,0.14785271883010864,-1.04585862159729,0.6235920786857605,0.1740700602531433,-0.7617978453636169,0.49183398485183716,0.16522100567817688,-0.7179105877876282,0.5608158707618713,0.24083666503429413,-0.9824141263961792,0.5086568593978882,0.23799023032188416,-0.9704030156135559,0.7368115186691284,0.3746100068092346,-0.5013542771339417,0.4161596894264221,0.36936238408088684,-0.5225871801376343,0.8043025135993958,0.6536861658096313,-0.3912142217159271,0.2775771915912628,0.554280698299408,-0.8777235150337219,0.7893072366714478,0.8730528354644775,-0.5600186586380005,0.43009114265441895,0.38903099298477173,-1.2785794734954834,0.7903797030448914,0.951827883720398,-0.6058736443519592,0.48905569314956665,0.36017975211143494,-1.3766344785690308,0.7646225094795227,0.94129878282547,-0.6464047431945801,0.4930601119995117,0.3062049448490143,-1.3158352375030518,0.7586956024169922,0.9219762086868286,-0.5787602663040161,0.48699498176574707,0.31734535098075867,-1.267654538154602,0.6497545838356018,0.8899905681610107,-0.0016470206901431084,0.45617786049842834,0.890377402305603,0.005509008653461933,0.6589113473892212,1.2695058584213257,-0.125139057636261,0.4761253297328949,1.2593531608581543,-0.06363993138074875,0.671676516532898,1.593759298324585,0.36097678542137146,0.49024343490600586,1.6016093492507935,0.2972973585128784,0.6727840304374695,1.6498091220855713,0.41337141394615173,0.4845341742038727,1.653246283531189,0.3341729938983917,0.6604937314987183,1.7208378314971924,0.21097779273986816,0.5349982976913452,1.742592692375183,0.08765386044979095,0.8088119029998779,0.8754236102104187,9.335030171087055e-08,0.76906818151474,0.8892000317573547,-0.002373605500906706,0.7468973398208618,0.9204309582710266,-0.004325277637690306,0.7361533045768738,0.9547606706619263,-0.005144418217241764,0.7321540713310242,0.9796849489212036,-0.0056221685372292995,0.7748576402664185,0.9590914249420166,-0.014489429071545601,0.7632378339767456,1.0152783393859863,-0.017400380223989487,0.7514547109603882,1.020166039466858,-0.017536314204335213,0.7462820410728455,1.0140823125839233,-0.0165253896266222,0.7978258728981018,0.9635121822357178,-0.012790498323738575,0.7802989482879639,1.006102442741394,-0.011424054391682148,0.7679543495178223,0.9986621737480164,-0.008461483754217625,0.7640941739082336,0.9849885106086731,-0.008020426146686077,0.8164017796516418,0.96086186170578,-0.010011528618633747,0.7977995276451111,0.9946336150169373,-0.006300864275544882,0.7880591154098511,0.9869677424430847,-0.001017601229250431,0.7870709896087646,0.9728245735168457,0.0002536289975978434,0.8303461074829102,0.9556298851966858,-0.007270079106092453,0.8139897584915161,0.9825029373168945,-0.0034682168625295162,0.804495096206665,0.9763179421424866,0.002203088952228427,0.8036656975746155,0.9630837440490723,0.005496228113770485,0.40144041180610657,0.38969770073890686,7.571996363253675e-09,0.39335256814956665,0.3475683927536011,-0.00014404220564756542,0.40074804425239563,0.31576666235923767,-0.002729196799919009,0.4132195711135864,0.29577913880348206,-0.006493645254522562,0.4228140711784363,0.28433069586753845,-0.010757127776741982,0.4345402717590332,0.2997047007083893,-0.005876458715647459,0.4711068570613861,0.26977822184562683,-0.011631624773144722,0.49071139097213745,0.25725334882736206,-0.014340639114379883,0.506676197052002,0.24804621934890747,-0.01585557498037815,0.45610275864601135,0.3162669837474823,-0.010531115345656872,0.4920511245727539,0.27441921830177307,-0.015025414526462555,0.512582540512085,0.254929780960083,-0.017635107040405273,0.5294190645217896,0.2420160174369812,-0.01955929771065712,0.47265616059303284,0.3361879289150238,-0.015231678262352943,0.5075926780700684,0.2944013476371765,-0.02020430564880371,0.5272786617279053,0.2740830183029175,-0.0227025356143713,0.5427616238594055,0.2590230703353882,-0.023965587839484215,0.4849991500377655,0.35820576548576355,-0.019834201782941818,0.5137736797332764,0.3275538682937622,-0.02355039305984974,0.5302282571792603,0.3089917004108429,-0.023490052670240402,0.5440912842750549,0.2933442294597626,-0.022674916312098503,1
0.47933143377304077,0.34143298864364624,-0.36533859372138977,0.49020615220069885,0.3171062767505646,-0.3531986474990845,0.49695271253585815,0.3148997724056244,-0.3532310128211975,0.503482460975647,0.3113176226615906,-0.3536137342453003,0.4682069420814514,0.3168812394142151,-0.35257387161254883,0.45839405059814453,0.3146754503250122,-0.35281020402908325,0.450852632522583,0.3126348555088043,-0.35303449630737305,0.5147522687911987,0.30139783024787903,-0.20374469459056854,0.4440666139125824,0.31339964270591736,-0.1941651999950409,0.495431125164032,0.36264297366142273,-0.29533901810646057,0.4705425202846527,0.36111122369766235,-0.29383549094200134,0.6008903384208679,0.3868323564529419,-0.11642688512802124,0.36424413323402405,0.43004855513572693,-0.11231490224599838,0.6802407503128052,0.5486940741539001,-0.1891174614429474,0.29136958718299866,0.5904172658920288,-0.13062910735607147,0.5726708769798279,0.5184581875801086,-0.3765903413295746,0.2895817160606384,0.6870900988578796,-0.2969892621040344,0.5404316186904907,0.5359938740730286,-0.44256314635276794,0.2821562886238098,0.7161082625389099,-0.3480522930622101,0.514229416847229,0.450038880109787,-0.43330273032188416,0.2920146882534027,0.705385148525238,-0.3766270577907562,0.5156399011611938,0.4510768949985504,-0.37874895334243774,0.30002957582473755,0.6878520846366882,-0.3127538561820984,0.5709207653999329,0.875926673412323,0.000537801650352776,0.4290691018104553,0.8984132409095764,0.001297884387895465,0.59105384349823,1.1869820356369019,-0.18695642054080963,0.45086097717285156,1.2187718152999878,-0.17130209505558014,0.5874768495559692,1.4679728746414185,0.09429166465997696,0.4618184566497803,1.5188541412353516,-0.0331898108124733,0.5852280855178833,1.4980216026306152,0.12909910082817078,0.4613015055656433,1.5497654676437378,-0.01672947034239769,0.5870355367660522,1.5994375944137573,0.014239197596907616,0.4880978465080261,1.6583346128463745,-0.16697312891483307,0.5509586334228516,0.45037275552749634,2.2136698873964633e-07,0.5535396933555603,0.415254145860672,-0.0005346656544134021,0.5488867163658142,0.3896455466747284,5.620384035864845e-05,0.5413668155670166,0.37070971727371216,0.0008325862581841648,0.5339977145195007,0.3571144938468933,0.0025028460659086704,0.50653076171875,0.38076186180114746,0.007241586223244667,0.4930019676685333,0.35707178711891174,0.011400306597352028,0.486577570438385,0.3463958501815796,0.01283235102891922,0.4797478914260864,0.33968836069107056,0.013355536386370659,0.49399247765541077,0.39115071296691895,0.008128725923597813,0.48006540536880493,0.365437388420105,0.011868068017065525,0.4730986952781677,0.34987694025039673,0.011821625754237175,0.4676656424999237,0.3390973210334778,0.011679418385028839,0.4879162609577179,0.40392979979515076,0.00894769188016653,0.4751054048538208,0.38410648703575134,0.012937536463141441,0.4721192717552185,0.37235701084136963,0.013490437529981136,0.4699815511703491,0.3642842769622803,0.013638036325573921,0.4864214360713959,0.41746705770492554,0.009566972963511944,0.4728420078754425,0.4038079082965851,0.013670151121914387,0.4696885645389557,0.3949151933193207,0.016723807901144028,0.4694848656654358,0.3875257968902588,0.019435584545135498,0.2876165211200714,0.6809805035591125,-1.5566193667382322e-07,0.30177465081214905,0.6928993463516235,-0.007108964025974274,0.3072444498538971,0.7104976773262024,-0.009667681530117989,0.30926570296287537,0.7265825271606445,-0.010692824609577656,0.31226813793182373,0.7386692762374878,-0.01098282914608717,0.28068968653678894,0.7172437310218811,-0.010490138083696365,0.2895042896270752,0.7375012636184692,-0.012620791792869568,0.2973910868167877,0.7349859476089478,-0.012812700122594833,0.30142128467559814,0.7267401814460754,-0.012651372700929642,0.27270936965942383,0.7182668447494507,-0.0076553188264369965,0.28582534193992615,0.7347400188446045,-0.010569644160568714,0.2944582998752594,0.72866290807724,-0.011259349063038826,0.29635298252105713,0.7199885249137878,-0.0115074897184968,0.26742881536483765,0.717721700668335,-0.00489438883960247,0.28060615062713623,0.7325181365013123,-0.0074616847559809685,0.2892000675201416,0.7269975543022156,-0.007353608962148428,0.2913477420806885,0.7182996273040771,-0.007155225612223148,0.2647033631801605,0.7161543369293213,-0.002545241266489029,0.275664359331131,0.7287750840187073,-0.005952623672783375,0.2832474410533905,0.7254833579063416,-0.006209411192685366,0.2855961322784424,0.7183446884155273,-0.005592536646872759,1
0.45233193039894104,0.35044482350349426,-0.729000449180603,0.4687045216560364,0.3111974895000458,-0.7130355834960938,0.481883704662323,0.3094777762889862,-0.7131802439689636,0.4947708249092102,0.3077106773853302,-0.713089644908905,0.4440116882324219,0.31518426537513733,-0.6791869401931763,0.4385871887207031,0.31630828976631165,-0.6795566082000732,0.43260088562965393,0.3181268274784088,-0.6794356107711792,0.5291542410850525,0.3188854157924652,-0.509384036064148,0.43952828645706177,0.33874744176864624,-0.3620831370353699,0.4806743264198303,0.3842984139919281,-0.6470863819122314,0.44851359724998474,0.3884977102279663,-0.6053465604782104,0.6916339993476868,0.4881611466407776,-0.41993290185928345,0.4053339958190918,0.5208249688148499,-0.10293501615524292,0.7790309190750122,0.8013361096382141,-0.4496247172355652,0.20243529975414276,0.6537122130393982,-0.49999865889549255,0.6556047201156616,0.8722018003463745,-0.4713520109653473,0.34367990493774414,0.5377060174942017,-1.014836311340332,0.6247604489326477,0.9088544249534607,-0.5112512707710266,0.3800182342529297,0.5076300501823425,-1.1134929656982422,0.6002475023269653,0.8836010098457336,-0.4984467029571533,0.39687931537628174,0.4588363766670227,-1.0317074060440063,0.6078615188598633,0.877497136592865,-0.4633740782737732,0.3948131203651428,0.4742470681667328,-1.004565715789795,0.6432665586471558,1.0153260231018066,-0.09409727156162262,0.46510738134384155,1.0271621942520142,0.09848098456859589,0.5830492973327637,1.391609787940979,-0.18310138583183289,0.4295685291290283,1.4238479137420654,0.006067999638617039,0.6264278292655945,1.7233080863952637,0.33711645007133484,0.4501468539237976,1.801530361175537,0.362663209438324,0.6543640494346619,1.765270471572876,0.39175957441329956,0.46160340309143066,1.8506954908370972,0.39310163259506226,0.5683225393295288,1.8631490468978882,0.18286088109016418,0.4196840226650238,1.9406189918518066,0.13843373954296112,0.0,0.0,0.0,0.0,0.0,0.0,0.0,0.0,0.0,0.0,0.0,0.0,0.0,0.0,0.0,0.0,0.0,0.0,0.0,0.0,0.0,0.0,0.0,0.0,0.0,0.0,0.0,0.0,0.0,0.0,0.0,0.0,0.0,0.0,0.0,0.0,0.0,0.0,0.0,0.0,0.0,0.0,0.0,0.0,0.0,0.0,0.0,0.0,0.0,0.0,0.0,0.0,0.0,0.0,0.0,0.0,0.0,0.0,0.0,0.0,0.0,0.0,0.0,0.3450166583061218,0.5225015878677368,5.723407525692892e-08,0.3368830680847168,0.4842318892478943,0.0022310910280793905,0.3422268331050873,0.4485056400299072,0.001683842041529715,0.3523922562599182,0.424035906791687,0.00028856113203801215,0.3517981767654419,0.4090973734855652,-0.0016442268388345838,0.37875741720199585,0.4357568323612213,-0.0037355655804276466,0.4074192941188812,0.4081060588359833,-0.007193646393716335,0.42451488971710205,0.396432101726532,-0.008362188935279846,0.43769991397857666,0.38969993591308594,-0.008690973743796349,0.39781421422958374,0.45045006275177,-0.008393564261496067,0.432106077671051,0.4142659902572632,-0.01118976529687643,0.45118874311447144,0.39715737104415894,-0.011965312995016575,0.46546727418899536,0.3872438967227936,-0.01258962694555521,0.4118824899196625,0.4686954915523529,-0.012983722612261772,0.44586920738220215,0.4320027530193329,-0.01677626743912697,0.4635302722454071,0.413451611995697,-0.01898941956460476,0.4763409197330475,0.4016325771808624,-0.02014498971402645,0.42234620451927185,0.490104079246521,-0.017217570915818214,0.4540174901485443,0.46313154697418213,-0.020472409203648567,0.47139906883239746,0.4495289623737335,-0.02132362127304077,0.4852892756462097,0.4389578402042389,-0.02153974585235119,1
0.4635447561740875,0.408197283744812,0.14484873414039612,0.47107282280921936,0.38255980610847473,0.19735674560070038,0.48204994201660156,0.3813576400279999,0.1975611001253128,0.4921865463256836,0.3800519108772278,0.19780588150024414,0.44631457328796387,0.38693639636039734,0.1956060826778412,0.4384535253047943,0.38925543427467346,0.19511666893959045,0.42982029914855957,0.39170804619789124,0.1954285353422165,0.4949503540992737,0.3876246213912964,0.4166800379753113,0.41386157274246216,0.4100218415260315,0.4071415364742279,0.47919121384620667,0.43698304891586304,0.22341100871562958,0.44818979501724243,0.4435819685459137,0.21957945823669434,0.5621072053909302,0.5321295857429504,0.41540178656578064,0.33681240677833557,0.5450465679168701,0.43205347657203674,0.6431677937507629,0.6952464580535889,0.4532225728034973,0.2619795799255371,0.658513605594635,0.18814004957675934,0.6135038137435913,0.8100505471229553,0.35636335611343384,0.3886714279651642,0.5408896207809448,-0.07336197793483734,0.6093094944953918,0.8657382130622864,0.3354058861732483,0.41306185722351074,0.4959689676761627,-0.13970254361629486,0.5892683863639832,0.8581151962280273,0.31647616624832153,0.4167727530002594,0.46844297647476196,-0.08711182326078415,0.5887330770492554,0.8244879841804504,0.3445982336997986,0.4112215042114258,0.4861314594745636,-0.06405671685934067,0.5331272482872009,0.932468056678772,-0.01153452880680561,0.39550715684890747,0.9390609264373779,0.015175826847553253,0.5506868958473206,1.3574362993240356,-0.2678447961807251,0.38642290234565735,1.3537629842758179,-0.2146642953157425,0.5424516797065735,1.709873080253601,-0.14766031503677368,0.3896825611591339,1.7177326679229736,-0.25788241624832153,0.5462050437927246,1.7518497705459595,-0.13089622557163239,0.3888004720211029,1.7586114406585693,-0.26371318101882935,0.5195028781890869,1.8502343893051147,-0.3064616322517395,0.40651971101760864,1.851016640663147,-0.498894602060318,0.6287256479263306,0.8070051074028015,1.804923073223108e-07,0.6069257855415344,0.8287086486816406,-0.0019703502766788006,0.5969178080558777,0.8504485487937927,-0.0021912534721195698,0.5940658450126648,0.872399628162384,-0.0025639112573117018,0.5890393257141113,0.8889634609222412,-0.0026082461699843407,0.621941328048706,0.8721650838851929,0.007622947450727224,0.613693356513977,0.8961120247840881,0.009335928596556187,0.6060792207717896,0.90511155128479,0.008305772207677364,0.6005937457084656,0.9106495976448059,0.007193653378635645,0.6347050070762634,0.8710876703262329,0.008104898035526276,0.6239188313484192,0.8946825265884399,0.01059719454497099,0.6142572164535522,0.9028257131576538,0.008907522074878216,0.6063228249549866,0.9069414138793945,0.006809659767895937,0.6434486508369446,0.8663264513015747,0.007998925633728504,0.6339535713195801,0.889173150062561,0.009987421333789825,0.6249303221702576,0.8966467380523682,0.009368186816573143,0.6175386309623718,0.8984412550926208,0.008076326921582222,0.6497468948364258,0.8603952527046204,0.007517735939472914,0.6426313519477844,0.8791821599006653,0.009149232879281044,0.6348985433578491,0.8862829804420471,0.010341002605855465,0.6284251809120178,0.8885799050331116,0.011019513942301273,0.38537415862083435,0.5747949481010437,-1.1171215419381042e-07,0.3757897615432739,0.5389495491981506,0.00033703373628668487,0.37209227681159973,0.5077717304229736,-2.26940683205612e-05,0.37279972434043884,0.48593631386756897,-0.0009720216039568186,0.371250718832016,0.47372645139694214,-0.001972790341824293,0.402910977602005,0.5055009126663208,-0.001036639790982008,0.4168972373008728,0.47736355662345886,-0.0031016930006444454,0.4253564774990082,0.4658099412918091,-0.004803486634045839,0.43386727571487427,0.45739904046058655,-0.005803724750876427,0.41930845379829407,0.5147992372512817,-0.0024986020289361477,0.4346703886985779,0.48096737265586853,-0.0032370577100664377,0.44254544377326965,0.4653024971485138,-0.003176372032612562,0.4499387741088867,0.4552032947540283,-0.0035906799603253603,0.4305080473423004,0.5238303542137146,-0.004089756403118372,0.44573456048965454,0.49075743556022644,-0.0049644652754068375,0.45129767060279846,0.47576698660850525,-0.003521057078614831,0.45628952980041504,0.4655168950557709,-0.002438527997583151,0.4373077154159546,0.5314847826957703,-0.005684671923518181,0.45079725980758667,0.5055124759674072,-0.00477537140250206,0.45606687664985657,0.49236786365509033,-0.0015609547263011336,0.4599606692790985,0.48271819949150085,0.0007485540118068457,1
0.5310913324356079,0.065560482442379,-1.2827006578445435,0.557658314704895,0.030809620395302773,-1.2424261569976807,0.5739935040473938,0.029724959284067154,-1.242737889289856,0.5888470411300659,0.028039198368787766,-1.2429554462432861,0.5107443332672119,0.03431108966469765,-1.2306349277496338,0.4958140254020691,0.03464770317077637,-1.2310278415679932,0.48313140869140625,0.03339024633169174,-1.2310072183609009,0.627927303314209,0.037829432636499405,-0.9395133256912231,0.46513795852661133,0.040573541074991226,-0.8807214498519897,0.5662367343902588,0.1208953857421875,-1.1638718843460083,0.5111515522003174,0.11754187941551208,-1.1468615531921387,0.7382299900054932,0.23238588869571686,-0.6653242707252502,0.3985658288002014,0.23015284538269043,-0.688075840473175,0.7951446175575256,0.5428154468536377,-0.572517991065979,0.3119255304336548,0.4862888753414154,-1.0464420318603516,0.7503909468650818,0.7623320817947388,-0.6606224775314331,0.46658462285995483,0.3186552822589874,-1.4204907417297363,0.7355014085769653,0.8401241898536682,-0.7021445035934448,0.5102341771125793,0.2550119161605835,-1.4982637166976929,0.7136827111244202,0.8276842832565308,-0.735176682472229,0.5091415643692017,0.22711332142353058,-1.452277421951294,0.7139867544174194,0.7978209853172302,-0.6700215339660645,0.5002235770225525,0.24807634949684143,-1.4042632579803467,0.6366664171218872,0.733616292476654,-0.050018541514873505,0.43984097242355347,0.7114188075065613,0.05152730271220207,0.6095118522644043,0.9646542072296143,-0.6960808038711548,0.3848124146461487,0.9482468366622925,-0.1455070674419403,0.5908341407775879,1.2475285530090332,-0.039090462028980255,0.3834163546562195,1.224594235420227,0.5396385788917542,0.587892472743988,1.2777869701385498,0.0284628476947546,0.39094215631484985,1.26260244846344,0.6060041189193726,0.556351900100708,1.4144731760025024,-0.22386534512043,0.3650086522102356,1.3809967041015625,0.39568573236465454,0.7619706988334656,0.7650307416915894,3.5115240848426765e-07,0.7172765135765076,0.7818396091461182,-0.0017031558090820909,0.6921069025993347,0.8153616786003113,-0.0014700583415105939,0.6804683804512024,0.8458577990531921,-0.0010469025000929832,0.6768127083778381,0.8705298900604248,-0.00016820953169371933,0.7205380797386169,0.8587261438369751,0.005617791321128607,0.7005761861801147,0.8892521858215332,0.01158465538173914,0.688467264175415,0.9000118374824524,0.014920844696462154,0.6798785924911499,0.905728816986084,0.016987886279821396,0.7440560460090637,0.8637215495109558,0.007115107495337725,0.720200777053833,0.8910069465637207,0.016664201393723488,0.7048318982124329,0.8979600667953491,0.02106056548655033,0.6937090754508972,0.8984293341636658,0.023005124181509018,0.7619796991348267,0.8592142462730408,0.008524803444743156,0.7367123961448669,0.8817266225814819,0.018436234444379807,0.7211538553237915,0.8858268857002258,0.02413196675479412,0.7114080786705017,0.884316623210907,0.026207417249679565,0.7746555805206299,0.8490695953369141,0.009296799078583717,0.7545827627182007,0.8685956597328186,0.018325451761484146,0.7401852607727051,0.8720159530639648,0.025232451036572456,0.7312116622924805,0.8698173761367798,0.029620684683322906,0.45809799432754517,0.33078885078430176,-4.817580645521957e-08,0.44812634587287903,0.2816440761089325,-0.00373294809833169,0.45484328269958496,0.2419474869966507,-0.007561824284493923,0.4722495675086975,0.21633026003837585,-0.011770821176469326,0.4866167902946472,0.19960810244083405,-0.01637331023812294,0.4882877767086029,0.2393151819705963,-0.010938931256532669,0.5152034759521484,0.19900643825531006,-0.01777581125497818,0.5274907350540161,0.17712152004241943,-0.021099019795656204,0.5371277928352356,0.15783999860286713,-0.02315141074359417,0.5094978213310242,0.2529261112213135,-0.014336047694087029,0.5368199348449707,0.20923209190368652,-0.020777372643351555,0.5510368347167969,0.18388259410858154,-0.02473587356507778,0.5622296929359436,0.1643224060535431,-0.027783457189798355,0.5262990593910217,0.27019932866096497,-0.01789541356265545,0.5567427277565002,0.22914832830429077,-0.02538920007646084,0.5729645490646362,0.2050178498029709,-0.029792509973049164,0.5853294730186462,0.1860327422618866,-0.032437000423669815,0.539600670337677,0.28894734382629395,-0.021476907655596733,0.570042610168457,0.2595471739768982,-0.027486275881528854,0.5871882438659668,0.24216216802597046,-0.029157035052776337,0.6013403534889221,0.22721010446548462,-0.029761867597699165,1
0.46078458428382874,0.4993022680282593,-0.060106534510850906,0.47832807898521423,0.4722219705581665,-0.024751991033554077,0.48934656381607056,0.4755752384662628,-0.024520307779312134,0.500281035900116,0.4783187508583069,-0.024070482701063156,0.4503421187400818,0.46362876892089844,-0.017079241573810577,0.44181904196739197,0.46167856454849243,-0.01729983277618885,0.4333263337612152,0.46007677912712097,-0.017007160931825638,0.5156936049461365,0.49034255743026733,0.1714145988225937,0.4255041182041168,0.4764263927936554,0.21221014857292175,0.476710706949234,0.5358111262321472,0.013215400278568268,0.4438847005367279,0.5311921238899231,0.023223448544740677,0.5951544642448425,0.5947901606559753,0.2434614598751068,0.343928724527359,0.5959092974662781,0.24450592696666718,0.690426766872406,0.7369468808174133,0.21109601855278015,0.28374341130256653,0.7865705490112305,0.041646577417850494,0.6810876727104187,0.8804798126220703,-0.0435824915766716,0.40189751982688904,0.6506128311157227,-0.3239479660987854,0.6729653477668762,0.9378083348274231,-0.09344497323036194,0.42707881331443787,0.6122541427612305,-0.401726096868515,0.6477354168891907,0.9259726405143738,-0.11381708085536957,0.4284726679325104,0.5856945514678955,-0.3758060336112976,0.6446250677108765,0.9088823199272156,-0.06099028140306473,0.4248839020729065,0.6041825413703918,-0.3256244957447052,0.5274810791015625,1.0250242948532104,0.0010597313521429896,0.36058294773101807,0.9983068704605103,0.002969782566651702,0.49404120445251465,1.4373377561569214,-0.21753177046775818,0.3327506482601166,1.3920305967330933,-0.16059330105781555,0.4519156515598297,1.788730263710022,-0.09932651370763779,0.3070829510688782,1.7366894483566284,-0.19408470392227173,0.44504880905151367,1.8367702960968018,-0.0854506641626358,0.29817765951156616,1.7784554958343506,-0.19932332634925842,0.43890196084976196,1.9062694311141968,-0.23789015412330627,0.3319137692451477,1.8711841106414795,-0.39078009128570557,0.6870666742324829,0.8732224702835083,1.0491242363741549e-07,0.6499192714691162,0.8876530528068542,0.002338788704946637,0.6264932751655579,0.9147122502326965,0.0010564278345555067,0.6140859127044678,0.9445096850395203,0.0002472821797709912,0.6051002144813538,0.9670965075492859,-0.0012344520073384047,0.6396383047103882,0.9409031867980957,-0.013842243701219559,0.6231381893157959,0.9937785267829895,-0.01781953126192093,0.6158179640769958,1.016425609588623,-0.01784750074148178,0.612121045589447,1.0301200151443481,-0.016759328544139862,0.6617652773857117,0.9509271383285522,-0.015879318118095398,0.6427789330482483,1.001944899559021,-0.01815894804894924,0.6342020034790039,1.0214362144470215,-0.016443628817796707,0.6290045380592346,1.0319806337356567,-0.01537006814032793,0.6817559003829956,0.9559403657913208,-0.016374003142118454,0.666134238243103,1.0016065835952759,-0.015749938786029816,0.6565602421760559,1.0181115865707397,-0.01172578427940607,0.6504784822463989,1.024592399597168,-0.009922284632921219,0.6996343731880188,0.9562276005744934,-0.01629919558763504,0.6888232827186584,0.9896546006202698,-0.013587452471256256,0.6785784363746643,0.9984795451164246,-0.00788884423673153,0.6716206073760986,0.9992369413375854,-0.0038416958414018154,0.4044732451438904,0.660125195980072,-1.7590270573464295e-08,0.38883545994758606,0.6254111528396606,-0.001074102590791881,0.39281338453292847,0.5908932685852051,-0.002023275475949049,0.4093512296676636,0.5655153393745422,-0.0022825428750365973,0.42336130142211914,0.5523247122764587,-0.0020661132875829935,0.41269245743751526,0.5953636765480042,-0.007418621797114611,0.43028780817985535,0.5589353442192078,-0.008943211287260056,0.4360162317752838,0.5452176928520203,-0.007636025082319975,0.4402199983596802,0.537641167640686,-0.005978742614388466,0.4296744465827942,0.6004170775413513,-0.007561780512332916,0.4473907947540283,0.5587582588195801,-0.008760479278862476,0.45071351528167725,0.5449098348617554,-0.0065438710153102875,0.4520936608314514,0.5393609404563904,-0.004174517001956701,0.44258734583854675,0.6051186323165894,-0.007184633985161781,0.45752954483032227,0.5658683180809021,-0.007900819182395935,0.4582858085632324,0.5522930026054382,-0.004402445163577795,0.45821160078048706,0.5467140078544617,-0.001436971826478839,0.4512360394001007,0.6090566515922546,-0.006689962465316057,0.4622753858566284,0.5777444839477539,-0.006181113887578249,0.4614655077457428,0.5641874670982361,-0.0021828843746334314,0.4598461389541626,0.5565520524978638,0.001471707015298307,1
0.4565417170524597,0.21852442622184753,-0.8780237436294556,0.47528737783432007,0.18384142220020294,-0.8383774757385254,0.48918676376342773,0.186343252658844,-0.8385714292526245,0.5020080208778381,0.18869109451770782,-0.8387848138809204,0.44317036867141724,0.1799670159816742,-0.8362401127815247,0.43313759565353394,0.1792570948600769,-0.8366718292236328,0.42297059297561646,0.17921625077724457,-0.8367562294006348,0.5188314318656921,0.20227748155593872,-0.5513397455215454,0.40438151359558105,0.19093413650989532,-0.5414597392082214,0.4784983992576599,0.2591763138771057,-0.7618677616119385,0.43795743584632874,0.2551567852497101,-0.7600411176681519,0.5892476439476013,0.3581910729408264,-0.3817973732948303,0.31757956743240356,0.3497721254825592,-0.38454264402389526,0.6503128409385681,0.5509963631629944,-0.6014876365661621,0.28471559286117554,0.5774185061454773,-0.7266400456428528,0.5545989274978638,0.4638889729976654,-0.9992343187332153,0.385600745677948,0.4618123173713684,-1.1861331462860107,0.525682806968689,0.4608599841594696,-1.0920518636703491,0.41725364327430725,0.4411732256412506,-1.276017665863037,0.5198007822036743,0.421241819858551,-1.0679526329040527,0.4120575487613678,0.3934173285961151,-1.245373010635376,0.5209736824035645,0.42926672101020813,-0.999123215675354,0.40230822563171387,0.4028967618942261,-1.179972529411316,0.5310980677604675,0.8327564597129822,-0.03644220158457756,0.36284226179122925,0.8171269297599792,0.03992636874318123,0.526775598526001,1.1489304304122925,-0.5445724725723267,0.367065966129303,1.1970982551574707,0.014447525143623352,0.5003048181533813,1.4774138927459717,-0.0758654996752739,0.364531934261322,1.504960298538208,0.4503327012062073,0.5011005401611328,1.5167139768600464,-0.023779379203915596,0.3678077161312103,1.5466610193252563,0.4913812577724457,0.46399766206741333,1.6164933443069458,-0.2809067964553833,0.3596239686012268,1.6354566812515259,0.23337610065937042,0.0,0.0,0.0,0.0,0.0,0.0,0.0,0.0,0.0,0.0,0.0,0.0,0.0,0.0,0.0,0.0,0.0,0.0,0.0,0.0,0.0,0.0,0.0,0.0,0.0,0.0,0.0,0.0,0.0,0.0,0.0,0.0,0.0,0.0,0.0,0.0,0.0,0.0,0.0,0.0,0.0,0.0,0.0,0.0,0.0,0.0,0.0,0.0,0.0,0.0,0.0,0.0,0.0,0.0,0.0,0.0,0.0,0.0,0.0,0.0,0.0,0.0,0.0,0.0,0.0,0.0,0.0,0.0,0.0,0.0,0.0,0.0,0.0,0.0,0.0,0.0,0.0,0.0,0.0,0.0,0.0,0.0,0.0,0.0,0.0,0.0,0.0,0.0,0.0,0.0,0.0,0.0,0.0,0.0,0.0,0.0,0.0,0.0,0.0,0.0,0.0,0.0,0.0,0.0,0.0,0.0,0.0,0.0,0.0,0.0,0.0,0.0,0.0,0.0,0.0,0.0,0.0,0.0,0.0,0.0,0.0,0.0,0.0,0.0,0.0,0.0,1
0.5255657434463501,0.16031917929649353,-0.13900142908096313,0.5504390001296997,0.12034419178962708,-0.1257210075855255,0.5660262703895569,0.1204158291220665,-0.1256912350654602,0.5779458284378052,0.12103113532066345,-0.12609264254570007,0.5179350972175598,0.12364482879638672,-0.09303514659404755,0.5098035931587219,0.12457789480686188,-0.09361199289560318,0.5007998943328857,0.12563110888004303,-0.09393725544214249,0.608845591545105,0.12999911606311798,0.0037709262687712908,0.501999020576477,0.14247475564479828,0.15267683565616608,0.5547556281089783,0.20897772908210754,-0.08351381868124008,0.5118101835250854,0.20727840065956116,-0.04085055738687515,0.7180402874946594,0.2881406247615814,-0.01589839532971382,0.46800071001052856,0.2941313087940216,0.2705405056476593,0.6786547899246216,0.5359773635864258,-0.1765592396259308,0.3102482855319977,0.49064409732818604,0.035688616335392,0.45859235525131226,0.4899759590625763,-0.2690141201019287,0.46070998907089233,0.33184322714805603,-0.2567976117134094,0.4082459509372711,0.5079108476638794,-0.32146120071411133,0.4980830252170563,0.2731211483478546,-0.31414052844047546,0.3936011493206024,0.49499574303627014,-0.2692733705043793,0.509244441986084,0.24938251078128815,-0.24195709824562073,0.4087899625301361,0.48108193278312683,-0.2437446564435959,0.49932679533958435,0.26384299993515015,-0.2357349693775177,0.6587871313095093,0.7916373014450073,-0.08030729740858078,0.49754151701927185,0.7777650356292725,0.08168405294418335,0.6046303510665894,1.123375654220581,-0.16882529854774475,0.4690478444099426,1.1108753681182861,-0.012114635668694973,0.6030606031417847,1.4514540433883667,0.06817066669464111,0.46207910776138306,1.4886858463287354,0.10323436558246613,0.6134939789772034,1.4970781803131104,0.0952465832233429,0.46627935767173767,1.541399598121643,0.11664468050003052,0.551444411277771,1.5789698362350464,-0.06926507502794266,0.4497658312320709,1.6229033470153809,-0.06694965064525604,0.0,0.0,0.0,0.0,0.0,0.0,0.0,0.0,0.0,0.0,0.0,0.0,0.0,0.0,0.0,0.0,0.0,0.0,0.0,0.0,0.0,0.0,0.0,0.0,0.0,0.0,0.0,0.0,0.0,0.0,0.0,0.0,0.0,0.0,0.0,0.0,0.0,0.0,0.0,0.0,0.0,0.0,0.0,0.0,0.0,0.0,0.0,0.0,0.0,0.0,0.0,0.0,0.0,0.0,0.0,0.0,0.0,0.0,0.0,0.0,0.0,0.0,0.0,0.45273688435554504,0.3277515769004822,-6.180042255721219e-09,0.48790258169174194,0.32731181383132935,0.0059156473726034164,0.5177019834518433,0.30710214376449585,0.006102364044636488,0.5356879830360413,0.2847118675708771,0.004122530575841665,0.5438790321350098,0.2649773955345154,0.0006994693540036678,0.5272552967071533,0.29534053802490234,-0.0031292252242565155,0.5592946410179138,0.2725345492362976,-0.009340560995042324,0.5734348893165588,0.2623119652271271,-0.013632496818900108,0.5837922096252441,0.2541009187698364,-0.016364989802241325,0.5148777365684509,0.2803753614425659,-0.010821911506354809,0.5419015884399414,0.24186114966869354,-0.016575977206230164,0.5530507564544678,0.2245437353849411,-0.020501185208559036,0.5599445104598999,0.21254734694957733,-0.02331186644732952,0.4973343014717102,0.26684072613716125,-0.017796985805034637,0.5195462107658386,0.2292202115058899,-0.022998718544840813,0.5299267768859863,0.20932860672473907,-0.024838658049702644,0.5375621914863586,0.1948564201593399,-0.026154180988669395,0.47687339782714844,0.25549957156181335,-0.023938486352562904,0.4939955174922943,0.22614994645118713,-0.028084538877010345,0.5053353309631348,0.21005721390247345,-0.027468429878354073,0.5154428482055664,0.19776155054569244,-0.026549184694886208,1
0.4514803886413574,0.1636488139629364,-0.8625243306159973,0.47494763135910034,0.13171978294849396,-0.825442910194397,0.48720937967300415,0.13418716192245483,-0.8256680369377136,0.49831706285476685,0.13637995719909668,-0.8260356187820435,0.4436880946159363,0.12599550187587738,-0.827685534954071,0.43494635820388794,0.12786169350147247,-0.8280569314956665,0.4262382388114929,0.12871533632278442,-0.8279926180839539,0.5182967185974121,0.15565456449985504,-0.550673246383667,0.4192451536655426,0.14348140358924866,-0.5699282884597778,0.4759635329246521,0.21140187978744507,-0.7536237239837646,0.43423327803611755,0.20641478896141052,-0.7589758634567261,0.59709632396698,0.3516550660133362,-0.33433079719543457,0.29844504594802856,0.3179076910018921,-0.4467204213142395,0.6351598501205444,0.5830418467521667,-0.26921844482421875,0.27946510910987854,0.5486511588096619,-0.7979249954223633,0.6507323980331421,0.7681759595870972,-0.40054163336753845,0.4102742671966553,0.3387489914894104,-1.1437567472457886,0.6645348072052002,0.8381963968276978,-0.408263623714447,0.4381367564201355,0.27891096472740173,-1.2131516933441162,0.6527193188667297,0.8309183716773987,-0.4658304750919342,0.43429431319236755,0.25380200147628784,-1.1678189039230347,0.6406248807907104,0.8130307793617249,-0.41926702857017517,0.4290475845336914,0.26927223801612854,-1.1261554956436157,0.5268662571907043,0.7915169596672058,-0.005081868264824152,0.3461099863052368,0.7877521514892578,0.00621805852279067,0.5102216005325317,1.127099633216858,-0.48878416419029236,0.3473050892353058,1.1519469022750854,-0.41775861382484436,0.4863908886909485,1.3598706722259521,-0.10322201251983643,0.3399305045604706,1.4009994268417358,-0.14898225665092468,0.481921523809433,1.39085054397583,-0.05360892415046692,0.3363243341445923,1.4313623905181885,-0.11429540812969208,0.4674552083015442,1.47392737865448,-0.15721607208251953,0.36378493905067444,1.525185227394104,-0.26384875178337097,0.6727701425552368,0.769334077835083,2.3131944715260033e-07,0.6511619687080383,0.7914779186248779,-0.010234617628157139,0.6464324593544006,0.821312665939331,-0.011397789232432842,0.6484428644180298,0.8427351117134094,-0.00972000788897276,0.6508041620254517,0.8547249436378479,-0.0065564545802772045,0.6819801926612854,0.834467887878418,-0.01191881112754345,0.671912431716919,0.8662940859794617,-0.01594080962240696,0.6582825183868408,0.877970814704895,-0.017978347837924957,0.6457184553146362,0.8829225897789001,-0.018418515101075172,0.6907886266708374,0.8317645192146301,-0.00571191543713212,0.6723228096961975,0.860907793045044,-0.009340810589492321,0.654711902141571,0.8693679571151733,-0.010682971216738224,0.6393985748291016,0.8730828166007996,-0.011288844048976898,0.6924591660499573,0.8287470936775208,1.1175703548360616e-05,0.6739266514778137,0.8544506430625916,-0.003576900577172637,0.6581500172615051,0.8615082502365112,-0.005738166160881519,0.6453242301940918,0.8627663254737854,-0.006567292846739292,0.6913192868232727,0.8263170123100281,0.005076967179775238,0.6778684854507446,0.8464542031288147,0.0016090633580461144,0.6653960347175598,0.8529415130615234,-0.0004663452855311334,0.6552165150642395,0.8549829721450806,-0.0009897006675601006,0.0,0.0,0.0,0.0,0.0,0.0,0.0,0.0,0.0,0.0,0.0,0.0,0.0,0.0,0.0,0.0,0.0,0.0,0.0,0.0,0.0,0.0,0.0,0.0,0.0,0.0,0.0,0.0,0.0,0.0,0.0,0.0,0.0,0.0,0.0,0.0,0.0,0.0,0.0,0.0,0.0,0.0,0.0,0.0,0.0,0.0,0.0,0.0,0.0,0.0,0.0,0.0,0.0,0.0,0.0,0.0,0.0,0.0,0.0,0.0,0.0,0.0,0.0,1
0.40853452682495117,0.16190321743488312,-0.8049958944320679,0.42195838689804077,0.12247652560472488,-0.7699154615402222,0.4334220886230469,0.1203157976269722,-0.7702232003211975,0.4452950358390808,0.1179119125008583,-0.7706454396247864,0.39186975359916687,0.12602101266384125,-0.7722838521003723,0.3825297951698303,0.1272324174642563,-0.7727042436599731,0.3733839690685272,0.12808126211166382,-0.7728528380393982,0.4727664887905121,0.1253383755683899,-0.5084758996963501,0.3669624924659729,0.13866154849529266,-0.4687892496585846,0.43002748489379883,0.19196626543998718,-0.731261134147644,0.3965039551258087,0.2019144594669342,-0.6961747407913208,0.5774287581443787,0.2677534222602844,-0.23990675806999207,0.2995932698249817,0.2988238036632538,-0.2966928482055664,0.6466627717018127,0.45802411437034607,-0.11068346351385117,0.27665677666664124,0.49543431401252747,-0.584027886390686,0.6655714511871338,0.6415954232215881,-0.3055651783943176,0.3397318422794342,0.36744609475135803,-1.071090817451477,0.6799579858779907,0.7271440029144287,-0.34516221284866333,0.362092524766922,0.3281235992908478,-1.1505422592163086,0.6619006395339966,0.7094034552574158,-0.4043550491333008,0.35857337713241577,0.2957572638988495,-1.145263910293579,0.6521185040473938,0.6738610863685608,-0.33014318346977234,0.3625713288784027,0.31158557534217834,-1.0697882175445557,0.5325342416763306,0.7213093042373657,-0.006877037696540356,0.3688238859176636,0.7227635979652405,0.00855141133069992,0.5770680904388428,0.9967060685157776,-0.310417115688324,0.39034122228622437,1.0478590726852417,-0.04909013584256172,0.5947681069374084,1.3937538862228394,-0.02100786752998829,0.4048911929130554,1.397944688796997,0.14197023212909698,0.5949181318283081,1.4375580549240112,0.008194666355848312,0.40111929178237915,1.4356422424316406,0.16006144881248474,0.5867432355880737,1.542211890220642,-0.23612289130687714,0.44482454657554626,1.5443994998931885,-0.09609831869602203,0.6784604787826538,0.6815847754478455,1.1408773303855924e-07,0.649265706539154,0.6953514218330383,-0.0050070276483893394,0.6327093243598938,0.7149660587310791,-0.009472686797380447,0.6286640167236328,0.7411800622940063,-0.012715226039290428,0.6305344700813293,0.7639474868774414,-0.01607356406748295,0.6565357446670532,0.7394747138023376,-0.014546348713338375,0.650024950504303,0.7783075571060181,-0.018984468653798103,0.6434229612350464,0.7858550548553467,-0.02021217904984951,0.6381658315658569,0.7844563126564026,-0.02006347104907036,0.6769714951515198,0.7412747144699097,-0.013925808481872082,0.6696839332580566,0.780296266078949,-0.015927743166685104,0.661307156085968,0.7884284257888794,-0.015376660041511059,0.6539467573165894,0.7861394882202148,-0.01562795601785183,0.694399893283844,0.73695307970047,-0.012977434322237968,0.6892191171646118,0.7714318633079529,-0.013611811213195324,0.681492805480957,0.7800949811935425,-0.012050366960465908,0.6743099093437195,0.7788586020469666,-0.012079229578375816,0.7088946104049683,0.7288801074028015,-0.012126663699746132,0.7079117894172668,0.7555558085441589,-0.011817129328846931,0.7010077238082886,0.7643349766731262,-0.009296312928199768,0.6940220594406128,0.7649264931678772,-0.007719195447862148,0.38265126943588257,0.3180530369281769,8.940296503112677e-09,0.35657021403312683,0.2926724851131439,-0.005488194525241852,0.33647048473358154,0.26593586802482605,-0.011901444755494595,0.32553085684776306,0.24114751815795898,-0.01787167228758335,0.31892475485801697,0.22041861712932587,-0.0236824881285429,0.3631095290184021,0.2581425905227661,-0.014235716313123703,0.36881425976753235,0.22522416710853577,-0.020675716921687126,0.37578585743904114,0.20708322525024414,-0.023739896714687347,0.3825303018093109,0.1929447203874588,-0.02553650178015232,0.38619956374168396,0.2611892521381378,-0.015505446121096611,0.39276981353759766,0.22145254909992218,-0.019288672134280205,0.3981636166572571,0.20043620467185974,-0.020100681111216545,0.403479665517807,0.18524309992790222,-0.021672768518328667,0.40616145730018616,0.26492831110954285,-0.016930529847741127,0.41118305921554565,0.22678394615650177,-0.020747123286128044,0.4148390293121338,0.2057488113641739,-0.019881287589669228,0.4177282154560089,0.18953867256641388,-0.01974254846572876,0.4235829710960388,0.2698243260383606,-0.018724529072642326,0.428956538438797,0.2403424084186554,-0.02136155590415001,0.43079739809036255,0.22317735850811005,-0.01946388930082321,0.4323464035987854,0.20827853679656982,-0.01818285696208477,1
